solid OpenSCAD_Model
  facet normal 0.7071067811865466 0.7071067811865485 0
    outer loop
      vertex 61.5780168654605 -1.3485919607296117 -36.70928057142857
      vertex 61.49583705069896 -1.2664121459680737 -36.70928057142857
      vertex 61.49583705069896 -1.2664121459680737 -30.985104954991616
    endloop
  endfacet
  facet normal 0.6613118653236317 0.7501110696304774 0
    outer loop
      vertex 61.5780168654605 -1.3485919607296117 -36.70928057142857
      vertex 61.5780168654605 -1.3485919607296117 -30.929278992653334
      vertex 61.6651946303935 -1.4254494991352105 -36.70928057142857
    endloop
  endfacet
  facet normal 0.9177546256839757 0.3971478906347932 0
    outer loop
      vertex 61.17049896436644 -0.787691689395384 -36.70928057142857
      vertex 61.12434251253531 -0.6810304224666541 -36.70928057142857
      vertex 61.12434251253531 -0.6810304224666541 -31.24189369260522
    endloop
  endfacet
  facet normal 0.8607420270039409 0.5090414157503759 0
    outer loop
      vertex 61.28242234924985 -0.991279570711144 -36.70928057142857
      vertex 61.22326165334743 -0.8912442970881735 -36.70928057142857
      vertex 61.22326165334743 -0.8912442970881735 -31.172392894825652
    endloop
  endfacet
  facet normal 0.8910065241883607 0.45399049973956096 0
    outer loop
      vertex 61.17049896436644 -0.787691689395384 -36.70928057142857
      vertex 61.17049896436644 -0.787691689395384 -31.20928661213399
      vertex 61.22326165334743 -0.8912442970881735 -36.70928057142857
    endloop
  endfacet
  facet normal 0.8270805742745677 0.5620833778521221 0
    outer loop
      vertex 61.28242234924985 -0.991279570711144 -36.70928057142857
      vertex 61.28242234924985 -0.991279570711144 -31.131358143327287
      vertex 61.34774757183492 -1.0874027167410754 -36.70928057142857
    endloop
  endfacet
  facet normal 0.7501110696304627 0.6613118653236483 0
    outer loop
      vertex 61.41897951229336 -1.1792343810350758 -36.70928057142857
      vertex 61.41897951229336 -1.1792343810350758 -31.03752902307468
      vertex 61.49583705069896 -1.2664121459680737 -36.70928057142857
    endloop
  endfacet
  facet normal 0.7901550123757043 0.6129070536529586 0
    outer loop
      vertex 61.41897951229336 -1.1792343810350758 -36.70928057142857
      vertex 61.34774757183492 -1.0874027167410754 -36.70928057142857
      vertex 61.34774757183492 -1.0874027167410754 -31.08634430305607
    endloop
  endfacet
  facet normal 0.9408807689542249 0.3387379202452928 0
    outer loop
      vertex 61.12434251253531 -0.6810304224666541 -36.70928057142857
      vertex 61.08497445628254 -0.5716814395936527 -36.70928057142857
      vertex 61.08497445628254 -0.5716814395936527 -31.270085450989484
    endloop
  endfacet
  facet normal 0.9759167619387431 0.21814324139656194 0
    outer loop
      vertex 61.027197597580496 -0.34665543198359094 -36.70928057142857
      vertex 61.027197597580496 -0.34665543198359094 -31.312795825885555
      vertex 61.052550163340605 -0.4600762912549815 -36.70928057142857
    endloop
  endfacet
  facet normal 0.9602936856769446 0.2789911060392238 0
    outer loop
      vertex 61.08497445628254 -0.5716814395936527 -36.70928057142857
      vertex 61.052550163340605 -0.4600762912549815 -36.70928057142857
      vertex 61.052550163340605 -0.4600762912549815 -31.293750627296024
    endloop
  endfacet
  facet normal 0.9955619646030816 0.0941083133184982 0
    outer loop
      vertex 61.00901681399679 -0.23186648209396252 -36.70928057142857
      vertex 60.99807956383627 -0.11616246112922957 -36.70928057142857
      vertex 60.99807956383627 -0.11616246112922957 -31.336744168696146
    endloop
  endfacet
  facet normal 0.9995065603657313 0.03141075907813708 0
    outer loop
      vertex 60.99807956383627 -0.11616246112922957 -36.70928057142857
      vertex 60.99442901142857 0 -36.70928057142857
      vertex 60.99442901142857 0 -31.3415527997491
    endloop
  endfacet
  facet normal 0.987688340595139 0.1564344650402231 0
    outer loop
      vertex 61.027197597580496 -0.34665543198359094 -36.70928057142857
      vertex 61.00901681399679 -0.23186648209396252 -36.70928057142857
      vertex 61.00901681399679 -0.23186648209396252 -31.327145884060165
    endloop
  endfacet
  facet normal 0.7071067811865466 0.7071067811865485 0
    outer loop
      vertex 61.5780168654605 -1.3485919607296117 -36.70928057142857
      vertex 61.49583705069896 -1.2664121459680737 -30.985104954991616
      vertex 61.5780168654605 -1.3485919607296117 -30.929278992653334
    endloop
  endfacet
  facet normal 0.9177546256839757 0.3971478906347932 0
    outer loop
      vertex 61.17049896436644 -0.787691689395384 -36.70928057142857
      vertex 61.12434251253531 -0.6810304224666541 -31.24189369260522
      vertex 61.17049896436644 -0.787691689395384 -31.20928661213399
    endloop
  endfacet
  facet normal 0.940880768954225 0.33873792024529287 0
    outer loop
      vertex 61.12434251253531 -0.6810304224666541 -36.70928057142857
      vertex 61.08497445628254 -0.5716814395936527 -31.270085450989484
      vertex 61.12434251253531 -0.6810304224666541 -31.24189369260522
    endloop
  endfacet
  facet normal 0.8607420270039409 0.5090414157503759 0
    outer loop
      vertex 61.28242234924985 -0.991279570711144 -36.70928057142857
      vertex 61.22326165334743 -0.8912442970881735 -31.172392894825652
      vertex 61.28242234924985 -0.991279570711144 -31.131358143327287
    endloop
  endfacet
  facet normal 0.8910065241883607 0.45399049973956096 0
    outer loop
      vertex 61.22326165334743 -0.8912442970881735 -36.70928057142857
      vertex 61.17049896436644 -0.787691689395384 -31.20928661213399
      vertex 61.22326165334743 -0.8912442970881735 -31.172392894825652
    endloop
  endfacet
  facet normal 0.9955619646030816 0.0941083133184982 0
    outer loop
      vertex 61.00901681399679 -0.23186648209396252 -36.70928057142857
      vertex 60.99807956383627 -0.11616246112922957 -31.336744168696146
      vertex 61.00901681399679 -0.23186648209396252 -31.327145884060165
    endloop
  endfacet
  facet normal 0.9995065603657314 0.03141075907813708 0
    outer loop
      vertex 60.99807956383627 -0.11616246112922957 -36.70928057142857
      vertex 60.99442901142857 0 -31.3415527997491
      vertex 60.99807956383627 -0.11616246112922957 -31.336744168696146
    endloop
  endfacet
  facet normal 0.9602936856769446 0.2789911060392238 0
    outer loop
      vertex 61.08497445628254 -0.5716814395936527 -36.70928057142857
      vertex 61.052550163340605 -0.4600762912549815 -31.293750627296024
      vertex 61.08497445628254 -0.5716814395936527 -31.270085450989484
    endloop
  endfacet
  facet normal 0.9759167619387432 0.218143241396562 0
    outer loop
      vertex 61.052550163340605 -0.4600762912549815 -36.70928057142857
      vertex 61.027197597580496 -0.34665543198359094 -31.312795825885555
      vertex 61.052550163340605 -0.4600762912549815 -31.293750627296024
    endloop
  endfacet
  facet normal 0.987688340595139 0.15643446504022313 0
    outer loop
      vertex 61.027197597580496 -0.34665543198359094 -36.70928057142857
      vertex 61.00901681399679 -0.23186648209396252 -31.327145884060165
      vertex 61.027197597580496 -0.34665543198359094 -31.312795825885555
    endloop
  endfacet
  facet normal 0.7901550123757042 0.6129070536529585 0
    outer loop
      vertex 61.41897951229336 -1.1792343810350758 -36.70928057142857
      vertex 61.34774757183492 -1.0874027167410754 -31.08634430305607
      vertex 61.41897951229336 -1.1792343810350758 -31.03752902307468
    endloop
  endfacet
  facet normal 0.8270805742745676 0.562083377852122 0
    outer loop
      vertex 61.34774757183492 -1.0874027167410754 -36.70928057142857
      vertex 61.28242234924985 -0.991279570711144 -31.131358143327287
      vertex 61.34774757183492 -1.0874027167410754 -31.08634430305607
    endloop
  endfacet
  facet normal 0.7501110696304627 0.6613118653236482 0
    outer loop
      vertex 61.49583705069896 -1.2664121459680737 -36.70928057142857
      vertex 61.41897951229336 -1.1792343810350758 -31.03752902307468
      vertex 61.49583705069896 -1.2664121459680737 -30.985104954991616
    endloop
  endfacet
  facet normal 0.6129070536529848 0.7901550123756839 0
    outer loop
      vertex 61.6651946303935 -1.4254494991352105 -36.70928057142857
      vertex 61.6651946303935 -1.4254494991352105 -30.870271455628718
      vertex 61.7570262946875 -1.496681439593653 -36.70928057142857
    endloop
  endfacet
  facet normal 0.5090414157503664 0.8607420270039466 0
    outer loop
      vertex 61.85314944071743 -1.5620066621787279 -36.70928057142857
      vertex 61.85314944071743 -1.5620066621787279 -30.743654797850542
      vertex 61.9531847143404 -1.6211673580811474 -36.70928057142857
    endloop
  endfacet
  facet normal 0.5620833778521285 0.8270805742745632 0
    outer loop
      vertex 61.85314944071743 -1.5620066621787279 -36.70928057142857
      vertex 61.7570262946875 -1.496681439593653 -36.70928057142857
      vertex 61.7570262946875 -1.496681439593653 -30.808315219708433
    endloop
  endfacet
  facet normal 0.45399049973956745 0.8910065241883574 0
    outer loop
      vertex 61.9531847143404 -1.6211673580811474 -36.70928057142857
      vertex 61.9531847143404 -1.6211673580811474 -30.70928057142857
      vertex 62.056737322033186 -1.6739300470621363 -36.70928057142857
    endloop
  endfacet
  facet normal 0.3387379202452895 0.9408807689542262 0
    outer loop
      vertex 62.16339858896192 -1.7200864988932654 -36.70928057142857
      vertex 62.16339858896192 -1.7200864988932654 -30.70928057142857
      vertex 62.27274757183492 -1.759454555146034 -36.70928057142857
    endloop
  endfacet
  facet normal 0.3971478906347743 0.9177546256839838 0
    outer loop
      vertex 62.16339858896192 -1.7200864988932654 -36.70928057142857
      vertex 62.056737322033186 -1.6739300470621363 -36.70928057142857
      vertex 62.056737322033186 -1.6739300470621363 -30.70928057142857
    endloop
  endfacet
  facet normal 0.2789911060392191 0.9602936856769461 0
    outer loop
      vertex 62.27274757183492 -1.759454555146034 -36.70928057142857
      vertex 62.27274757183492 -1.759454555146034 -30.70928057142857
      vertex 62.384352720173595 -1.7918788480879675 -36.70928057142857
    endloop
  endfacet
  facet normal 0.2181432413965519 0.9759167619387453 0
    outer loop
      vertex 62.384352720173595 -1.7918788480879675 -36.70928057142857
      vertex 62.384352720173595 -1.7918788480879675 -30.70928057142857
      vertex 62.49777357944498 -1.817231413848074 -36.70928057142857
    endloop
  endfacet
  facet normal 0.1564344650402297 0.987688340595138 0
    outer loop
      vertex 62.49777357944498 -1.817231413848074 -36.70928057142857
      vertex 62.49777357944498 -1.817231413848074 -30.70928057142857
      vertex 62.61256252933461 -1.835412197431784 -36.70928057142857
    endloop
  endfacet
  facet normal 0.0941083133185137 0.99556196460308 0
    outer loop
      vertex 62.61256252933461 -1.835412197431784 -36.70928057142857
      vertex 62.61256252933461 -1.835412197431784 -30.70928057142857
      vertex 62.728266550299345 -1.8463494475923026 -36.70928057142857
    endloop
  endfacet
  facet normal 0.03141075907812789 0.9995065603657315 0
    outer loop
      vertex 62.728266550299345 -1.8463494475923026 -36.70928057142857
      vertex 62.728266550299345 -1.8463494475923026 -30.70928057142857
      vertex 62.84442901142857 -1.85 -36.70928057142857
    endloop
  endfacet
  facet normal -0.03141075907812789 0.9995065603657315 0
    outer loop
      vertex 62.84442901142857 -1.85 -36.70928057142857
      vertex 62.84442901142857 -1.85 -30.70928057142857
      vertex 62.9605914725578 -1.8463494475923026 -36.70928057142857
    endloop
  endfacet
  facet normal -0.0941083133185137 0.99556196460308 0
    outer loop
      vertex 62.9605914725578 -1.8463494475923026 -36.70928057142857
      vertex 62.9605914725578 -1.8463494475923026 -30.70928057142857
      vertex 63.07629549352254 -1.835412197431784 -36.70928057142857
    endloop
  endfacet
  facet normal -0.1564344650402297 0.987688340595138 0
    outer loop
      vertex 63.07629549352254 -1.835412197431784 -36.70928057142857
      vertex 63.07629549352254 -1.835412197431784 -30.70928057142857
      vertex 63.191084443412166 -1.817231413848074 -36.70928057142857
    endloop
  endfacet
  facet normal -0.21814324139655003 0.9759167619387457 0
    outer loop
      vertex 63.191084443412166 -1.817231413848074 -36.70928057142857
      vertex 63.191084443412166 -1.817231413848074 -30.70928057142857
      vertex 63.30450530268355 -1.7918788480879677 -36.70928057142857
    endloop
  endfacet
  facet normal -0.27899110603922084 0.9602936856769455 0
    outer loop
      vertex 63.30450530268355 -1.7918788480879677 -36.70928057142857
      vertex 63.30450530268355 -1.7918788480879677 -30.70928057142857
      vertex 63.41611045102223 -1.759454555146034 -36.70928057142857
    endloop
  endfacet
  facet normal -0.3387379202452928 0.9408807689542249 0
    outer loop
      vertex 63.41611045102223 -1.759454555146034 -36.70928057142857
      vertex 63.41611045102223 -1.759454555146034 -30.70928057142857
      vertex 63.52545943389523 -1.720086498893265 -36.70928057142857
    endloop
  endfacet
  facet normal -0.39714789063477113 0.9177546256839852 0
    outer loop
      vertex 63.52545943389523 -1.720086498893265 -36.70928057142857
      vertex 63.52545943389523 -1.720086498893265 -30.70928057142857
      vertex 63.63212070082396 -1.6739300470621363 -36.70928057142857
    endloop
  endfacet
  facet normal -0.45399049973956745 0.8910065241883574 0
    outer loop
      vertex 63.63212070082396 -1.6739300470621363 -36.70928057142857
      vertex 63.63212070082396 -1.6739300470621363 -30.70928057142857
      vertex 63.735673308516745 -1.6211673580811474 -36.70928057142857
    endloop
  endfacet
  facet normal -0.5090414157503637 0.8607420270039482 0
    outer loop
      vertex 63.735673308516745 -1.6211673580811474 -36.70928057142857
      vertex 63.735673308516745 -1.6211673580811474 -30.70928057142857
      vertex 63.835708582139716 -1.5620066621787283 -36.70928057142857
    endloop
  endfacet
  facet normal -0.5620833778521311 0.8270805742745615 0
    outer loop
      vertex 63.835708582139716 -1.5620066621787283 -36.70928057142857
      vertex 63.835708582139716 -1.5620066621787283 -30.70928057142857
      vertex 63.93183172816965 -1.496681439593653 -36.70928057142857
    endloop
  endfacet
  facet normal -0.6129070536529884 0.7901550123756811 0
    outer loop
      vertex 63.93183172816965 -1.496681439593653 -36.70928057142857
      vertex 63.93183172816965 -1.496681439593653 -30.70928057142857
      vertex 64.02366339246365 -1.4254494991352098 -36.70928057142857
    endloop
  endfacet
  facet normal -0.6613118653236284 0.7501110696304801 0
    outer loop
      vertex 64.02366339246365 -1.4254494991352098 -36.70928057142857
      vertex 64.02366339246365 -1.4254494991352098 -30.70928057142857
      vertex 64.11084115739665 -1.3485919607296117 -36.70928057142857
    endloop
  endfacet
  facet normal -0.7071067811865772 0.7071067811865179 0
    outer loop
      vertex 64.11084115739665 -1.3485919607296117 -36.70928057142857
      vertex 64.11084115739665 -1.3485919607296117 -30.70928057142857
      vertex 64.19302097215818 -1.2664121459680737 -36.70928057142857
    endloop
  endfacet
  facet normal -0.75011106963043 0.6613118653236855 0
    outer loop
      vertex 64.19302097215818 -1.2664121459680737 -36.70928057142857
      vertex 64.19302097215818 -1.2664121459680737 -30.70928057142857
      vertex 64.26987851056379 -1.1792343810350765 -36.70928057142857
    endloop
  endfacet
  facet normal -0.7901550123756768 0.612907053652994 0
    outer loop
      vertex 64.26987851056379 -1.1792343810350765 -36.70928057142857
      vertex 64.26987851056379 -1.1792343810350765 -30.70928057142857
      vertex 64.34111045102223 -1.0874027167410754 -36.70928057142857
    endloop
  endfacet
  facet normal -0.8270805742745704 0.562083377852118 0
    outer loop
      vertex 64.34111045102223 -1.0874027167410754 -36.70928057142857
      vertex 64.34111045102223 -1.0874027167410754 -30.70928057142857
      vertex 64.4064356736073 -0.991279570711143 -36.70928057142857
    endloop
  endfacet
  facet normal -0.8607420270039388 0.5090414157503796 0
    outer loop
      vertex 64.4064356736073 -0.991279570711143 -36.70928057142857
      vertex 64.4064356736073 -0.991279570711143 -30.70928057142857
      vertex 64.46559636950973 -0.8912442970881735 -36.70928057142857
    endloop
  endfacet
  facet normal -0.8910065241883607 0.453990499739561 0
    outer loop
      vertex 64.46559636950973 -0.8912442970881735 -36.70928057142857
      vertex 64.46559636950973 -0.8912442970881735 -30.70928057142857
      vertex 64.51835905849072 -0.787691689395384 -36.70928057142857
    endloop
  endfacet
  facet normal -0.9177546256839968 0.39714789063474454 0
    outer loop
      vertex 64.51835905849072 -0.787691689395384 -36.70928057142857
      vertex 64.51835905849072 -0.787691689395384 -30.70928057142857
      vertex 64.56451551032184 -0.681030422466655 -36.70928057142857
    endloop
  endfacet
  facet normal -0.9408807689542258 0.33873792024529037 0
    outer loop
      vertex 64.56451551032184 -0.681030422466655 -36.70928057142857
      vertex 64.56451551032184 -0.681030422466655 -30.70928057142857
      vertex 64.60388356657461 -0.5716814395936527 -36.70928057142857
    endloop
  endfacet
  facet normal -0.9602936856769615 0.2789911060391656 0
    outer loop
      vertex 64.60388356657461 -0.5716814395936527 -36.70928057142857
      vertex 64.60388356657461 -0.5716814395936527 -30.70928057142857
      vertex 64.63630785951653 -0.46007629125498073 -36.70928057142857
    endloop
  endfacet
  facet normal -0.9759167619387298 0.2181432413966216 0
    outer loop
      vertex 64.63630785951653 -0.46007629125498073 -36.70928057142857
      vertex 64.63630785951653 -0.46007629125498073 -30.70928057142857
      vertex 64.66166042527665 -0.34665543198359094 -36.70928057142857
    endloop
  endfacet
  facet normal -0.9876883405951484 0.15643446504016345 0
    outer loop
      vertex 64.66166042527665 -0.34665543198359094 -36.70928057142857
      vertex 64.66166042527665 -0.34665543198359094 -30.70928057142857
      vertex 64.67984120886035 -0.23186648209396252 -36.70928057142857
    endloop
  endfacet
  facet normal -0.9955619646030758 0.09410831331855954 0
    outer loop
      vertex 64.67984120886035 -0.23186648209396252 -36.70928057142857
      vertex 64.67984120886035 -0.23186648209396252 -30.70928057142857
      vertex 64.69077845902088 -0.11616246112923047 -36.70928057142857
    endloop
  endfacet
  facet normal -0.9995065603657332 0.03141075907807575 0
    outer loop
      vertex 64.69077845902088 -0.11616246112923047 -36.70928057142857
      vertex 64.69077845902088 -0.11616246112923047 -30.70928057142857
      vertex 64.69442901142857 0 -36.70928057142857
    endloop
  endfacet
  facet normal 0.6129070536529849 0.790155012375684 0
    outer loop
      vertex 61.7570262946875 -1.496681439593653 -36.70928057142857
      vertex 61.6651946303935 -1.4254494991352105 -30.870271455628718
      vertex 61.7570262946875 -1.496681439593653 -30.808315219708433
    endloop
  endfacet
  facet normal 0.6613118653236317 0.7501110696304774 0
    outer loop
      vertex 61.5780168654605 -1.3485919607296117 -30.929278992653334
      vertex 61.6651946303935 -1.4254494991352105 -30.870271455628718
      vertex 61.6651946303935 -1.4254494991352105 -36.70928057142857
    endloop
  endfacet
  facet normal 0.5620833778521286 0.8270805742745632 0
    outer loop
      vertex 61.85314944071743 -1.5620066621787279 -36.70928057142857
      vertex 61.7570262946875 -1.496681439593653 -30.808315219708433
      vertex 61.85314944071743 -1.5620066621787279 -30.743654797850542
    endloop
  endfacet
  facet normal 0.5090414157503664 0.8607420270039464 0
    outer loop
      vertex 61.9531847143404 -1.6211673580811474 -36.70928057142857
      vertex 61.85314944071743 -1.5620066621787279 -30.743654797850542
      vertex 61.9531847143404 -1.6211673580811474 -30.70928057142857
    endloop
  endfacet
  facet normal 0.45399049973956745 0.8910065241883574 0
    outer loop
      vertex 62.056737322033186 -1.6739300470621363 -36.70928057142857
      vertex 61.9531847143404 -1.6211673580811474 -30.70928057142857
      vertex 62.056737322033186 -1.6739300470621363 -30.70928057142857
    endloop
  endfacet
  facet normal 0.3387379202452895 0.9408807689542262 0
    outer loop
      vertex 62.27274757183492 -1.759454555146034 -36.70928057142857
      vertex 62.16339858896192 -1.7200864988932654 -30.70928057142857
      vertex 62.27274757183492 -1.759454555146034 -30.70928057142857
    endloop
  endfacet
  facet normal 0.3971478906347743 0.9177546256839838 0
    outer loop
      vertex 62.16339858896192 -1.7200864988932654 -36.70928057142857
      vertex 62.056737322033186 -1.6739300470621363 -30.70928057142857
      vertex 62.16339858896192 -1.7200864988932654 -30.70928057142857
    endloop
  endfacet
  facet normal 0.2789911060392191 0.9602936856769461 0
    outer loop
      vertex 62.384352720173595 -1.7918788480879675 -36.70928057142857
      vertex 62.27274757183492 -1.759454555146034 -30.70928057142857
      vertex 62.384352720173595 -1.7918788480879675 -30.70928057142857
    endloop
  endfacet
  facet normal 0.2181432413965519 0.9759167619387453 0
    outer loop
      vertex 62.49777357944498 -1.817231413848074 -36.70928057142857
      vertex 62.384352720173595 -1.7918788480879675 -30.70928057142857
      vertex 62.49777357944498 -1.817231413848074 -30.70928057142857
    endloop
  endfacet
  facet normal 0.1564344650402297 0.987688340595138 0
    outer loop
      vertex 62.61256252933461 -1.835412197431784 -36.70928057142857
      vertex 62.49777357944498 -1.817231413848074 -30.70928057142857
      vertex 62.61256252933461 -1.835412197431784 -30.70928057142857
    endloop
  endfacet
  facet normal 0.0941083133185137 0.99556196460308 0
    outer loop
      vertex 62.728266550299345 -1.8463494475923026 -36.70928057142857
      vertex 62.61256252933461 -1.835412197431784 -30.70928057142857
      vertex 62.728266550299345 -1.8463494475923026 -30.70928057142857
    endloop
  endfacet
  facet normal 0.03141075907812789 0.9995065603657315 0
    outer loop
      vertex 62.84442901142857 -1.85 -36.70928057142857
      vertex 62.728266550299345 -1.8463494475923026 -30.70928057142857
      vertex 62.84442901142857 -1.85 -30.70928057142857
    endloop
  endfacet
  facet normal -0.03141075907812789 0.9995065603657315 0
    outer loop
      vertex 62.9605914725578 -1.8463494475923026 -36.70928057142857
      vertex 62.84442901142857 -1.85 -30.70928057142857
      vertex 62.9605914725578 -1.8463494475923026 -30.70928057142857
    endloop
  endfacet
  facet normal -0.0941083133185137 0.99556196460308 0
    outer loop
      vertex 63.07629549352254 -1.835412197431784 -36.70928057142857
      vertex 62.9605914725578 -1.8463494475923026 -30.70928057142857
      vertex 63.07629549352254 -1.835412197431784 -30.70928057142857
    endloop
  endfacet
  facet normal -0.1564344650402297 0.987688340595138 0
    outer loop
      vertex 63.191084443412166 -1.817231413848074 -36.70928057142857
      vertex 63.07629549352254 -1.835412197431784 -30.70928057142857
      vertex 63.191084443412166 -1.817231413848074 -30.70928057142857
    endloop
  endfacet
  facet normal -0.21814324139655003 0.9759167619387457 0
    outer loop
      vertex 63.30450530268355 -1.7918788480879677 -36.70928057142857
      vertex 63.191084443412166 -1.817231413848074 -30.70928057142857
      vertex 63.30450530268355 -1.7918788480879677 -30.70928057142857
    endloop
  endfacet
  facet normal -0.27899110603922084 0.9602936856769455 0
    outer loop
      vertex 63.41611045102223 -1.759454555146034 -36.70928057142857
      vertex 63.30450530268355 -1.7918788480879677 -30.70928057142857
      vertex 63.41611045102223 -1.759454555146034 -30.70928057142857
    endloop
  endfacet
  facet normal -0.3387379202452928 0.9408807689542249 0
    outer loop
      vertex 63.52545943389523 -1.720086498893265 -36.70928057142857
      vertex 63.41611045102223 -1.759454555146034 -30.70928057142857
      vertex 63.52545943389523 -1.720086498893265 -30.70928057142857
    endloop
  endfacet
  facet normal -0.39714789063477113 0.9177546256839852 0
    outer loop
      vertex 63.63212070082396 -1.6739300470621363 -36.70928057142857
      vertex 63.52545943389523 -1.720086498893265 -30.70928057142857
      vertex 63.63212070082396 -1.6739300470621363 -30.70928057142857
    endloop
  endfacet
  facet normal -0.45399049973956745 0.8910065241883574 0
    outer loop
      vertex 63.735673308516745 -1.6211673580811474 -36.70928057142857
      vertex 63.63212070082396 -1.6739300470621363 -30.70928057142857
      vertex 63.735673308516745 -1.6211673580811474 -30.70928057142857
    endloop
  endfacet
  facet normal -0.5090414157503637 0.8607420270039482 0
    outer loop
      vertex 63.835708582139716 -1.5620066621787283 -36.70928057142857
      vertex 63.735673308516745 -1.6211673580811474 -30.70928057142857
      vertex 63.835708582139716 -1.5620066621787283 -30.70928057142857
    endloop
  endfacet
  facet normal -0.5620833778521311 0.8270805742745615 0
    outer loop
      vertex 63.93183172816965 -1.496681439593653 -36.70928057142857
      vertex 63.835708582139716 -1.5620066621787283 -30.70928057142857
      vertex 63.93183172816965 -1.496681439593653 -30.70928057142857
    endloop
  endfacet
  facet normal -0.6129070536529884 0.7901550123756811 0
    outer loop
      vertex 64.02366339246365 -1.4254494991352098 -36.70928057142857
      vertex 63.93183172816965 -1.496681439593653 -30.70928057142857
      vertex 64.02366339246365 -1.4254494991352098 -30.70928057142857
    endloop
  endfacet
  facet normal -0.6613118653236284 0.7501110696304801 0
    outer loop
      vertex 64.11084115739665 -1.3485919607296117 -36.70928057142857
      vertex 64.02366339246365 -1.4254494991352098 -30.70928057142857
      vertex 64.11084115739665 -1.3485919607296117 -30.70928057142857
    endloop
  endfacet
  facet normal -0.7071067811865772 0.7071067811865179 0
    outer loop
      vertex 64.19302097215818 -1.2664121459680737 -36.70928057142857
      vertex 64.11084115739665 -1.3485919607296117 -30.70928057142857
      vertex 64.19302097215818 -1.2664121459680737 -30.70928057142857
    endloop
  endfacet
  facet normal -0.75011106963043 0.6613118653236855 0
    outer loop
      vertex 64.26987851056379 -1.1792343810350765 -36.70928057142857
      vertex 64.19302097215818 -1.2664121459680737 -30.70928057142857
      vertex 64.26987851056379 -1.1792343810350765 -30.70928057142857
    endloop
  endfacet
  facet normal -0.7901550123756768 0.612907053652994 0
    outer loop
      vertex 64.34111045102223 -1.0874027167410754 -36.70928057142857
      vertex 64.26987851056379 -1.1792343810350765 -30.70928057142857
      vertex 64.34111045102223 -1.0874027167410754 -30.70928057142857
    endloop
  endfacet
  facet normal -0.8270805742745704 0.562083377852118 0
    outer loop
      vertex 64.4064356736073 -0.991279570711143 -36.70928057142857
      vertex 64.34111045102223 -1.0874027167410754 -30.70928057142857
      vertex 64.4064356736073 -0.991279570711143 -30.70928057142857
    endloop
  endfacet
  facet normal -0.8607420270039388 0.5090414157503796 0
    outer loop
      vertex 64.46559636950973 -0.8912442970881735 -36.70928057142857
      vertex 64.4064356736073 -0.991279570711143 -30.70928057142857
      vertex 64.46559636950973 -0.8912442970881735 -30.70928057142857
    endloop
  endfacet
  facet normal -0.8910065241883607 0.453990499739561 0
    outer loop
      vertex 64.51835905849072 -0.787691689395384 -36.70928057142857
      vertex 64.46559636950973 -0.8912442970881735 -30.70928057142857
      vertex 64.51835905849072 -0.787691689395384 -30.70928057142857
    endloop
  endfacet
  facet normal -0.9177546256839968 0.39714789063474454 0
    outer loop
      vertex 64.56451551032184 -0.681030422466655 -36.70928057142857
      vertex 64.51835905849072 -0.787691689395384 -30.70928057142857
      vertex 64.56451551032184 -0.681030422466655 -30.70928057142857
    endloop
  endfacet
  facet normal -0.9408807689542258 0.33873792024529037 0
    outer loop
      vertex 64.60388356657461 -0.5716814395936527 -36.70928057142857
      vertex 64.56451551032184 -0.681030422466655 -30.70928057142857
      vertex 64.60388356657461 -0.5716814395936527 -30.70928057142857
    endloop
  endfacet
  facet normal -0.9602936856769615 0.2789911060391656 0
    outer loop
      vertex 64.63630785951653 -0.46007629125498073 -36.70928057142857
      vertex 64.60388356657461 -0.5716814395936527 -30.70928057142857
      vertex 64.63630785951653 -0.46007629125498073 -30.70928057142857
    endloop
  endfacet
  facet normal -0.9759167619387298 0.2181432413966216 0
    outer loop
      vertex 64.66166042527665 -0.34665543198359094 -36.70928057142857
      vertex 64.63630785951653 -0.46007629125498073 -30.70928057142857
      vertex 64.66166042527665 -0.34665543198359094 -30.70928057142857
    endloop
  endfacet
  facet normal -0.9876883405951484 0.15643446504016345 0
    outer loop
      vertex 64.67984120886035 -0.23186648209396252 -36.70928057142857
      vertex 64.66166042527665 -0.34665543198359094 -30.70928057142857
      vertex 64.67984120886035 -0.23186648209396252 -30.70928057142857
    endloop
  endfacet
  facet normal -0.9955619646030758 0.09410831331855954 0
    outer loop
      vertex 64.69077845902088 -0.11616246112923047 -36.70928057142857
      vertex 64.67984120886035 -0.23186648209396252 -30.70928057142857
      vertex 64.69077845902088 -0.11616246112923047 -30.70928057142857
    endloop
  endfacet
  facet normal -0.9995065603657332 0.03141075907807575 0
    outer loop
      vertex 64.69077845902088 -0.11616246112923047 -30.70928057142857
      vertex 64.69442901142857 0 -30.70928057142857
      vertex 64.69442901142857 0 -36.70928057142857
    endloop
  endfacet
  facet normal 0.5090414157503453 0.8607420270039591 8.323334173631377e-14
    outer loop
      vertex 61.85314944071743 -1.5620066621787279 -30.743654797850542
      vertex 61.9043886707669 -1.5923094583569628 -30.70928057142857
      vertex 61.9531847143404 -1.6211673580811474 -30.70928057142857
    endloop
  endfacet
  facet normal 0.9995065603657314 -0.03141075907813708 0
    outer loop
      vertex 60.99442901142857 0 -36.70928057142857
      vertex 60.99807956383627 0.11616246112922957 -36.70928057142857
      vertex 60.99807956383627 0.11616246112922957 -31.336744168696146
    endloop
  endfacet
  facet normal 0.9955619646030816 -0.0941083133184982 0
    outer loop
      vertex 60.99807956383627 0.11616246112922957 -36.70928057142857
      vertex 61.00901681399679 0.23186648209396252 -36.70928057142857
      vertex 61.00901681399679 0.23186648209396252 -31.327145884060165
    endloop
  endfacet
  facet normal 0.987688340595139 -0.15643446504022313 0
    outer loop
      vertex 61.00901681399679 0.23186648209396252 -36.70928057142857
      vertex 61.027197597580496 0.34665543198359094 -36.70928057142857
      vertex 61.027197597580496 0.34665543198359094 -31.312795825885555
    endloop
  endfacet
  facet normal 0.9759167619387432 -0.218143241396562 0
    outer loop
      vertex 61.027197597580496 0.34665543198359094 -36.70928057142857
      vertex 61.052550163340605 0.4600762912549815 -36.70928057142857
      vertex 61.052550163340605 0.4600762912549815 -31.293750627296024
    endloop
  endfacet
  facet normal 0.9602936856769446 -0.2789911060392238 0
    outer loop
      vertex 61.052550163340605 0.4600762912549815 -36.70928057142857
      vertex 61.08497445628254 0.5716814395936527 -36.70928057142857
      vertex 61.08497445628254 0.5716814395936527 -31.270085450989484
    endloop
  endfacet
  facet normal 0.940880768954225 -0.33873792024529287 0
    outer loop
      vertex 61.08497445628254 0.5716814395936527 -36.70928057142857
      vertex 61.12434251253531 0.6810304224666541 -36.70928057142857
      vertex 61.12434251253531 0.6810304224666541 -31.24189369260522
    endloop
  endfacet
  facet normal 0.9177546256839757 -0.3971478906347932 0
    outer loop
      vertex 61.12434251253531 0.6810304224666541 -36.70928057142857
      vertex 61.17049896436644 0.787691689395384 -36.70928057142857
      vertex 61.17049896436644 0.787691689395384 -31.20928661213399
    endloop
  endfacet
  facet normal 0.8910065241883607 -0.45399049973956096 0
    outer loop
      vertex 61.17049896436644 0.787691689395384 -36.70928057142857
      vertex 61.22326165334743 0.8912442970881735 -36.70928057142857
      vertex 61.22326165334743 0.8912442970881735 -31.172392894825652
    endloop
  endfacet
  facet normal 0.8607420270039409 -0.5090414157503759 0
    outer loop
      vertex 61.22326165334743 0.8912442970881735 -36.70928057142857
      vertex 61.28242234924985 0.991279570711144 -36.70928057142857
      vertex 61.28242234924985 0.991279570711144 -31.131358143327287
    endloop
  endfacet
  facet normal 0.8270805742745676 -0.562083377852122 0
    outer loop
      vertex 61.28242234924985 0.991279570711144 -36.70928057142857
      vertex 61.34774757183492 1.0874027167410754 -36.70928057142857
      vertex 61.34774757183492 1.0874027167410754 -31.08634430305607
    endloop
  endfacet
  facet normal 0.7901550123757042 -0.6129070536529585 0
    outer loop
      vertex 61.34774757183492 1.0874027167410754 -36.70928057142857
      vertex 61.41897951229336 1.1792343810350758 -36.70928057142857
      vertex 61.41897951229336 1.1792343810350758 -31.03752902307468
    endloop
  endfacet
  facet normal 0.7501110696304627 -0.6613118653236482 0
    outer loop
      vertex 61.41897951229336 1.1792343810350758 -36.70928057142857
      vertex 61.49583705069896 1.2664121459680737 -36.70928057142857
      vertex 61.49583705069896 1.2664121459680737 -30.985104954991616
    endloop
  endfacet
  facet normal 0.7071067811865466 -0.7071067811865485 0
    outer loop
      vertex 61.49583705069896 1.2664121459680737 -36.70928057142857
      vertex 61.5780168654605 1.3485919607296117 -36.70928057142857
      vertex 61.5780168654605 1.3485919607296117 -30.929278992653334
    endloop
  endfacet
  facet normal 0.9995065603657313 -0.03141075907813708 0
    outer loop
      vertex 60.99442901142857 0 -36.70928057142857
      vertex 60.99807956383627 0.11616246112922957 -31.336744168696146
      vertex 60.99442901142857 0 -31.3415527997491
    endloop
  endfacet
  facet normal 0.9955619646030816 -0.0941083133184982 0
    outer loop
      vertex 60.99807956383627 0.11616246112922957 -36.70928057142857
      vertex 61.00901681399679 0.23186648209396252 -31.327145884060165
      vertex 60.99807956383627 0.11616246112922957 -31.336744168696146
    endloop
  endfacet
  facet normal 0.987688340595139 -0.1564344650402231 0
    outer loop
      vertex 61.00901681399679 0.23186648209396252 -36.70928057142857
      vertex 61.027197597580496 0.34665543198359094 -31.312795825885555
      vertex 61.00901681399679 0.23186648209396252 -31.327145884060165
    endloop
  endfacet
  facet normal 0.9759167619387431 -0.21814324139656194 0
    outer loop
      vertex 61.027197597580496 0.34665543198359094 -36.70928057142857
      vertex 61.052550163340605 0.4600762912549815 -31.293750627296024
      vertex 61.027197597580496 0.34665543198359094 -31.312795825885555
    endloop
  endfacet
  facet normal 0.9602936856769446 -0.2789911060392238 0
    outer loop
      vertex 61.052550163340605 0.4600762912549815 -36.70928057142857
      vertex 61.08497445628254 0.5716814395936527 -31.270085450989484
      vertex 61.052550163340605 0.4600762912549815 -31.293750627296024
    endloop
  endfacet
  facet normal 0.9408807689542249 -0.3387379202452928 0
    outer loop
      vertex 61.08497445628254 0.5716814395936527 -36.70928057142857
      vertex 61.12434251253531 0.6810304224666541 -31.24189369260522
      vertex 61.08497445628254 0.5716814395936527 -31.270085450989484
    endloop
  endfacet
  facet normal 0.9177546256839757 -0.3971478906347932 0
    outer loop
      vertex 61.12434251253531 0.6810304224666541 -36.70928057142857
      vertex 61.17049896436644 0.787691689395384 -31.20928661213399
      vertex 61.12434251253531 0.6810304224666541 -31.24189369260522
    endloop
  endfacet
  facet normal 0.8910065241883607 -0.45399049973956096 0
    outer loop
      vertex 61.17049896436644 0.787691689395384 -36.70928057142857
      vertex 61.22326165334743 0.8912442970881735 -31.172392894825652
      vertex 61.17049896436644 0.787691689395384 -31.20928661213399
    endloop
  endfacet
  facet normal 0.8607420270039409 -0.5090414157503759 0
    outer loop
      vertex 61.22326165334743 0.8912442970881735 -36.70928057142857
      vertex 61.28242234924985 0.991279570711144 -31.131358143327287
      vertex 61.22326165334743 0.8912442970881735 -31.172392894825652
    endloop
  endfacet
  facet normal 0.8270805742745677 -0.5620833778521221 0
    outer loop
      vertex 61.28242234924985 0.991279570711144 -36.70928057142857
      vertex 61.34774757183492 1.0874027167410754 -31.08634430305607
      vertex 61.28242234924985 0.991279570711144 -31.131358143327287
    endloop
  endfacet
  facet normal 0.7901550123757043 -0.6129070536529586 0
    outer loop
      vertex 61.34774757183492 1.0874027167410754 -36.70928057142857
      vertex 61.41897951229336 1.1792343810350758 -31.03752902307468
      vertex 61.34774757183492 1.0874027167410754 -31.08634430305607
    endloop
  endfacet
  facet normal 0.7501110696304627 -0.6613118653236483 0
    outer loop
      vertex 61.41897951229336 1.1792343810350758 -36.70928057142857
      vertex 61.49583705069896 1.2664121459680737 -30.985104954991616
      vertex 61.41897951229336 1.1792343810350758 -31.03752902307468
    endloop
  endfacet
  facet normal 0.7071067811865466 -0.7071067811865485 0
    outer loop
      vertex 61.49583705069896 1.2664121459680737 -36.70928057142857
      vertex 61.5780168654605 1.3485919607296117 -30.929278992653334
      vertex 61.49583705069896 1.2664121459680737 -30.985104954991616
    endloop
  endfacet
  facet normal 0.6613118653236317 -0.7501110696304774 0
    outer loop
      vertex 61.5780168654605 1.3485919607296117 -36.70928057142857
      vertex 61.6651946303935 1.4254494991352105 -30.870271455628718
      vertex 61.5780168654605 1.3485919607296117 -30.929278992653334
    endloop
  endfacet
  facet normal 0.6613118653236317 -0.7501110696304774 0
    outer loop
      vertex 61.5780168654605 1.3485919607296117 -36.70928057142857
      vertex 61.6651946303935 1.4254494991352105 -36.70928057142857
      vertex 61.6651946303935 1.4254494991352105 -30.870271455628718
    endloop
  endfacet
  facet normal 0.6129070536529849 -0.790155012375684 0
    outer loop
      vertex 61.6651946303935 1.4254494991352105 -36.70928057142857
      vertex 61.7570262946875 1.496681439593653 -36.70928057142857
      vertex 61.7570262946875 1.496681439593653 -30.808315219708433
    endloop
  endfacet
  facet normal 0.5620833778521286 -0.8270805742745632 0
    outer loop
      vertex 61.7570262946875 1.496681439593653 -36.70928057142857
      vertex 61.85314944071743 1.5620066621787279 -36.70928057142857
      vertex 61.85314944071743 1.5620066621787279 -30.743654797850542
    endloop
  endfacet
  facet normal 0.5090414157503679 -0.8607420270039458 0
    outer loop
      vertex 61.85314944071743 1.5620066621787279 -36.70928057142857
      vertex 61.9531847143404 1.6211673580811476 -36.70928057142857
      vertex 61.9531847143404 1.6211673580811476 -30.70928057142857
    endloop
  endfacet
  facet normal 0.4539904997395644 -0.8910065241883589 0
    outer loop
      vertex 61.9531847143404 1.6211673580811476 -36.70928057142857
      vertex 62.056737322033186 1.673930047062136 -36.70928057142857
      vertex 62.056737322033186 1.673930047062136 -30.70928057142857
    endloop
  endfacet
  facet normal 0.3971478906347759 -0.9177546256839831 0
    outer loop
      vertex 62.056737322033186 1.673930047062136 -36.70928057142857
      vertex 62.16339858896192 1.7200864988932654 -36.70928057142857
      vertex 62.16339858896192 1.7200864988932654 -30.70928057142857
    endloop
  endfacet
  facet normal 0.3387379202452895 -0.9408807689542262 0
    outer loop
      vertex 62.16339858896192 1.7200864988932654 -36.70928057142857
      vertex 62.27274757183492 1.759454555146034 -36.70928057142857
      vertex 62.27274757183492 1.759454555146034 -30.70928057142857
    endloop
  endfacet
  facet normal 0.2789911060392191 -0.9602936856769461 0
    outer loop
      vertex 62.27274757183492 1.759454555146034 -36.70928057142857
      vertex 62.384352720173595 1.7918788480879675 -36.70928057142857
      vertex 62.384352720173595 1.7918788480879675 -30.70928057142857
    endloop
  endfacet
  facet normal 0.2181432413965537 -0.9759167619387449 0
    outer loop
      vertex 62.384352720173595 1.7918788480879675 -36.70928057142857
      vertex 62.49777357944498 1.8172314138480743 -36.70928057142857
      vertex 62.49777357944498 1.8172314138480743 -30.70928057142857
    endloop
  endfacet
  facet normal 0.15643446504022782 -0.9876883405951381 0
    outer loop
      vertex 62.49777357944498 1.8172314138480743 -36.70928057142857
      vertex 62.61256252933461 1.835412197431784 -36.70928057142857
      vertex 62.61256252933461 1.835412197431784 -30.70928057142857
    endloop
  endfacet
  facet normal 0.0941083133185137 -0.99556196460308 0
    outer loop
      vertex 62.61256252933461 1.835412197431784 -36.70928057142857
      vertex 62.728266550299345 1.8463494475923026 -36.70928057142857
      vertex 62.728266550299345 1.8463494475923026 -30.70928057142857
    endloop
  endfacet
  facet normal 0.03141075907812789 -0.9995065603657315 0
    outer loop
      vertex 62.728266550299345 1.8463494475923026 -36.70928057142857
      vertex 62.84442901142857 1.85 -36.70928057142857
      vertex 62.84442901142857 1.85 -30.70928057142857
    endloop
  endfacet
  facet normal -0.03141075907812789 -0.9995065603657315 0
    outer loop
      vertex 62.84442901142857 1.85 -36.70928057142857
      vertex 62.9605914725578 1.8463494475923026 -36.70928057142857
      vertex 62.9605914725578 1.8463494475923026 -30.70928057142857
    endloop
  endfacet
  facet normal -0.0941083133185137 -0.99556196460308 0
    outer loop
      vertex 62.9605914725578 1.8463494475923026 -36.70928057142857
      vertex 63.07629549352254 1.835412197431784 -36.70928057142857
      vertex 63.07629549352254 1.835412197431784 -30.70928057142857
    endloop
  endfacet
  facet normal -0.15643446504022782 -0.9876883405951381 0
    outer loop
      vertex 63.07629549352254 1.835412197431784 -36.70928057142857
      vertex 63.191084443412166 1.8172314138480743 -36.70928057142857
      vertex 63.191084443412166 1.8172314138480743 -30.70928057142857
    endloop
  endfacet
  facet normal -0.2181432413965537 -0.9759167619387449 0
    outer loop
      vertex 63.191084443412166 1.8172314138480743 -36.70928057142857
      vertex 63.30450530268355 1.7918788480879675 -36.70928057142857
      vertex 63.30450530268355 1.7918788480879675 -30.70928057142857
    endloop
  endfacet
  facet normal -0.2789911060392191 -0.9602936856769461 0
    outer loop
      vertex 63.30450530268355 1.7918788480879675 -36.70928057142857
      vertex 63.41611045102223 1.759454555146034 -36.70928057142857
      vertex 63.41611045102223 1.759454555146034 -30.70928057142857
    endloop
  endfacet
  facet normal -0.3387379202452895 -0.9408807689542262 0
    outer loop
      vertex 63.41611045102223 1.759454555146034 -36.70928057142857
      vertex 63.52545943389523 1.7200864988932654 -36.70928057142857
      vertex 63.52545943389523 1.7200864988932654 -30.70928057142857
    endloop
  endfacet
  facet normal -0.5090414157503679 -0.8607420270039458 0
    outer loop
      vertex 63.835708582139716 1.5620066621787279 -36.70928057142857
      vertex 63.835708582139716 1.5620066621787279 -30.70928057142857
      vertex 63.735673308516745 1.6211673580811476 -36.70928057142857
    endloop
  endfacet
  facet normal -0.3971478906347759 -0.9177546256839831 0
    outer loop
      vertex 63.52545943389523 1.7200864988932654 -36.70928057142857
      vertex 63.63212070082396 1.673930047062136 -36.70928057142857
      vertex 63.63212070082396 1.673930047062136 -30.70928057142857
    endloop
  endfacet
  facet normal -0.4539904997395644 -0.8910065241883589 0
    outer loop
      vertex 63.63212070082396 1.673930047062136 -36.70928057142857
      vertex 63.735673308516745 1.6211673580811476 -36.70928057142857
      vertex 63.735673308516745 1.6211673580811476 -30.70928057142857
    endloop
  endfacet
  facet normal -0.5620833778521286 -0.8270805742745633 0
    outer loop
      vertex 63.835708582139716 1.5620066621787279 -36.70928057142857
      vertex 63.93183172816965 1.496681439593653 -36.70928057142857
      vertex 63.93183172816965 1.496681439593653 -30.70928057142857
    endloop
  endfacet
  facet normal -0.6129070536529873 -0.7901550123756821 0
    outer loop
      vertex 63.93183172816965 1.496681439593653 -36.70928057142857
      vertex 64.02366339246365 1.42544949913521 -36.70928057142857
      vertex 64.02366339246365 1.42544949913521 -30.70928057142857
    endloop
  endfacet
  facet normal -0.7071067811865743 -0.7071067811865208 0
    outer loop
      vertex 64.11084115739665 1.3485919607296115 -36.70928057142857
      vertex 64.19302097215818 1.2664121459680742 -36.70928057142857
      vertex 64.19302097215818 1.2664121459680742 -30.70928057142857
    endloop
  endfacet
  facet normal -0.6613118653236305 -0.7501110696304782 0
    outer loop
      vertex 64.11084115739665 1.3485919607296115 -36.70928057142857
      vertex 64.11084115739665 1.3485919607296115 -30.70928057142857
      vertex 64.02366339246365 1.42544949913521 -36.70928057142857
    endloop
  endfacet
  facet normal -0.9995065603657332 -0.031410759078075945 0
    outer loop
      vertex 64.69442901142857 0 -36.70928057142857
      vertex 64.69442901142857 0 -30.70928057142857
      vertex 64.69077845902088 0.11616246112922975 -36.70928057142857
    endloop
  endfacet
  facet normal -0.9955619646030758 -0.09410831331855866 0
    outer loop
      vertex 64.69077845902088 0.11616246112922975 -36.70928057142857
      vertex 64.69077845902088 0.11616246112922975 -30.70928057142857
      vertex 64.67984120886035 0.23186648209396288 -36.70928057142857
    endloop
  endfacet
  facet normal -0.9876883405951482 -0.15643446504016445 0
    outer loop
      vertex 64.67984120886035 0.23186648209396288 -36.70928057142857
      vertex 64.67984120886035 0.23186648209396288 -30.70928057142857
      vertex 64.66166042527665 0.34665543198359056 -36.70928057142857
    endloop
  endfacet
  facet normal -0.9759167619387302 -0.21814324139661967 0
    outer loop
      vertex 64.66166042527665 0.34665543198359056 -36.70928057142857
      vertex 64.66166042527665 0.34665543198359056 -30.70928057142857
      vertex 64.63630785951653 0.4600762912549814 -36.70928057142857
    endloop
  endfacet
  facet normal -0.9602936856769612 -0.27899110603916716 0
    outer loop
      vertex 64.63630785951653 0.4600762912549814 -36.70928057142857
      vertex 64.63630785951653 0.4600762912549814 -30.70928057142857
      vertex 64.60388356657461 0.5716814395936527 -36.70928057142857
    endloop
  endfacet
  facet normal -0.9408807689542251 -0.33873792024529253 0
    outer loop
      vertex 64.60388356657461 0.5716814395936527 -36.70928057142857
      vertex 64.60388356657461 0.5716814395936527 -30.70928057142857
      vertex 64.56451551032184 0.6810304224666542 -36.70928057142857
    endloop
  endfacet
  facet normal -0.8910065241883597 -0.45399049973956296 0
    outer loop
      vertex 64.46559636950973 0.8912442970881734 -36.70928057142857
      vertex 64.51835905849072 0.7876916893953845 -36.70928057142857
      vertex 64.51835905849072 0.7876916893953845 -30.70928057142857
    endloop
  endfacet
  facet normal -0.8607420270039408 -0.5090414157503763 0
    outer loop
      vertex 64.46559636950973 0.8912442970881734 -36.70928057142857
      vertex 64.46559636950973 0.8912442970881734 -30.70928057142857
      vertex 64.4064356736073 0.9912795707111438 -36.70928057142857
    endloop
  endfacet
  facet normal -0.8270805742745683 -0.5620833778521211 0
    outer loop
      vertex 64.4064356736073 0.9912795707111438 -36.70928057142857
      vertex 64.4064356736073 0.9912795707111438 -30.70928057142857
      vertex 64.34111045102223 1.0874027167410754 -36.70928057142857
    endloop
  endfacet
  facet normal -0.7901550123756753 -0.6129070536529959 0
    outer loop
      vertex 64.34111045102223 1.0874027167410754 -36.70928057142857
      vertex 64.34111045102223 1.0874027167410754 -30.70928057142857
      vertex 64.26987851056379 1.179234381035076 -36.70928057142857
    endloop
  endfacet
  facet normal -0.7501110696304333 -0.6613118653236817 0
    outer loop
      vertex 64.26987851056379 1.179234381035076 -36.70928057142857
      vertex 64.26987851056379 1.179234381035076 -30.70928057142857
      vertex 64.19302097215818 1.2664121459680742 -36.70928057142857
    endloop
  endfacet
  facet normal -0.9177546256839983 -0.3971478906347407 0
    outer loop
      vertex 64.56451551032184 0.6810304224666542 -36.70928057142857
      vertex 64.56451551032184 0.6810304224666542 -30.70928057142857
      vertex 64.51835905849072 0.7876916893953845 -36.70928057142857
    endloop
  endfacet
  facet normal 0.6129070536529848 -0.7901550123756839 0
    outer loop
      vertex 61.6651946303935 1.4254494991352105 -36.70928057142857
      vertex 61.7570262946875 1.496681439593653 -30.808315219708433
      vertex 61.6651946303935 1.4254494991352105 -30.870271455628718
    endloop
  endfacet
  facet normal 0.5620833778521285 -0.8270805742745632 0
    outer loop
      vertex 61.7570262946875 1.496681439593653 -36.70928057142857
      vertex 61.85314944071743 1.5620066621787279 -30.743654797850542
      vertex 61.7570262946875 1.496681439593653 -30.808315219708433
    endloop
  endfacet
  facet normal 0.5090414157503678 -0.8607420270039456 0
    outer loop
      vertex 61.85314944071743 1.5620066621787279 -36.70928057142857
      vertex 61.9531847143404 1.6211673580811476 -30.70928057142857
      vertex 61.85314944071743 1.5620066621787279 -30.743654797850542
    endloop
  endfacet
  facet normal 0.4539904997395644 -0.8910065241883589 0
    outer loop
      vertex 61.9531847143404 1.6211673580811476 -36.70928057142857
      vertex 62.056737322033186 1.673930047062136 -30.70928057142857
      vertex 61.9531847143404 1.6211673580811476 -30.70928057142857
    endloop
  endfacet
  facet normal 0.3971478906347759 -0.9177546256839831 0
    outer loop
      vertex 62.056737322033186 1.673930047062136 -36.70928057142857
      vertex 62.16339858896192 1.7200864988932654 -30.70928057142857
      vertex 62.056737322033186 1.673930047062136 -30.70928057142857
    endloop
  endfacet
  facet normal 0.3387379202452895 -0.9408807689542262 0
    outer loop
      vertex 62.16339858896192 1.7200864988932654 -36.70928057142857
      vertex 62.27274757183492 1.759454555146034 -30.70928057142857
      vertex 62.16339858896192 1.7200864988932654 -30.70928057142857
    endloop
  endfacet
  facet normal 0.2789911060392191 -0.9602936856769461 0
    outer loop
      vertex 62.27274757183492 1.759454555146034 -36.70928057142857
      vertex 62.384352720173595 1.7918788480879675 -30.70928057142857
      vertex 62.27274757183492 1.759454555146034 -30.70928057142857
    endloop
  endfacet
  facet normal 0.2181432413965537 -0.9759167619387449 0
    outer loop
      vertex 62.384352720173595 1.7918788480879675 -36.70928057142857
      vertex 62.49777357944498 1.8172314138480743 -30.70928057142857
      vertex 62.384352720173595 1.7918788480879675 -30.70928057142857
    endloop
  endfacet
  facet normal 0.15643446504022782 -0.9876883405951381 0
    outer loop
      vertex 62.49777357944498 1.8172314138480743 -36.70928057142857
      vertex 62.61256252933461 1.835412197431784 -30.70928057142857
      vertex 62.49777357944498 1.8172314138480743 -30.70928057142857
    endloop
  endfacet
  facet normal 0.0941083133185137 -0.99556196460308 0
    outer loop
      vertex 62.61256252933461 1.835412197431784 -36.70928057142857
      vertex 62.728266550299345 1.8463494475923026 -30.70928057142857
      vertex 62.61256252933461 1.835412197431784 -30.70928057142857
    endloop
  endfacet
  facet normal 0.03141075907812789 -0.9995065603657315 0
    outer loop
      vertex 62.728266550299345 1.8463494475923026 -36.70928057142857
      vertex 62.84442901142857 1.85 -30.70928057142857
      vertex 62.728266550299345 1.8463494475923026 -30.70928057142857
    endloop
  endfacet
  facet normal -0.03141075907812789 -0.9995065603657315 0
    outer loop
      vertex 62.84442901142857 1.85 -36.70928057142857
      vertex 62.9605914725578 1.8463494475923026 -30.70928057142857
      vertex 62.84442901142857 1.85 -30.70928057142857
    endloop
  endfacet
  facet normal -0.0941083133185137 -0.99556196460308 0
    outer loop
      vertex 62.9605914725578 1.8463494475923026 -36.70928057142857
      vertex 63.07629549352254 1.835412197431784 -30.70928057142857
      vertex 62.9605914725578 1.8463494475923026 -30.70928057142857
    endloop
  endfacet
  facet normal -0.15643446504022782 -0.9876883405951381 0
    outer loop
      vertex 63.07629549352254 1.835412197431784 -36.70928057142857
      vertex 63.191084443412166 1.8172314138480743 -30.70928057142857
      vertex 63.07629549352254 1.835412197431784 -30.70928057142857
    endloop
  endfacet
  facet normal -0.2181432413965537 -0.9759167619387449 0
    outer loop
      vertex 63.191084443412166 1.8172314138480743 -36.70928057142857
      vertex 63.30450530268355 1.7918788480879675 -30.70928057142857
      vertex 63.191084443412166 1.8172314138480743 -30.70928057142857
    endloop
  endfacet
  facet normal -0.3387379202452895 -0.9408807689542262 0
    outer loop
      vertex 63.41611045102223 1.759454555146034 -36.70928057142857
      vertex 63.52545943389523 1.7200864988932654 -30.70928057142857
      vertex 63.41611045102223 1.759454555146034 -30.70928057142857
    endloop
  endfacet
  facet normal -0.2789911060392191 -0.9602936856769461 0
    outer loop
      vertex 63.30450530268355 1.7918788480879675 -36.70928057142857
      vertex 63.41611045102223 1.759454555146034 -30.70928057142857
      vertex 63.30450530268355 1.7918788480879675 -30.70928057142857
    endloop
  endfacet
  facet normal -0.5090414157503679 -0.8607420270039458 0
    outer loop
      vertex 63.735673308516745 1.6211673580811476 -36.70928057142857
      vertex 63.835708582139716 1.5620066621787279 -30.70928057142857
      vertex 63.735673308516745 1.6211673580811476 -30.70928057142857
    endloop
  endfacet
  facet normal -0.3971478906347759 -0.9177546256839831 0
    outer loop
      vertex 63.52545943389523 1.7200864988932654 -36.70928057142857
      vertex 63.63212070082396 1.673930047062136 -30.70928057142857
      vertex 63.52545943389523 1.7200864988932654 -30.70928057142857
    endloop
  endfacet
  facet normal -0.4539904997395644 -0.8910065241883589 0
    outer loop
      vertex 63.63212070082396 1.673930047062136 -36.70928057142857
      vertex 63.735673308516745 1.6211673580811476 -30.70928057142857
      vertex 63.63212070082396 1.673930047062136 -30.70928057142857
    endloop
  endfacet
  facet normal -0.5620833778521286 -0.8270805742745633 0
    outer loop
      vertex 63.835708582139716 1.5620066621787279 -36.70928057142857
      vertex 63.93183172816965 1.496681439593653 -30.70928057142857
      vertex 63.835708582139716 1.5620066621787279 -30.70928057142857
    endloop
  endfacet
  facet normal -0.6129070536529873 -0.7901550123756821 0
    outer loop
      vertex 63.93183172816965 1.496681439593653 -36.70928057142857
      vertex 64.02366339246365 1.42544949913521 -30.70928057142857
      vertex 63.93183172816965 1.496681439593653 -30.70928057142857
    endloop
  endfacet
  facet normal -0.6613118653236305 -0.7501110696304782 0
    outer loop
      vertex 64.02366339246365 1.42544949913521 -36.70928057142857
      vertex 64.11084115739665 1.3485919607296115 -30.70928057142857
      vertex 64.02366339246365 1.42544949913521 -30.70928057142857
    endloop
  endfacet
  facet normal -0.7071067811865743 -0.7071067811865208 0
    outer loop
      vertex 64.11084115739665 1.3485919607296115 -36.70928057142857
      vertex 64.19302097215818 1.2664121459680742 -30.70928057142857
      vertex 64.11084115739665 1.3485919607296115 -30.70928057142857
    endloop
  endfacet
  facet normal -0.9995065603657332 -0.031410759078075945 0
    outer loop
      vertex 64.69077845902088 0.11616246112922975 -36.70928057142857
      vertex 64.69442901142857 0 -30.70928057142857
      vertex 64.69077845902088 0.11616246112922975 -30.70928057142857
    endloop
  endfacet
  facet normal -0.9955619646030758 -0.09410831331855866 0
    outer loop
      vertex 64.67984120886035 0.23186648209396288 -36.70928057142857
      vertex 64.69077845902088 0.11616246112922975 -30.70928057142857
      vertex 64.67984120886035 0.23186648209396288 -30.70928057142857
    endloop
  endfacet
  facet normal -0.9876883405951482 -0.15643446504016445 0
    outer loop
      vertex 64.66166042527665 0.34665543198359056 -36.70928057142857
      vertex 64.67984120886035 0.23186648209396288 -30.70928057142857
      vertex 64.66166042527665 0.34665543198359056 -30.70928057142857
    endloop
  endfacet
  facet normal -0.9759167619387302 -0.21814324139661967 0
    outer loop
      vertex 64.63630785951653 0.4600762912549814 -36.70928057142857
      vertex 64.66166042527665 0.34665543198359056 -30.70928057142857
      vertex 64.63630785951653 0.4600762912549814 -30.70928057142857
    endloop
  endfacet
  facet normal -0.9602936856769612 -0.27899110603916716 0
    outer loop
      vertex 64.60388356657461 0.5716814395936527 -36.70928057142857
      vertex 64.63630785951653 0.4600762912549814 -30.70928057142857
      vertex 64.60388356657461 0.5716814395936527 -30.70928057142857
    endloop
  endfacet
  facet normal -0.8607420270039408 -0.5090414157503763 0
    outer loop
      vertex 64.4064356736073 0.9912795707111438 -36.70928057142857
      vertex 64.46559636950973 0.8912442970881734 -30.70928057142857
      vertex 64.4064356736073 0.9912795707111438 -30.70928057142857
    endloop
  endfacet
  facet normal -0.8910065241883597 -0.45399049973956296 0
    outer loop
      vertex 64.46559636950973 0.8912442970881734 -36.70928057142857
      vertex 64.51835905849072 0.7876916893953845 -30.70928057142857
      vertex 64.46559636950973 0.8912442970881734 -30.70928057142857
    endloop
  endfacet
  facet normal -0.8270805742745683 -0.5620833778521211 0
    outer loop
      vertex 64.34111045102223 1.0874027167410754 -36.70928057142857
      vertex 64.4064356736073 0.9912795707111438 -30.70928057142857
      vertex 64.34111045102223 1.0874027167410754 -30.70928057142857
    endloop
  endfacet
  facet normal -0.7901550123756753 -0.6129070536529959 0
    outer loop
      vertex 64.26987851056379 1.179234381035076 -36.70928057142857
      vertex 64.34111045102223 1.0874027167410754 -30.70928057142857
      vertex 64.26987851056379 1.179234381035076 -30.70928057142857
    endloop
  endfacet
  facet normal -0.7501110696304333 -0.6613118653236817 0
    outer loop
      vertex 64.19302097215818 1.2664121459680742 -36.70928057142857
      vertex 64.26987851056379 1.179234381035076 -30.70928057142857
      vertex 64.19302097215818 1.2664121459680742 -30.70928057142857
    endloop
  endfacet
  facet normal -0.9408807689542251 -0.33873792024529253 0
    outer loop
      vertex 64.56451551032184 0.6810304224666542 -36.70928057142857
      vertex 64.60388356657461 0.5716814395936527 -30.70928057142857
      vertex 64.56451551032184 0.6810304224666542 -30.70928057142857
    endloop
  endfacet
  facet normal -0.9177546256839983 -0.3971478906347407 0
    outer loop
      vertex 64.51835905849072 0.7876916893953845 -36.70928057142857
      vertex 64.56451551032184 0.6810304224666542 -30.70928057142857
      vertex 64.51835905849072 0.7876916893953845 -30.70928057142857
    endloop
  endfacet
  facet normal 0.5090414157503452 -0.8607420270039591 8.879706778820642e-14
    outer loop
      vertex 61.85314944071743 1.5620066621787279 -30.743654797850542
      vertex 61.9531847143404 1.6211673580811476 -30.70928057142857
      vertex 61.9043886707669 1.592309458356963 -30.70928057142857
    endloop
  endfacet
  facet normal 0.7360970871197027 0.6768759696826951 0
    outer loop
      vertex -32.74398896303497 53.1304948302752 -36.70928057142857
      vertex -32.82265535867003 53.21604389284322 -36.70928057142857
      vertex -32.82265535867003 53.21604389284322 -30.70928057142857
    endloop
  endfacet
  facet normal 0.8813034520649815 0.4725507648690739 0
    outer loop
      vertex -33.0792812621572 53.6022969287328 -36.70928057142857
      vertex -33.0792812621572 53.6022969287328 -30.70928057142857
      vertex -33.0243615027155 53.49987201022492 -36.70928057142857
    endloop
  endfacet
  facet normal 0.9092361090470871 0.4162807922603605 0
    outer loop
      vertex -33.0792812621572 53.6022969287328 -36.70928057142857
      vertex -33.12766133615301 53.70796817528853 -36.70928057142857
      vertex -33.12766133615301 53.70796817528853 -30.70928057142857
    endloop
  endfacet
  facet normal 0.9335804264971997 0.35836794954530565 0
    outer loop
      vertex -33.12766133615301 53.70796817528853 -36.70928057142857
      vertex -33.169310790653626 53.81646871375854 -36.70928057142857
      vertex -33.169310790653626 53.81646871375854 -30.70928057142857
    endloop
  endfacet
  facet normal 0.9542403285162817 0.29904079225607094 0
    outer loop
      vertex -33.169310790653626 53.81646871375854 -36.70928057142857
      vertex -33.20406525428995 53.927370342086675 -36.70928057142857
      vertex -33.20406525428995 53.927370342086675 -30.70928057142857
    endloop
  endfacet
  facet normal 0.777145961456993 0.6293203910498102 0
    outer loop
      vertex -32.82265535867003 53.21604389284322 -36.70928057142857
      vertex -32.89579485405905 53.306363647729526 -36.70928057142857
      vertex -32.89579485405905 53.306363647729526 -30.70928057142857
    endloop
  endfacet
  facet normal 0.8151277957285294 0.5792811723427137 0
    outer loop
      vertex -32.89579485405905 53.306363647729526 -36.70928057142857
      vertex -32.963118801027974 53.40109764412473 -36.70928057142857
      vertex -32.963118801027974 53.40109764412473 -30.70928057142857
    endloop
  endfacet
  facet normal 0.8498926929868715 0.5269557954966653 0
    outer loop
      vertex -33.0243615027155 53.49987201022492 -36.70928057142857
      vertex -33.0243615027155 53.49987201022492 -30.70928057142857
      vertex -32.963118801027974 53.40109764412473 -36.70928057142857
    endloop
  endfacet
  facet normal 0.5446390350150395 0.8386705679454158 0
    outer loop
      vertex -32.47803460593048 52.90574597332756 -36.70928057142857
      vertex -32.47803460593048 52.90574597332756 -30.70928057142857
      vertex -32.38056447305458 52.84244812892798 -36.70928057142857
    endloop
  endfacet
  facet normal 0.5962248749655975 0.8028174751911281 0
    outer loop
      vertex -32.47803460593048 52.90574597332756 -36.70928057142857
      vertex -32.571337899229164 52.97503911417211 -36.70928057142857
      vertex -32.571337899229164 52.97503911417211 -30.70928057142857
    endloop
  endfacet
  facet normal 0.6454576877239728 0.7637960286346233 0
    outer loop
      vertex -32.66010612747817 53.05005408309174 -36.70928057142857
      vertex -32.66010612747817 53.05005408309174 -30.70928057142857
      vertex -32.571337899229164 52.97503911417211 -36.70928057142857
    endloop
  endfacet
  facet normal 0.6921431738704287 0.7217602280983411 0
    outer loop
      vertex -32.74398896303497 53.1304948302752 -36.70928057142857
      vertex -32.74398896303497 53.1304948302752 -30.70928057142857
      vertex -32.66010612747817 53.05005408309174 -36.70928057142857
    endloop
  endfacet
  facet normal 0.49090375361515165 0.8712138111201834 0
    outer loop
      vertex -32.38056447305458 52.84244812892798 -36.70928057142857
      vertex -32.38056447305458 52.84244812892798 -30.70928057142857
      vertex -32.27931217068603 52.78539538864717 -36.70928057142857
    endloop
  endfacet
  facet normal 0.4352310993723223 0.9003187714021962 0
    outer loop
      vertex -32.17467729540452 52.734812913586104 -36.70928057142857
      vertex -32.27931217068603 52.78539538864717 -36.70928057142857
      vertex -32.27931217068603 52.78539538864717 -30.747330027631325
    endloop
  endfacet
  facet normal 0.37784078681843675 0.9258705848100072 0
    outer loop
      vertex -32.17467729540452 52.734812913586104 -36.70928057142857
      vertex -32.17467729540452 52.734812913586104 -30.811116901394488
      vertex -32.06707279325965 52.69090032966492 -36.70928057142857
    endloop
  endfacet
  facet normal 0.010471784116268392 0.999945169365512 0
    outer loop
      vertex -31.499684465113308 52.576494774542034 -36.70928057142857
      vertex -31.499684465113308 52.576494774542034 -31.127323675815084
      vertex -31.383471028930078 52.575277745796456 -36.70928057142857
    endloop
  endfacet
  facet normal 0.19765734037913427 0.9802711746217202 0
    outer loop
      vertex -31.844663615418998 52.62375103990957 -36.70928057142857
      vertex -31.844663615418998 52.62375103990957 -30.984804968087843
      vertex -31.730736687139075 52.60077934164448 -36.70928057142857
    endloop
  endfacet
  facet normal 0.13571557243433774 0.990747840471439 0
    outer loop
      vertex -31.730736687139075 52.60077934164448 -36.70928057142857
      vertex -31.730736687139075 52.60077934164448 -31.036048407962774
      vertex -31.615592162759448 52.58500650379361 -36.70928057142857
    endloop
  endfacet
  facet normal 0.07323819712755454 0.9973144772244636 0
    outer loop
      vertex -31.615592162759448 52.58500650379361 -36.70928057142857
      vertex -31.615592162759448 52.58500650379361 -31.083617221329938
      vertex -31.499684465113308 52.576494774542034 -36.70928057142857
    endloop
  endfacet
  facet normal -0.0523359562429192 0.9986295347545753 0
    outer loop
      vertex -31.383471028930078 52.575277745796456 -36.70928057142857
      vertex -31.383471028930078 52.575277745796456 -31.16699528200996
      vertex -31.267410495549502 52.581360220613334 -36.70928057142857
    endloop
  endfacet
  facet normal -0.1149371504928917 0.9933727656003934 0
    outer loop
      vertex -31.267410495549502 52.581360220613334 -36.70928057142857
      vertex -31.267410495549502 52.581360220613334 -31.20247547420913
      vertex -31.151960902873824 52.59471819424339 -36.70928057142857
    endloop
  endfacet
  facet normal -0.17708474031956023 0.984195607969246 0
    outer loop
      vertex -31.151960902873824 52.59471819424339 -36.70928057142857
      vertex -31.151960902873824 52.59471819424339 -31.233624228303345
      vertex -31.03757787770143 52.61529894886738 -36.70928057142857
    endloop
  endfacet
  facet normal -0.2385334575786081 0.9711342799096294 0
    outer loop
      vertex -31.03757787770143 52.61529894886738 -36.70928057142857
      vertex -31.03757787770143 52.61529894886738 -31.260318614390716
      vertex -30.924712837576045 52.64302126164925 -36.70928057142857
    endloop
  endfacet
  facet normal 0.2588190451025282 0.9659258262890662 0
    outer loop
      vertex -31.844663615418998 52.62375103990957 -36.70928057142857
      vertex -31.95692333006156 52.653830939790595 -36.70928057142857
      vertex -31.95692333006156 52.653830939790595 -30.93008913615142
    endloop
  endfacet
  facet normal 0.31895930929806743 0.9477684100095866 0
    outer loop
      vertex -32.06707279325965 52.69090032966492 -36.70928057142857
      vertex -32.06707279325965 52.69090032966492 -30.872116850544877
      vertex -31.95692333006156 52.653830939790595 -36.70928057142857
    endloop
  endfacet
  facet normal -0.2990407922560622 0.9542403285162846 0
    outer loop
      vertex -30.924712837576045 52.64302126164925 -36.70928057142857
      vertex -30.924712837576045 52.64302126164925 -31.282453281924848
      vertex -30.813811209247906 52.67777572528558 -36.70928057142857
    endloop
  endfacet
  facet normal 0.9711342799096294 0.2385334575786081 0
    outer loop
      vertex -33.20406525428995 53.927370342086675 -36.70928057142857
      vertex -33.23178756707183 54.04023538221206 -36.70928057142857
      vertex -33.23178756707183 54.04023538221206 -30.70928057142857
    endloop
  endfacet
  facet normal 0.9841956079692354 0.17708474031961946 0
    outer loop
      vertex -33.23178756707183 54.04023538221206 -36.70928057142857
      vertex -33.25236832169582 54.154618407384454 -36.70928057142857
      vertex -33.25236832169582 54.154618407384454 -30.70928057142857
    endloop
  endfacet
  facet normal 0.9933727656004009 0.11493715049282789 0
    outer loop
      vertex -33.25236832169582 54.154618407384454 -36.70928057142857
      vertex -33.26572629532587 54.270068000060135 -36.70928057142857
      vertex -33.26572629532587 54.270068000060135 -30.70928057142857
    endloop
  endfacet
  facet normal 0.9986295347545749 0.05233595624292239 0
    outer loop
      vertex -33.26572629532587 54.270068000060135 -36.70928057142857
      vertex -33.27180877014275 54.386128533440704 -36.70928057142857
      vertex -33.27180877014275 54.386128533440704 -30.70928057142857
    endloop
  endfacet
  facet normal 0.9999451693655126 -0.010471784116207262 0
    outer loop
      vertex -33.27180877014275 54.386128533440704 -36.70928057142857
      vertex -33.270591741397176 54.502341969623934 -36.70928057142857
      vertex -33.270591741397176 54.502341969623934 -30.70928057142857
    endloop
  endfacet
  facet normal 0.9973144772244548 -0.0732381971276784 0
    outer loop
      vertex -33.270591741397176 54.502341969623934 -36.70928057142857
      vertex -33.26208001214559 54.61824966727007 -36.70928057142857
      vertex -33.26208001214559 54.61824966727007 -30.70928057142857
    endloop
  endfacet
  facet normal 0.9907478404714478 -0.1357155724342736 0
    outer loop
      vertex -33.26208001214559 54.61824966727007 -36.70928057142857
      vertex -33.24630717429472 54.7333941916497 -36.70928057142857
      vertex -33.24630717429472 54.7333941916497 -30.70928057142857
    endloop
  endfacet
  facet normal 0.9802711746217225 -0.19765734037912241 0
    outer loop
      vertex -33.24630717429472 54.7333941916497 -36.70928057142857
      vertex -33.22333547602963 54.84732111992963 -36.70928057142857
      vertex -33.22333547602963 54.84732111992963 -30.70928057142857
    endloop
  endfacet
  facet normal 0.9659258262890622 -0.25881904510254344 0
    outer loop
      vertex -33.22333547602963 54.84732111992963 -36.70928057142857
      vertex -33.19325557614861 54.959580834572186 -36.70928057142857
      vertex -33.19325557614861 54.959580834572186 -30.70928057142857
    endloop
  endfacet
  facet normal 0.9477684100096081 -0.31895930929800326 0
    outer loop
      vertex -33.19325557614861 54.959580834572186 -36.70928057142857
      vertex -33.15618618627429 55.06973029777028 -36.70928057142857
      vertex -33.15618618627429 55.06973029777028 -30.70928057142857
    endloop
  endfacet
  facet normal 0.9258705848099857 -0.3778407868184892 0
    outer loop
      vertex -33.15618618627429 55.06973029777028 -36.70928057142857
      vertex -33.1122736023531 55.17733479991515 -36.70928057142857
      vertex -33.1122736023531 55.17733479991515 -30.70928057142857
    endloop
  endfacet
  facet normal 0.9003187714021961 -0.43523109937232224 0
    outer loop
      vertex -33.1122736023531 55.17733479991515 -36.70928057142857
      vertex -33.061691127292036 55.28196967519666 -36.70928057142857
      vertex -33.061691127292036 55.28196967519666 -30.70928057142857
    endloop
  endfacet
  facet normal 0.8712138111201834 -0.49090375361515165 0
    outer loop
      vertex -33.061691127292036 55.28196967519666 -36.70928057142857
      vertex -33.00463838701123 55.383221977565206 -36.70928057142857
      vertex -33.00463838701123 55.383221977565206 -30.70928057142857
    endloop
  endfacet
  facet normal 0.838670567945434 -0.5446390350150117 0
    outer loop
      vertex -33.00463838701123 55.383221977565206 -36.70928057142857
      vertex -32.94134054261164 55.48069211044112 -36.70928057142857
      vertex -32.94134054261164 55.48069211044112 -30.70928057142857
    endloop
  endfacet
  facet normal 0.8028174751911064 -0.5962248749656268 0
    outer loop
      vertex -32.94134054261164 55.48069211044112 -36.70928057142857
      vertex -32.87204740176709 55.573995403739794 -36.70928057142857
      vertex -32.87204740176709 55.573995403739794 -30.70928057142857
    endloop
  endfacet
  facet normal 0.7637960286346488 -0.6454576877239427 0
    outer loop
      vertex -32.87204740176709 55.573995403739794 -36.70928057142857
      vertex -32.797032432847466 55.66276363198881 -36.70928057142857
      vertex -32.797032432847466 55.66276363198881 -30.70928057142857
    endloop
  endfacet
  facet normal 0.7217602280983119 -0.6921431738704593 0
    outer loop
      vertex -32.797032432847466 55.66276363198881 -36.70928057142857
      vertex -32.71659168566401 55.7466464675456 -36.70928057142857
      vertex -32.71659168566401 55.7466464675456 -30.70928057142857
    endloop
  endfacet
  facet normal 0.6768759696827283 -0.7360970871196723 0
    outer loop
      vertex -32.71659168566401 55.7466464675456 -36.70928057142857
      vertex -32.631042623095986 55.82531286318067 -36.70928057142857
      vertex -32.631042623095986 55.82531286318067 -30.70928057142857
    endloop
  endfacet
  facet normal 0.6293203910497731 -0.7771459614570229 0
    outer loop
      vertex -32.631042623095986 55.82531286318067 -36.70928057142857
      vertex -32.54072286820968 55.89845235856968 -36.70928057142857
      vertex -32.54072286820968 55.89845235856968 -30.70928057142857
    endloop
  endfacet
  facet normal 0.5792811723426731 -0.8151277957285583 0
    outer loop
      vertex -32.54072286820968 55.89845235856968 -36.70928057142857
      vertex -32.44598887181447 55.9657763055386 -36.70928057142857
      vertex -32.44598887181447 55.9657763055386 -30.70928057142857
    endloop
  endfacet
  facet normal 0.5269557954966653 -0.8498926929868715 0
    outer loop
      vertex -32.44598887181447 55.9657763055386 -36.70928057142857
      vertex -32.347214505714284 56.02701900722612 -36.70928057142857
      vertex -32.347214505714284 56.02701900722612 -30.70928057142857
    endloop
  endfacet
  facet normal 0.47255076486912134 -0.881303452064956 0
    outer loop
      vertex -32.347214505714284 56.02701900722612 -36.70928057142857
      vertex -32.244789587206405 56.08193876666783 -36.70928057142857
      vertex -32.244789587206405 56.08193876666783 -30.70928057142857
    endloop
  endfacet
  facet normal 0.4162807922603605 -0.9092361090470871 0
    outer loop
      vertex -32.244789587206405 56.08193876666783 -36.70928057142857
      vertex -32.139118340650676 56.13031884066364 -36.70928057142857
      vertex -32.139118340650676 56.13031884066364 -30.70928057142857
    endloop
  endfacet
  facet normal 0.35836794954535894 -0.9335804264971792 0
    outer loop
      vertex -32.139118340650676 56.13031884066364 -36.70928057142857
      vertex -32.030617802180664 56.17196829516426 -36.70928057142857
      vertex -32.030617802180664 56.17196829516426 -30.70928057142857
    endloop
  endfacet
  facet normal 0.29904079225600655 -0.954240328516302 0
    outer loop
      vertex -32.030617802180664 56.17196829516426 -36.70928057142857
      vertex -31.919716173852525 56.20672275880058 -36.70928057142857
      vertex -31.919716173852525 56.20672275880058 -30.70928057142857
    endloop
  endfacet
  facet normal 0.2385334575786152 -0.9711342799096275 0
    outer loop
      vertex -31.919716173852525 56.20672275880058 -36.70928057142857
      vertex -31.806851133727143 56.234445071582456 -36.70928057142857
      vertex -31.806851133727143 56.234445071582456 -30.70928057142857
    endloop
  endfacet
  facet normal 0.17708474031956026 -0.9841956079692461 0
    outer loop
      vertex -31.806851133727143 56.234445071582456 -36.70928057142857
      vertex -31.69246810855475 56.25502582620644 -36.70928057142857
      vertex -31.69246810855475 56.25502582620644 -30.70928057142857
    endloop
  endfacet
  facet normal 0.11493715049295555 -0.9933727656003862 0
    outer loop
      vertex -31.69246810855475 56.25502582620644 -36.70928057142857
      vertex -31.577018515879075 56.268383799836506 -36.70928057142857
      vertex -31.577018515879075 56.268383799836506 -30.70928057142857
    endloop
  endfacet
  facet normal 0.0523359562429192 -0.9986295347545753 0
    outer loop
      vertex -31.577018515879075 56.268383799836506 -36.70928057142857
      vertex -31.4609579824985 56.274466274653385 -36.70928057142857
      vertex -31.4609579824985 56.274466274653385 -30.70928057142857
    endloop
  endfacet
  facet normal -0.010471784116268392 -0.9999451693655119 0
    outer loop
      vertex -31.4609579824985 56.274466274653385 -36.70928057142857
      vertex -31.34474454631527 56.273249245907806 -36.70928057142857
      vertex -31.34474454631527 56.273249245907806 -30.70928057142857
    endloop
  endfacet
  facet normal -0.07323819712755456 -0.9973144772244639 0
    outer loop
      vertex -31.34474454631527 56.273249245907806 -36.70928057142857
      vertex -31.22883684866913 56.26473751665623 -36.70928057142857
      vertex -31.22883684866913 56.26473751665623 -30.70928057142857
    endloop
  endfacet
  facet normal -0.13571557243439364 -0.9907478404714314 0
    outer loop
      vertex -31.22883684866913 56.26473751665623 -36.70928057142857
      vertex -31.1136923242895 56.24896467880535 -36.70928057142857
      vertex -31.1136923242895 56.24896467880535 -30.70928057142857
    endloop
  endfacet
  facet normal -0.19765734037912835 -0.9802711746217213 0
    outer loop
      vertex -31.1136923242895 56.24896467880535 -36.70928057142857
      vertex -30.999765396009572 56.22599298054026 -36.70928057142857
      vertex -30.999765396009572 56.22599298054026 -30.70928057142857
    endloop
  endfacet
  facet normal -0.25881904510253584 -0.9659258262890643 0
    outer loop
      vertex -30.887505681367013 56.19591308065924 -36.70928057142857
      vertex -30.887505681367013 56.19591308065924 -30.70928057142857
      vertex -30.999765396009572 56.22599298054026 -36.70928057142857
    endloop
  endfacet
  facet normal -0.3189593092980674 -0.9477684100095864 0
    outer loop
      vertex -30.887505681367013 56.19591308065924 -36.70928057142857
      vertex -30.777356218168926 56.15884369078491 -36.70928057142857
      vertex -30.777356218168926 56.15884369078491 -30.70928057142857
    endloop
  endfacet
  facet normal 0.7360970871197027 0.6768759696826951 0
    outer loop
      vertex -32.74398896303497 53.1304948302752 -36.70928057142857
      vertex -32.82265535867003 53.21604389284322 -30.70928057142857
      vertex -32.74398896303497 53.1304948302752 -30.70928057142857
    endloop
  endfacet
  facet normal 0.777145961456993 0.6293203910498102 0
    outer loop
      vertex -32.82265535867003 53.21604389284322 -36.70928057142857
      vertex -32.89579485405905 53.306363647729526 -30.70928057142857
      vertex -32.82265535867003 53.21604389284322 -30.70928057142857
    endloop
  endfacet
  facet normal 0.9092361090470871 0.4162807922603605 0
    outer loop
      vertex -33.0792812621572 53.6022969287328 -36.70928057142857
      vertex -33.12766133615301 53.70796817528853 -30.70928057142857
      vertex -33.0792812621572 53.6022969287328 -30.70928057142857
    endloop
  endfacet
  facet normal 0.9335804264971997 0.35836794954530565 0
    outer loop
      vertex -33.12766133615301 53.70796817528853 -36.70928057142857
      vertex -33.169310790653626 53.81646871375854 -30.70928057142857
      vertex -33.12766133615301 53.70796817528853 -30.70928057142857
    endloop
  endfacet
  facet normal 0.9542403285162817 0.29904079225607094 0
    outer loop
      vertex -33.169310790653626 53.81646871375854 -36.70928057142857
      vertex -33.20406525428995 53.927370342086675 -30.70928057142857
      vertex -33.169310790653626 53.81646871375854 -30.70928057142857
    endloop
  endfacet
  facet normal 0.8813034520649815 0.4725507648690739 0
    outer loop
      vertex -33.0243615027155 53.49987201022492 -36.70928057142857
      vertex -33.0792812621572 53.6022969287328 -30.70928057142857
      vertex -33.0243615027155 53.49987201022492 -30.70928057142857
    endloop
  endfacet
  facet normal 0.8151277957285294 0.5792811723427137 0
    outer loop
      vertex -32.89579485405905 53.306363647729526 -36.70928057142857
      vertex -32.963118801027974 53.40109764412473 -30.70928057142857
      vertex -32.89579485405905 53.306363647729526 -30.70928057142857
    endloop
  endfacet
  facet normal 0.8498926929868715 0.5269557954966653 0
    outer loop
      vertex -32.963118801027974 53.40109764412473 -36.70928057142857
      vertex -33.0243615027155 53.49987201022492 -30.70928057142857
      vertex -32.963118801027974 53.40109764412473 -30.70928057142857
    endloop
  endfacet
  facet normal 0.5962248749655975 0.8028174751911281 0
    outer loop
      vertex -32.47803460593048 52.90574597332756 -36.70928057142857
      vertex -32.571337899229164 52.97503911417211 -30.70928057142857
      vertex -32.47803460593048 52.90574597332756 -30.70928057142857
    endloop
  endfacet
  facet normal 0.6454576877239728 0.7637960286346233 0
    outer loop
      vertex -32.571337899229164 52.97503911417211 -36.70928057142857
      vertex -32.66010612747817 53.05005408309174 -30.70928057142857
      vertex -32.571337899229164 52.97503911417211 -30.70928057142857
    endloop
  endfacet
  facet normal 0.6921431738704287 0.7217602280983411 0
    outer loop
      vertex -32.66010612747817 53.05005408309174 -36.70928057142857
      vertex -32.74398896303497 53.1304948302752 -30.70928057142857
      vertex -32.66010612747817 53.05005408309174 -30.70928057142857
    endloop
  endfacet
  facet normal 0.37784078681843675 0.9258705848100072 0
    outer loop
      vertex -32.06707279325965 52.69090032966492 -36.70928057142857
      vertex -32.17467729540452 52.734812913586104 -30.811116901394488
      vertex -32.06707279325965 52.69090032966492 -30.872116850544877
    endloop
  endfacet
  facet normal 0.5446390350150395 0.8386705679454158 0
    outer loop
      vertex -32.38056447305458 52.84244812892798 -36.70928057142857
      vertex -32.47803460593048 52.90574597332756 -30.70928057142857
      vertex -32.38056447305458 52.84244812892798 -30.70928057142857
    endloop
  endfacet
  facet normal 0.49090375361515165 0.8712138111201834 0
    outer loop
      vertex -32.27931217068603 52.78539538864717 -36.70928057142857
      vertex -32.38056447305458 52.84244812892798 -30.70928057142857
      vertex -32.27931217068603 52.78539538864717 -30.747330027631325
    endloop
  endfacet
  facet normal 0.4352310993723222 0.9003187714021961 0
    outer loop
      vertex -32.17467729540452 52.734812913586104 -36.70928057142857
      vertex -32.27931217068603 52.78539538864717 -30.747330027631325
      vertex -32.17467729540452 52.734812913586104 -30.811116901394488
    endloop
  endfacet
  facet normal 0.010471784116268392 0.9999451693655119 0
    outer loop
      vertex -31.383471028930078 52.575277745796456 -36.70928057142857
      vertex -31.499684465113308 52.576494774542034 -31.127323675815084
      vertex -31.383471028930078 52.575277745796456 -31.16699528200996
    endloop
  endfacet
  facet normal -0.0523359562429192 0.9986295347545752 0
    outer loop
      vertex -31.267410495549502 52.581360220613334 -36.70928057142857
      vertex -31.383471028930078 52.575277745796456 -31.16699528200996
      vertex -31.267410495549502 52.581360220613334 -31.20247547420913
    endloop
  endfacet
  facet normal -0.1149371504928917 0.9933727656003934 0
    outer loop
      vertex -31.151960902873824 52.59471819424339 -36.70928057142857
      vertex -31.267410495549502 52.581360220613334 -31.20247547420913
      vertex -31.151960902873824 52.59471819424339 -31.233624228303345
    endloop
  endfacet
  facet normal -0.17708474031956026 0.9841956079692461 0
    outer loop
      vertex -31.03757787770143 52.61529894886738 -36.70928057142857
      vertex -31.151960902873824 52.59471819424339 -31.233624228303345
      vertex -31.03757787770143 52.61529894886738 -31.260318614390716
    endloop
  endfacet
  facet normal 0.1976573403791343 0.9802711746217202 0
    outer loop
      vertex -31.730736687139075 52.60077934164448 -36.70928057142857
      vertex -31.844663615418998 52.62375103990957 -30.984804968087843
      vertex -31.730736687139075 52.60077934164448 -31.036048407962774
    endloop
  endfacet
  facet normal 0.13571557243433774 0.990747840471439 0
    outer loop
      vertex -31.615592162759448 52.58500650379361 -36.70928057142857
      vertex -31.730736687139075 52.60077934164448 -31.036048407962774
      vertex -31.615592162759448 52.58500650379361 -31.083617221329938
    endloop
  endfacet
  facet normal 0.07323819712755454 0.9973144772244638 0
    outer loop
      vertex -31.499684465113308 52.576494774542034 -36.70928057142857
      vertex -31.615592162759448 52.58500650379361 -31.083617221329938
      vertex -31.499684465113308 52.576494774542034 -31.127323675815084
    endloop
  endfacet
  facet normal -0.23853345757860808 0.9711342799096293 0
    outer loop
      vertex -30.924712837576045 52.64302126164925 -36.70928057142857
      vertex -31.03757787770143 52.61529894886738 -31.260318614390716
      vertex -30.924712837576045 52.64302126164925 -31.282453281924848
    endloop
  endfacet
  facet normal -0.2990407922560623 0.9542403285162846 0
    outer loop
      vertex -30.813811209247906 52.67777572528558 -36.70928057142857
      vertex -30.924712837576045 52.64302126164925 -31.282453281924848
      vertex -30.813811209247906 52.67777572528558 -31.299940875485365
    endloop
  endfacet
  facet normal 0.2588190451025281 0.9659258262890662 0
    outer loop
      vertex -31.844663615418998 52.62375103990957 -36.70928057142857
      vertex -31.95692333006156 52.653830939790595 -30.93008913615142
      vertex -31.844663615418998 52.62375103990957 -30.984804968087843
    endloop
  endfacet
  facet normal 0.31895930929806743 0.9477684100095866 0
    outer loop
      vertex -31.95692333006156 52.653830939790595 -36.70928057142857
      vertex -32.06707279325965 52.69090032966492 -30.872116850544877
      vertex -31.95692333006156 52.653830939790595 -30.93008913615142
    endloop
  endfacet
  facet normal 0.9711342799096294 0.2385334575786081 0
    outer loop
      vertex -33.20406525428995 53.927370342086675 -36.70928057142857
      vertex -33.23178756707183 54.04023538221206 -30.70928057142857
      vertex -33.20406525428995 53.927370342086675 -30.70928057142857
    endloop
  endfacet
  facet normal 0.9841956079692354 0.17708474031961946 0
    outer loop
      vertex -33.23178756707183 54.04023538221206 -36.70928057142857
      vertex -33.25236832169582 54.154618407384454 -30.70928057142857
      vertex -33.23178756707183 54.04023538221206 -30.70928057142857
    endloop
  endfacet
  facet normal 0.9933727656004009 0.11493715049282789 0
    outer loop
      vertex -33.25236832169582 54.154618407384454 -36.70928057142857
      vertex -33.26572629532587 54.270068000060135 -30.70928057142857
      vertex -33.25236832169582 54.154618407384454 -30.70928057142857
    endloop
  endfacet
  facet normal 0.9986295347545749 0.05233595624292239 0
    outer loop
      vertex -33.26572629532587 54.270068000060135 -36.70928057142857
      vertex -33.27180877014275 54.386128533440704 -30.70928057142857
      vertex -33.26572629532587 54.270068000060135 -30.70928057142857
    endloop
  endfacet
  facet normal 0.9999451693655126 -0.010471784116207262 0
    outer loop
      vertex -33.27180877014275 54.386128533440704 -36.70928057142857
      vertex -33.270591741397176 54.502341969623934 -30.70928057142857
      vertex -33.27180877014275 54.386128533440704 -30.70928057142857
    endloop
  endfacet
  facet normal 0.9973144772244548 -0.0732381971276784 0
    outer loop
      vertex -33.270591741397176 54.502341969623934 -36.70928057142857
      vertex -33.26208001214559 54.61824966727007 -30.70928057142857
      vertex -33.270591741397176 54.502341969623934 -30.70928057142857
    endloop
  endfacet
  facet normal 0.9907478404714478 -0.1357155724342736 0
    outer loop
      vertex -33.26208001214559 54.61824966727007 -36.70928057142857
      vertex -33.24630717429472 54.7333941916497 -30.70928057142857
      vertex -33.26208001214559 54.61824966727007 -30.70928057142857
    endloop
  endfacet
  facet normal 0.9802711746217225 -0.19765734037912241 0
    outer loop
      vertex -33.24630717429472 54.7333941916497 -36.70928057142857
      vertex -33.22333547602963 54.84732111992963 -30.70928057142857
      vertex -33.24630717429472 54.7333941916497 -30.70928057142857
    endloop
  endfacet
  facet normal 0.9659258262890622 -0.25881904510254344 0
    outer loop
      vertex -33.22333547602963 54.84732111992963 -36.70928057142857
      vertex -33.19325557614861 54.959580834572186 -30.70928057142857
      vertex -33.22333547602963 54.84732111992963 -30.70928057142857
    endloop
  endfacet
  facet normal 0.9477684100096081 -0.31895930929800326 0
    outer loop
      vertex -33.19325557614861 54.959580834572186 -36.70928057142857
      vertex -33.15618618627429 55.06973029777028 -30.70928057142857
      vertex -33.19325557614861 54.959580834572186 -30.70928057142857
    endloop
  endfacet
  facet normal 0.9258705848099857 -0.3778407868184892 0
    outer loop
      vertex -33.15618618627429 55.06973029777028 -36.70928057142857
      vertex -33.1122736023531 55.17733479991515 -30.70928057142857
      vertex -33.15618618627429 55.06973029777028 -30.70928057142857
    endloop
  endfacet
  facet normal 0.9003187714021961 -0.43523109937232224 0
    outer loop
      vertex -33.1122736023531 55.17733479991515 -36.70928057142857
      vertex -33.061691127292036 55.28196967519666 -30.70928057142857
      vertex -33.1122736023531 55.17733479991515 -30.70928057142857
    endloop
  endfacet
  facet normal 0.8712138111201834 -0.49090375361515165 0
    outer loop
      vertex -33.061691127292036 55.28196967519666 -36.70928057142857
      vertex -33.00463838701123 55.383221977565206 -30.70928057142857
      vertex -33.061691127292036 55.28196967519666 -30.70928057142857
    endloop
  endfacet
  facet normal 0.838670567945434 -0.5446390350150117 0
    outer loop
      vertex -33.00463838701123 55.383221977565206 -36.70928057142857
      vertex -32.94134054261164 55.48069211044112 -30.70928057142857
      vertex -33.00463838701123 55.383221977565206 -30.70928057142857
    endloop
  endfacet
  facet normal 0.8028174751911064 -0.5962248749656268 0
    outer loop
      vertex -32.94134054261164 55.48069211044112 -36.70928057142857
      vertex -32.87204740176709 55.573995403739794 -30.70928057142857
      vertex -32.94134054261164 55.48069211044112 -30.70928057142857
    endloop
  endfacet
  facet normal 0.7637960286346488 -0.6454576877239427 0
    outer loop
      vertex -32.87204740176709 55.573995403739794 -36.70928057142857
      vertex -32.797032432847466 55.66276363198881 -30.70928057142857
      vertex -32.87204740176709 55.573995403739794 -30.70928057142857
    endloop
  endfacet
  facet normal 0.7217602280983119 -0.6921431738704593 0
    outer loop
      vertex -32.797032432847466 55.66276363198881 -36.70928057142857
      vertex -32.71659168566401 55.7466464675456 -30.70928057142857
      vertex -32.797032432847466 55.66276363198881 -30.70928057142857
    endloop
  endfacet
  facet normal 0.6768759696827283 -0.7360970871196723 0
    outer loop
      vertex -32.71659168566401 55.7466464675456 -36.70928057142857
      vertex -32.631042623095986 55.82531286318067 -30.70928057142857
      vertex -32.71659168566401 55.7466464675456 -30.70928057142857
    endloop
  endfacet
  facet normal 0.6293203910497731 -0.7771459614570229 0
    outer loop
      vertex -32.631042623095986 55.82531286318067 -36.70928057142857
      vertex -32.54072286820968 55.89845235856968 -30.70928057142857
      vertex -32.631042623095986 55.82531286318067 -30.70928057142857
    endloop
  endfacet
  facet normal 0.5792811723426731 -0.8151277957285583 0
    outer loop
      vertex -32.54072286820968 55.89845235856968 -36.70928057142857
      vertex -32.44598887181447 55.9657763055386 -30.70928057142857
      vertex -32.54072286820968 55.89845235856968 -30.70928057142857
    endloop
  endfacet
  facet normal 0.5269557954966653 -0.8498926929868715 0
    outer loop
      vertex -32.44598887181447 55.9657763055386 -36.70928057142857
      vertex -32.347214505714284 56.02701900722612 -30.70928057142857
      vertex -32.44598887181447 55.9657763055386 -30.70928057142857
    endloop
  endfacet
  facet normal 0.47255076486912134 -0.881303452064956 0
    outer loop
      vertex -32.347214505714284 56.02701900722612 -36.70928057142857
      vertex -32.244789587206405 56.08193876666783 -30.70928057142857
      vertex -32.347214505714284 56.02701900722612 -30.70928057142857
    endloop
  endfacet
  facet normal 0.4162807922603605 -0.9092361090470871 0
    outer loop
      vertex -32.244789587206405 56.08193876666783 -36.70928057142857
      vertex -32.139118340650676 56.13031884066364 -30.70928057142857
      vertex -32.244789587206405 56.08193876666783 -30.70928057142857
    endloop
  endfacet
  facet normal 0.35836794954535894 -0.9335804264971792 0
    outer loop
      vertex -32.139118340650676 56.13031884066364 -36.70928057142857
      vertex -32.030617802180664 56.17196829516426 -30.70928057142857
      vertex -32.139118340650676 56.13031884066364 -30.70928057142857
    endloop
  endfacet
  facet normal 0.29904079225600655 -0.954240328516302 0
    outer loop
      vertex -32.030617802180664 56.17196829516426 -36.70928057142857
      vertex -31.919716173852525 56.20672275880058 -30.70928057142857
      vertex -32.030617802180664 56.17196829516426 -30.70928057142857
    endloop
  endfacet
  facet normal 0.2385334575786152 -0.9711342799096275 0
    outer loop
      vertex -31.919716173852525 56.20672275880058 -36.70928057142857
      vertex -31.806851133727143 56.234445071582456 -30.70928057142857
      vertex -31.919716173852525 56.20672275880058 -30.70928057142857
    endloop
  endfacet
  facet normal 0.17708474031956026 -0.9841956079692461 0
    outer loop
      vertex -31.806851133727143 56.234445071582456 -36.70928057142857
      vertex -31.69246810855475 56.25502582620644 -30.70928057142857
      vertex -31.806851133727143 56.234445071582456 -30.70928057142857
    endloop
  endfacet
  facet normal 0.11493715049295555 -0.9933727656003862 0
    outer loop
      vertex -31.69246810855475 56.25502582620644 -36.70928057142857
      vertex -31.577018515879075 56.268383799836506 -30.70928057142857
      vertex -31.69246810855475 56.25502582620644 -30.70928057142857
    endloop
  endfacet
  facet normal 0.0523359562429192 -0.9986295347545753 0
    outer loop
      vertex -31.577018515879075 56.268383799836506 -36.70928057142857
      vertex -31.4609579824985 56.274466274653385 -30.70928057142857
      vertex -31.577018515879075 56.268383799836506 -30.70928057142857
    endloop
  endfacet
  facet normal -0.010471784116268392 -0.9999451693655119 0
    outer loop
      vertex -31.4609579824985 56.274466274653385 -36.70928057142857
      vertex -31.34474454631527 56.273249245907806 -30.70928057142857
      vertex -31.4609579824985 56.274466274653385 -30.70928057142857
    endloop
  endfacet
  facet normal -0.07323819712755456 -0.9973144772244639 0
    outer loop
      vertex -31.34474454631527 56.273249245907806 -36.70928057142857
      vertex -31.22883684866913 56.26473751665623 -30.70928057142857
      vertex -31.34474454631527 56.273249245907806 -30.70928057142857
    endloop
  endfacet
  facet normal -0.13571557243439364 -0.9907478404714314 0
    outer loop
      vertex -31.22883684866913 56.26473751665623 -36.70928057142857
      vertex -31.1136923242895 56.24896467880535 -30.70928057142857
      vertex -31.22883684866913 56.26473751665623 -30.70928057142857
    endloop
  endfacet
  facet normal -0.19765734037912835 -0.9802711746217213 0
    outer loop
      vertex -31.1136923242895 56.24896467880535 -36.70928057142857
      vertex -30.999765396009572 56.22599298054026 -30.70928057142857
      vertex -31.1136923242895 56.24896467880535 -30.70928057142857
    endloop
  endfacet
  facet normal -0.25881904510253584 -0.9659258262890643 0
    outer loop
      vertex -30.999765396009572 56.22599298054026 -36.70928057142857
      vertex -30.887505681367013 56.19591308065924 -30.70928057142857
      vertex -30.999765396009572 56.22599298054026 -30.70928057142857
    endloop
  endfacet
  facet normal -0.3189593092980674 -0.9477684100095864 0
    outer loop
      vertex -30.887505681367013 56.19591308065924 -36.70928057142857
      vertex -30.777356218168926 56.15884369078491 -30.70928057142857
      vertex -30.887505681367013 56.19591308065924 -30.70928057142857
    endloop
  endfacet
  facet normal -0.35836794954530565 0.9335804264971996 0
    outer loop
      vertex -30.813811209247906 52.67777572528558 -36.70928057142857
      vertex -30.813811209247906 52.67777572528558 -31.299940875485365
      vertex -30.705310670777894 52.71942517978619 -36.70928057142857
    endloop
  endfacet
  facet normal -0.41628079226038367 0.9092361090470765 0
    outer loop
      vertex -30.705310670777894 52.71942517978619 -36.70928057142857
      vertex -30.705310670777894 52.71942517978619 -31.312712379529795
      vertex -30.599639424222172 52.767805253782 -36.70928057142857
    endloop
  endfacet
  facet normal -0.47255076486904846 0.8813034520649953 0
    outer loop
      vertex -30.599639424222172 52.767805253782 -36.70928057142857
      vertex -30.599639424222172 52.767805253782 -31.32071739076643
      vertex -30.497214505714286 52.8227250132237 -36.70928057142857
    endloop
  endfacet
  facet normal -0.5269557954967093 0.8498926929868442 0
    outer loop
      vertex -30.497214505714286 52.8227250132237 -36.70928057142857
      vertex -30.497214505714286 52.8227250132237 -31.323924317073047
      vertex -30.3984401396141 52.883967714911236 -36.70928057142857
    endloop
  endfacet
  facet normal -0.5792811723426731 0.8151277957285583 0
    outer loop
      vertex -30.3984401396141 52.883967714911236 -36.70928057142857
      vertex -30.3984401396141 52.883967714911236 -31.322320502176623
      vertex -30.303706143218893 52.951291661880155 -36.70928057142857
    endloop
  endfacet
  facet normal -0.62932039104984 0.7771459614569688 0
    outer loop
      vertex -30.303706143218893 52.951291661880155 -36.70928057142857
      vertex -30.303706143218893 52.951291661880155 -31.315912275601846
      vertex -30.21338638833259 53.02443115726917 -36.70928057142857
    endloop
  endfacet
  facet normal -0.6768759696826495 0.7360970871197448 0
    outer loop
      vertex -30.21338638833259 53.02443115726917 -36.70928057142857
      vertex -30.21338638833259 53.02443115726917 -31.30472492769137
      vertex -30.12783732576456 53.10309755290423 -36.70928057142857
    endloop
  endfacet
  facet normal -0.7217602280983425 0.6921431738704276 0
    outer loop
      vertex -30.12783732576456 53.10309755290423 -36.70928057142857
      vertex -30.12783732576456 53.10309755290423 -31.288802609796377
      vertex -30.047396578581107 53.18698038846102 -36.70928057142857
    endloop
  endfacet
  facet normal -0.7637960286346488 0.6454576877239427 0
    outer loop
      vertex -30.047396578581107 53.18698038846102 -36.70928057142857
      vertex -30.047396578581107 53.18698038846102 -31.26820816003139
      vertex -29.972381609661483 53.27574861671004 -36.70928057142857
    endloop
  endfacet
  facet normal -0.8028174751911428 0.5962248749655779 0
    outer loop
      vertex -29.972381609661483 53.27574861671004 -36.70928057142857
      vertex -29.972381609661483 53.27574861671004 -31.24302285528091
      vertex -29.903088468816936 53.36905191000872 -36.70928057142857
    endloop
  endfacet
  facet normal -0.8386705679454339 0.5446390350150117 0
    outer loop
      vertex -29.903088468816936 53.36905191000872 -36.70928057142857
      vertex -29.903088468816936 53.36905191000872 -31.21334609043672
      vertex -29.83979062441735 53.466522042884634 -36.70928057142857
    endloop
  endfacet
  facet normal -0.8712138111201834 0.49090375361515165 0
    outer loop
      vertex -29.83979062441735 53.466522042884634 -36.70928057142857
      vertex -29.83979062441735 53.466522042884634 -31.17929498613164
      vertex -29.78273788413654 53.56777434525318 -36.70928057142857
    endloop
  endfacet
  facet normal -0.9003187714021841 0.43523109937234705 0
    outer loop
      vertex -29.78273788413654 53.56777434525318 -36.70928057142857
      vertex -29.78273788413654 53.56777434525318 -31.1410039265179
      vertex -29.732155409075474 53.67240922053469 -36.70928057142857
    endloop
  endfacet
  facet normal -0.9258705848099877 0.3778407868184844 0
    outer loop
      vertex -29.732155409075474 53.67240922053469 -36.70928057142857
      vertex -29.732155409075474 53.67240922053469 -31.09862402891427
      vertex -29.688242825154287 53.780013722679556 -36.70928057142857
    endloop
  endfacet
  facet normal -0.9477684100095897 0.31895930929805816 0
    outer loop
      vertex -29.688242825154287 53.780013722679556 -36.70928057142857
      vertex -29.688242825154287 53.780013722679556 -31.05232254741505
      vertex -29.65117343527996 53.89016318587765 -36.70928057142857
    endloop
  endfacet
  facet normal -0.9659258262890622 0.25881904510254344 0
    outer loop
      vertex -29.65117343527996 53.89016318587765 -36.70928057142857
      vertex -29.65117343527996 53.89016318587765 -31.002282212814578
      vertex -29.621093535398938 54.0024229005202 -36.70928057142857
    endloop
  endfacet
  facet normal -0.9802711746217285 0.19765734037909308 0
    outer loop
      vertex -29.621093535398938 54.0024229005202 -36.70928057142857
      vertex -29.621093535398938 54.0024229005202 -30.946270436313746
      vertex -29.598121837133853 54.11634982880013 -36.70928057142857
    endloop
  endfacet
  facet normal -0.9907478404714438 0.13571557243430366 0
    outer loop
      vertex -29.598121837133853 54.11634982880013 -36.70928057142857
      vertex -29.598121837133853 54.11634982880013 -30.88625353052701
      vertex -29.58234899928298 54.23149435317976 -36.70928057142857
    endloop
  endfacet
  facet normal -0.9973144772244592 0.07323819712761759 0
    outer loop
      vertex -29.58234899928298 54.23149435317976 -36.70928057142857
      vertex -29.58234899928298 54.23149435317976 -30.82336818388958
      vertex -29.5738372700314 54.3474020508259 -36.70928057142857
    endloop
  endfacet
  facet normal -0.9999451693655124 0.010471784116237826 0
    outer loop
      vertex -29.5738372700314 54.3474020508259 -36.70928057142857
      vertex -29.5738372700314 54.3474020508259 -30.757862576135036
      vertex -29.572620241285826 54.46361548700913 -36.70928057142857
    endloop
  endfacet
  facet normal -0.9986295347545768 -0.05233595624288871 0
    outer loop
      vertex -29.572620241285826 54.46361548700913 -36.70928057142857
      vertex -29.572620241285826 54.46361548700913 -30.70928057142857
      vertex -29.5787027161027 54.579676020389705 -36.70928057142857
    endloop
  endfacet
  facet normal -0.9933727656003932 -0.11493715049289521 0
    outer loop
      vertex -29.5787027161027 54.579676020389705 -36.70928057142857
      vertex -29.5787027161027 54.579676020389705 -30.70928057142857
      vertex -29.592060689732758 54.69512561306538 -36.70928057142857
    endloop
  endfacet
  facet normal -0.9841956079692408 -0.17708474031958985 0
    outer loop
      vertex -29.612641444356747 54.80950863823777 -36.70928057142857
      vertex -29.592060689732758 54.69512561306538 -36.70928057142857
      vertex -29.592060689732758 54.69512561306538 -30.70928057142857
    endloop
  endfacet
  facet normal -0.9711342799096294 -0.2385334575786081 0
    outer loop
      vertex -29.612641444356747 54.80950863823777 -36.70928057142857
      vertex -29.612641444356747 54.80950863823777 -30.70928057142857
      vertex -29.640363757138623 54.92237367836316 -36.70928057142857
    endloop
  endfacet
  facet normal -0.9542403285162906 -0.29904079225604313 0
    outer loop
      vertex -29.640363757138623 54.92237367836316 -36.70928057142857
      vertex -29.640363757138623 54.92237367836316 -30.70928057142857
      vertex -29.675118220774944 55.033275306691294 -36.70928057142857
    endloop
  endfacet
  facet normal -0.9335804264971895 -0.3583679495453323 0
    outer loop
      vertex -29.675118220774944 55.033275306691294 -36.70928057142857
      vertex -29.675118220774944 55.033275306691294 -30.70928057142857
      vertex -29.716767675275563 55.141775845161305 -36.70928057142857
    endloop
  endfacet
  facet normal -0.9092361090470755 -0.4162807922603858 0
    outer loop
      vertex -29.716767675275563 55.141775845161305 -36.70928057142857
      vertex -29.716767675275563 55.141775845161305 -30.70928057142857
      vertex -29.765147749271375 55.247447091717035 -36.70928057142857
    endloop
  endfacet
  facet normal -0.6454576877239578 -0.763796028634636 0
    outer loop
      vertex -30.1843228839504 55.799689937358096 -36.70928057142857
      vertex -30.1843228839504 55.799689937358096 -30.70928057142857
      vertex -30.273091112199413 55.87470490627772 -36.70928057142857
    endloop
  endfacet
  facet normal -0.49090375361515165 -0.8712138111201834 0
    outer loop
      vertex -30.56511684074254 56.064348631802666 -36.70928057142857
      vertex -30.463864538373997 56.007295891521856 -36.70928057142857
      vertex -30.463864538373997 56.007295891521856 -30.70928057142857
    endloop
  endfacet
  facet normal -0.3778407868184475 -0.9258705848100028 0
    outer loop
      vertex -30.777356218168926 56.15884369078491 -36.70928057142857
      vertex -30.669751716024056 56.11493110686373 -36.70928057142857
      vertex -30.669751716024056 56.11493110686373 -30.70928057142857
    endloop
  endfacet
  facet normal -0.43523109937231025 -0.9003187714022017 0
    outer loop
      vertex -30.669751716024056 56.11493110686373 -36.70928057142857
      vertex -30.56511684074254 56.064348631802666 -36.70928057142857
      vertex -30.56511684074254 56.064348631802666 -30.70928057142857
    endloop
  endfacet
  facet normal -0.5446390350149826 -0.8386705679454528 0
    outer loop
      vertex -30.463864538373997 56.007295891521856 -36.70928057142857
      vertex -30.366394405498088 55.94399804712228 -36.70928057142857
      vertex -30.366394405498088 55.94399804712228 -30.70928057142857
    endloop
  endfacet
  facet normal -0.5962248749656662 -0.8028174751910772 0
    outer loop
      vertex -30.366394405498088 55.94399804712228 -36.70928057142857
      vertex -30.273091112199413 55.87470490627772 -36.70928057142857
      vertex -30.273091112199413 55.87470490627772 -30.70928057142857
    endloop
  endfacet
  facet normal -0.8151277957285439 -0.5792811723426934 0
    outer loop
      vertex -29.881310210400603 55.4486463763251 -36.70928057142857
      vertex -29.881310210400603 55.4486463763251 -30.70928057142857
      vertex -29.948634157369526 55.54338037272031 -36.70928057142857
    endloop
  endfacet
  facet normal -0.7360970871197027 -0.6768759696826951 0
    outer loop
      vertex -30.100440048393597 55.71924919017464 -36.70928057142857
      vertex -30.021773652758537 55.633700127606616 -36.70928057142857
      vertex -30.021773652758537 55.633700127606616 -30.70928057142857
    endloop
  endfacet
  facet normal -0.6921431738704135 -0.7217602280983557 0
    outer loop
      vertex -30.1843228839504 55.799689937358096 -36.70928057142857
      vertex -30.100440048393597 55.71924919017464 -36.70928057142857
      vertex -30.100440048393597 55.71924919017464 -30.70928057142857
    endloop
  endfacet
  facet normal -0.777145961457008 -0.6293203910497916 0
    outer loop
      vertex -30.021773652758537 55.633700127606616 -36.70928057142857
      vertex -29.948634157369526 55.54338037272031 -36.70928057142857
      vertex -29.948634157369526 55.54338037272031 -30.70928057142857
    endloop
  endfacet
  facet normal -0.8813034520649815 -0.4725507648690739 0
    outer loop
      vertex -29.765147749271375 55.247447091717035 -36.70928057142857
      vertex -29.765147749271375 55.247447091717035 -30.70928057142857
      vertex -29.820067508713077 55.349872010224914 -36.70928057142857
    endloop
  endfacet
  facet normal -0.8498926929868715 -0.5269557954966653 0
    outer loop
      vertex -29.881310210400603 55.4486463763251 -36.70928057142857
      vertex -29.820067508713077 55.349872010224914 -36.70928057142857
      vertex -29.820067508713077 55.349872010224914 -30.70928057142857
    endloop
  endfacet
  facet normal -0.35836794954530565 0.9335804264971996 0
    outer loop
      vertex -30.705310670777894 52.71942517978619 -36.70928057142857
      vertex -30.813811209247906 52.67777572528558 -31.299940875485365
      vertex -30.705310670777894 52.71942517978619 -31.312712379529795
    endloop
  endfacet
  facet normal -0.4162807922603836 0.9092361090470765 0
    outer loop
      vertex -30.599639424222172 52.767805253782 -36.70928057142857
      vertex -30.705310670777894 52.71942517978619 -31.312712379529795
      vertex -30.599639424222172 52.767805253782 -31.32071739076643
    endloop
  endfacet
  facet normal -0.47255076486904846 0.8813034520649953 0
    outer loop
      vertex -30.497214505714286 52.8227250132237 -36.70928057142857
      vertex -30.599639424222172 52.767805253782 -31.32071739076643
      vertex -30.497214505714286 52.8227250132237 -31.323924317073047
    endloop
  endfacet
  facet normal -0.5269557954967095 0.8498926929868441 0
    outer loop
      vertex -30.3984401396141 52.883967714911236 -36.70928057142857
      vertex -30.497214505714286 52.8227250132237 -31.323924317073047
      vertex -30.3984401396141 52.883967714911236 -31.322320502176623
    endloop
  endfacet
  facet normal -0.5792811723426731 0.8151277957285584 0
    outer loop
      vertex -30.303706143218893 52.951291661880155 -36.70928057142857
      vertex -30.3984401396141 52.883967714911236 -31.322320502176623
      vertex -30.303706143218893 52.951291661880155 -31.315912275601846
    endloop
  endfacet
  facet normal -0.62932039104984 0.7771459614569688 0
    outer loop
      vertex -30.21338638833259 53.02443115726917 -36.70928057142857
      vertex -30.303706143218893 52.951291661880155 -31.315912275601846
      vertex -30.21338638833259 53.02443115726917 -31.30472492769137
    endloop
  endfacet
  facet normal -0.6768759696826494 0.7360970871197448 0
    outer loop
      vertex -30.12783732576456 53.10309755290423 -36.70928057142857
      vertex -30.21338638833259 53.02443115726917 -31.30472492769137
      vertex -30.12783732576456 53.10309755290423 -31.288802609796377
    endloop
  endfacet
  facet normal -0.7217602280983423 0.6921431738704275 0
    outer loop
      vertex -30.047396578581107 53.18698038846102 -36.70928057142857
      vertex -30.12783732576456 53.10309755290423 -31.288802609796377
      vertex -30.047396578581107 53.18698038846102 -31.26820816003139
    endloop
  endfacet
  facet normal -0.7637960286346488 0.6454576877239427 0
    outer loop
      vertex -29.972381609661483 53.27574861671004 -36.70928057142857
      vertex -30.047396578581107 53.18698038846102 -31.26820816003139
      vertex -29.972381609661483 53.27574861671004 -31.24302285528091
    endloop
  endfacet
  facet normal -0.8028174751911427 0.5962248749655779 0
    outer loop
      vertex -29.903088468816936 53.36905191000872 -36.70928057142857
      vertex -29.972381609661483 53.27574861671004 -31.24302285528091
      vertex -29.903088468816936 53.36905191000872 -31.21334609043672
    endloop
  endfacet
  facet normal -0.838670567945434 0.5446390350150118 0
    outer loop
      vertex -29.83979062441735 53.466522042884634 -36.70928057142857
      vertex -29.903088468816936 53.36905191000872 -31.21334609043672
      vertex -29.83979062441735 53.466522042884634 -31.17929498613164
    endloop
  endfacet
  facet normal -0.8712138111201834 0.4909037536151516 0
    outer loop
      vertex -29.78273788413654 53.56777434525318 -36.70928057142857
      vertex -29.83979062441735 53.466522042884634 -31.17929498613164
      vertex -29.78273788413654 53.56777434525318 -31.1410039265179
    endloop
  endfacet
  facet normal -0.9003187714021842 0.43523109937234705 0
    outer loop
      vertex -29.732155409075474 53.67240922053469 -36.70928057142857
      vertex -29.78273788413654 53.56777434525318 -31.1410039265179
      vertex -29.732155409075474 53.67240922053469 -31.09862402891427
    endloop
  endfacet
  facet normal -0.9258705848099877 0.3778407868184844 0
    outer loop
      vertex -29.688242825154287 53.780013722679556 -36.70928057142857
      vertex -29.732155409075474 53.67240922053469 -31.09862402891427
      vertex -29.688242825154287 53.780013722679556 -31.05232254741505
    endloop
  endfacet
  facet normal -0.9477684100095898 0.3189593092980582 0
    outer loop
      vertex -29.65117343527996 53.89016318587765 -36.70928057142857
      vertex -29.688242825154287 53.780013722679556 -31.05232254741505
      vertex -29.65117343527996 53.89016318587765 -31.002282212814578
    endloop
  endfacet
  facet normal -0.9659258262890612 0.25881904510254655 6.712025905008891e-17
    outer loop
      vertex -29.621093535398938 54.0024229005202 -36.70928057142857
      vertex -29.65117343527996 53.89016318587765 -31.002282212814578
      vertex -29.6430450424208 53.92049876101192 -30.987803005089226
    endloop
  endfacet
  facet normal -0.9659258262890625 0.2588190451025423 0
    outer loop
      vertex -29.621093535398938 54.0024229005202 -36.70928057142857
      vertex -29.6430450424208 53.92049876101192 -30.987803005089226
      vertex -29.621093535398938 54.0024229005202 -30.946270436313746
    endloop
  endfacet
  facet normal -0.9802711746217285 0.19765734037909308 0
    outer loop
      vertex -29.598121837133853 54.11634982880013 -36.70928057142857
      vertex -29.621093535398938 54.0024229005202 -30.946270436313746
      vertex -29.598121837133853 54.11634982880013 -30.88625353052701
    endloop
  endfacet
  facet normal -0.9907478404714437 0.13571557243430363 0
    outer loop
      vertex -29.58234899928298 54.23149435317976 -36.70928057142857
      vertex -29.598121837133853 54.11634982880013 -30.88625353052701
      vertex -29.58234899928298 54.23149435317976 -30.82336818388958
    endloop
  endfacet
  facet normal -0.9973144772244591 0.07323819712761759 0
    outer loop
      vertex -29.5738372700314 54.3474020508259 -36.70928057142857
      vertex -29.58234899928298 54.23149435317976 -30.82336818388958
      vertex -29.5738372700314 54.3474020508259 -30.757862576135036
    endloop
  endfacet
  facet normal -0.9999451693655123 0.010471784116237828 0
    outer loop
      vertex -29.572620241285826 54.46361548700913 -36.70928057142857
      vertex -29.5738372700314 54.3474020508259 -30.757862576135036
      vertex -29.572620241285826 54.46361548700913 -30.70928057142857
    endloop
  endfacet
  facet normal -0.9986295347545768 -0.05233595624288871 0
    outer loop
      vertex -29.5787027161027 54.579676020389705 -36.70928057142857
      vertex -29.572620241285826 54.46361548700913 -30.70928057142857
      vertex -29.5787027161027 54.579676020389705 -30.70928057142857
    endloop
  endfacet
  facet normal -0.9841956079692408 -0.17708474031958985 0
    outer loop
      vertex -29.612641444356747 54.80950863823777 -36.70928057142857
      vertex -29.592060689732758 54.69512561306538 -30.70928057142857
      vertex -29.612641444356747 54.80950863823777 -30.70928057142857
    endloop
  endfacet
  facet normal -0.9933727656003932 -0.11493715049289521 0
    outer loop
      vertex -29.592060689732758 54.69512561306538 -36.70928057142857
      vertex -29.5787027161027 54.579676020389705 -30.70928057142857
      vertex -29.592060689732758 54.69512561306538 -30.70928057142857
    endloop
  endfacet
  facet normal -0.9711342799096294 -0.2385334575786081 0
    outer loop
      vertex -29.640363757138623 54.92237367836316 -36.70928057142857
      vertex -29.612641444356747 54.80950863823777 -30.70928057142857
      vertex -29.640363757138623 54.92237367836316 -30.70928057142857
    endloop
  endfacet
  facet normal -0.9542403285162906 -0.29904079225604313 0
    outer loop
      vertex -29.675118220774944 55.033275306691294 -36.70928057142857
      vertex -29.640363757138623 54.92237367836316 -30.70928057142857
      vertex -29.675118220774944 55.033275306691294 -30.70928057142857
    endloop
  endfacet
  facet normal -0.9335804264971895 -0.3583679495453323 0
    outer loop
      vertex -29.716767675275563 55.141775845161305 -36.70928057142857
      vertex -29.675118220774944 55.033275306691294 -30.70928057142857
      vertex -29.716767675275563 55.141775845161305 -30.70928057142857
    endloop
  endfacet
  facet normal -0.3778407868184475 -0.9258705848100028 0
    outer loop
      vertex -30.777356218168926 56.15884369078491 -36.70928057142857
      vertex -30.669751716024056 56.11493110686373 -30.70928057142857
      vertex -30.777356218168926 56.15884369078491 -30.70928057142857
    endloop
  endfacet
  facet normal -0.49090375361515165 -0.8712138111201834 0
    outer loop
      vertex -30.56511684074254 56.064348631802666 -36.70928057142857
      vertex -30.463864538373997 56.007295891521856 -30.70928057142857
      vertex -30.56511684074254 56.064348631802666 -30.70928057142857
    endloop
  endfacet
  facet normal -0.43523109937231025 -0.9003187714022017 0
    outer loop
      vertex -30.669751716024056 56.11493110686373 -36.70928057142857
      vertex -30.56511684074254 56.064348631802666 -30.70928057142857
      vertex -30.669751716024056 56.11493110686373 -30.70928057142857
    endloop
  endfacet
  facet normal -0.5446390350149826 -0.8386705679454528 0
    outer loop
      vertex -30.463864538373997 56.007295891521856 -36.70928057142857
      vertex -30.366394405498088 55.94399804712228 -30.70928057142857
      vertex -30.463864538373997 56.007295891521856 -30.70928057142857
    endloop
  endfacet
  facet normal -0.5962248749656662 -0.8028174751910772 0
    outer loop
      vertex -30.366394405498088 55.94399804712228 -36.70928057142857
      vertex -30.273091112199413 55.87470490627772 -30.70928057142857
      vertex -30.366394405498088 55.94399804712228 -30.70928057142857
    endloop
  endfacet
  facet normal -0.6454576877239578 -0.763796028634636 0
    outer loop
      vertex -30.273091112199413 55.87470490627772 -36.70928057142857
      vertex -30.1843228839504 55.799689937358096 -30.70928057142857
      vertex -30.273091112199413 55.87470490627772 -30.70928057142857
    endloop
  endfacet
  facet normal -0.8151277957285439 -0.5792811723426934 0
    outer loop
      vertex -29.948634157369526 55.54338037272031 -36.70928057142857
      vertex -29.881310210400603 55.4486463763251 -30.70928057142857
      vertex -29.948634157369526 55.54338037272031 -30.70928057142857
    endloop
  endfacet
  facet normal -0.8498926929868715 -0.5269557954966653 0
    outer loop
      vertex -29.881310210400603 55.4486463763251 -36.70928057142857
      vertex -29.820067508713077 55.349872010224914 -30.70928057142857
      vertex -29.881310210400603 55.4486463763251 -30.70928057142857
    endloop
  endfacet
  facet normal -0.7360970871197027 -0.6768759696826951 0
    outer loop
      vertex -30.100440048393597 55.71924919017464 -36.70928057142857
      vertex -30.021773652758537 55.633700127606616 -30.70928057142857
      vertex -30.100440048393597 55.71924919017464 -30.70928057142857
    endloop
  endfacet
  facet normal -0.777145961457008 -0.6293203910497916 0
    outer loop
      vertex -30.021773652758537 55.633700127606616 -36.70928057142857
      vertex -29.948634157369526 55.54338037272031 -30.70928057142857
      vertex -30.021773652758537 55.633700127606616 -30.70928057142857
    endloop
  endfacet
  facet normal -0.6921431738704135 -0.7217602280983557 0
    outer loop
      vertex -30.1843228839504 55.799689937358096 -36.70928057142857
      vertex -30.100440048393597 55.71924919017464 -30.70928057142857
      vertex -30.1843228839504 55.799689937358096 -30.70928057142857
    endloop
  endfacet
  facet normal -0.9092361090470755 -0.4162807922603858 0
    outer loop
      vertex -29.765147749271375 55.247447091717035 -36.70928057142857
      vertex -29.716767675275563 55.141775845161305 -30.70928057142857
      vertex -29.765147749271375 55.247447091717035 -30.70928057142857
    endloop
  endfacet
  facet normal -0.8813034520649815 -0.4725507648690739 0
    outer loop
      vertex -29.820067508713077 55.349872010224914 -36.70928057142857
      vertex -29.765147749271375 55.247447091717035 -30.70928057142857
      vertex -29.820067508713077 55.349872010224914 -30.70928057142857
    endloop
  endfacet
  facet normal 0.4909037536151275 0.8712138111201969 -8.466066328077197e-14
    outer loop
      vertex -32.38056447305458 52.84244812892798 -30.70928057142857
      vertex -32.33740136457099 52.81812696723169 -30.70928057142857
      vertex -32.27931217068603 52.78539538864717 -30.747330027631325
    endloop
  endfacet
  facet normal -0.9999451693655124 0.01047178411622646 2.7194847657189693e-14
    outer loop
      vertex -29.572620241285826 54.46361548700913 -30.70928057142857
      vertex -29.5738372700314 54.3474020508259 -30.757862576135036
      vertex -29.572966075003976 54.43059200676646 -30.70928057142857
    endloop
  endfacet
  facet normal 0.9003187714021961 0.43523109937232224 0
    outer loop
      vertex -33.061691127292036 -55.28196967519666 -36.70928057142857
      vertex -33.1122736023531 -55.17733479991515 -36.70928057142857
      vertex -33.1122736023531 -55.17733479991515 -30.70928057142857
    endloop
  endfacet
  facet normal 0.7217602280983119 0.6921431738704593 0
    outer loop
      vertex -32.797032432847466 -55.66276363198881 -36.70928057142857
      vertex -32.797032432847466 -55.66276363198881 -30.70928057142857
      vertex -32.71659168566401 -55.7466464675456 -36.70928057142857
    endloop
  endfacet
  facet normal 0.7637960286346488 0.6454576877239427 0
    outer loop
      vertex -32.87204740176709 -55.573995403739794 -36.70928057142857
      vertex -32.87204740176709 -55.573995403739794 -30.70928057142857
      vertex -32.797032432847466 -55.66276363198881 -36.70928057142857
    endloop
  endfacet
  facet normal 0.8712138111201834 0.49090375361515165 0
    outer loop
      vertex -33.061691127292036 -55.28196967519666 -36.70928057142857
      vertex -33.061691127292036 -55.28196967519666 -30.70928057142857
      vertex -33.00463838701123 -55.383221977565206 -36.70928057142857
    endloop
  endfacet
  facet normal 0.8028174751911064 0.5962248749656268 0
    outer loop
      vertex -32.87204740176709 -55.573995403739794 -36.70928057142857
      vertex -32.94134054261164 -55.48069211044112 -36.70928057142857
      vertex -32.94134054261164 -55.48069211044112 -30.70928057142857
    endloop
  endfacet
  facet normal 0.838670567945434 0.5446390350150117 0
    outer loop
      vertex -32.94134054261164 -55.48069211044112 -36.70928057142857
      vertex -33.00463838701123 -55.383221977565206 -36.70928057142857
      vertex -33.00463838701123 -55.383221977565206 -30.70928057142857
    endloop
  endfacet
  facet normal 0.6293203910497731 0.7771459614570229 0
    outer loop
      vertex -32.54072286820968 -55.89845235856968 -36.70928057142857
      vertex -32.631042623095986 -55.82531286318067 -36.70928057142857
      vertex -32.631042623095986 -55.82531286318067 -30.70928057142857
    endloop
  endfacet
  facet normal 0.5792811723426731 0.8151277957285583 0
    outer loop
      vertex -32.44598887181447 -55.9657763055386 -36.70928057142857
      vertex -32.54072286820968 -55.89845235856968 -36.70928057142857
      vertex -32.54072286820968 -55.89845235856968 -30.70928057142857
    endloop
  endfacet
  facet normal 0.4162807922603605 0.9092361090470871 0
    outer loop
      vertex -32.244789587206405 -56.08193876666783 -36.70928057142857
      vertex -32.244789587206405 -56.08193876666783 -30.70928057142857
      vertex -32.139118340650676 -56.13031884066364 -36.70928057142857
    endloop
  endfacet
  facet normal 0.5269557954966653 0.8498926929868715 0
    outer loop
      vertex -32.44598887181447 -55.9657763055386 -36.70928057142857
      vertex -32.44598887181447 -55.9657763055386 -30.70928057142857
      vertex -32.347214505714284 -56.02701900722612 -36.70928057142857
    endloop
  endfacet
  facet normal 0.47255076486912134 0.881303452064956 0
    outer loop
      vertex -32.244789587206405 -56.08193876666783 -36.70928057142857
      vertex -32.347214505714284 -56.02701900722612 -36.70928057142857
      vertex -32.347214505714284 -56.02701900722612 -30.70928057142857
    endloop
  endfacet
  facet normal 0.35836794954535894 0.9335804264971792 0
    outer loop
      vertex -32.139118340650676 -56.13031884066364 -36.70928057142857
      vertex -32.139118340650676 -56.13031884066364 -30.70928057142857
      vertex -32.030617802180664 -56.17196829516426 -36.70928057142857
    endloop
  endfacet
  facet normal 0.6768759696827283 0.7360970871196723 0
    outer loop
      vertex -32.631042623095986 -55.82531286318067 -36.70928057142857
      vertex -32.71659168566401 -55.7466464675456 -36.70928057142857
      vertex -32.71659168566401 -55.7466464675456 -30.70928057142857
    endloop
  endfacet
  facet normal 0.9477684100096081 0.31895930929800326 0
    outer loop
      vertex -33.15618618627429 -55.06973029777028 -36.70928057142857
      vertex -33.19325557614861 -54.959580834572186 -36.70928057142857
      vertex -33.19325557614861 -54.959580834572186 -30.70928057142857
    endloop
  endfacet
  facet normal 0.9258705848099857 0.3778407868184892 0
    outer loop
      vertex -33.15618618627429 -55.06973029777028 -36.70928057142857
      vertex -33.15618618627429 -55.06973029777028 -30.70928057142857
      vertex -33.1122736023531 -55.17733479991515 -36.70928057142857
    endloop
  endfacet
  facet normal 0.9659258262890622 0.25881904510254344 0
    outer loop
      vertex -33.19325557614861 -54.959580834572186 -36.70928057142857
      vertex -33.22333547602963 -54.84732111992963 -36.70928057142857
      vertex -33.22333547602963 -54.84732111992963 -30.70928057142857
    endloop
  endfacet
  facet normal 0.9802711746217225 0.19765734037912241 0
    outer loop
      vertex -33.22333547602963 -54.84732111992963 -36.70928057142857
      vertex -33.24630717429472 -54.7333941916497 -36.70928057142857
      vertex -33.24630717429472 -54.7333941916497 -30.70928057142857
    endloop
  endfacet
  facet normal 0.9907478404714478 0.1357155724342736 0
    outer loop
      vertex -33.24630717429472 -54.7333941916497 -36.70928057142857
      vertex -33.26208001214559 -54.61824966727007 -36.70928057142857
      vertex -33.26208001214559 -54.61824966727007 -30.70928057142857
    endloop
  endfacet
  facet normal 0.9973144772244548 0.0732381971276784 0
    outer loop
      vertex -33.26208001214559 -54.61824966727007 -36.70928057142857
      vertex -33.270591741397176 -54.502341969623934 -36.70928057142857
      vertex -33.270591741397176 -54.502341969623934 -30.70928057142857
    endloop
  endfacet
  facet normal 0.9999451693655126 0.010471784116207262 0
    outer loop
      vertex -33.270591741397176 -54.502341969623934 -36.70928057142857
      vertex -33.27180877014275 -54.386128533440704 -36.70928057142857
      vertex -33.27180877014275 -54.386128533440704 -30.70928057142857
    endloop
  endfacet
  facet normal 0.9986295347545749 -0.05233595624292239 0
    outer loop
      vertex -33.27180877014275 -54.386128533440704 -36.70928057142857
      vertex -33.26572629532587 -54.270068000060135 -36.70928057142857
      vertex -33.26572629532587 -54.270068000060135 -30.70928057142857
    endloop
  endfacet
  facet normal 0.9933727656003939 -0.11493715049288823 0
    outer loop
      vertex -33.26572629532587 -54.270068000060135 -36.70928057142857
      vertex -33.25236832169581 -54.154618407384454 -36.70928057142857
      vertex -33.25236832169581 -54.154618407384454 -30.70928057142857
    endloop
  endfacet
  facet normal 0.9841956079692461 -0.17708474031956026 0
    outer loop
      vertex -33.25236832169581 -54.154618407384454 -36.70928057142857
      vertex -33.23178756707183 -54.04023538221206 -36.70928057142857
      vertex -33.23178756707183 -54.04023538221206 -30.70928057142857
    endloop
  endfacet
  facet normal 0.9711342799096294 -0.2385334575786081 0
    outer loop
      vertex -33.23178756707183 -54.04023538221206 -36.70928057142857
      vertex -33.20406525428995 -53.927370342086675 -36.70928057142857
      vertex -33.20406525428995 -53.927370342086675 -30.70928057142857
    endloop
  endfacet
  facet normal 0.2385334575786152 0.9711342799096275 0
    outer loop
      vertex -31.919716173852525 -56.20672275880058 -36.70928057142857
      vertex -31.919716173852525 -56.20672275880058 -30.70928057142857
      vertex -31.806851133727143 -56.234445071582456 -36.70928057142857
    endloop
  endfacet
  facet normal 0.29904079225600655 0.954240328516302 0
    outer loop
      vertex -32.030617802180664 -56.17196829516426 -36.70928057142857
      vertex -32.030617802180664 -56.17196829516426 -30.70928057142857
      vertex -31.919716173852525 -56.20672275880058 -36.70928057142857
    endloop
  endfacet
  facet normal 0.17708474031956026 0.9841956079692461 0
    outer loop
      vertex -31.806851133727143 -56.234445071582456 -36.70928057142857
      vertex -31.806851133727143 -56.234445071582456 -30.70928057142857
      vertex -31.69246810855475 -56.25502582620644 -36.70928057142857
    endloop
  endfacet
  facet normal 0.11493715049295555 0.9933727656003862 0
    outer loop
      vertex -31.69246810855475 -56.25502582620644 -36.70928057142857
      vertex -31.69246810855475 -56.25502582620644 -30.70928057142857
      vertex -31.577018515879075 -56.268383799836506 -36.70928057142857
    endloop
  endfacet
  facet normal 0.0523359562429192 0.9986295347545753 0
    outer loop
      vertex -31.577018515879075 -56.268383799836506 -36.70928057142857
      vertex -31.577018515879075 -56.268383799836506 -30.70928057142857
      vertex -31.4609579824985 -56.274466274653385 -36.70928057142857
    endloop
  endfacet
  facet normal -0.010471784116268392 0.9999451693655119 0
    outer loop
      vertex -31.4609579824985 -56.274466274653385 -36.70928057142857
      vertex -31.4609579824985 -56.274466274653385 -30.70928057142857
      vertex -31.34474454631527 -56.273249245907806 -36.70928057142857
    endloop
  endfacet
  facet normal -0.07323819712755456 0.9973144772244639 0
    outer loop
      vertex -31.34474454631527 -56.273249245907806 -36.70928057142857
      vertex -31.34474454631527 -56.273249245907806 -30.70928057142857
      vertex -31.22883684866913 -56.26473751665623 -36.70928057142857
    endloop
  endfacet
  facet normal -0.13571557243439364 0.9907478404714314 0
    outer loop
      vertex -31.22883684866913 -56.26473751665623 -36.70928057142857
      vertex -31.22883684866913 -56.26473751665623 -30.70928057142857
      vertex -31.1136923242895 -56.24896467880535 -36.70928057142857
    endloop
  endfacet
  facet normal -0.19765734037912835 0.9802711746217213 0
    outer loop
      vertex -31.1136923242895 -56.24896467880535 -36.70928057142857
      vertex -31.1136923242895 -56.24896467880535 -30.70928057142857
      vertex -30.999765396009572 -56.22599298054026 -36.70928057142857
    endloop
  endfacet
  facet normal -0.25881904510253584 0.9659258262890643 0
    outer loop
      vertex -30.999765396009572 -56.22599298054026 -36.70928057142857
      vertex -30.999765396009572 -56.22599298054026 -30.70928057142857
      vertex -30.887505681367013 -56.19591308065924 -36.70928057142857
    endloop
  endfacet
  facet normal -0.3189593092980674 0.9477684100095864 0
    outer loop
      vertex -30.887505681367013 -56.19591308065924 -36.70928057142857
      vertex -30.887505681367013 -56.19591308065924 -30.70928057142857
      vertex -30.777356218168926 -56.15884369078491 -36.70928057142857
    endloop
  endfacet
  facet normal 0.9542403285162817 -0.29904079225607094 0
    outer loop
      vertex -33.20406525428995 -53.927370342086675 -36.70928057142857
      vertex -33.169310790653626 -53.81646871375854 -36.70928057142857
      vertex -33.169310790653626 -53.81646871375854 -30.70928057142857
    endloop
  endfacet
  facet normal 0.9335804264971997 -0.35836794954530565 0
    outer loop
      vertex -33.169310790653626 -53.81646871375854 -36.70928057142857
      vertex -33.12766133615301 -53.70796817528853 -36.70928057142857
      vertex -33.12766133615301 -53.70796817528853 -30.70928057142857
    endloop
  endfacet
  facet normal 0.9092361090470871 -0.4162807922603605 0
    outer loop
      vertex -33.12766133615301 -53.70796817528853 -36.70928057142857
      vertex -33.0792812621572 -53.6022969287328 -36.70928057142857
      vertex -33.0792812621572 -53.6022969287328 -30.70928057142857
    endloop
  endfacet
  facet normal 0.8813034520649815 -0.4725507648690739 0
    outer loop
      vertex -33.0792812621572 -53.6022969287328 -36.70928057142857
      vertex -33.0243615027155 -53.49987201022492 -36.70928057142857
      vertex -33.0243615027155 -53.49987201022492 -30.70928057142857
    endloop
  endfacet
  facet normal 0.8498926929868715 -0.5269557954966653 0
    outer loop
      vertex -33.0243615027155 -53.49987201022492 -36.70928057142857
      vertex -32.963118801027974 -53.40109764412473 -36.70928057142857
      vertex -32.963118801027974 -53.40109764412473 -30.70928057142857
    endloop
  endfacet
  facet normal 0.8151277957285294 -0.5792811723427137 0
    outer loop
      vertex -32.963118801027974 -53.40109764412473 -36.70928057142857
      vertex -32.89579485405905 -53.306363647729526 -36.70928057142857
      vertex -32.89579485405905 -53.306363647729526 -30.70928057142857
    endloop
  endfacet
  facet normal 0.777145961456993 -0.6293203910498102 0
    outer loop
      vertex -32.89579485405905 -53.306363647729526 -36.70928057142857
      vertex -32.82265535867003 -53.21604389284322 -36.70928057142857
      vertex -32.82265535867003 -53.21604389284322 -30.70928057142857
    endloop
  endfacet
  facet normal 0.7360970871197027 -0.6768759696826951 0
    outer loop
      vertex -32.82265535867003 -53.21604389284322 -36.70928057142857
      vertex -32.74398896303497 -53.1304948302752 -36.70928057142857
      vertex -32.74398896303497 -53.1304948302752 -30.70928057142857
    endloop
  endfacet
  facet normal 0.6921431738704287 -0.7217602280983411 0
    outer loop
      vertex -32.74398896303497 -53.1304948302752 -36.70928057142857
      vertex -32.66010612747817 -53.05005408309174 -36.70928057142857
      vertex -32.66010612747817 -53.05005408309174 -30.70928057142857
    endloop
  endfacet
  facet normal 0.6454576877239728 -0.7637960286346233 0
    outer loop
      vertex -32.66010612747817 -53.05005408309174 -36.70928057142857
      vertex -32.571337899229164 -52.97503911417211 -36.70928057142857
      vertex -32.571337899229164 -52.97503911417211 -30.70928057142857
    endloop
  endfacet
  facet normal 0.5962248749655975 -0.8028174751911281 0
    outer loop
      vertex -32.571337899229164 -52.97503911417211 -36.70928057142857
      vertex -32.47803460593048 -52.90574597332756 -36.70928057142857
      vertex -32.47803460593048 -52.90574597332756 -30.70928057142857
    endloop
  endfacet
  facet normal 0.5446390350150395 -0.8386705679454158 0
    outer loop
      vertex -32.47803460593048 -52.90574597332756 -36.70928057142857
      vertex -32.38056447305458 -52.84244812892798 -36.70928057142857
      vertex -32.38056447305458 -52.84244812892798 -30.70928057142857
    endloop
  endfacet
  facet normal 0.49090375361515165 -0.8712138111201834 0
    outer loop
      vertex -32.38056447305458 -52.84244812892798 -36.70928057142857
      vertex -32.27931217068603 -52.78539538864717 -36.70928057142857
      vertex -32.27931217068603 -52.78539538864717 -30.747330027631325
    endloop
  endfacet
  facet normal 0.4352310993723222 -0.9003187714021961 0
    outer loop
      vertex -32.27931217068603 -52.78539538864717 -36.70928057142857
      vertex -32.17467729540452 -52.734812913586104 -36.70928057142857
      vertex -32.17467729540452 -52.734812913586104 -30.811116901394488
    endloop
  endfacet
  facet normal 0.37784078681843675 -0.9258705848100072 0
    outer loop
      vertex -32.17467729540452 -52.734812913586104 -36.70928057142857
      vertex -32.06707279325965 -52.69090032966492 -36.70928057142857
      vertex -32.06707279325965 -52.69090032966492 -30.872116850544877
    endloop
  endfacet
  facet normal 0.31895930929806743 -0.9477684100095866 0
    outer loop
      vertex -32.06707279325965 -52.69090032966492 -36.70928057142857
      vertex -31.95692333006156 -52.653830939790595 -36.70928057142857
      vertex -31.95692333006156 -52.653830939790595 -30.930089136151416
    endloop
  endfacet
  facet normal 0.2588190451025281 -0.9659258262890662 0
    outer loop
      vertex -31.95692333006156 -52.653830939790595 -36.70928057142857
      vertex -31.844663615418998 -52.62375103990957 -36.70928057142857
      vertex -31.844663615418998 -52.62375103990957 -30.98480496808784
    endloop
  endfacet
  facet normal -0.2990407922560622 -0.9542403285162846 0
    outer loop
      vertex -30.924712837576045 -52.64302126164925 -36.70928057142857
      vertex -30.813811209247906 -52.67777572528558 -36.70928057142857
      vertex -30.813811209247906 -52.67777572528558 -31.29994087548537
    endloop
  endfacet
  facet normal -0.23853345757860808 -0.9711342799096293 0
    outer loop
      vertex -30.924712837576045 -52.64302126164925 -36.70928057142857
      vertex -30.924712837576045 -52.64302126164925 -31.282453281924848
      vertex -31.03757787770143 -52.61529894886738 -36.70928057142857
    endloop
  endfacet
  facet normal 0.07323819712755454 -0.9973144772244638 0
    outer loop
      vertex -31.615592162759448 -52.58500650379361 -36.70928057142857
      vertex -31.499684465113308 -52.576494774542034 -36.70928057142857
      vertex -31.499684465113308 -52.576494774542034 -31.12732367581508
    endloop
  endfacet
  facet normal 0.1976573403791343 -0.9802711746217202 0
    outer loop
      vertex -31.844663615418998 -52.62375103990957 -36.70928057142857
      vertex -31.730736687139075 -52.60077934164448 -36.70928057142857
      vertex -31.730736687139075 -52.60077934164448 -31.036048407962774
    endloop
  endfacet
  facet normal 0.13571557243433774 -0.990747840471439 0
    outer loop
      vertex -31.730736687139075 -52.60077934164448 -36.70928057142857
      vertex -31.615592162759448 -52.58500650379361 -36.70928057142857
      vertex -31.615592162759448 -52.58500650379361 -31.083617221329934
    endloop
  endfacet
  facet normal 0.010471784116268394 -0.9999451693655119 0
    outer loop
      vertex -31.499684465113308 -52.576494774542034 -36.70928057142857
      vertex -31.383471028930078 -52.575277745796456 -36.70928057142857
      vertex -31.383471028930078 -52.575277745796456 -31.166995282009957
    endloop
  endfacet
  facet normal -0.0523359562429192 -0.9986295347545752 0
    outer loop
      vertex -31.383471028930078 -52.575277745796456 -36.70928057142857
      vertex -31.267410495549502 -52.581360220613334 -36.70928057142857
      vertex -31.267410495549502 -52.581360220613334 -31.20247547420913
    endloop
  endfacet
  facet normal -0.11493715049289172 -0.9933727656003936 0
    outer loop
      vertex -31.267410495549502 -52.581360220613334 -36.70928057142857
      vertex -31.151960902873824 -52.59471819424339 -36.70928057142857
      vertex -31.151960902873824 -52.59471819424339 -31.23362422830335
    endloop
  endfacet
  facet normal -0.17708474031956026 -0.9841956079692461 0
    outer loop
      vertex -31.151960902873824 -52.59471819424339 -36.70928057142857
      vertex -31.03757787770143 -52.61529894886738 -36.70928057142857
      vertex -31.03757787770143 -52.61529894886738 -31.260318614390716
    endloop
  endfacet
  facet normal 0.9003187714021961 0.43523109937232224 0
    outer loop
      vertex -33.061691127292036 -55.28196967519666 -36.70928057142857
      vertex -33.1122736023531 -55.17733479991515 -30.70928057142857
      vertex -33.061691127292036 -55.28196967519666 -30.70928057142857
    endloop
  endfacet
  facet normal 0.8028174751911064 0.5962248749656268 0
    outer loop
      vertex -32.87204740176709 -55.573995403739794 -36.70928057142857
      vertex -32.94134054261164 -55.48069211044112 -30.70928057142857
      vertex -32.87204740176709 -55.573995403739794 -30.70928057142857
    endloop
  endfacet
  facet normal 0.7637960286346488 0.6454576877239427 0
    outer loop
      vertex -32.797032432847466 -55.66276363198881 -36.70928057142857
      vertex -32.87204740176709 -55.573995403739794 -30.70928057142857
      vertex -32.797032432847466 -55.66276363198881 -30.70928057142857
    endloop
  endfacet
  facet normal 0.7217602280983119 0.6921431738704593 0
    outer loop
      vertex -32.71659168566401 -55.7466464675456 -36.70928057142857
      vertex -32.797032432847466 -55.66276363198881 -30.70928057142857
      vertex -32.71659168566401 -55.7466464675456 -30.70928057142857
    endloop
  endfacet
  facet normal 0.8712138111201834 0.49090375361515165 0
    outer loop
      vertex -33.00463838701123 -55.383221977565206 -36.70928057142857
      vertex -33.061691127292036 -55.28196967519666 -30.70928057142857
      vertex -33.00463838701123 -55.383221977565206 -30.70928057142857
    endloop
  endfacet
  facet normal 0.838670567945434 0.5446390350150117 0
    outer loop
      vertex -32.94134054261164 -55.48069211044112 -36.70928057142857
      vertex -33.00463838701123 -55.383221977565206 -30.70928057142857
      vertex -32.94134054261164 -55.48069211044112 -30.70928057142857
    endloop
  endfacet
  facet normal 0.5792811723426731 0.8151277957285583 0
    outer loop
      vertex -32.44598887181447 -55.9657763055386 -36.70928057142857
      vertex -32.54072286820968 -55.89845235856968 -30.70928057142857
      vertex -32.44598887181447 -55.9657763055386 -30.70928057142857
    endloop
  endfacet
  facet normal 0.6293203910497731 0.7771459614570229 0
    outer loop
      vertex -32.54072286820968 -55.89845235856968 -36.70928057142857
      vertex -32.631042623095986 -55.82531286318067 -30.70928057142857
      vertex -32.54072286820968 -55.89845235856968 -30.70928057142857
    endloop
  endfacet
  facet normal 0.47255076486912134 0.881303452064956 0
    outer loop
      vertex -32.244789587206405 -56.08193876666783 -36.70928057142857
      vertex -32.347214505714284 -56.02701900722612 -30.70928057142857
      vertex -32.244789587206405 -56.08193876666783 -30.70928057142857
    endloop
  endfacet
  facet normal 0.4162807922603605 0.9092361090470871 0
    outer loop
      vertex -32.139118340650676 -56.13031884066364 -36.70928057142857
      vertex -32.244789587206405 -56.08193876666783 -30.70928057142857
      vertex -32.139118340650676 -56.13031884066364 -30.70928057142857
    endloop
  endfacet
  facet normal 0.5269557954966653 0.8498926929868715 0
    outer loop
      vertex -32.347214505714284 -56.02701900722612 -36.70928057142857
      vertex -32.44598887181447 -55.9657763055386 -30.70928057142857
      vertex -32.347214505714284 -56.02701900722612 -30.70928057142857
    endloop
  endfacet
  facet normal 0.6768759696827283 0.7360970871196723 0
    outer loop
      vertex -32.631042623095986 -55.82531286318067 -36.70928057142857
      vertex -32.71659168566401 -55.7466464675456 -30.70928057142857
      vertex -32.631042623095986 -55.82531286318067 -30.70928057142857
    endloop
  endfacet
  facet normal 0.9477684100096081 0.31895930929800326 0
    outer loop
      vertex -33.15618618627429 -55.06973029777028 -36.70928057142857
      vertex -33.19325557614861 -54.959580834572186 -30.70928057142857
      vertex -33.15618618627429 -55.06973029777028 -30.70928057142857
    endloop
  endfacet
  facet normal 0.9659258262890622 0.25881904510254344 0
    outer loop
      vertex -33.19325557614861 -54.959580834572186 -36.70928057142857
      vertex -33.22333547602963 -54.84732111992963 -30.70928057142857
      vertex -33.19325557614861 -54.959580834572186 -30.70928057142857
    endloop
  endfacet
  facet normal 0.9258705848099857 0.3778407868184892 0
    outer loop
      vertex -33.1122736023531 -55.17733479991515 -36.70928057142857
      vertex -33.15618618627429 -55.06973029777028 -30.70928057142857
      vertex -33.1122736023531 -55.17733479991515 -30.70928057142857
    endloop
  endfacet
  facet normal 0.9802711746217225 0.19765734037912241 0
    outer loop
      vertex -33.22333547602963 -54.84732111992963 -36.70928057142857
      vertex -33.24630717429472 -54.7333941916497 -30.70928057142857
      vertex -33.22333547602963 -54.84732111992963 -30.70928057142857
    endloop
  endfacet
  facet normal 0.9907478404714478 0.1357155724342736 0
    outer loop
      vertex -33.24630717429472 -54.7333941916497 -36.70928057142857
      vertex -33.26208001214559 -54.61824966727007 -30.70928057142857
      vertex -33.24630717429472 -54.7333941916497 -30.70928057142857
    endloop
  endfacet
  facet normal 0.9973144772244548 0.0732381971276784 0
    outer loop
      vertex -33.26208001214559 -54.61824966727007 -36.70928057142857
      vertex -33.270591741397176 -54.502341969623934 -30.70928057142857
      vertex -33.26208001214559 -54.61824966727007 -30.70928057142857
    endloop
  endfacet
  facet normal 0.9999451693655126 0.010471784116207262 0
    outer loop
      vertex -33.270591741397176 -54.502341969623934 -36.70928057142857
      vertex -33.27180877014275 -54.386128533440704 -30.70928057142857
      vertex -33.270591741397176 -54.502341969623934 -30.70928057142857
    endloop
  endfacet
  facet normal 0.9986295347545749 -0.05233595624292239 0
    outer loop
      vertex -33.27180877014275 -54.386128533440704 -36.70928057142857
      vertex -33.26572629532587 -54.270068000060135 -30.70928057142857
      vertex -33.27180877014275 -54.386128533440704 -30.70928057142857
    endloop
  endfacet
  facet normal 0.9933727656003939 -0.11493715049288823 0
    outer loop
      vertex -33.26572629532587 -54.270068000060135 -36.70928057142857
      vertex -33.25236832169581 -54.154618407384454 -30.70928057142857
      vertex -33.26572629532587 -54.270068000060135 -30.70928057142857
    endloop
  endfacet
  facet normal 0.9841956079692461 -0.17708474031956026 0
    outer loop
      vertex -33.25236832169581 -54.154618407384454 -36.70928057142857
      vertex -33.23178756707183 -54.04023538221206 -30.70928057142857
      vertex -33.25236832169581 -54.154618407384454 -30.70928057142857
    endloop
  endfacet
  facet normal 0.9711342799096294 -0.2385334575786081 0
    outer loop
      vertex -33.23178756707183 -54.04023538221206 -36.70928057142857
      vertex -33.20406525428995 -53.927370342086675 -30.70928057142857
      vertex -33.23178756707183 -54.04023538221206 -30.70928057142857
    endloop
  endfacet
  facet normal 0.29904079225600655 0.954240328516302 0
    outer loop
      vertex -31.919716173852525 -56.20672275880058 -36.70928057142857
      vertex -32.030617802180664 -56.17196829516426 -30.70928057142857
      vertex -31.919716173852525 -56.20672275880058 -30.70928057142857
    endloop
  endfacet
  facet normal 0.2385334575786152 0.9711342799096275 0
    outer loop
      vertex -31.806851133727143 -56.234445071582456 -36.70928057142857
      vertex -31.919716173852525 -56.20672275880058 -30.70928057142857
      vertex -31.806851133727143 -56.234445071582456 -30.70928057142857
    endloop
  endfacet
  facet normal 0.35836794954535894 0.9335804264971792 0
    outer loop
      vertex -32.030617802180664 -56.17196829516426 -36.70928057142857
      vertex -32.139118340650676 -56.13031884066364 -30.70928057142857
      vertex -32.030617802180664 -56.17196829516426 -30.70928057142857
    endloop
  endfacet
  facet normal 0.17708474031956026 0.9841956079692461 0
    outer loop
      vertex -31.69246810855475 -56.25502582620644 -36.70928057142857
      vertex -31.806851133727143 -56.234445071582456 -30.70928057142857
      vertex -31.69246810855475 -56.25502582620644 -30.70928057142857
    endloop
  endfacet
  facet normal 0.11493715049295555 0.9933727656003862 0
    outer loop
      vertex -31.577018515879075 -56.268383799836506 -36.70928057142857
      vertex -31.69246810855475 -56.25502582620644 -30.70928057142857
      vertex -31.577018515879075 -56.268383799836506 -30.70928057142857
    endloop
  endfacet
  facet normal 0.0523359562429192 0.9986295347545753 0
    outer loop
      vertex -31.4609579824985 -56.274466274653385 -36.70928057142857
      vertex -31.577018515879075 -56.268383799836506 -30.70928057142857
      vertex -31.4609579824985 -56.274466274653385 -30.70928057142857
    endloop
  endfacet
  facet normal -0.010471784116268392 0.9999451693655119 0
    outer loop
      vertex -31.34474454631527 -56.273249245907806 -36.70928057142857
      vertex -31.4609579824985 -56.274466274653385 -30.70928057142857
      vertex -31.34474454631527 -56.273249245907806 -30.70928057142857
    endloop
  endfacet
  facet normal -0.07323819712755456 0.9973144772244639 0
    outer loop
      vertex -31.22883684866913 -56.26473751665623 -36.70928057142857
      vertex -31.34474454631527 -56.273249245907806 -30.70928057142857
      vertex -31.22883684866913 -56.26473751665623 -30.70928057142857
    endloop
  endfacet
  facet normal -0.13571557243439364 0.9907478404714314 0
    outer loop
      vertex -31.1136923242895 -56.24896467880535 -36.70928057142857
      vertex -31.22883684866913 -56.26473751665623 -30.70928057142857
      vertex -31.1136923242895 -56.24896467880535 -30.70928057142857
    endloop
  endfacet
  facet normal -0.19765734037912835 0.9802711746217213 0
    outer loop
      vertex -30.999765396009572 -56.22599298054026 -36.70928057142857
      vertex -31.1136923242895 -56.24896467880535 -30.70928057142857
      vertex -30.999765396009572 -56.22599298054026 -30.70928057142857
    endloop
  endfacet
  facet normal -0.25881904510253584 0.9659258262890643 0
    outer loop
      vertex -30.887505681367013 -56.19591308065924 -36.70928057142857
      vertex -30.999765396009572 -56.22599298054026 -30.70928057142857
      vertex -30.887505681367013 -56.19591308065924 -30.70928057142857
    endloop
  endfacet
  facet normal -0.3189593092980674 0.9477684100095864 0
    outer loop
      vertex -30.777356218168926 -56.15884369078491 -36.70928057142857
      vertex -30.887505681367013 -56.19591308065924 -30.70928057142857
      vertex -30.777356218168926 -56.15884369078491 -30.70928057142857
    endloop
  endfacet
  facet normal 0.9542403285162817 -0.29904079225607094 0
    outer loop
      vertex -33.20406525428995 -53.927370342086675 -36.70928057142857
      vertex -33.169310790653626 -53.81646871375854 -30.70928057142857
      vertex -33.20406525428995 -53.927370342086675 -30.70928057142857
    endloop
  endfacet
  facet normal 0.9335804264971997 -0.35836794954530565 0
    outer loop
      vertex -33.169310790653626 -53.81646871375854 -36.70928057142857
      vertex -33.12766133615301 -53.70796817528853 -30.70928057142857
      vertex -33.169310790653626 -53.81646871375854 -30.70928057142857
    endloop
  endfacet
  facet normal 0.9092361090470871 -0.4162807922603605 0
    outer loop
      vertex -33.12766133615301 -53.70796817528853 -36.70928057142857
      vertex -33.0792812621572 -53.6022969287328 -30.70928057142857
      vertex -33.12766133615301 -53.70796817528853 -30.70928057142857
    endloop
  endfacet
  facet normal 0.8813034520649815 -0.4725507648690739 0
    outer loop
      vertex -33.0792812621572 -53.6022969287328 -36.70928057142857
      vertex -33.0243615027155 -53.49987201022492 -30.70928057142857
      vertex -33.0792812621572 -53.6022969287328 -30.70928057142857
    endloop
  endfacet
  facet normal 0.8498926929868715 -0.5269557954966653 0
    outer loop
      vertex -33.0243615027155 -53.49987201022492 -36.70928057142857
      vertex -32.963118801027974 -53.40109764412473 -30.70928057142857
      vertex -33.0243615027155 -53.49987201022492 -30.70928057142857
    endloop
  endfacet
  facet normal 0.8151277957285294 -0.5792811723427137 0
    outer loop
      vertex -32.963118801027974 -53.40109764412473 -36.70928057142857
      vertex -32.89579485405905 -53.306363647729526 -30.70928057142857
      vertex -32.963118801027974 -53.40109764412473 -30.70928057142857
    endloop
  endfacet
  facet normal 0.777145961456993 -0.6293203910498102 0
    outer loop
      vertex -32.89579485405905 -53.306363647729526 -36.70928057142857
      vertex -32.82265535867003 -53.21604389284322 -30.70928057142857
      vertex -32.89579485405905 -53.306363647729526 -30.70928057142857
    endloop
  endfacet
  facet normal 0.7360970871197027 -0.6768759696826951 0
    outer loop
      vertex -32.82265535867003 -53.21604389284322 -36.70928057142857
      vertex -32.74398896303497 -53.1304948302752 -30.70928057142857
      vertex -32.82265535867003 -53.21604389284322 -30.70928057142857
    endloop
  endfacet
  facet normal 0.6921431738704287 -0.7217602280983411 0
    outer loop
      vertex -32.74398896303497 -53.1304948302752 -36.70928057142857
      vertex -32.66010612747817 -53.05005408309174 -30.70928057142857
      vertex -32.74398896303497 -53.1304948302752 -30.70928057142857
    endloop
  endfacet
  facet normal 0.6454576877239728 -0.7637960286346233 0
    outer loop
      vertex -32.66010612747817 -53.05005408309174 -36.70928057142857
      vertex -32.571337899229164 -52.97503911417211 -30.70928057142857
      vertex -32.66010612747817 -53.05005408309174 -30.70928057142857
    endloop
  endfacet
  facet normal 0.5962248749655975 -0.8028174751911281 0
    outer loop
      vertex -32.571337899229164 -52.97503911417211 -36.70928057142857
      vertex -32.47803460593048 -52.90574597332756 -30.70928057142857
      vertex -32.571337899229164 -52.97503911417211 -30.70928057142857
    endloop
  endfacet
  facet normal 0.5446390350150395 -0.8386705679454158 0
    outer loop
      vertex -32.47803460593048 -52.90574597332756 -36.70928057142857
      vertex -32.38056447305458 -52.84244812892798 -30.70928057142857
      vertex -32.47803460593048 -52.90574597332756 -30.70928057142857
    endloop
  endfacet
  facet normal 0.37784078681843675 -0.9258705848100072 0
    outer loop
      vertex -32.17467729540452 -52.734812913586104 -36.70928057142857
      vertex -32.06707279325965 -52.69090032966492 -30.872116850544877
      vertex -32.17467729540452 -52.734812913586104 -30.811116901394488
    endloop
  endfacet
  facet normal 0.49090375361515165 -0.8712138111201834 0
    outer loop
      vertex -32.38056447305458 -52.84244812892798 -36.70928057142857
      vertex -32.27931217068603 -52.78539538864717 -30.747330027631325
      vertex -32.38056447305458 -52.84244812892798 -30.70928057142857
    endloop
  endfacet
  facet normal 0.4352310993723223 -0.9003187714021962 0
    outer loop
      vertex -32.27931217068603 -52.78539538864717 -36.70928057142857
      vertex -32.17467729540452 -52.734812913586104 -30.811116901394488
      vertex -32.27931217068603 -52.78539538864717 -30.747330027631325
    endloop
  endfacet
  facet normal -0.2990407922560622 -0.9542403285162846 0
    outer loop
      vertex -30.924712837576045 -52.64302126164925 -36.70928057142857
      vertex -30.813811209247906 -52.67777572528558 -31.29994087548537
      vertex -30.924712837576045 -52.64302126164925 -31.282453281924848
    endloop
  endfacet
  facet normal 0.2588190451025281 -0.9659258262890663 0
    outer loop
      vertex -31.95692333006156 -52.653830939790595 -36.70928057142857
      vertex -31.844663615418998 -52.62375103990957 -30.98480496808784
      vertex -31.95692333006156 -52.653830939790595 -30.930089136151416
    endloop
  endfacet
  facet normal 0.31895930929806743 -0.9477684100095866 0
    outer loop
      vertex -32.06707279325965 -52.69090032966492 -36.70928057142857
      vertex -31.95692333006156 -52.653830939790595 -30.930089136151416
      vertex -32.06707279325965 -52.69090032966492 -30.872116850544877
    endloop
  endfacet
  facet normal 0.010471784116268392 -0.999945169365512 0
    outer loop
      vertex -31.499684465113308 -52.576494774542034 -36.70928057142857
      vertex -31.383471028930078 -52.575277745796456 -31.166995282009957
      vertex -31.499684465113308 -52.576494774542034 -31.12732367581508
    endloop
  endfacet
  facet normal -0.0523359562429192 -0.9986295347545753 0
    outer loop
      vertex -31.383471028930078 -52.575277745796456 -36.70928057142857
      vertex -31.267410495549502 -52.581360220613334 -31.20247547420913
      vertex -31.383471028930078 -52.575277745796456 -31.166995282009957
    endloop
  endfacet
  facet normal -0.1149371504928917 -0.9933727656003934 0
    outer loop
      vertex -31.267410495549502 -52.581360220613334 -36.70928057142857
      vertex -31.151960902873824 -52.59471819424339 -31.23362422830335
      vertex -31.267410495549502 -52.581360220613334 -31.20247547420913
    endloop
  endfacet
  facet normal -0.17708474031956023 -0.984195607969246 0
    outer loop
      vertex -31.151960902873824 -52.59471819424339 -36.70928057142857
      vertex -31.03757787770143 -52.61529894886738 -31.260318614390716
      vertex -31.151960902873824 -52.59471819424339 -31.23362422830335
    endloop
  endfacet
  facet normal -0.2385334575786081 -0.9711342799096294 0
    outer loop
      vertex -31.03757787770143 -52.61529894886738 -36.70928057142857
      vertex -30.924712837576045 -52.64302126164925 -31.282453281924848
      vertex -31.03757787770143 -52.61529894886738 -31.260318614390716
    endloop
  endfacet
  facet normal 0.1976573403791343 -0.9802711746217203 0
    outer loop
      vertex -31.844663615418998 -52.62375103990957 -36.70928057142857
      vertex -31.730736687139075 -52.60077934164448 -31.036048407962774
      vertex -31.844663615418998 -52.62375103990957 -30.98480496808784
    endloop
  endfacet
  facet normal 0.13571557243433774 -0.990747840471439 0
    outer loop
      vertex -31.730736687139075 -52.60077934164448 -36.70928057142857
      vertex -31.615592162759448 -52.58500650379361 -31.083617221329934
      vertex -31.730736687139075 -52.60077934164448 -31.036048407962774
    endloop
  endfacet
  facet normal 0.07323819712755453 -0.9973144772244636 0
    outer loop
      vertex -31.615592162759448 -52.58500650379361 -36.70928057142857
      vertex -31.499684465113308 -52.576494774542034 -31.12732367581508
      vertex -31.615592162759448 -52.58500650379361 -31.083617221329934
    endloop
  endfacet
  facet normal -0.3778407868184475 0.9258705848100028 0
    outer loop
      vertex -30.777356218168926 -56.15884369078491 -36.70928057142857
      vertex -30.777356218168926 -56.15884369078491 -30.70928057142857
      vertex -30.669751716024056 -56.11493110686373 -36.70928057142857
    endloop
  endfacet
  facet normal -0.43523109937232224 0.9003187714021961 0
    outer loop
      vertex -30.669751716024056 -56.11493110686373 -36.70928057142857
      vertex -30.669751716024056 -56.11493110686373 -30.70928057142857
      vertex -30.565116840742544 -56.064348631802666 -36.70928057142857
    endloop
  endfacet
  facet normal -0.4909037536151255 0.8712138111201981 0
    outer loop
      vertex -30.565116840742544 -56.064348631802666 -36.70928057142857
      vertex -30.565116840742544 -56.064348631802666 -30.70928057142857
      vertex -30.463864538373993 -56.007295891521856 -36.70928057142857
    endloop
  endfacet
  facet normal -0.5446390350150105 0.8386705679454348 0
    outer loop
      vertex -30.463864538373993 -56.007295891521856 -36.70928057142857
      vertex -30.463864538373993 -56.007295891521856 -30.70928057142857
      vertex -30.36639440549809 -55.94399804712228 -36.70928057142857
    endloop
  endfacet
  facet normal -0.5962248749656516 0.802817475191088 0
    outer loop
      vertex -30.36639440549809 -55.94399804712228 -36.70928057142857
      vertex -30.36639440549809 -55.94399804712228 -30.70928057142857
      vertex -30.273091112199413 -55.87470490627772 -36.70928057142857
    endloop
  endfacet
  facet normal -0.6454576877239578 0.763796028634636 0
    outer loop
      vertex -30.273091112199413 -55.87470490627772 -36.70928057142857
      vertex -30.273091112199413 -55.87470490627772 -30.70928057142857
      vertex -30.1843228839504 -55.799689937358096 -36.70928057142857
    endloop
  endfacet
  facet normal -0.6921431738704287 0.7217602280983411 0
    outer loop
      vertex -30.1843228839504 -55.799689937358096 -36.70928057142857
      vertex -30.1843228839504 -55.799689937358096 -30.70928057142857
      vertex -30.1004400483936 -55.71924919017464 -36.70928057142857
    endloop
  endfacet
  facet normal -0.7360970871196875 0.6768759696827117 0
    outer loop
      vertex -30.1004400483936 -55.71924919017464 -36.70928057142857
      vertex -30.1004400483936 -55.71924919017464 -30.70928057142857
      vertex -30.021773652758537 -55.633700127606616 -36.70928057142857
    endloop
  endfacet
  facet normal -0.777145961457008 0.6293203910497916 0
    outer loop
      vertex -30.021773652758537 -55.633700127606616 -36.70928057142857
      vertex -30.021773652758537 -55.633700127606616 -30.70928057142857
      vertex -29.948634157369526 -55.54338037272031 -36.70928057142857
    endloop
  endfacet
  facet normal -0.8151277957285439 0.5792811723426934 0
    outer loop
      vertex -29.948634157369526 -55.54338037272031 -36.70928057142857
      vertex -29.948634157369526 -55.54338037272031 -30.70928057142857
      vertex -29.881310210400603 -55.4486463763251 -36.70928057142857
    endloop
  endfacet
  facet normal -0.8498926929868715 0.5269557954966653 0
    outer loop
      vertex -29.881310210400603 -55.4486463763251 -36.70928057142857
      vertex -29.881310210400603 -55.4486463763251 -30.70928057142857
      vertex -29.820067508713077 -55.349872010224914 -36.70928057142857
    endloop
  endfacet
  facet normal -0.8813034520649815 0.4725507648690739 0
    outer loop
      vertex -29.820067508713077 -55.349872010224914 -36.70928057142857
      vertex -29.820067508713077 -55.349872010224914 -30.70928057142857
      vertex -29.765147749271375 -55.247447091717035 -36.70928057142857
    endloop
  endfacet
  facet normal -0.9092361090470755 0.4162807922603858 0
    outer loop
      vertex -29.765147749271375 -55.247447091717035 -36.70928057142857
      vertex -29.765147749271375 -55.247447091717035 -30.70928057142857
      vertex -29.716767675275563 -55.141775845161305 -36.70928057142857
    endloop
  endfacet
  facet normal -0.9335804264971895 0.3583679495453323 0
    outer loop
      vertex -29.716767675275563 -55.141775845161305 -36.70928057142857
      vertex -29.716767675275563 -55.141775845161305 -30.70928057142857
      vertex -29.675118220774944 -55.033275306691294 -36.70928057142857
    endloop
  endfacet
  facet normal -0.9542403285162906 0.29904079225604313 0
    outer loop
      vertex -29.675118220774944 -55.033275306691294 -36.70928057142857
      vertex -29.675118220774944 -55.033275306691294 -30.70928057142857
      vertex -29.640363757138623 -54.92237367836316 -36.70928057142857
    endloop
  endfacet
  facet normal -0.9711342799096294 0.2385334575786081 0
    outer loop
      vertex -29.640363757138623 -54.92237367836316 -36.70928057142857
      vertex -29.640363757138623 -54.92237367836316 -30.70928057142857
      vertex -29.612641444356747 -54.80950863823777 -36.70928057142857
    endloop
  endfacet
  facet normal -0.9841956079692408 0.17708474031958985 0
    outer loop
      vertex -29.612641444356747 -54.80950863823777 -36.70928057142857
      vertex -29.612641444356747 -54.80950863823777 -30.70928057142857
      vertex -29.592060689732758 -54.69512561306538 -36.70928057142857
    endloop
  endfacet
  facet normal -0.9933727656003967 0.11493715049286506 0
    outer loop
      vertex -29.592060689732758 -54.69512561306538 -36.70928057142857
      vertex -29.592060689732758 -54.69512561306538 -30.70928057142857
      vertex -29.578702716102704 -54.579676020389705 -36.70928057142857
    endloop
  endfacet
  facet normal -0.9986295347545735 0.05233595624294968 0
    outer loop
      vertex -29.578702716102704 -54.579676020389705 -36.70928057142857
      vertex -29.578702716102704 -54.579676020389705 -30.70928057142857
      vertex -29.572620241285822 -54.46361548700913 -36.70928057142857
    endloop
  endfacet
  facet normal -0.9999451693655119 -0.010471784116268392 0
    outer loop
      vertex -29.572620241285822 -54.46361548700913 -36.70928057142857
      vertex -29.572620241285822 -54.46361548700913 -30.70928057142857
      vertex -29.5738372700314 -54.3474020508259 -36.70928057142857
    endloop
  endfacet
  facet normal -0.9973144772244591 -0.07323819712761759 0
    outer loop
      vertex -29.5738372700314 -54.3474020508259 -36.70928057142857
      vertex -29.5738372700314 -54.3474020508259 -30.75786257613504
      vertex -29.58234899928298 -54.23149435317976 -36.70928057142857
    endloop
  endfacet
  facet normal -0.9659258262890623 -0.2588190451025435 0
    outer loop
      vertex -29.621093535398938 -54.0024229005202 -36.70928057142857
      vertex -29.621093535398938 -54.0024229005202 -30.946270436313743
      vertex -29.65117343527996 -53.89016318587765 -36.70928057142857
    endloop
  endfacet
  facet normal -0.9802711746217285 -0.19765734037909305 0
    outer loop
      vertex -29.598121837133853 -54.11634982880013 -36.70928057142857
      vertex -29.598121837133853 -54.11634982880013 -30.886253530527014
      vertex -29.621093535398938 -54.0024229005202 -36.70928057142857
    endloop
  endfacet
  facet normal -0.9907478404714437 -0.13571557243430363 0
    outer loop
      vertex -29.598121837133853 -54.11634982880013 -36.70928057142857
      vertex -29.58234899928298 -54.23149435317976 -36.70928057142857
      vertex -29.58234899928298 -54.23149435317976 -30.823368183889578
    endloop
  endfacet
  facet normal -0.35836794954530565 -0.9335804264971996 0
    outer loop
      vertex -30.813811209247906 -52.67777572528558 -36.70928057142857
      vertex -30.705310670777894 -52.71942517978619 -36.70928057142857
      vertex -30.705310670777894 -52.71942517978619 -31.312712379529795
    endloop
  endfacet
  facet normal -0.4162807922603836 -0.9092361090470765 0
    outer loop
      vertex -30.599639424222172 -52.767805253782 -36.70928057142857
      vertex -30.599639424222172 -52.767805253782 -31.320717390766426
      vertex -30.705310670777894 -52.71942517978619 -36.70928057142857
    endloop
  endfacet
  facet normal -0.47255076486904846 -0.8813034520649953 0
    outer loop
      vertex -30.599639424222172 -52.767805253782 -36.70928057142857
      vertex -30.497214505714286 -52.8227250132237 -36.70928057142857
      vertex -30.497214505714286 -52.8227250132237 -31.323924317073047
    endloop
  endfacet
  facet normal -0.62932039104984 -0.7771459614569688 0
    outer loop
      vertex -30.21338638833259 -53.02443115726917 -36.70928057142857
      vertex -30.21338638833259 -53.02443115726917 -31.30472492769137
      vertex -30.303706143218893 -52.951291661880155 -36.70928057142857
    endloop
  endfacet
  facet normal -0.5792811723426732 -0.8151277957285583 0
    outer loop
      vertex -30.303706143218893 -52.951291661880155 -36.70928057142857
      vertex -30.303706143218893 -52.951291661880155 -31.315912275601853
      vertex -30.3984401396141 -52.883967714911236 -36.70928057142857
    endloop
  endfacet
  facet normal -0.5269557954967095 -0.8498926929868441 0
    outer loop
      vertex -30.497214505714286 -52.8227250132237 -36.70928057142857
      vertex -30.3984401396141 -52.883967714911236 -36.70928057142857
      vertex -30.3984401396141 -52.883967714911236 -31.322320502176623
    endloop
  endfacet
  facet normal -0.8028174751911428 -0.5962248749655777 0
    outer loop
      vertex -29.903088468816936 -53.36905191000872 -36.70928057142857
      vertex -29.903088468816936 -53.36905191000872 -31.213346090436723
      vertex -29.972381609661483 -53.27574861671004 -36.70928057142857
    endloop
  endfacet
  facet normal -0.838670567945434 -0.5446390350150117 0
    outer loop
      vertex -29.903088468816936 -53.36905191000872 -36.70928057142857
      vertex -29.83979062441735 -53.466522042884634 -36.70928057142857
      vertex -29.83979062441735 -53.466522042884634 -31.179294986131644
    endloop
  endfacet
  facet normal -0.8712138111201834 -0.4909037536151516 0
    outer loop
      vertex -29.78273788413654 -53.56777434525318 -36.70928057142857
      vertex -29.78273788413654 -53.56777434525318 -31.141003926517904
      vertex -29.83979062441735 -53.466522042884634 -36.70928057142857
    endloop
  endfacet
  facet normal -0.9477684100095898 -0.3189593092980582 0
    outer loop
      vertex -29.65117343527996 -53.89016318587765 -36.70928057142857
      vertex -29.65117343527996 -53.89016318587765 -31.002282212814578
      vertex -29.688242825154287 -53.780013722679556 -36.70928057142857
    endloop
  endfacet
  facet normal -0.9003187714021842 -0.43523109937234705 0
    outer loop
      vertex -29.732155409075474 -53.67240922053469 -36.70928057142857
      vertex -29.732155409075474 -53.67240922053469 -31.09862402891427
      vertex -29.78273788413654 -53.56777434525318 -36.70928057142857
    endloop
  endfacet
  facet normal -0.9258705848099877 -0.3778407868184844 0
    outer loop
      vertex -29.688242825154287 -53.780013722679556 -36.70928057142857
      vertex -29.688242825154287 -53.780013722679556 -31.05232254741505
      vertex -29.732155409075474 -53.67240922053469 -36.70928057142857
    endloop
  endfacet
  facet normal -0.7637960286346488 -0.6454576877239427 0
    outer loop
      vertex -29.972381609661483 -53.27574861671004 -36.70928057142857
      vertex -29.972381609661483 -53.27574861671004 -31.24302285528091
      vertex -30.047396578581107 -53.18698038846102 -36.70928057142857
    endloop
  endfacet
  facet normal -0.7217602280983424 -0.6921431738704275 0
    outer loop
      vertex -30.047396578581107 -53.18698038846102 -36.70928057142857
      vertex -30.047396578581107 -53.18698038846102 -31.268208160031385
      vertex -30.12783732576456 -53.10309755290423 -36.70928057142857
    endloop
  endfacet
  facet normal -0.6768759696826494 -0.7360970871197448 0
    outer loop
      vertex -30.21338638833259 -53.02443115726917 -36.70928057142857
      vertex -30.12783732576456 -53.10309755290423 -36.70928057142857
      vertex -30.12783732576456 -53.10309755290423 -31.28880260979638
    endloop
  endfacet
  facet normal -0.3778407868184475 0.9258705848100028 0
    outer loop
      vertex -30.669751716024056 -56.11493110686373 -36.70928057142857
      vertex -30.777356218168926 -56.15884369078491 -30.70928057142857
      vertex -30.669751716024056 -56.11493110686373 -30.70928057142857
    endloop
  endfacet
  facet normal -0.43523109937232224 0.9003187714021961 0
    outer loop
      vertex -30.565116840742544 -56.064348631802666 -36.70928057142857
      vertex -30.669751716024056 -56.11493110686373 -30.70928057142857
      vertex -30.565116840742544 -56.064348631802666 -30.70928057142857
    endloop
  endfacet
  facet normal -0.4909037536151255 0.8712138111201981 0
    outer loop
      vertex -30.463864538373993 -56.007295891521856 -36.70928057142857
      vertex -30.565116840742544 -56.064348631802666 -30.70928057142857
      vertex -30.463864538373993 -56.007295891521856 -30.70928057142857
    endloop
  endfacet
  facet normal -0.5446390350150105 0.8386705679454348 0
    outer loop
      vertex -30.36639440549809 -55.94399804712228 -36.70928057142857
      vertex -30.463864538373993 -56.007295891521856 -30.70928057142857
      vertex -30.36639440549809 -55.94399804712228 -30.70928057142857
    endloop
  endfacet
  facet normal -0.5962248749656516 0.802817475191088 0
    outer loop
      vertex -30.273091112199413 -55.87470490627772 -36.70928057142857
      vertex -30.36639440549809 -55.94399804712228 -30.70928057142857
      vertex -30.273091112199413 -55.87470490627772 -30.70928057142857
    endloop
  endfacet
  facet normal -0.6454576877239578 0.763796028634636 0
    outer loop
      vertex -30.1843228839504 -55.799689937358096 -36.70928057142857
      vertex -30.273091112199413 -55.87470490627772 -30.70928057142857
      vertex -30.1843228839504 -55.799689937358096 -30.70928057142857
    endloop
  endfacet
  facet normal -0.6921431738704287 0.7217602280983411 0
    outer loop
      vertex -30.1004400483936 -55.71924919017464 -36.70928057142857
      vertex -30.1843228839504 -55.799689937358096 -30.70928057142857
      vertex -30.1004400483936 -55.71924919017464 -30.70928057142857
    endloop
  endfacet
  facet normal -0.7360970871196875 0.6768759696827117 0
    outer loop
      vertex -30.021773652758537 -55.633700127606616 -36.70928057142857
      vertex -30.1004400483936 -55.71924919017464 -30.70928057142857
      vertex -30.021773652758537 -55.633700127606616 -30.70928057142857
    endloop
  endfacet
  facet normal -0.777145961457008 0.6293203910497916 0
    outer loop
      vertex -29.948634157369526 -55.54338037272031 -36.70928057142857
      vertex -30.021773652758537 -55.633700127606616 -30.70928057142857
      vertex -29.948634157369526 -55.54338037272031 -30.70928057142857
    endloop
  endfacet
  facet normal -0.8151277957285439 0.5792811723426934 0
    outer loop
      vertex -29.881310210400603 -55.4486463763251 -36.70928057142857
      vertex -29.948634157369526 -55.54338037272031 -30.70928057142857
      vertex -29.881310210400603 -55.4486463763251 -30.70928057142857
    endloop
  endfacet
  facet normal -0.8498926929868715 0.5269557954966653 0
    outer loop
      vertex -29.820067508713077 -55.349872010224914 -36.70928057142857
      vertex -29.881310210400603 -55.4486463763251 -30.70928057142857
      vertex -29.820067508713077 -55.349872010224914 -30.70928057142857
    endloop
  endfacet
  facet normal -0.8813034520649815 0.4725507648690739 0
    outer loop
      vertex -29.765147749271375 -55.247447091717035 -36.70928057142857
      vertex -29.820067508713077 -55.349872010224914 -30.70928057142857
      vertex -29.765147749271375 -55.247447091717035 -30.70928057142857
    endloop
  endfacet
  facet normal -0.9092361090470755 0.4162807922603858 0
    outer loop
      vertex -29.716767675275563 -55.141775845161305 -36.70928057142857
      vertex -29.765147749271375 -55.247447091717035 -30.70928057142857
      vertex -29.716767675275563 -55.141775845161305 -30.70928057142857
    endloop
  endfacet
  facet normal -0.9335804264971895 0.3583679495453323 0
    outer loop
      vertex -29.675118220774944 -55.033275306691294 -36.70928057142857
      vertex -29.716767675275563 -55.141775845161305 -30.70928057142857
      vertex -29.675118220774944 -55.033275306691294 -30.70928057142857
    endloop
  endfacet
  facet normal -0.9542403285162906 0.29904079225604313 0
    outer loop
      vertex -29.640363757138623 -54.92237367836316 -36.70928057142857
      vertex -29.675118220774944 -55.033275306691294 -30.70928057142857
      vertex -29.640363757138623 -54.92237367836316 -30.70928057142857
    endloop
  endfacet
  facet normal -0.9711342799096294 0.2385334575786081 0
    outer loop
      vertex -29.612641444356747 -54.80950863823777 -36.70928057142857
      vertex -29.640363757138623 -54.92237367836316 -30.70928057142857
      vertex -29.612641444356747 -54.80950863823777 -30.70928057142857
    endloop
  endfacet
  facet normal -0.9841956079692408 0.17708474031958985 0
    outer loop
      vertex -29.592060689732758 -54.69512561306538 -36.70928057142857
      vertex -29.612641444356747 -54.80950863823777 -30.70928057142857
      vertex -29.592060689732758 -54.69512561306538 -30.70928057142857
    endloop
  endfacet
  facet normal -0.9933727656003967 0.11493715049286506 0
    outer loop
      vertex -29.578702716102704 -54.579676020389705 -36.70928057142857
      vertex -29.592060689732758 -54.69512561306538 -30.70928057142857
      vertex -29.578702716102704 -54.579676020389705 -30.70928057142857
    endloop
  endfacet
  facet normal -0.9659258262890577 -0.25881904510256054 -3.5732514916980526e-16
    outer loop
      vertex -29.65117343527996 -53.89016318587765 -36.70928057142857
      vertex -29.621093535398938 -54.0024229005202 -30.946270436313743
      vertex -29.643045042420802 -53.92049876101191 -30.987803005089233
    endloop
  endfacet
  facet normal -0.9802711746217285 -0.19765734037909305 0
    outer loop
      vertex -29.621093535398938 -54.0024229005202 -36.70928057142857
      vertex -29.598121837133853 -54.11634982880013 -30.886253530527014
      vertex -29.621093535398938 -54.0024229005202 -30.946270436313743
    endloop
  endfacet
  facet normal -0.9986295347545735 0.05233595624294968 0
    outer loop
      vertex -29.572620241285822 -54.46361548700913 -36.70928057142857
      vertex -29.578702716102704 -54.579676020389705 -30.70928057142857
      vertex -29.572620241285822 -54.46361548700913 -30.70928057142857
    endloop
  endfacet
  facet normal -0.9999451693655118 -0.010471784116268392 0
    outer loop
      vertex -29.5738372700314 -54.3474020508259 -36.70928057142857
      vertex -29.572620241285822 -54.46361548700913 -30.70928057142857
      vertex -29.5738372700314 -54.3474020508259 -30.75786257613504
    endloop
  endfacet
  facet normal -0.9973144772244592 -0.07323819712761759 0
    outer loop
      vertex -29.58234899928298 -54.23149435317976 -36.70928057142857
      vertex -29.5738372700314 -54.3474020508259 -30.75786257613504
      vertex -29.58234899928298 -54.23149435317976 -30.823368183889578
    endloop
  endfacet
  facet normal -0.9907478404714436 -0.1357155724343036 0
    outer loop
      vertex -29.598121837133853 -54.11634982880013 -36.70928057142857
      vertex -29.58234899928298 -54.23149435317976 -30.823368183889578
      vertex -29.598121837133853 -54.11634982880013 -30.886253530527014
    endloop
  endfacet
  facet normal -0.3583679495453056 -0.9335804264971996 0
    outer loop
      vertex -30.813811209247906 -52.67777572528558 -36.70928057142857
      vertex -30.705310670777894 -52.71942517978619 -31.312712379529795
      vertex -30.813811209247906 -52.67777572528558 -31.29994087548537
    endloop
  endfacet
  facet normal -0.41628079226038367 -0.9092361090470765 0
    outer loop
      vertex -30.705310670777894 -52.71942517978619 -36.70928057142857
      vertex -30.599639424222172 -52.767805253782 -31.320717390766426
      vertex -30.705310670777894 -52.71942517978619 -31.312712379529795
    endloop
  endfacet
  facet normal -0.47255076486904835 -0.8813034520649952 0
    outer loop
      vertex -30.599639424222172 -52.767805253782 -36.70928057142857
      vertex -30.497214505714286 -52.8227250132237 -31.323924317073047
      vertex -30.599639424222172 -52.767805253782 -31.320717390766426
    endloop
  endfacet
  facet normal -0.62932039104984 -0.7771459614569687 0
    outer loop
      vertex -30.303706143218893 -52.951291661880155 -36.70928057142857
      vertex -30.21338638833259 -53.02443115726917 -31.30472492769137
      vertex -30.303706143218893 -52.951291661880155 -31.315912275601853
    endloop
  endfacet
  facet normal -0.6768759696826495 -0.7360970871197448 0
    outer loop
      vertex -30.21338638833259 -53.02443115726917 -36.70928057142857
      vertex -30.12783732576456 -53.10309755290423 -31.28880260979638
      vertex -30.21338638833259 -53.02443115726917 -31.30472492769137
    endloop
  endfacet
  facet normal -0.5269557954967093 -0.8498926929868442 0
    outer loop
      vertex -30.497214505714286 -52.8227250132237 -36.70928057142857
      vertex -30.3984401396141 -52.883967714911236 -31.322320502176623
      vertex -30.497214505714286 -52.8227250132237 -31.323924317073047
    endloop
  endfacet
  facet normal -0.5792811723426731 -0.8151277957285583 0
    outer loop
      vertex -30.3984401396141 -52.883967714911236 -36.70928057142857
      vertex -30.303706143218893 -52.951291661880155 -31.315912275601853
      vertex -30.3984401396141 -52.883967714911236 -31.322320502176623
    endloop
  endfacet
  facet normal -0.8028174751911428 -0.5962248749655779 0
    outer loop
      vertex -29.972381609661483 -53.27574861671004 -36.70928057142857
      vertex -29.903088468816936 -53.36905191000872 -31.213346090436723
      vertex -29.972381609661483 -53.27574861671004 -31.24302285528091
    endloop
  endfacet
  facet normal -0.838670567945434 -0.5446390350150117 0
    outer loop
      vertex -29.903088468816936 -53.36905191000872 -36.70928057142857
      vertex -29.83979062441735 -53.466522042884634 -31.179294986131644
      vertex -29.903088468816936 -53.36905191000872 -31.213346090436723
    endloop
  endfacet
  facet normal -0.900318771402184 -0.435231099372347 0
    outer loop
      vertex -29.78273788413654 -53.56777434525318 -36.70928057142857
      vertex -29.732155409075474 -53.67240922053469 -31.09862402891427
      vertex -29.78273788413654 -53.56777434525318 -31.141003926517904
    endloop
  endfacet
  facet normal -0.8712138111201835 -0.49090375361515165 0
    outer loop
      vertex -29.83979062441735 -53.466522042884634 -36.70928057142857
      vertex -29.78273788413654 -53.56777434525318 -31.141003926517904
      vertex -29.83979062441735 -53.466522042884634 -31.179294986131644
    endloop
  endfacet
  facet normal -0.7637960286346488 -0.6454576877239427 0
    outer loop
      vertex -30.047396578581107 -53.18698038846102 -36.70928057142857
      vertex -29.972381609661483 -53.27574861671004 -31.24302285528091
      vertex -30.047396578581107 -53.18698038846102 -31.268208160031385
    endloop
  endfacet
  facet normal -0.7217602280983424 -0.6921431738704276 0
    outer loop
      vertex -30.12783732576456 -53.10309755290423 -36.70928057142857
      vertex -30.047396578581107 -53.18698038846102 -31.268208160031385
      vertex -30.12783732576456 -53.10309755290423 -31.28880260979638
    endloop
  endfacet
  facet normal -0.9477684100095897 -0.31895930929805816 0
    outer loop
      vertex -29.688242825154287 -53.780013722679556 -36.70928057142857
      vertex -29.65117343527996 -53.89016318587765 -31.002282212814578
      vertex -29.688242825154287 -53.780013722679556 -31.05232254741505
    endloop
  endfacet
  facet normal -0.9258705848099877 -0.3778407868184844 0
    outer loop
      vertex -29.732155409075474 -53.67240922053469 -36.70928057142857
      vertex -29.688242825154287 -53.780013722679556 -31.05232254741505
      vertex -29.732155409075474 -53.67240922053469 -31.09862402891427
    endloop
  endfacet
  facet normal -0.9659258262890744 -0.25881904510249765 0
    outer loop
      vertex -29.65117343527996 -53.89016318587765 -36.70928057142857
      vertex -29.643045042420802 -53.92049876101191 -30.987803005089233
      vertex -29.65117343527996 -53.89016318587765 -31.002282212814578
    endloop
  endfacet
  facet normal 0.490903753615175 -0.8712138111201703 8.18999894781221e-14
    outer loop
      vertex -32.38056447305458 -52.84244812892798 -30.70928057142857
      vertex -32.27931217068603 -52.78539538864717 -30.747330027631325
      vertex -32.33740136457098 -52.818126967231684 -30.70928057142857
    endloop
  endfacet
  facet normal -0.9999451693655123 -0.01047178411622871 9.49264475761892e-14
    outer loop
      vertex -29.572620241285822 -54.46361548700913 -30.70928057142857
      vertex -29.572966075003972 -54.43059200676647 -30.70928057142857
      vertex -29.5738372700314 -54.3474020508259 -30.75786257613504
    endloop
  endfacet
  facet normal -0.7901550123756912 -0.6129070536529754 0
    outer loop
      vertex -58.93238101578517 -42.81688108458369 -36.70928057142857
      vertex -56.12759721574662 -46.43278657143 -36.70928057142857
      vertex -58.93238101578517 -42.81688108458369 -30.70928057142857
    endloop
  endfacet
  facet normal -0.7501110696304583 -0.6613118653236533 0
    outer loop
      vertex -56.12759721574662 -46.43278657143 -36.70928057142857
      vertex -53.10130343175754 -49.865443062801226 -36.70928057142857
      vertex -56.12759721574662 -46.43278657143 -30.70928057142857
    endloop
  endfacet
  facet normal -0.7071067811865475 -0.7071067811865475 0
    outer loop
      vertex -53.10130343175754 -49.865443062801226 -36.70928057142857
      vertex -49.865443062801226 -53.10130343175754 -36.70928057142857
      vertex -53.10130343175754 -49.865443062801226 -30.70928057142857
    endloop
  endfacet
  facet normal -0.827080574274562 -0.5620833778521304 0
    outer loop
      vertex -58.93238101578517 -42.81688108458369 -36.70928057142857
      vertex -58.93238101578517 -42.81688108458369 -30.70928057142857
      vertex -61.50458563159828 -39.03199692926882 -30.70928057142857
    endloop
  endfacet
  facet normal -0.7901550123756912 -0.6129070536529754 0
    outer loop
      vertex -56.12759721574662 -46.43278657143 -36.70928057142857
      vertex -56.12759721574662 -46.43278657143 -30.70928057142857
      vertex -58.93238101578517 -42.81688108458369 -30.70928057142857
    endloop
  endfacet
  facet normal -0.7501110696304583 -0.6613118653236533 0
    outer loop
      vertex -53.10130343175754 -49.865443062801226 -36.70928057142857
      vertex -53.10130343175754 -49.865443062801226 -30.70928057142857
      vertex -56.12759721574662 -46.43278657143 -30.70928057142857
    endloop
  endfacet
  facet normal -0.6613118653236533 -0.7501110696304583 0
    outer loop
      vertex -49.865443062801226 -53.10130343175754 -36.70928057142857
      vertex -46.43278657143 -56.12759721574662 -36.70928057142857
      vertex -46.43278657143 -56.12759721574662 -30.70928057142857
    endloop
  endfacet
  facet normal -0.6129070536529754 -0.7901550123756912 0
    outer loop
      vertex -46.43278657143 -56.12759721574662 -36.70928057142857
      vertex -42.81688108458369 -58.93238101578517 -36.70928057142857
      vertex -42.81688108458369 -58.93238101578517 -30.70928057142857
    endloop
  endfacet
  facet normal -0.7071067811865475 -0.7071067811865475 0
    outer loop
      vertex -49.865443062801226 -53.10130343175754 -36.70928057142857
      vertex -49.865443062801226 -53.10130343175754 -30.70928057142857
      vertex -53.10130343175754 -49.865443062801226 -30.70928057142857
    endloop
  endfacet
  facet normal -0.6613118653236533 -0.7501110696304583 0
    outer loop
      vertex -49.865443062801226 -53.10130343175754 -36.70928057142857
      vertex -46.43278657143 -56.12759721574662 -30.70928057142857
      vertex -49.865443062801226 -53.10130343175754 -30.70928057142857
    endloop
  endfacet
  facet normal -0.6129070536529754 -0.7901550123756912 0
    outer loop
      vertex -46.43278657143 -56.12759721574662 -36.70928057142857
      vertex -42.81688108458369 -58.93238101578517 -30.70928057142857
      vertex -46.43278657143 -56.12759721574662 -30.70928057142857
    endloop
  endfacet
  facet normal -0.5620833778521304 -0.827080574274562 0
    outer loop
      vertex -42.81688108458369 -58.93238101578517 -36.70928057142857
      vertex -39.03199692926882 -61.50458563159828 -30.70928057142857
      vertex -42.81688108458369 -58.93238101578517 -30.70928057142857
    endloop
  endfacet
  facet normal 0 0 -1
    outer loop
      vertex -46.43278657143 -56.12759721574662 -36.70928057142857
      vertex -41.93304446781187 -23.052886276785884 -36.70928057142857
      vertex -42.81688108458369 -58.93238101578517 -36.70928057142857
    endloop
  endfacet
  facet normal 0 0 1
    outer loop
      vertex -56.12759721574662 -46.43278657143 -30.70928057142857
      vertex -53.10130343175754 -49.865443062801226 -30.70928057142857
      vertex -52.309854522881345 -33.196843131947546 -30.70928057142857
    endloop
  endfacet
  facet normal 0 0 1
    outer loop
      vertex -46.43278657143 -56.12759721574662 -30.70928057142857
      vertex -42.81688108458369 -58.93238101578517 -30.70928057142857
      vertex -42.41072507923781 -45.16283507913837 -30.70928057142857
    endloop
  endfacet
  facet normal 0 0 1
    outer loop
      vertex -53.10130343175754 -49.865443062801226 -30.70928057142857
      vertex -49.865443062801226 -53.10130343175754 -30.70928057142857
      vertex -50.12218594704199 -36.41589968711866 -30.70928057142857
    endloop
  endfacet
  facet normal 0 0 1
    outer loop
      vertex -49.865443062801226 -53.10130343175754 -30.70928057142857
      vertex -46.43278657143 -56.12759721574662 -30.70928057142857
      vertex -45.16283507913837 -42.4107250792378 -30.70928057142857
    endloop
  endfacet
  facet normal 0 0 1
    outer loop
      vertex -49.865443062801226 -53.10130343175754 -30.70928057142857
      vertex -47.73670800191827 -39.491239323066765 -30.70928057142857
      vertex -50.12218594704199 -36.41589968711866 -30.70928057142857
    endloop
  endfacet
  facet normal 0 0 1
    outer loop
      vertex -49.865443062801226 -53.10130343175754 -30.70928057142857
      vertex -45.16283507913837 -42.4107250792378 -30.70928057142857
      vertex -47.73670800191827 -39.491239323066765 -30.70928057142857
    endloop
  endfacet
  facet normal 0 0 1
    outer loop
      vertex -46.43278657143 -56.12759721574662 -30.70928057142857
      vertex -42.41072507923781 -45.16283507913837 -30.70928057142857
      vertex -45.16283507913837 -42.4107250792378 -30.70928057142857
    endloop
  endfacet
  facet normal 0 0 1
    outer loop
      vertex -42.81688108458369 -58.93238101578517 -30.70928057142857
      vertex -39.49123932306677 -47.73670800191828 -30.70928057142857
      vertex -42.41072507923781 -45.16283507913837 -30.70928057142857
    endloop
  endfacet
  facet normal -0.8607420270039438 -0.5090414157503709 0
    outer loop
      vertex -63.834059746695864 -35.0930713140973 -36.70928057142857
      vertex -61.50458563159828 -39.03199692926882 -36.70928057142857
      vertex -63.834059746695864 -35.0930713140973 -30.70928057142857
    endloop
  endfacet
  facet normal -0.8910065241883678 -0.4539904997395469 0
    outer loop
      vertex -65.91160999098112 -31.015649378948268 -36.70928057142857
      vertex -63.834059746695864 -35.0930713140973 -36.70928057142857
      vertex -65.91160999098112 -31.015649378948268 -30.70928057142857
    endloop
  endfacet
  facet normal -0.8607420270039438 -0.5090414157503709 0
    outer loop
      vertex -63.834059746695864 -35.0930713140973 -30.70928057142857
      vertex -61.50458563159828 -39.03199692926882 -36.70928057142857
      vertex -61.50458563159828 -39.03199692926882 -30.70928057142857
    endloop
  endfacet
  facet normal -0.8910065241883678 -0.4539904997395469 0
    outer loop
      vertex -63.834059746695864 -35.0930713140973 -36.70928057142857
      vertex -63.834059746695864 -35.0930713140973 -30.70928057142857
      vertex -65.91160999098112 -31.015649378948268 -30.70928057142857
    endloop
  endfacet
  facet normal -0.9177546256839809 -0.3971478906347812 0
    outer loop
      vertex -65.91160999098112 -31.015649378948268 -36.70928057142857
      vertex -67.72903722278225 -26.815822845402913 -30.70928057142857
      vertex -67.72903722278225 -26.815822845402913 -36.70928057142857
    endloop
  endfacet
  facet normal -0.9408807689542259 -0.3387379202452902 0
    outer loop
      vertex -67.72903722278225 -26.815822845402913 -36.70928057142857
      vertex -69.27916888711887 -22.510166510070878 -30.70928057142857
      vertex -69.27916888711887 -22.510166510070878 -36.70928057142857
    endloop
  endfacet
  facet normal -0.9602936856769432 -0.27899110603922883 0
    outer loop
      vertex -69.27916888711887 -22.510166510070878 -36.70928057142857
      vertex -69.27916888711887 -22.510166510070878 -30.70928057142857
      vertex -70.55588732249964 -18.115672831440452 -30.70928057142857
    endloop
  endfacet
  facet normal -0.9408807689542259 -0.3387379202452902 0
    outer loop
      vertex -67.72903722278225 -26.815822845402913 -36.70928057142857
      vertex -67.72903722278225 -26.815822845402913 -30.70928057142857
      vertex -69.27916888711887 -22.510166510070878 -30.70928057142857
    endloop
  endfacet
  facet normal -0.9177546256839809 -0.3971478906347812 0
    outer loop
      vertex -65.91160999098112 -31.015649378948268 -36.70928057142857
      vertex -65.91160999098112 -31.015649378948268 -30.70928057142857
      vertex -67.72903722278225 -26.815822845402913 -30.70928057142857
    endloop
  endfacet
  facet normal -0.9876883405951378 -0.15643446504023056 0
    outer loop
      vertex -72.27002893109714 -9.129827835147744 -36.70928057142857
      vertex -71.5541539045373 -13.649684868407997 -36.70928057142857
      vertex -72.27002893109714 -9.129827835147744 -30.70928057142857
    endloop
  endfacet
  facet normal -0.9955619646030801 -0.09410831331851266 0
    outer loop
      vertex -72.27002893109714 -9.129827835147744 -36.70928057142857
      vertex -72.70068717050152 -4.573939542443781 -30.70928057142857
      vertex -72.70068717050152 -4.573939542443781 -36.70928057142857
    endloop
  endfacet
  facet normal 0 0 -1
    outer loop
      vertex -72.27002893109714 -9.129827835147744 -36.70928057142857
      vertex -72.70068717050152 -4.573939542443781 -36.70928057142857
      vertex -72.27002893109714 9.129827835147744 -36.70928057142857
    endloop
  endfacet
  facet normal -0.9995065603657315 -0.03141075907812985 0
    outer loop
      vertex -72.70068717050152 -4.573939542443781 -36.70928057142857
      vertex -72.84442901142857 0 -30.70928057142857
      vertex -72.84442901142857 0 -36.70928057142857
    endloop
  endfacet
  facet normal -0.9955619646030801 -0.09410831331851266 0
    outer loop
      vertex -72.27002893109714 -9.129827835147744 -36.70928057142857
      vertex -72.27002893109714 -9.129827835147744 -30.70928057142857
      vertex -72.70068717050152 -4.573939542443781 -30.70928057142857
    endloop
  endfacet
  facet normal -0.9995065603657315 -0.03141075907812985 0
    outer loop
      vertex -72.70068717050152 -4.573939542443781 -36.70928057142857
      vertex -72.70068717050152 -4.573939542443781 -30.70928057142857
      vertex -72.84442901142857 0 -30.70928057142857
    endloop
  endfacet
  facet normal -0.9602936856769432 -0.27899110603922883 0
    outer loop
      vertex -69.27916888711887 -22.510166510070878 -36.70928057142857
      vertex -70.55588732249964 -18.115672831440452 -30.70928057142857
      vertex -70.55588732249964 -18.115672831440452 -36.70928057142857
    endloop
  endfacet
  facet normal -0.975916761938747 -0.21814324139654467 0
    outer loop
      vertex -70.55588732249964 -18.115672831440452 -36.70928057142857
      vertex -71.5541539045373 -13.649684868407997 -30.70928057142857
      vertex -71.5541539045373 -13.649684868407997 -36.70928057142857
    endloop
  endfacet
  facet normal 0 0 -1
    outer loop
      vertex -65.91160999098112 -31.015649378948268 -36.70928057142857
      vertex -63.834059746695864 35.0930713140973 -36.70928057142857
      vertex -63.834059746695864 -35.0930713140973 -36.70928057142857
    endloop
  endfacet
  facet normal 0 0 -1
    outer loop
      vertex -63.834059746695864 -35.0930713140973 -36.70928057142857
      vertex -61.50458563159828 39.03199692926882 -36.70928057142857
      vertex -61.50458563159828 -39.03199692926882 -36.70928057142857
    endloop
  endfacet
  facet normal -0.975916761938747 -0.21814324139654467 0
    outer loop
      vertex -70.55588732249964 -18.115672831440452 -36.70928057142857
      vertex -70.55588732249964 -18.115672831440452 -30.70928057142857
      vertex -71.5541539045373 -13.649684868407997 -30.70928057142857
    endloop
  endfacet
  facet normal -0.9876883405951378 -0.15643446504023056 0
    outer loop
      vertex -71.5541539045373 -13.649684868407997 -36.70928057142857
      vertex -71.5541539045373 -13.649684868407997 -30.70928057142857
      vertex -72.27002893109714 -9.129827835147744 -30.70928057142857
    endloop
  endfacet
  facet normal 0 0 -1
    outer loop
      vertex -69.27916888711887 -22.510166510070878 -36.70928057142857
      vertex -70.55588732249964 -18.115672831440452 -36.70928057142857
      vertex -69.27916888711887 22.510166510070878 -36.70928057142857
    endloop
  endfacet
  facet normal 0 0 -1
    outer loop
      vertex -67.72903722278225 -26.815822845402913 -36.70928057142857
      vertex -69.27916888711887 -22.510166510070878 -36.70928057142857
      vertex -67.72903722278225 26.815822845402913 -36.70928057142857
    endloop
  endfacet
  facet normal 0 0 -1
    outer loop
      vertex -70.55588732249964 -18.115672831440452 -36.70928057142857
      vertex -71.5541539045373 -13.649684868407997 -36.70928057142857
      vertex -70.55588732249964 18.115672831440452 -36.70928057142857
    endloop
  endfacet
  facet normal 0 0 -1
    outer loop
      vertex -72.27002893109714 -9.129827835147744 -36.70928057142857
      vertex -71.5541539045373 13.649684868407997 -36.70928057142857
      vertex -71.5541539045373 -13.649684868407997 -36.70928057142857
    endloop
  endfacet
  facet normal 0 0 -1
    outer loop
      vertex -65.91160999098112 -31.015649378948268 -36.70928057142857
      vertex -67.72903722278225 -26.815822845402913 -36.70928057142857
      vertex -65.91160999098112 31.015649378948268 -36.70928057142857
    endloop
  endfacet
  facet normal 0 0 1
    outer loop
      vertex -72.27002893109714 -9.129827835147744 -30.70928057142857
      vertex -71.5541539045373 -13.649684868407997 -30.70928057142857
      vertex -72.27002893109714 9.129827835147744 -30.70928057142857
    endloop
  endfacet
  facet normal 0 0 1
    outer loop
      vertex -72.27002893109714 -9.129827835147744 -30.70928057142857
      vertex -72.70068717050152 4.573939542443781 -30.70928057142857
      vertex -72.70068717050152 -4.573939542443781 -30.70928057142857
    endloop
  endfacet
  facet normal 0 0 1
    outer loop
      vertex -65.91160999098112 -31.015649378948268 -30.70928057142857
      vertex -67.72903722278225 26.815822845402913 -30.70928057142857
      vertex -67.72903722278225 -26.815822845402913 -30.70928057142857
    endloop
  endfacet
  facet normal 0 0 1
    outer loop
      vertex -65.91160999098112 -31.015649378948268 -30.70928057142857
      vertex -63.834059746695864 -35.0930713140973 -30.70928057142857
      vertex -65.91160999098112 31.015649378948268 -30.70928057142857
    endloop
  endfacet
  facet normal 0 0 1
    outer loop
      vertex -63.834059746695864 -35.0930713140973 -30.70928057142857
      vertex -61.50458563159828 -39.03199692926882 -30.70928057142857
      vertex -63.834059746695864 35.0930713140973 -30.70928057142857
    endloop
  endfacet
  facet normal 0 0 1
    outer loop
      vertex -70.55588732249964 -18.115672831440452 -30.70928057142857
      vertex -71.5541539045373 13.649684868407997 -30.70928057142857
      vertex -71.5541539045373 -13.649684868407997 -30.70928057142857
    endloop
  endfacet
  facet normal 0 0 1
    outer loop
      vertex -69.27916888711887 -22.510166510070878 -30.70928057142857
      vertex -70.55588732249964 18.115672831440452 -30.70928057142857
      vertex -70.55588732249964 -18.115672831440452 -30.70928057142857
    endloop
  endfacet
  facet normal 0 0 1
    outer loop
      vertex -67.72903722278225 -26.815822845402913 -30.70928057142857
      vertex -69.27916888711887 22.510166510070878 -30.70928057142857
      vertex -69.27916888711887 -22.510166510070878 -30.70928057142857
    endloop
  endfacet
  facet normal 0 0 1
    outer loop
      vertex -61.83217609791766 -3.890150784769559 -30.70928057142857
      vertex -63.834059746695864 35.0930713140973 -30.70928057142857
      vertex -61.50458563159828 -39.03199692926882 -30.70928057142857
    endloop
  endfacet
  facet normal -0.827080574274562 -0.5620833778521304 0
    outer loop
      vertex -58.93238101578517 -42.81688108458369 -36.70928057142857
      vertex -61.50458563159828 -39.03199692926882 -30.70928057142857
      vertex -61.50458563159828 -39.03199692926882 -36.70928057142857
    endloop
  endfacet
  facet normal 0 0 -1
    outer loop
      vertex -49.865443062801226 -53.10130343175754 -36.70928057142857
      vertex -46.348660453378784 -11.900313365929136 -36.70928057142857
      vertex -46.43278657143 -56.12759721574662 -36.70928057142857
    endloop
  endfacet
  facet normal 0 0 -1
    outer loop
      vertex -46.43278657143 -56.12759721574662 -36.70928057142857
      vertex -43.297801889217084 -20.37439902406989 -36.70928057142857
      vertex -41.93304446781187 -23.052886276785884 -36.70928057142857
    endloop
  endfacet
  facet normal 0 0 -1
    outer loop
      vertex -46.43278657143 -56.12759721574662 -36.70928057142857
      vertex -44.49168266744965 -17.61550332658342 -36.70928057142857
      vertex -43.297801889217084 -20.37439902406989 -36.70928057142857
    endloop
  endfacet
  facet normal 0 0 -1
    outer loop
      vertex -42.81688108458369 -58.93238101578517 -36.70928057142857
      vertex -41.93304446781187 -23.052886276785884 -36.70928057142857
      vertex -40.402796477277946 -25.640394319229323 -36.70928057142857
    endloop
  endfacet
  facet normal 0 0 -1
    outer loop
      vertex -49.865443062801226 -53.10130343175754 -36.70928057142857
      vertex -47.00442881812676 -8.966574346514097 -36.70928057142857
      vertex -46.348660453378784 -11.900313365929136 -36.70928057142857
    endloop
  endfacet
  facet normal 0 0 -1
    outer loop
      vertex -49.865443062801226 -53.10130343175754 -36.70928057142857
      vertex -47.47469217661046 -5.997448354591505 -36.70928057142857
      vertex -47.00442881812676 -8.966574346514097 -36.70928057142857
    endloop
  endfacet
  facet normal 0 0 -1
    outer loop
      vertex -49.865443062801226 -53.10130343175754 -36.70928057142857
      vertex -47.757594614196826 -3.004653173986884 -36.70928057142857
      vertex -47.47469217661046 -5.997448354591505 -36.70928057142857
    endloop
  endfacet
  facet normal 0 0 -1
    outer loop
      vertex -46.43278657143 -56.12759721574662 -36.70928057142857
      vertex -45.509975100510125 -14.78708728522488 -36.70928057142857
      vertex -44.49168266744965 -17.61550332658342 -36.70928057142857
    endloop
  endfacet
  facet normal 0 0 -1
    outer loop
      vertex -46.43278657143 -56.12759721574662 -36.70928057142857
      vertex -46.348660453378784 -11.900313365929136 -36.70928057142857
      vertex -45.509975100510125 -14.78708728522488 -36.70928057142857
    endloop
  endfacet
  facet normal 0 0 1
    outer loop
      vertex -58.93238101578517 -42.81688108458369 -30.70928057142857
      vertex -56.12759721574662 -46.43278657143 -30.70928057142857
      vertex -56.058043389626164 -26.37891289380463 -30.70928057142857
    endloop
  endfacet
  facet normal 0 0 1
    outer loop
      vertex -58.93238101578517 -42.81688108458369 -30.70928057142857
      vertex -58.92216342466465 -19.1449714413277 -30.70928057142857
      vertex -61.50458563159828 -39.03199692926882 -30.70928057142857
    endloop
  endfacet
  facet normal 0 0 1
    outer loop
      vertex -56.12759721574662 -46.43278657143 -30.70928057142857
      vertex -52.309854522881345 -33.196843131947546 -30.70928057142857
      vertex -54.291080001018194 -29.846773803129622 -30.70928057142857
    endloop
  endfacet
  facet normal 0 0 1
    outer loop
      vertex -53.10130343175754 -49.865443062801226 -30.70928057142857
      vertex -50.12218594704199 -36.41589968711866 -30.70928057142857
      vertex -52.309854522881345 -33.196843131947546 -30.70928057142857
    endloop
  endfacet
  facet normal 0 0 1
    outer loop
      vertex -56.12759721574662 -46.43278657143 -30.70928057142857
      vertex -54.291080001018194 -29.846773803129622 -30.70928057142857
      vertex -56.058043389626164 -26.37891289380463 -30.70928057142857
    endloop
  endfacet
  facet normal 0 0 1
    outer loop
      vertex -58.93238101578517 -42.81688108458369 -30.70928057142857
      vertex -57.603771291459196 -22.80694646666677 -30.70928057142857
      vertex -58.92216342466465 -19.1449714413277 -30.70928057142857
    endloop
  endfacet
  facet normal 0 0 1
    outer loop
      vertex -58.93238101578517 -42.81688108458369 -30.70928057142857
      vertex -56.058043389626164 -26.37891289380463 -30.70928057142857
      vertex -57.603771291459196 -22.80694646666677 -30.70928057142857
    endloop
  endfacet
  facet normal 0 0 1
    outer loop
      vertex -61.50458563159828 -39.03199692926882 -30.70928057142857
      vertex -58.92216342466465 -19.1449714413277 -30.70928057142857
      vertex -60.00801669780886 -15.407439960215182 -30.70928057142857
    endloop
  endfacet
  facet normal 0 0 1
    outer loop
      vertex -61.50458563159828 -39.03199692926882 -30.70928057142857
      vertex -60.00801669780886 -15.407439960215182 -30.70928057142857
      vertex -60.85704574410188 -11.609102352569455 -30.70928057142857
    endloop
  endfacet
  facet normal 0 0 -1
    outer loop
      vertex -58.93238101578517 -42.81688108458369 -36.70928057142857
      vertex -61.50458563159828 -39.03199692926882 -36.70928057142857
      vertex -58.93238101578517 42.81688108458369 -36.70928057142857
    endloop
  endfacet
  facet normal 0 0 -1
    outer loop
      vertex -58.93238101578517 -42.81688108458369 -36.70928057142857
      vertex -56.12759721574662 46.43278657143 -36.70928057142857
      vertex -56.12759721574662 -46.43278657143 -36.70928057142857
    endloop
  endfacet
  facet normal 0 0 -1
    outer loop
      vertex -56.12759721574662 -46.43278657143 -36.70928057142857
      vertex -53.10130343175754 49.865443062801226 -36.70928057142857
      vertex -53.10130343175754 -49.865443062801226 -36.70928057142857
    endloop
  endfacet
  facet normal 0 0 -1
    outer loop
      vertex -53.10130343175754 -49.865443062801226 -36.70928057142857
      vertex -49.865443062801226 53.10130343175754 -36.70928057142857
      vertex -49.865443062801226 -53.10130343175754 -36.70928057142857
    endloop
  endfacet
  facet normal 0 0 -1
    outer loop
      vertex -49.865443062801226 -53.10130343175754 -36.70928057142857
      vertex -47.852019644210536 0 -36.70928057142857
      vertex -47.757594614196826 -3.004653173986884 -36.70928057142857
    endloop
  endfacet
  facet normal 0 0 -1
    outer loop
      vertex -49.865443062801226 -53.10130343175754 -36.70928057142857
      vertex -47.757594614196826 3.004653173986884 -36.70928057142857
      vertex -47.852019644210536 0 -36.70928057142857
    endloop
  endfacet
  facet normal 0 0 1
    outer loop
      vertex -61.50458563159828 -39.03199692926882 -30.70928057142857
      vertex -60.85704574410188 -11.609102352569455 -30.70928057142857
      vertex -61.46589983378247 -7.764948921632473 -30.70928057142857
    endloop
  endfacet
  facet normal 0 0 1
    outer loop
      vertex -61.83217609791766 -3.890150784769559 -30.70928057142857
      vertex -61.50458563159828 -39.03199692926882 -30.70928057142857
      vertex -61.46589983378247 -7.764948921632473 -30.70928057142857
    endloop
  endfacet
  facet normal -0.5090414157503709 -0.8607420270039438 0
    outer loop
      vertex -35.0930713140973 -63.834059746695864 -36.70928057142857
      vertex -35.0930713140973 -63.834059746695864 -30.70928057142857
      vertex -39.03199692926882 -61.50458563159828 -36.70928057142857
    endloop
  endfacet
  facet normal 0 0 -1
    outer loop
      vertex -35.0930713140973 -63.834059746695864 -36.70928057142857
      vertex -31.4609579824985 -56.274466274653385 -36.70928057142857
      vertex -31.015649378948268 -65.91160999098112 -36.70928057142857
    endloop
  endfacet
  facet normal -0.4539904997395469 -0.8910065241883678 0
    outer loop
      vertex -35.0930713140973 -63.834059746695864 -36.70928057142857
      vertex -31.015649378948268 -65.91160999098112 -36.70928057142857
      vertex -31.015649378948268 -65.91160999098112 -30.70928057142857
    endloop
  endfacet
  facet normal -0.5090414157503709 -0.8607420270039438 0
    outer loop
      vertex -35.0930713140973 -63.834059746695864 -30.70928057142857
      vertex -39.03199692926882 -61.50458563159828 -30.70928057142857
      vertex -39.03199692926882 -61.50458563159828 -36.70928057142857
    endloop
  endfacet
  facet normal -0.4539904997395469 -0.8910065241883678 0
    outer loop
      vertex -35.0930713140973 -63.834059746695864 -36.70928057142857
      vertex -31.015649378948268 -65.91160999098112 -30.70928057142857
      vertex -35.0930713140973 -63.834059746695864 -30.70928057142857
    endloop
  endfacet
  facet normal -0.3971478906347812 -0.9177546256839809 0
    outer loop
      vertex -31.015649378948268 -65.91160999098112 -36.70928057142857
      vertex -26.815822845402913 -67.72903722278225 -36.70928057142857
      vertex -26.815822845402913 -67.72903722278225 -30.70928057142857
    endloop
  endfacet
  facet normal 0 0 -1
    outer loop
      vertex -31.015649378948268 -65.91160999098112 -36.70928057142857
      vertex -30.669751716024056 -56.11493110686373 -36.70928057142857
      vertex -26.815822845402913 -67.72903722278225 -36.70928057142857
    endloop
  endfacet
  facet normal -0.3387379202452902 -0.9408807689542259 0
    outer loop
      vertex -26.815822845402913 -67.72903722278225 -36.70928057142857
      vertex -22.510166510070878 -69.27916888711887 -36.70928057142857
      vertex -22.510166510070878 -69.27916888711887 -30.70928057142857
    endloop
  endfacet
  facet normal -0.3971478906347812 -0.9177546256839809 0
    outer loop
      vertex -31.015649378948268 -65.91160999098112 -36.70928057142857
      vertex -26.815822845402913 -67.72903722278225 -30.70928057142857
      vertex -31.015649378948268 -65.91160999098112 -30.70928057142857
    endloop
  endfacet
  facet normal -0.3387379202452902 -0.9408807689542259 0
    outer loop
      vertex -26.815822845402913 -67.72903722278225 -36.70928057142857
      vertex -22.510166510070878 -69.27916888711887 -30.70928057142857
      vertex -26.815822845402913 -67.72903722278225 -30.70928057142857
    endloop
  endfacet
  facet normal -0.27899110603922883 -0.9602936856769432 0
    outer loop
      vertex -22.510166510070878 -69.27916888711887 -36.70928057142857
      vertex -18.115672831440452 -70.55588732249964 -30.70928057142857
      vertex -22.510166510070878 -69.27916888711887 -30.70928057142857
    endloop
  endfacet
  facet normal 0 0 1
    outer loop
      vertex -35.0930713140973 -63.834059746695864 -30.70928057142857
      vertex -31.015649378948268 -65.91160999098112 -30.70928057142857
      vertex -31.4609579824985 -56.274466274653385 -30.70928057142857
    endloop
  endfacet
  facet normal 0 0 1
    outer loop
      vertex -31.015649378948268 -65.91160999098112 -30.70928057142857
      vertex -26.815822845402913 -67.72903722278225 -30.70928057142857
      vertex -30.777356218168926 -56.15884369078491 -30.70928057142857
    endloop
  endfacet
  facet normal 0 0 1
    outer loop
      vertex -26.815822845402913 -67.72903722278225 -30.70928057142857
      vertex -22.510166510070878 -69.27916888711887 -30.70928057142857
      vertex -22.80694646666677 -57.603771291459196 -30.70928057142857
    endloop
  endfacet
  facet normal 0 0 1
    outer loop
      vertex -22.510166510070878 -69.27916888711887 -30.70928057142857
      vertex -19.1449714413277 -58.922163424664646 -30.70928057142857
      vertex -22.80694646666677 -57.603771291459196 -30.70928057142857
    endloop
  endfacet
  facet normal -0.5620833778521304 -0.827080574274562 0
    outer loop
      vertex -42.81688108458369 -58.93238101578517 -36.70928057142857
      vertex -39.03199692926882 -61.50458563159828 -36.70928057142857
      vertex -39.03199692926882 -61.50458563159828 -30.70928057142857
    endloop
  endfacet
  facet normal 0 0 -1
    outer loop
      vertex -35.0930713140973 -63.834059746695864 -36.70928057142857
      vertex -39.03199692926882 -61.50458563159828 -36.70928057142857
      vertex -34.882621079382574 -32.756961560287074 -36.70928057142857
    endloop
  endfacet
  facet normal 0 0 -1
    outer loop
      vertex -35.0930713140973 -63.834059746695864 -36.70928057142857
      vertex -32.71659168566401 -55.7466464675456 -36.70928057142857
      vertex -32.631042623095986 -55.82531286318067 -36.70928057142857
    endloop
  endfacet
  facet normal 0 0 -1
    outer loop
      vertex -35.0930713140973 -63.834059746695864 -36.70928057142857
      vertex -32.797032432847466 -55.66276363198881 -36.70928057142857
      vertex -32.71659168566401 -55.7466464675456 -36.70928057142857
    endloop
  endfacet
  facet normal 0 0 -1
    outer loop
      vertex -35.0930713140973 -63.834059746695864 -36.70928057142857
      vertex -32.631042623095986 -55.82531286318067 -36.70928057142857
      vertex -32.54072286820968 -55.89845235856968 -36.70928057142857
    endloop
  endfacet
  facet normal 0 0 -1
    outer loop
      vertex -35.0930713140973 -63.834059746695864 -36.70928057142857
      vertex -33.061691127292036 -55.28196967519666 -36.70928057142857
      vertex -33.00463838701123 -55.383221977565206 -36.70928057142857
    endloop
  endfacet
  facet normal 0 0 -1
    outer loop
      vertex -35.0930713140973 -63.834059746695864 -36.70928057142857
      vertex -33.1122736023531 -55.17733479991515 -36.70928057142857
      vertex -33.061691127292036 -55.28196967519666 -36.70928057142857
    endloop
  endfacet
  facet normal 0 0 -1
    outer loop
      vertex -35.0930713140973 -63.834059746695864 -36.70928057142857
      vertex -33.15618618627429 -55.06973029777028 -36.70928057142857
      vertex -33.1122736023531 -55.17733479991515 -36.70928057142857
    endloop
  endfacet
  facet normal 0 0 -1
    outer loop
      vertex -35.0930713140973 -63.834059746695864 -36.70928057142857
      vertex -33.19325557614861 -54.959580834572186 -36.70928057142857
      vertex -33.15618618627429 -55.06973029777028 -36.70928057142857
    endloop
  endfacet
  facet normal 0 0 -1
    outer loop
      vertex -35.0930713140973 -63.834059746695864 -36.70928057142857
      vertex -33.22333547602963 -54.84732111992963 -36.70928057142857
      vertex -33.19325557614861 -54.959580834572186 -36.70928057142857
    endloop
  endfacet
  facet normal 0 0 -1
    outer loop
      vertex -35.0930713140973 -63.834059746695864 -36.70928057142857
      vertex -33.24630717429472 -54.7333941916497 -36.70928057142857
      vertex -33.22333547602963 -54.84732111992963 -36.70928057142857
    endloop
  endfacet
  facet normal 0 0 -1
    outer loop
      vertex -35.0930713140973 -63.834059746695864 -36.70928057142857
      vertex -32.87204740176709 -55.573995403739794 -36.70928057142857
      vertex -32.797032432847466 -55.66276363198881 -36.70928057142857
    endloop
  endfacet
  facet normal 0 0 -1
    outer loop
      vertex -35.0930713140973 -63.834059746695864 -36.70928057142857
      vertex -32.94134054261164 -55.48069211044112 -36.70928057142857
      vertex -32.87204740176709 -55.573995403739794 -36.70928057142857
    endloop
  endfacet
  facet normal 0 0 -1
    outer loop
      vertex -35.0930713140973 -63.834059746695864 -36.70928057142857
      vertex -33.00463838701123 -55.383221977565206 -36.70928057142857
      vertex -32.94134054261164 -55.48069211044112 -36.70928057142857
    endloop
  endfacet
  facet normal 0 0 -1
    outer loop
      vertex -35.0930713140973 -63.834059746695864 -36.70928057142857
      vertex -33.26208001214559 -54.61824966727007 -36.70928057142857
      vertex -33.24630717429472 -54.7333941916497 -36.70928057142857
    endloop
  endfacet
  facet normal 0 0 -1
    outer loop
      vertex -35.0930713140973 -63.834059746695864 -36.70928057142857
      vertex -33.270591741397176 -54.502341969623934 -36.70928057142857
      vertex -33.26208001214559 -54.61824966727007 -36.70928057142857
    endloop
  endfacet
  facet normal 0 0 -1
    outer loop
      vertex -35.0930713140973 -63.834059746695864 -36.70928057142857
      vertex -33.26572629532587 -54.270068000060135 -36.70928057142857
      vertex -33.27180877014275 -54.386128533440704 -36.70928057142857
    endloop
  endfacet
  facet normal 0 0 -1
    outer loop
      vertex -35.0930713140973 -63.834059746695864 -36.70928057142857
      vertex -33.27180877014275 -54.386128533440704 -36.70928057142857
      vertex -33.270591741397176 -54.502341969623934 -36.70928057142857
    endloop
  endfacet
  facet normal 0 0 -1
    outer loop
      vertex -35.0930713140973 -63.834059746695864 -36.70928057142857
      vertex -33.25236832169581 -54.154618407384454 -36.70928057142857
      vertex -33.26572629532587 -54.270068000060135 -36.70928057142857
    endloop
  endfacet
  facet normal 0 0 -1
    outer loop
      vertex -35.0930713140973 -63.834059746695864 -36.70928057142857
      vertex -33.23178756707183 -54.04023538221206 -36.70928057142857
      vertex -33.25236832169581 -54.154618407384454 -36.70928057142857
    endloop
  endfacet
  facet normal 0 0 -1
    outer loop
      vertex -31.015649378948268 -65.91160999098112 -36.70928057142857
      vertex -31.34474454631527 -56.273249245907806 -36.70928057142857
      vertex -31.22883684866913 -56.26473751665623 -36.70928057142857
    endloop
  endfacet
  facet normal 0 0 -1
    outer loop
      vertex -31.015649378948268 -65.91160999098112 -36.70928057142857
      vertex -31.4609579824985 -56.274466274653385 -36.70928057142857
      vertex -31.34474454631527 -56.273249245907806 -36.70928057142857
    endloop
  endfacet
  facet normal 0 0 -1
    outer loop
      vertex -31.015649378948268 -65.91160999098112 -36.70928057142857
      vertex -31.22883684866913 -56.26473751665623 -36.70928057142857
      vertex -31.1136923242895 -56.24896467880535 -36.70928057142857
    endloop
  endfacet
  facet normal 0 0 -1
    outer loop
      vertex -31.015649378948268 -65.91160999098112 -36.70928057142857
      vertex -31.1136923242895 -56.24896467880535 -36.70928057142857
      vertex -30.999765396009572 -56.22599298054026 -36.70928057142857
    endloop
  endfacet
  facet normal 0 0 -1
    outer loop
      vertex -31.015649378948268 -65.91160999098112 -36.70928057142857
      vertex -30.887505681367013 -56.19591308065924 -36.70928057142857
      vertex -30.777356218168926 -56.15884369078491 -36.70928057142857
    endloop
  endfacet
  facet normal 0 0 -1
    outer loop
      vertex -31.015649378948268 -65.91160999098112 -36.70928057142857
      vertex -30.999765396009572 -56.22599298054026 -36.70928057142857
      vertex -30.887505681367013 -56.19591308065924 -36.70928057142857
    endloop
  endfacet
  facet normal 0 0 -1
    outer loop
      vertex -31.015649378948268 -65.91160999098112 -36.70928057142857
      vertex -30.777356218168926 -56.15884369078491 -36.70928057142857
      vertex -30.669751716024056 -56.11493110686373 -36.70928057142857
    endloop
  endfacet
  facet normal 0 0 -1
    outer loop
      vertex -35.0930713140973 -63.834059746695864 -36.70928057142857
      vertex -32.244789587206405 -56.08193876666783 -36.70928057142857
      vertex -32.139118340650676 -56.13031884066364 -36.70928057142857
    endloop
  endfacet
  facet normal 0 0 -1
    outer loop
      vertex -35.0930713140973 -63.834059746695864 -36.70928057142857
      vertex -32.347214505714284 -56.02701900722612 -36.70928057142857
      vertex -32.244789587206405 -56.08193876666783 -36.70928057142857
    endloop
  endfacet
  facet normal 0 0 -1
    outer loop
      vertex -35.0930713140973 -63.834059746695864 -36.70928057142857
      vertex -32.139118340650676 -56.13031884066364 -36.70928057142857
      vertex -32.030617802180664 -56.17196829516426 -36.70928057142857
    endloop
  endfacet
  facet normal 0 0 -1
    outer loop
      vertex -35.0930713140973 -63.834059746695864 -36.70928057142857
      vertex -32.44598887181447 -55.9657763055386 -36.70928057142857
      vertex -32.347214505714284 -56.02701900722612 -36.70928057142857
    endloop
  endfacet
  facet normal 0 0 -1
    outer loop
      vertex -35.0930713140973 -63.834059746695864 -36.70928057142857
      vertex -32.54072286820968 -55.89845235856968 -36.70928057142857
      vertex -32.44598887181447 -55.9657763055386 -36.70928057142857
    endloop
  endfacet
  facet normal 0 0 -1
    outer loop
      vertex -35.0930713140973 -63.834059746695864 -36.70928057142857
      vertex -32.030617802180664 -56.17196829516426 -36.70928057142857
      vertex -31.919716173852525 -56.20672275880058 -36.70928057142857
    endloop
  endfacet
  facet normal 0 0 -1
    outer loop
      vertex -35.0930713140973 -63.834059746695864 -36.70928057142857
      vertex -31.919716173852525 -56.20672275880058 -36.70928057142857
      vertex -31.806851133727143 -56.234445071582456 -36.70928057142857
    endloop
  endfacet
  facet normal 0 0 -1
    outer loop
      vertex -35.0930713140973 -63.834059746695864 -36.70928057142857
      vertex -31.69246810855475 -56.25502582620644 -36.70928057142857
      vertex -31.577018515879075 -56.268383799836506 -36.70928057142857
    endloop
  endfacet
  facet normal 0 0 -1
    outer loop
      vertex -35.0930713140973 -63.834059746695864 -36.70928057142857
      vertex -31.806851133727143 -56.234445071582456 -36.70928057142857
      vertex -31.69246810855475 -56.25502582620644 -36.70928057142857
    endloop
  endfacet
  facet normal 0 0 -1
    outer loop
      vertex -35.0930713140973 -63.834059746695864 -36.70928057142857
      vertex -31.577018515879075 -56.268383799836506 -36.70928057142857
      vertex -31.4609579824985 -56.274466274653385 -36.70928057142857
    endloop
  endfacet
  facet normal 0 0 -1
    outer loop
      vertex -42.81688108458369 -58.93238101578517 -36.70928057142857
      vertex -38.71309710733015 -28.12671143927667 -36.70928057142857
      vertex -39.03199692926882 -61.50458563159828 -36.70928057142857
    endloop
  endfacet
  facet normal 0 0 -1
    outer loop
      vertex -39.03199692926882 -61.50458563159828 -36.70928057142857
      vertex -36.87061482943143 -30.50202527914535 -36.70928057142857
      vertex -34.882621079382574 -32.756961560287074 -36.70928057142857
    endloop
  endfacet
  facet normal 0 0 -1
    outer loop
      vertex -35.0930713140973 -63.834059746695864 -36.70928057142857
      vertex -32.756961560287074 -34.88262107938258 -36.70928057142857
      vertex -33.23178756707183 -54.04023538221206 -36.70928057142857
    endloop
  endfacet
  facet normal 0 0 -1
    outer loop
      vertex -33.23178756707183 -54.04023538221206 -36.70928057142857
      vertex -32.756961560287074 -34.88262107938258 -36.70928057142857
      vertex -33.20406525428995 -53.927370342086675 -36.70928057142857
    endloop
  endfacet
  facet normal 0 0 -1
    outer loop
      vertex -33.20406525428995 -53.927370342086675 -36.70928057142857
      vertex -32.756961560287074 -34.88262107938258 -36.70928057142857
      vertex -33.169310790653626 -53.81646871375854 -36.70928057142857
    endloop
  endfacet
  facet normal 0 0 -1
    outer loop
      vertex -33.0243615027155 -53.49987201022492 -36.70928057142857
      vertex -30.50202527914535 -36.87061482943143 -36.70928057142857
      vertex -32.963118801027974 -53.40109764412473 -36.70928057142857
    endloop
  endfacet
  facet normal 0 0 -1
    outer loop
      vertex -32.963118801027974 -53.40109764412473 -36.70928057142857
      vertex -30.50202527914535 -36.87061482943143 -36.70928057142857
      vertex -32.89579485405905 -53.306363647729526 -36.70928057142857
    endloop
  endfacet
  facet normal 0 0 -1
    outer loop
      vertex -33.169310790653626 -53.81646871375854 -36.70928057142857
      vertex -32.756961560287074 -34.88262107938258 -36.70928057142857
      vertex -33.12766133615301 -53.70796817528853 -36.70928057142857
    endloop
  endfacet
  facet normal 0 0 -1
    outer loop
      vertex -33.12766133615301 -53.70796817528853 -36.70928057142857
      vertex -32.756961560287074 -34.88262107938258 -36.70928057142857
      vertex -33.0792812621572 -53.6022969287328 -36.70928057142857
    endloop
  endfacet
  facet normal 0 0 -1
    outer loop
      vertex -33.0792812621572 -53.6022969287328 -36.70928057142857
      vertex -32.756961560287074 -34.88262107938258 -36.70928057142857
      vertex -33.0243615027155 -53.49987201022492 -36.70928057142857
    endloop
  endfacet
  facet normal 0 0 -1
    outer loop
      vertex -32.89579485405905 -53.306363647729526 -36.70928057142857
      vertex -30.50202527914535 -36.87061482943143 -36.70928057142857
      vertex -32.82265535867003 -53.21604389284322 -36.70928057142857
    endloop
  endfacet
  facet normal 0 0 -1
    outer loop
      vertex -32.82265535867003 -53.21604389284322 -36.70928057142857
      vertex -30.50202527914535 -36.87061482943143 -36.70928057142857
      vertex -32.74398896303497 -53.1304948302752 -36.70928057142857
    endloop
  endfacet
  facet normal 0 0 -1
    outer loop
      vertex -32.66010612747817 -53.05005408309174 -36.70928057142857
      vertex -30.50202527914535 -36.87061482943143 -36.70928057142857
      vertex -32.571337899229164 -52.97503911417211 -36.70928057142857
    endloop
  endfacet
  facet normal 0 0 -1
    outer loop
      vertex -32.74398896303497 -53.1304948302752 -36.70928057142857
      vertex -30.50202527914535 -36.87061482943143 -36.70928057142857
      vertex -32.66010612747817 -53.05005408309174 -36.70928057142857
    endloop
  endfacet
  facet normal 0 0 -1
    outer loop
      vertex -32.571337899229164 -52.97503911417211 -36.70928057142857
      vertex -30.50202527914535 -36.87061482943143 -36.70928057142857
      vertex -32.47803460593048 -52.90574597332756 -36.70928057142857
    endloop
  endfacet
  facet normal 0 0 -1
    outer loop
      vertex -32.47803460593048 -52.90574597332756 -36.70928057142857
      vertex -30.50202527914535 -36.87061482943143 -36.70928057142857
      vertex -32.38056447305458 -52.84244812892798 -36.70928057142857
    endloop
  endfacet
  facet normal 0 0 -1
    outer loop
      vertex -32.38056447305458 -52.84244812892798 -36.70928057142857
      vertex -30.50202527914535 -36.87061482943143 -36.70928057142857
      vertex -32.27931217068603 -52.78539538864717 -36.70928057142857
    endloop
  endfacet
  facet normal 0 0 -1
    outer loop
      vertex -32.27931217068603 -52.78539538864717 -36.70928057142857
      vertex -30.50202527914535 -36.87061482943143 -36.70928057142857
      vertex -32.17467729540452 -52.734812913586104 -36.70928057142857
    endloop
  endfacet
  facet normal 0 0 -1
    outer loop
      vertex -32.17467729540452 -52.734812913586104 -36.70928057142857
      vertex -30.50202527914535 -36.87061482943143 -36.70928057142857
      vertex -32.06707279325965 -52.69090032966492 -36.70928057142857
    endloop
  endfacet
  facet normal 0 0 -1
    outer loop
      vertex -32.06707279325965 -52.69090032966492 -36.70928057142857
      vertex -30.50202527914535 -36.87061482943143 -36.70928057142857
      vertex -31.95692333006156 -52.653830939790595 -36.70928057142857
    endloop
  endfacet
  facet normal 0 0 -1
    outer loop
      vertex -31.95692333006156 -52.653830939790595 -36.70928057142857
      vertex -30.50202527914535 -36.87061482943143 -36.70928057142857
      vertex -31.844663615418998 -52.62375103990957 -36.70928057142857
    endloop
  endfacet
  facet normal 0 0 -1
    outer loop
      vertex -31.844663615418998 -52.62375103990957 -36.70928057142857
      vertex -30.50202527914535 -36.87061482943143 -36.70928057142857
      vertex -31.730736687139075 -52.60077934164448 -36.70928057142857
    endloop
  endfacet
  facet normal 0 0 -1
    outer loop
      vertex -31.615592162759448 -52.58500650379361 -36.70928057142857
      vertex -30.50202527914535 -36.87061482943143 -36.70928057142857
      vertex -31.499684465113308 -52.576494774542034 -36.70928057142857
    endloop
  endfacet
  facet normal 0 0 -1
    outer loop
      vertex -31.730736687139075 -52.60077934164448 -36.70928057142857
      vertex -30.50202527914535 -36.87061482943143 -36.70928057142857
      vertex -31.615592162759448 -52.58500650379361 -36.70928057142857
    endloop
  endfacet
  facet normal 0 0 -1
    outer loop
      vertex -31.383471028930078 -52.575277745796456 -36.70928057142857
      vertex -30.50202527914535 -36.87061482943143 -36.70928057142857
      vertex -31.267410495549502 -52.581360220613334 -36.70928057142857
    endloop
  endfacet
  facet normal 0 0 -1
    outer loop
      vertex -31.499684465113308 -52.576494774542034 -36.70928057142857
      vertex -30.50202527914535 -36.87061482943143 -36.70928057142857
      vertex -31.383471028930078 -52.575277745796456 -36.70928057142857
    endloop
  endfacet
  facet normal 0 0 -1
    outer loop
      vertex -31.267410495549502 -52.581360220613334 -36.70928057142857
      vertex -30.50202527914535 -36.87061482943143 -36.70928057142857
      vertex -31.151960902873824 -52.59471819424339 -36.70928057142857
    endloop
  endfacet
  facet normal 0 0 -1
    outer loop
      vertex -31.151960902873824 -52.59471819424339 -36.70928057142857
      vertex -30.50202527914535 -36.87061482943143 -36.70928057142857
      vertex -31.03757787770143 -52.61529894886738 -36.70928057142857
    endloop
  endfacet
  facet normal 0 0 -1
    outer loop
      vertex -30.924712837576045 -52.64302126164925 -36.70928057142857
      vertex -31.03757787770143 -52.61529894886738 -36.70928057142857
      vertex -30.50202527914535 -36.87061482943143 -36.70928057142857
    endloop
  endfacet
  facet normal 0 0 -1
    outer loop
      vertex -35.0930713140973 -63.834059746695864 -36.70928057142857
      vertex -34.882621079382574 -32.756961560287074 -36.70928057142857
      vertex -32.756961560287074 -34.88262107938258 -36.70928057142857
    endloop
  endfacet
  facet normal 0 0 -1
    outer loop
      vertex -33.0243615027155 -53.49987201022492 -36.70928057142857
      vertex -32.756961560287074 -34.88262107938258 -36.70928057142857
      vertex -30.50202527914535 -36.87061482943143 -36.70928057142857
    endloop
  endfacet
  facet normal 0 0 -1
    outer loop
      vertex -26.815822845402913 -67.72903722278225 -36.70928057142857
      vertex -30.669751716024056 -56.11493110686373 -36.70928057142857
      vertex -30.565116840742544 -56.064348631802666 -36.70928057142857
    endloop
  endfacet
  facet normal 0 0 -1
    outer loop
      vertex -26.815822845402913 -67.72903722278225 -36.70928057142857
      vertex -30.565116840742544 -56.064348631802666 -36.70928057142857
      vertex -30.463864538373993 -56.007295891521856 -36.70928057142857
    endloop
  endfacet
  facet normal 0 0 -1
    outer loop
      vertex -26.815822845402913 -67.72903722278225 -36.70928057142857
      vertex -30.463864538373993 -56.007295891521856 -36.70928057142857
      vertex -30.36639440549809 -55.94399804712228 -36.70928057142857
    endloop
  endfacet
  facet normal 0 0 -1
    outer loop
      vertex -26.815822845402913 -67.72903722278225 -36.70928057142857
      vertex -30.36639440549809 -55.94399804712228 -36.70928057142857
      vertex -30.273091112199413 -55.87470490627772 -36.70928057142857
    endloop
  endfacet
  facet normal 0 0 -1
    outer loop
      vertex -26.815822845402913 -67.72903722278225 -36.70928057142857
      vertex -30.273091112199413 -55.87470490627772 -36.70928057142857
      vertex -30.1843228839504 -55.799689937358096 -36.70928057142857
    endloop
  endfacet
  facet normal 0 0 -1
    outer loop
      vertex -26.815822845402913 -67.72903722278225 -36.70928057142857
      vertex -30.1843228839504 -55.799689937358096 -36.70928057142857
      vertex -30.1004400483936 -55.71924919017464 -36.70928057142857
    endloop
  endfacet
  facet normal 0 0 -1
    outer loop
      vertex -26.815822845402913 -67.72903722278225 -36.70928057142857
      vertex -30.1004400483936 -55.71924919017464 -36.70928057142857
      vertex -30.021773652758537 -55.633700127606616 -36.70928057142857
    endloop
  endfacet
  facet normal 0 0 -1
    outer loop
      vertex -26.815822845402913 -67.72903722278225 -36.70928057142857
      vertex -30.021773652758537 -55.633700127606616 -36.70928057142857
      vertex -29.948634157369526 -55.54338037272031 -36.70928057142857
    endloop
  endfacet
  facet normal 0 0 -1
    outer loop
      vertex -26.815822845402913 -67.72903722278225 -36.70928057142857
      vertex -29.948634157369526 -55.54338037272031 -36.70928057142857
      vertex -29.881310210400603 -55.4486463763251 -36.70928057142857
    endloop
  endfacet
  facet normal 0 0 -1
    outer loop
      vertex -26.815822845402913 -67.72903722278225 -36.70928057142857
      vertex -29.881310210400603 -55.4486463763251 -36.70928057142857
      vertex -29.820067508713077 -55.349872010224914 -36.70928057142857
    endloop
  endfacet
  facet normal 0 0 -1
    outer loop
      vertex -26.815822845402913 -67.72903722278225 -36.70928057142857
      vertex -29.820067508713077 -55.349872010224914 -36.70928057142857
      vertex -29.765147749271375 -55.247447091717035 -36.70928057142857
    endloop
  endfacet
  facet normal 0 0 -1
    outer loop
      vertex -26.815822845402913 -67.72903722278225 -36.70928057142857
      vertex -29.765147749271375 -55.247447091717035 -36.70928057142857
      vertex -29.716767675275563 -55.141775845161305 -36.70928057142857
    endloop
  endfacet
  facet normal 0 0 -1
    outer loop
      vertex -26.815822845402913 -67.72903722278225 -36.70928057142857
      vertex -29.716767675275563 -55.141775845161305 -36.70928057142857
      vertex -29.675118220774944 -55.033275306691294 -36.70928057142857
    endloop
  endfacet
  facet normal 0 0 -1
    outer loop
      vertex -26.815822845402913 -67.72903722278225 -36.70928057142857
      vertex -29.675118220774944 -55.033275306691294 -36.70928057142857
      vertex -29.640363757138623 -54.92237367836316 -36.70928057142857
    endloop
  endfacet
  facet normal 0 0 -1
    outer loop
      vertex -26.815822845402913 -67.72903722278225 -36.70928057142857
      vertex -29.640363757138623 -54.92237367836316 -36.70928057142857
      vertex -29.612641444356747 -54.80950863823777 -36.70928057142857
    endloop
  endfacet
  facet normal 0 0 -1
    outer loop
      vertex -26.815822845402913 -67.72903722278225 -36.70928057142857
      vertex -29.612641444356747 -54.80950863823777 -36.70928057142857
      vertex -29.592060689732758 -54.69512561306538 -36.70928057142857
    endloop
  endfacet
  facet normal 0 0 -1
    outer loop
      vertex -26.815822845402913 -67.72903722278225 -36.70928057142857
      vertex -29.592060689732758 -54.69512561306538 -36.70928057142857
      vertex -29.578702716102704 -54.579676020389705 -36.70928057142857
    endloop
  endfacet
  facet normal 0 0 -1
    outer loop
      vertex -26.815822845402913 -67.72903722278225 -36.70928057142857
      vertex -29.578702716102704 -54.579676020389705 -36.70928057142857
      vertex -29.572620241285822 -54.46361548700913 -36.70928057142857
    endloop
  endfacet
  facet normal 0 0 -1
    outer loop
      vertex -26.815822845402913 -67.72903722278225 -36.70928057142857
      vertex -29.5738372700314 -54.3474020508259 -36.70928057142857
      vertex -29.58234899928298 -54.23149435317976 -36.70928057142857
    endloop
  endfacet
  facet normal 0 0 -1
    outer loop
      vertex -26.815822845402913 -67.72903722278225 -36.70928057142857
      vertex -29.572620241285822 -54.46361548700913 -36.70928057142857
      vertex -29.5738372700314 -54.3474020508259 -36.70928057142857
    endloop
  endfacet
  facet normal 0 0 -1
    outer loop
      vertex -26.815822845402913 -67.72903722278225 -36.70928057142857
      vertex -29.58234899928298 -54.23149435317976 -36.70928057142857
      vertex -29.598121837133853 -54.11634982880013 -36.70928057142857
    endloop
  endfacet
  facet normal 0 0 -1
    outer loop
      vertex -26.815822845402913 -67.72903722278225 -36.70928057142857
      vertex -29.598121837133853 -54.11634982880013 -36.70928057142857
      vertex -29.621093535398938 -54.0024229005202 -36.70928057142857
    endloop
  endfacet
  facet normal 0 0 -1
    outer loop
      vertex -26.815822845402913 -67.72903722278225 -36.70928057142857
      vertex -29.621093535398938 -54.0024229005202 -36.70928057142857
      vertex -25.640394319229323 -40.402796477277946 -36.70928057142857
    endloop
  endfacet
  facet normal 0 0 -1
    outer loop
      vertex -26.815822845402913 -67.72903722278225 -36.70928057142857
      vertex -20.37439902406989 -43.297801889217084 -36.70928057142857
      vertex -22.510166510070878 -69.27916888711887 -36.70928057142857
    endloop
  endfacet
  facet normal 0 0 -1
    outer loop
      vertex -29.621093535398938 -54.0024229005202 -36.70928057142857
      vertex -29.65117343527996 -53.89016318587765 -36.70928057142857
      vertex -28.12671143927667 -38.71309710733015 -36.70928057142857
    endloop
  endfacet
  facet normal 0 0 -1
    outer loop
      vertex -29.65117343527996 -53.89016318587765 -36.70928057142857
      vertex -29.688242825154287 -53.780013722679556 -36.70928057142857
      vertex -28.12671143927667 -38.71309710733015 -36.70928057142857
    endloop
  endfacet
  facet normal 0 0 -1
    outer loop
      vertex -30.303706143218893 -52.951291661880155 -36.70928057142857
      vertex -30.3984401396141 -52.883967714911236 -36.70928057142857
      vertex -28.12671143927667 -38.71309710733015 -36.70928057142857
    endloop
  endfacet
  facet normal 0 0 -1
    outer loop
      vertex -30.21338638833259 -53.02443115726917 -36.70928057142857
      vertex -30.303706143218893 -52.951291661880155 -36.70928057142857
      vertex -28.12671143927667 -38.71309710733015 -36.70928057142857
    endloop
  endfacet
  facet normal 0 0 -1
    outer loop
      vertex -30.599639424222172 -52.767805253782 -36.70928057142857
      vertex -28.12671143927667 -38.71309710733015 -36.70928057142857
      vertex -30.497214505714286 -52.8227250132237 -36.70928057142857
    endloop
  endfacet
  facet normal 0 0 -1
    outer loop
      vertex -30.497214505714286 -52.8227250132237 -36.70928057142857
      vertex -28.12671143927667 -38.71309710733015 -36.70928057142857
      vertex -30.3984401396141 -52.883967714911236 -36.70928057142857
    endloop
  endfacet
  facet normal 0 0 -1
    outer loop
      vertex -30.924712837576045 -52.64302126164925 -36.70928057142857
      vertex -30.50202527914535 -36.87061482943143 -36.70928057142857
      vertex -30.813811209247906 -52.67777572528558 -36.70928057142857
    endloop
  endfacet
  facet normal 0 0 -1
    outer loop
      vertex -30.813811209247906 -52.67777572528558 -36.70928057142857
      vertex -30.50202527914535 -36.87061482943143 -36.70928057142857
      vertex -30.705310670777894 -52.71942517978619 -36.70928057142857
    endloop
  endfacet
  facet normal 0 0 -1
    outer loop
      vertex -30.599639424222172 -52.767805253782 -36.70928057142857
      vertex -30.705310670777894 -52.71942517978619 -36.70928057142857
      vertex -30.50202527914535 -36.87061482943143 -36.70928057142857
    endloop
  endfacet
  facet normal 0 0 -1
    outer loop
      vertex -29.732155409075474 -53.67240922053469 -36.70928057142857
      vertex -29.78273788413654 -53.56777434525318 -36.70928057142857
      vertex -28.12671143927667 -38.71309710733015 -36.70928057142857
    endloop
  endfacet
  facet normal 0 0 -1
    outer loop
      vertex -29.78273788413654 -53.56777434525318 -36.70928057142857
      vertex -29.83979062441735 -53.466522042884634 -36.70928057142857
      vertex -28.12671143927667 -38.71309710733015 -36.70928057142857
    endloop
  endfacet
  facet normal 0 0 -1
    outer loop
      vertex -29.903088468816936 -53.36905191000872 -36.70928057142857
      vertex -28.12671143927667 -38.71309710733015 -36.70928057142857
      vertex -29.83979062441735 -53.466522042884634 -36.70928057142857
    endloop
  endfacet
  facet normal 0 0 -1
    outer loop
      vertex -29.903088468816936 -53.36905191000872 -36.70928057142857
      vertex -29.972381609661483 -53.27574861671004 -36.70928057142857
      vertex -28.12671143927667 -38.71309710733015 -36.70928057142857
    endloop
  endfacet
  facet normal 0 0 -1
    outer loop
      vertex -30.047396578581107 -53.18698038846102 -36.70928057142857
      vertex -30.12783732576456 -53.10309755290423 -36.70928057142857
      vertex -28.12671143927667 -38.71309710733015 -36.70928057142857
    endloop
  endfacet
  facet normal 0 0 -1
    outer loop
      vertex -29.972381609661483 -53.27574861671004 -36.70928057142857
      vertex -30.047396578581107 -53.18698038846102 -36.70928057142857
      vertex -28.12671143927667 -38.71309710733015 -36.70928057142857
    endloop
  endfacet
  facet normal 0 0 -1
    outer loop
      vertex -30.21338638833259 -53.02443115726917 -36.70928057142857
      vertex -28.12671143927667 -38.71309710733015 -36.70928057142857
      vertex -30.12783732576456 -53.10309755290423 -36.70928057142857
    endloop
  endfacet
  facet normal 0 0 -1
    outer loop
      vertex -29.688242825154287 -53.780013722679556 -36.70928057142857
      vertex -29.732155409075474 -53.67240922053469 -36.70928057142857
      vertex -28.12671143927667 -38.71309710733015 -36.70928057142857
    endloop
  endfacet
  facet normal 0 0 -1
    outer loop
      vertex -30.599639424222172 -52.767805253782 -36.70928057142857
      vertex -30.50202527914535 -36.87061482943143 -36.70928057142857
      vertex -28.12671143927667 -38.71309710733015 -36.70928057142857
    endloop
  endfacet
  facet normal 0 0 -1
    outer loop
      vertex -29.621093535398938 -54.0024229005202 -36.70928057142857
      vertex -28.12671143927667 -38.71309710733015 -36.70928057142857
      vertex -25.640394319229323 -40.402796477277946 -36.70928057142857
    endloop
  endfacet
  facet normal 0 0 -1
    outer loop
      vertex -26.815822845402913 -67.72903722278225 -36.70928057142857
      vertex -25.640394319229323 -40.402796477277946 -36.70928057142857
      vertex -23.052886276785884 -41.93304446781187 -36.70928057142857
    endloop
  endfacet
  facet normal 0 0 -1
    outer loop
      vertex -26.815822845402913 -67.72903722278225 -36.70928057142857
      vertex -23.052886276785884 -41.93304446781187 -36.70928057142857
      vertex -20.37439902406989 -43.297801889217084 -36.70928057142857
    endloop
  endfacet
  facet normal 0 0 1
    outer loop
      vertex -42.81688108458369 -58.93238101578517 -30.70928057142857
      vertex -39.03199692926882 -61.50458563159828 -30.70928057142857
      vertex -36.41589968711866 -50.12218594704199 -30.70928057142857
    endloop
  endfacet
  facet normal 0 0 1
    outer loop
      vertex -35.0930713140973 -63.834059746695864 -30.70928057142857
      vertex -36.41589968711866 -50.12218594704199 -30.70928057142857
      vertex -39.03199692926882 -61.50458563159828 -30.70928057142857
    endloop
  endfacet
  facet normal 0 0 1
    outer loop
      vertex -42.81688108458369 -58.93238101578517 -30.70928057142857
      vertex -36.41589968711866 -50.12218594704199 -30.70928057142857
      vertex -39.49123932306677 -47.73670800191828 -30.70928057142857
    endloop
  endfacet
  facet normal 0 0 1
    outer loop
      vertex -35.0930713140973 -63.834059746695864 -30.70928057142857
      vertex -32.631042623095986 -55.82531286318067 -30.70928057142857
      vertex -32.71659168566401 -55.7466464675456 -30.70928057142857
    endloop
  endfacet
  facet normal 0 0 1
    outer loop
      vertex -35.0930713140973 -63.834059746695864 -30.70928057142857
      vertex -32.71659168566401 -55.7466464675456 -30.70928057142857
      vertex -32.797032432847466 -55.66276363198881 -30.70928057142857
    endloop
  endfacet
  facet normal 0 0 1
    outer loop
      vertex -35.0930713140973 -63.834059746695864 -30.70928057142857
      vertex -32.54072286820968 -55.89845235856968 -30.70928057142857
      vertex -32.631042623095986 -55.82531286318067 -30.70928057142857
    endloop
  endfacet
  facet normal 0 0 1
    outer loop
      vertex -35.0930713140973 -63.834059746695864 -30.70928057142857
      vertex -33.00463838701123 -55.383221977565206 -30.70928057142857
      vertex -33.061691127292036 -55.28196967519666 -30.70928057142857
    endloop
  endfacet
  facet normal 0 0 1
    outer loop
      vertex -35.0930713140973 -63.834059746695864 -30.70928057142857
      vertex -33.061691127292036 -55.28196967519666 -30.70928057142857
      vertex -33.1122736023531 -55.17733479991515 -30.70928057142857
    endloop
  endfacet
  facet normal 0 0 1
    outer loop
      vertex -35.0930713140973 -63.834059746695864 -30.70928057142857
      vertex -33.1122736023531 -55.17733479991515 -30.70928057142857
      vertex -33.15618618627429 -55.06973029777028 -30.70928057142857
    endloop
  endfacet
  facet normal 0 0 1
    outer loop
      vertex -35.0930713140973 -63.834059746695864 -30.70928057142857
      vertex -33.15618618627429 -55.06973029777028 -30.70928057142857
      vertex -33.19325557614861 -54.959580834572186 -30.70928057142857
    endloop
  endfacet
  facet normal 0 0 1
    outer loop
      vertex -35.0930713140973 -63.834059746695864 -30.70928057142857
      vertex -33.19325557614861 -54.959580834572186 -30.70928057142857
      vertex -33.22333547602963 -54.84732111992963 -30.70928057142857
    endloop
  endfacet
  facet normal 0 0 1
    outer loop
      vertex -35.0930713140973 -63.834059746695864 -30.70928057142857
      vertex -33.22333547602963 -54.84732111992963 -30.70928057142857
      vertex -33.24630717429472 -54.7333941916497 -30.70928057142857
    endloop
  endfacet
  facet normal 0 0 1
    outer loop
      vertex -35.0930713140973 -63.834059746695864 -30.70928057142857
      vertex -32.797032432847466 -55.66276363198881 -30.70928057142857
      vertex -32.87204740176709 -55.573995403739794 -30.70928057142857
    endloop
  endfacet
  facet normal 0 0 1
    outer loop
      vertex -35.0930713140973 -63.834059746695864 -30.70928057142857
      vertex -32.87204740176709 -55.573995403739794 -30.70928057142857
      vertex -32.94134054261164 -55.48069211044112 -30.70928057142857
    endloop
  endfacet
  facet normal 0 0 1
    outer loop
      vertex -35.0930713140973 -63.834059746695864 -30.70928057142857
      vertex -32.94134054261164 -55.48069211044112 -30.70928057142857
      vertex -33.00463838701123 -55.383221977565206 -30.70928057142857
    endloop
  endfacet
  facet normal 0 0 1
    outer loop
      vertex -35.0930713140973 -63.834059746695864 -30.70928057142857
      vertex -33.24630717429472 -54.7333941916497 -30.70928057142857
      vertex -33.26208001214559 -54.61824966727007 -30.70928057142857
    endloop
  endfacet
  facet normal 0 0 1
    outer loop
      vertex -35.0930713140973 -63.834059746695864 -30.70928057142857
      vertex -33.26208001214559 -54.61824966727007 -30.70928057142857
      vertex -33.270591741397176 -54.502341969623934 -30.70928057142857
    endloop
  endfacet
  facet normal 0 0 1
    outer loop
      vertex -31.015649378948268 -65.91160999098112 -30.70928057142857
      vertex -31.34474454631527 -56.273249245907806 -30.70928057142857
      vertex -31.4609579824985 -56.274466274653385 -30.70928057142857
    endloop
  endfacet
  facet normal 0 0 1
    outer loop
      vertex -31.015649378948268 -65.91160999098112 -30.70928057142857
      vertex -31.22883684866913 -56.26473751665623 -30.70928057142857
      vertex -31.34474454631527 -56.273249245907806 -30.70928057142857
    endloop
  endfacet
  facet normal 0 0 1
    outer loop
      vertex -31.015649378948268 -65.91160999098112 -30.70928057142857
      vertex -31.1136923242895 -56.24896467880535 -30.70928057142857
      vertex -31.22883684866913 -56.26473751665623 -30.70928057142857
    endloop
  endfacet
  facet normal 0 0 1
    outer loop
      vertex -31.015649378948268 -65.91160999098112 -30.70928057142857
      vertex -30.999765396009572 -56.22599298054026 -30.70928057142857
      vertex -31.1136923242895 -56.24896467880535 -30.70928057142857
    endloop
  endfacet
  facet normal 0 0 1
    outer loop
      vertex -31.015649378948268 -65.91160999098112 -30.70928057142857
      vertex -30.887505681367013 -56.19591308065924 -30.70928057142857
      vertex -30.999765396009572 -56.22599298054026 -30.70928057142857
    endloop
  endfacet
  facet normal 0 0 1
    outer loop
      vertex -31.015649378948268 -65.91160999098112 -30.70928057142857
      vertex -30.777356218168926 -56.15884369078491 -30.70928057142857
      vertex -30.887505681367013 -56.19591308065924 -30.70928057142857
    endloop
  endfacet
  facet normal 0 0 1
    outer loop
      vertex -35.0930713140973 -63.834059746695864 -30.70928057142857
      vertex -32.139118340650676 -56.13031884066364 -30.70928057142857
      vertex -32.244789587206405 -56.08193876666783 -30.70928057142857
    endloop
  endfacet
  facet normal 0 0 1
    outer loop
      vertex -35.0930713140973 -63.834059746695864 -30.70928057142857
      vertex -32.244789587206405 -56.08193876666783 -30.70928057142857
      vertex -32.347214505714284 -56.02701900722612 -30.70928057142857
    endloop
  endfacet
  facet normal 0 0 1
    outer loop
      vertex -35.0930713140973 -63.834059746695864 -30.70928057142857
      vertex -32.030617802180664 -56.17196829516426 -30.70928057142857
      vertex -32.139118340650676 -56.13031884066364 -30.70928057142857
    endloop
  endfacet
  facet normal 0 0 1
    outer loop
      vertex -35.0930713140973 -63.834059746695864 -30.70928057142857
      vertex -32.347214505714284 -56.02701900722612 -30.70928057142857
      vertex -32.44598887181447 -55.9657763055386 -30.70928057142857
    endloop
  endfacet
  facet normal 0 0 1
    outer loop
      vertex -35.0930713140973 -63.834059746695864 -30.70928057142857
      vertex -32.44598887181447 -55.9657763055386 -30.70928057142857
      vertex -32.54072286820968 -55.89845235856968 -30.70928057142857
    endloop
  endfacet
  facet normal 0 0 1
    outer loop
      vertex -35.0930713140973 -63.834059746695864 -30.70928057142857
      vertex -31.919716173852525 -56.20672275880058 -30.70928057142857
      vertex -32.030617802180664 -56.17196829516426 -30.70928057142857
    endloop
  endfacet
  facet normal 0 0 1
    outer loop
      vertex -35.0930713140973 -63.834059746695864 -30.70928057142857
      vertex -31.806851133727143 -56.234445071582456 -30.70928057142857
      vertex -31.919716173852525 -56.20672275880058 -30.70928057142857
    endloop
  endfacet
  facet normal 0 0 1
    outer loop
      vertex -35.0930713140973 -63.834059746695864 -30.70928057142857
      vertex -31.577018515879075 -56.268383799836506 -30.70928057142857
      vertex -31.69246810855475 -56.25502582620644 -30.70928057142857
    endloop
  endfacet
  facet normal 0 0 1
    outer loop
      vertex -35.0930713140973 -63.834059746695864 -30.70928057142857
      vertex -31.69246810855475 -56.25502582620644 -30.70928057142857
      vertex -31.806851133727143 -56.234445071582456 -30.70928057142857
    endloop
  endfacet
  facet normal 0 0 1
    outer loop
      vertex -35.0930713140973 -63.834059746695864 -30.70928057142857
      vertex -31.4609579824985 -56.274466274653385 -30.70928057142857
      vertex -31.577018515879075 -56.268383799836506 -30.70928057142857
    endloop
  endfacet
  facet normal 0 0 1
    outer loop
      vertex -35.0930713140973 -63.834059746695864 -30.70928057142857
      vertex -33.270591741397176 -54.502341969623934 -30.70928057142857
      vertex -36.41589968711866 -50.12218594704199 -30.70928057142857
    endloop
  endfacet
  facet normal 0 0 1
    outer loop
      vertex -33.270591741397176 -54.502341969623934 -30.70928057142857
      vertex -33.27180877014275 -54.386128533440704 -30.70928057142857
      vertex -36.41589968711866 -50.12218594704199 -30.70928057142857
    endloop
  endfacet
  facet normal 0 0 1
    outer loop
      vertex -33.27180877014275 -54.386128533440704 -30.70928057142857
      vertex -33.26572629532587 -54.270068000060135 -30.70928057142857
      vertex -36.41589968711866 -50.12218594704199 -30.70928057142857
    endloop
  endfacet
  facet normal 0 0 1
    outer loop
      vertex -33.26572629532587 -54.270068000060135 -30.70928057142857
      vertex -33.25236832169581 -54.154618407384454 -30.70928057142857
      vertex -36.41589968711866 -50.12218594704199 -30.70928057142857
    endloop
  endfacet
  facet normal 0 0 1
    outer loop
      vertex -33.25236832169581 -54.154618407384454 -30.70928057142857
      vertex -33.19684313194754 -52.30985452288134 -30.70928057142857
      vertex -36.41589968711866 -50.12218594704199 -30.70928057142857
    endloop
  endfacet
  facet normal 0 0 1
    outer loop
      vertex -33.25236832169581 -54.154618407384454 -30.70928057142857
      vertex -33.23178756707183 -54.04023538221206 -30.70928057142857
      vertex -33.19684313194754 -52.30985452288134 -30.70928057142857
    endloop
  endfacet
  facet normal 0 0 1
    outer loop
      vertex -33.23178756707183 -54.04023538221206 -30.70928057142857
      vertex -33.20406525428995 -53.927370342086675 -30.70928057142857
      vertex -33.19684313194754 -52.30985452288134 -30.70928057142857
    endloop
  endfacet
  facet normal 0 0 1
    outer loop
      vertex -33.169310790653626 -53.81646871375854 -30.70928057142857
      vertex -33.12766133615301 -53.70796817528853 -30.70928057142857
      vertex -33.19684313194754 -52.30985452288134 -30.70928057142857
    endloop
  endfacet
  facet normal 0 0 1
    outer loop
      vertex -33.20406525428995 -53.927370342086675 -30.70928057142857
      vertex -33.169310790653626 -53.81646871375854 -30.70928057142857
      vertex -33.19684313194754 -52.30985452288134 -30.70928057142857
    endloop
  endfacet
  facet normal 0 0 1
    outer loop
      vertex -33.0792812621572 -53.6022969287328 -30.70928057142857
      vertex -33.0243615027155 -53.49987201022492 -30.70928057142857
      vertex -33.19684313194754 -52.30985452288134 -30.70928057142857
    endloop
  endfacet
  facet normal 0 0 1
    outer loop
      vertex -33.12766133615301 -53.70796817528853 -30.70928057142857
      vertex -33.0792812621572 -53.6022969287328 -30.70928057142857
      vertex -33.19684313194754 -52.30985452288134 -30.70928057142857
    endloop
  endfacet
  facet normal 0 0 1
    outer loop
      vertex -33.0243615027155 -53.49987201022492 -30.70928057142857
      vertex -32.963118801027974 -53.40109764412473 -30.70928057142857
      vertex -33.19684313194754 -52.30985452288134 -30.70928057142857
    endloop
  endfacet
  facet normal 0 0 1
    outer loop
      vertex -32.963118801027974 -53.40109764412473 -30.70928057142857
      vertex -32.89579485405905 -53.306363647729526 -30.70928057142857
      vertex -33.19684313194754 -52.30985452288134 -30.70928057142857
    endloop
  endfacet
  facet normal 0 0 1
    outer loop
      vertex -32.89579485405905 -53.306363647729526 -30.70928057142857
      vertex -32.82265535867003 -53.21604389284322 -30.70928057142857
      vertex -33.19684313194754 -52.30985452288134 -30.70928057142857
    endloop
  endfacet
  facet normal 0 0 1
    outer loop
      vertex -32.74398896303497 -53.1304948302752 -30.70928057142857
      vertex -32.66010612747817 -53.05005408309174 -30.70928057142857
      vertex -33.19684313194754 -52.30985452288134 -30.70928057142857
    endloop
  endfacet
  facet normal 0 0 1
    outer loop
      vertex -32.82265535867003 -53.21604389284322 -30.70928057142857
      vertex -32.74398896303497 -53.1304948302752 -30.70928057142857
      vertex -33.19684313194754 -52.30985452288134 -30.70928057142857
    endloop
  endfacet
  facet normal 0 0 1
    outer loop
      vertex -32.66010612747817 -53.05005408309174 -30.70928057142857
      vertex -32.571337899229164 -52.97503911417211 -30.70928057142857
      vertex -33.19684313194754 -52.30985452288134 -30.70928057142857
    endloop
  endfacet
  facet normal 0 0 1
    outer loop
      vertex -32.571337899229164 -52.97503911417211 -30.70928057142857
      vertex -32.47803460593048 -52.90574597332756 -30.70928057142857
      vertex -33.19684313194754 -52.30985452288134 -30.70928057142857
    endloop
  endfacet
  facet normal 0 0 1
    outer loop
      vertex -32.47803460593048 -52.90574597332756 -30.70928057142857
      vertex -32.38056447305458 -52.84244812892798 -30.70928057142857
      vertex -33.19684313194754 -52.30985452288134 -30.70928057142857
    endloop
  endfacet
  facet normal 0 0 1
    outer loop
      vertex -32.38056447305458 -52.84244812892798 -30.70928057142857
      vertex -32.33740136457098 -52.818126967231684 -30.70928057142857
      vertex -33.19684313194754 -52.30985452288134 -30.70928057142857
    endloop
  endfacet
  facet normal 0 0 1
    outer loop
      vertex -26.815822845402913 -67.72903722278225 -30.70928057142857
      vertex -30.669751716024056 -56.11493110686373 -30.70928057142857
      vertex -30.777356218168926 -56.15884369078491 -30.70928057142857
    endloop
  endfacet
  facet normal 0 0 1
    outer loop
      vertex -26.815822845402913 -67.72903722278225 -30.70928057142857
      vertex -30.565116840742544 -56.064348631802666 -30.70928057142857
      vertex -30.669751716024056 -56.11493110686373 -30.70928057142857
    endloop
  endfacet
  facet normal 0 0 1
    outer loop
      vertex -26.815822845402913 -67.72903722278225 -30.70928057142857
      vertex -30.463864538373993 -56.007295891521856 -30.70928057142857
      vertex -30.565116840742544 -56.064348631802666 -30.70928057142857
    endloop
  endfacet
  facet normal 0 0 1
    outer loop
      vertex -26.815822845402913 -67.72903722278225 -30.70928057142857
      vertex -30.36639440549809 -55.94399804712228 -30.70928057142857
      vertex -30.463864538373993 -56.007295891521856 -30.70928057142857
    endloop
  endfacet
  facet normal 0 0 1
    outer loop
      vertex -26.815822845402913 -67.72903722278225 -30.70928057142857
      vertex -30.273091112199413 -55.87470490627772 -30.70928057142857
      vertex -30.36639440549809 -55.94399804712228 -30.70928057142857
    endloop
  endfacet
  facet normal 0 0 1
    outer loop
      vertex -26.815822845402913 -67.72903722278225 -30.70928057142857
      vertex -30.1843228839504 -55.799689937358096 -30.70928057142857
      vertex -30.273091112199413 -55.87470490627772 -30.70928057142857
    endloop
  endfacet
  facet normal 0 0 1
    outer loop
      vertex -26.815822845402913 -67.72903722278225 -30.70928057142857
      vertex -30.1004400483936 -55.71924919017464 -30.70928057142857
      vertex -30.1843228839504 -55.799689937358096 -30.70928057142857
    endloop
  endfacet
  facet normal 0 0 1
    outer loop
      vertex -26.815822845402913 -67.72903722278225 -30.70928057142857
      vertex -30.021773652758537 -55.633700127606616 -30.70928057142857
      vertex -30.1004400483936 -55.71924919017464 -30.70928057142857
    endloop
  endfacet
  facet normal 0 0 1
    outer loop
      vertex -26.815822845402913 -67.72903722278225 -30.70928057142857
      vertex -29.948634157369526 -55.54338037272031 -30.70928057142857
      vertex -30.021773652758537 -55.633700127606616 -30.70928057142857
    endloop
  endfacet
  facet normal 0 0 1
    outer loop
      vertex -26.815822845402913 -67.72903722278225 -30.70928057142857
      vertex -29.881310210400603 -55.4486463763251 -30.70928057142857
      vertex -29.948634157369526 -55.54338037272031 -30.70928057142857
    endloop
  endfacet
  facet normal 0 0 1
    outer loop
      vertex -26.815822845402913 -67.72903722278225 -30.70928057142857
      vertex -29.820067508713077 -55.349872010224914 -30.70928057142857
      vertex -29.881310210400603 -55.4486463763251 -30.70928057142857
    endloop
  endfacet
  facet normal 0 0 1
    outer loop
      vertex -26.815822845402913 -67.72903722278225 -30.70928057142857
      vertex -29.765147749271375 -55.247447091717035 -30.70928057142857
      vertex -29.820067508713077 -55.349872010224914 -30.70928057142857
    endloop
  endfacet
  facet normal 0 0 1
    outer loop
      vertex -26.815822845402913 -67.72903722278225 -30.70928057142857
      vertex -29.716767675275563 -55.141775845161305 -30.70928057142857
      vertex -29.765147749271375 -55.247447091717035 -30.70928057142857
    endloop
  endfacet
  facet normal 0 0 1
    outer loop
      vertex -26.815822845402913 -67.72903722278225 -30.70928057142857
      vertex -29.675118220774944 -55.033275306691294 -30.70928057142857
      vertex -29.716767675275563 -55.141775845161305 -30.70928057142857
    endloop
  endfacet
  facet normal 0 0 1
    outer loop
      vertex -26.815822845402913 -67.72903722278225 -30.70928057142857
      vertex -29.640363757138623 -54.92237367836316 -30.70928057142857
      vertex -29.675118220774944 -55.033275306691294 -30.70928057142857
    endloop
  endfacet
  facet normal 0 0 1
    outer loop
      vertex -26.815822845402913 -67.72903722278225 -30.70928057142857
      vertex -29.612641444356747 -54.80950863823777 -30.70928057142857
      vertex -29.640363757138623 -54.92237367836316 -30.70928057142857
    endloop
  endfacet
  facet normal 0 0 1
    outer loop
      vertex -26.815822845402913 -67.72903722278225 -30.70928057142857
      vertex -29.592060689732758 -54.69512561306538 -30.70928057142857
      vertex -29.612641444356747 -54.80950863823777 -30.70928057142857
    endloop
  endfacet
  facet normal 0 0 1
    outer loop
      vertex -26.815822845402913 -67.72903722278225 -30.70928057142857
      vertex -29.578702716102704 -54.579676020389705 -30.70928057142857
      vertex -29.592060689732758 -54.69512561306538 -30.70928057142857
    endloop
  endfacet
  facet normal 0 0 1
    outer loop
      vertex -26.815822845402913 -67.72903722278225 -30.70928057142857
      vertex -29.572620241285822 -54.46361548700913 -30.70928057142857
      vertex -29.578702716102704 -54.579676020389705 -30.70928057142857
    endloop
  endfacet
  facet normal 0 0 1
    outer loop
      vertex -26.815822845402913 -67.72903722278225 -30.70928057142857
      vertex -26.37891289380463 -56.058043389626164 -30.70928057142857
      vertex -29.572620241285822 -54.46361548700913 -30.70928057142857
    endloop
  endfacet
  facet normal 0 0 1
    outer loop
      vertex -29.572620241285822 -54.46361548700913 -30.70928057142857
      vertex -26.37891289380463 -56.058043389626164 -30.70928057142857
      vertex -29.572966075003972 -54.43059200676647 -30.70928057142857
    endloop
  endfacet
  facet normal 0 0 1
    outer loop
      vertex -26.815822845402913 -67.72903722278225 -30.70928057142857
      vertex -22.80694646666677 -57.603771291459196 -30.70928057142857
      vertex -26.37891289380463 -56.058043389626164 -30.70928057142857
    endloop
  endfacet
  facet normal -0.15643446504023056 -0.9876883405951378 0
    outer loop
      vertex -13.649684868407997 -71.5541539045373 -36.70928057142857
      vertex -9.129827835147744 -72.27002893109714 -36.70928057142857
      vertex -9.129827835147744 -72.27002893109714 -30.70928057142857
    endloop
  endfacet
  facet normal -0.27899110603922883 -0.9602936856769432 0
    outer loop
      vertex -22.510166510070878 -69.27916888711887 -36.70928057142857
      vertex -18.115672831440452 -70.55588732249964 -36.70928057142857
      vertex -18.115672831440452 -70.55588732249964 -30.70928057142857
    endloop
  endfacet
  facet normal -0.21814324139654467 -0.975916761938747 0
    outer loop
      vertex -18.115672831440452 -70.55588732249964 -36.70928057142857
      vertex -13.649684868407997 -71.5541539045373 -36.70928057142857
      vertex -13.649684868407997 -71.5541539045373 -30.70928057142857
    endloop
  endfacet
  facet normal 0 0 -1
    outer loop
      vertex -18.115672831440452 -70.55588732249964 -36.70928057142857
      vertex -11.900313365929136 -46.348660453378784 -36.70928057142857
      vertex -13.649684868407997 -71.5541539045373 -36.70928057142857
    endloop
  endfacet
  facet normal 0 0 -1
    outer loop
      vertex -13.649684868407997 -71.5541539045373 -36.70928057142857
      vertex -8.966574346514097 -47.00442881812676 -36.70928057142857
      vertex -9.129827835147744 -72.27002893109714 -36.70928057142857
    endloop
  endfacet
  facet normal -0.21814324139654467 -0.975916761938747 0
    outer loop
      vertex -18.115672831440452 -70.55588732249964 -36.70928057142857
      vertex -13.649684868407997 -71.5541539045373 -30.70928057142857
      vertex -18.115672831440452 -70.55588732249964 -30.70928057142857
    endloop
  endfacet
  facet normal -0.15643446504023056 -0.9876883405951378 0
    outer loop
      vertex -13.649684868407997 -71.5541539045373 -36.70928057142857
      vertex -9.129827835147744 -72.27002893109714 -30.70928057142857
      vertex -13.649684868407997 -71.5541539045373 -30.70928057142857
    endloop
  endfacet
  facet normal -0.09410831331851338 -0.9955619646030801 0
    outer loop
      vertex -9.129827835147744 -72.27002893109714 -36.70928057142857
      vertex -4.573939542443816 -72.70068717050152 -36.70928057142857
      vertex -4.573939542443816 -72.70068717050152 -30.70928057142857
    endloop
  endfacet
  facet normal -0.03141075907812961 -0.9995065603657315 0
    outer loop
      vertex -4.573939542443816 -72.70068717050152 -36.70928057142857
      vertex 0 -72.84442901142857 -36.70928057142857
      vertex 0 -72.84442901142857 -30.70928057142857
    endloop
  endfacet
  facet normal -0.09410831331851338 -0.9955619646030801 0
    outer loop
      vertex -9.129827835147744 -72.27002893109714 -36.70928057142857
      vertex -4.573939542443816 -72.70068717050152 -30.70928057142857
      vertex -9.129827835147744 -72.27002893109714 -30.70928057142857
    endloop
  endfacet
  facet normal -0.03141075907812961 -0.9995065603657315 0
    outer loop
      vertex -4.573939542443816 -72.70068717050152 -36.70928057142857
      vertex 0 -72.84442901142857 -30.70928057142857
      vertex -4.573939542443816 -72.70068717050152 -30.70928057142857
    endloop
  endfacet
  facet normal 0 0 -1
    outer loop
      vertex -9.129827835147744 -72.27002893109714 -36.70928057142857
      vertex -3.0046531739869073 -47.757594614196826 -36.70928057142857
      vertex -4.573939542443816 -72.70068717050152 -36.70928057142857
    endloop
  endfacet
  facet normal 0 0 -1
    outer loop
      vertex -4.573939542443816 -72.70068717050152 -36.70928057142857
      vertex -3.0046531739869073 -47.757594614196826 -36.70928057142857
      vertex 0 -72.84442901142857 -36.70928057142857
    endloop
  endfacet
  facet normal 0 0 1
    outer loop
      vertex -22.510166510070878 -69.27916888711887 -30.70928057142857
      vertex -18.115672831440452 -70.55588732249964 -30.70928057142857
      vertex -15.407439960215184 -60.00801669780886 -30.70928057142857
    endloop
  endfacet
  facet normal 0 0 1
    outer loop
      vertex -22.510166510070878 -69.27916888711887 -30.70928057142857
      vertex -15.407439960215184 -60.00801669780886 -30.70928057142857
      vertex -19.1449714413277 -58.922163424664646 -30.70928057142857
    endloop
  endfacet
  facet normal 0 0 1
    outer loop
      vertex -18.115672831440452 -70.55588732249964 -30.70928057142857
      vertex -13.649684868407997 -71.5541539045373 -30.70928057142857
      vertex -11.609102352569453 -60.85704574410188 -30.70928057142857
    endloop
  endfacet
  facet normal 0 0 1
    outer loop
      vertex -18.115672831440452 -70.55588732249964 -30.70928057142857
      vertex -11.609102352569453 -60.85704574410188 -30.70928057142857
      vertex -15.407439960215184 -60.00801669780886 -30.70928057142857
    endloop
  endfacet
  facet normal 0 0 1
    outer loop
      vertex -13.649684868407997 -71.5541539045373 -30.70928057142857
      vertex -7.764948921632473 -61.46589983378247 -30.70928057142857
      vertex -11.609102352569453 -60.85704574410188 -30.70928057142857
    endloop
  endfacet
  facet normal 0 0 1
    outer loop
      vertex -13.649684868407997 -71.5541539045373 -30.70928057142857
      vertex -9.129827835147744 -72.27002893109714 -30.70928057142857
      vertex -7.764948921632473 -61.46589983378247 -30.70928057142857
    endloop
  endfacet
  facet normal 0 0 1
    outer loop
      vertex -9.129827835147744 -72.27002893109714 -30.70928057142857
      vertex -4.573939542443816 -72.70068717050152 -30.70928057142857
      vertex -3.890150784769589 -61.83217609791765 -30.70928057142857
    endloop
  endfacet
  facet normal 0 0 1
    outer loop
      vertex -9.129827835147744 -72.27002893109714 -30.70928057142857
      vertex -3.890150784769589 -61.83217609791765 -30.70928057142857
      vertex -7.764948921632473 -61.46589983378247 -30.70928057142857
    endloop
  endfacet
  facet normal 0 0 1
    outer loop
      vertex -4.573939542443816 -72.70068717050152 -30.70928057142857
      vertex 0 -72.84442901142857 -30.70928057142857
      vertex 0 -61.95442901142857 -30.70928057142857
    endloop
  endfacet
  facet normal 0 0 1
    outer loop
      vertex -4.573939542443816 -72.70068717050152 -30.70928057142857
      vertex 0 -61.95442901142857 -30.70928057142857
      vertex -3.890150784769589 -61.83217609791765 -30.70928057142857
    endloop
  endfacet
  facet normal 0 0 -1
    outer loop
      vertex -22.510166510070878 -69.27916888711887 -36.70928057142857
      vertex -17.61550332658342 -44.49168266744965 -36.70928057142857
      vertex -18.115672831440452 -70.55588732249964 -36.70928057142857
    endloop
  endfacet
  facet normal 0 0 -1
    outer loop
      vertex -22.510166510070878 -69.27916888711887 -36.70928057142857
      vertex -20.37439902406989 -43.297801889217084 -36.70928057142857
      vertex -17.61550332658342 -44.49168266744965 -36.70928057142857
    endloop
  endfacet
  facet normal 0 0 -1
    outer loop
      vertex -18.115672831440452 -70.55588732249964 -36.70928057142857
      vertex -17.61550332658342 -44.49168266744965 -36.70928057142857
      vertex -14.78708728522488 -45.509975100510125 -36.70928057142857
    endloop
  endfacet
  facet normal 0 0 -1
    outer loop
      vertex -18.115672831440452 -70.55588732249964 -36.70928057142857
      vertex -14.78708728522488 -45.509975100510125 -36.70928057142857
      vertex -11.900313365929136 -46.348660453378784 -36.70928057142857
    endloop
  endfacet
  facet normal 0 0 -1
    outer loop
      vertex -13.649684868407997 -71.5541539045373 -36.70928057142857
      vertex -11.900313365929136 -46.348660453378784 -36.70928057142857
      vertex -8.966574346514097 -47.00442881812676 -36.70928057142857
    endloop
  endfacet
  facet normal 0 0 -1
    outer loop
      vertex -9.129827835147744 -72.27002893109714 -36.70928057142857
      vertex -8.966574346514097 -47.00442881812676 -36.70928057142857
      vertex -5.997448354591505 -47.47469217661046 -36.70928057142857
    endloop
  endfacet
  facet normal 0 0 -1
    outer loop
      vertex -9.129827835147744 -72.27002893109714 -36.70928057142857
      vertex -5.997448354591505 -47.47469217661046 -36.70928057142857
      vertex -3.0046531739869073 -47.757594614196826 -36.70928057142857
    endloop
  endfacet
  facet normal 0 0 -1
    outer loop
      vertex 0 -72.84442901142857 -36.70928057142857
      vertex -3.0046531739869073 -47.757594614196826 -36.70928057142857
      vertex 0 -47.852019644210536 -36.70928057142857
    endloop
  endfacet
  facet normal 0 0 -1
    outer loop
      vertex -42.81688108458369 -58.93238101578517 -36.70928057142857
      vertex -40.402796477277946 -25.640394319229323 -36.70928057142857
      vertex -38.71309710733015 -28.12671143927667 -36.70928057142857
    endloop
  endfacet
  facet normal 0 0 -1
    outer loop
      vertex -39.03199692926882 -61.50458563159828 -36.70928057142857
      vertex -38.71309710733015 -28.12671143927667 -36.70928057142857
      vertex -36.87061482943143 -30.50202527914535 -36.70928057142857
    endloop
  endfacet
  facet normal 0 0 -1
    outer loop
      vertex -72.70068717050152 -4.573939542443781 -36.70928057142857
      vertex -72.84442901142857 0 -36.70928057142857
      vertex -72.70068717050152 4.573939542443781 -36.70928057142857
    endloop
  endfacet
  facet normal 0 0 -1
    outer loop
      vertex -72.70068717050152 -4.573939542443781 -36.70928057142857
      vertex -72.70068717050152 4.573939542443781 -36.70928057142857
      vertex -72.27002893109714 9.129827835147744 -36.70928057142857
    endloop
  endfacet
  facet normal 0 0 -1
    outer loop
      vertex -72.27002893109714 -9.129827835147744 -36.70928057142857
      vertex -72.27002893109714 9.129827835147744 -36.70928057142857
      vertex -71.5541539045373 13.649684868407997 -36.70928057142857
    endloop
  endfacet
  facet normal -0.9995065603657315 0.03141075907812985 0
    outer loop
      vertex -72.84442901142857 0 -36.70928057142857
      vertex -72.70068717050152 4.573939542443781 -30.70928057142857
      vertex -72.70068717050152 4.573939542443781 -36.70928057142857
    endloop
  endfacet
  facet normal -0.9955619646030801 0.09410831331851266 0
    outer loop
      vertex -72.70068717050152 4.573939542443781 -36.70928057142857
      vertex -72.27002893109714 9.129827835147744 -30.70928057142857
      vertex -72.27002893109714 9.129827835147744 -36.70928057142857
    endloop
  endfacet
  facet normal -0.9995065603657315 0.03141075907812985 0
    outer loop
      vertex -72.84442901142857 0 -36.70928057142857
      vertex -72.84442901142857 0 -30.70928057142857
      vertex -72.70068717050152 4.573939542443781 -30.70928057142857
    endloop
  endfacet
  facet normal -0.9955619646030801 0.09410831331851266 0
    outer loop
      vertex -72.70068717050152 4.573939542443781 -36.70928057142857
      vertex -72.70068717050152 4.573939542443781 -30.70928057142857
      vertex -72.27002893109714 9.129827835147744 -30.70928057142857
    endloop
  endfacet
  facet normal -0.9876883405951378 0.15643446504023056 0
    outer loop
      vertex -72.27002893109714 9.129827835147744 -36.70928057142857
      vertex -72.27002893109714 9.129827835147744 -30.70928057142857
      vertex -71.5541539045373 13.649684868407997 -30.70928057142857
    endloop
  endfacet
  facet normal 0 0 -1
    outer loop
      vertex -71.5541539045373 -13.649684868407997 -36.70928057142857
      vertex -71.5541539045373 13.649684868407997 -36.70928057142857
      vertex -70.55588732249964 18.115672831440452 -36.70928057142857
    endloop
  endfacet
  facet normal 0 0 -1
    outer loop
      vertex -70.55588732249964 -18.115672831440452 -36.70928057142857
      vertex -70.55588732249964 18.115672831440452 -36.70928057142857
      vertex -69.27916888711887 22.510166510070878 -36.70928057142857
    endloop
  endfacet
  facet normal 0 0 -1
    outer loop
      vertex -69.27916888711887 -22.510166510070878 -36.70928057142857
      vertex -69.27916888711887 22.510166510070878 -36.70928057142857
      vertex -67.72903722278225 26.815822845402913 -36.70928057142857
    endloop
  endfacet
  facet normal 0 0 -1
    outer loop
      vertex -67.72903722278225 -26.815822845402913 -36.70928057142857
      vertex -67.72903722278225 26.815822845402913 -36.70928057142857
      vertex -65.91160999098112 31.015649378948268 -36.70928057142857
    endloop
  endfacet
  facet normal -0.9876883405951378 0.15643446504023056 0
    outer loop
      vertex -72.27002893109714 9.129827835147744 -36.70928057142857
      vertex -71.5541539045373 13.649684868407997 -30.70928057142857
      vertex -71.5541539045373 13.649684868407997 -36.70928057142857
    endloop
  endfacet
  facet normal -0.975916761938747 0.21814324139654467 0
    outer loop
      vertex -71.5541539045373 13.649684868407997 -36.70928057142857
      vertex -70.55588732249964 18.115672831440452 -30.70928057142857
      vertex -70.55588732249964 18.115672831440452 -36.70928057142857
    endloop
  endfacet
  facet normal 0 0 -1
    outer loop
      vertex -65.91160999098112 -31.015649378948268 -36.70928057142857
      vertex -65.91160999098112 31.015649378948268 -36.70928057142857
      vertex -63.834059746695864 35.0930713140973 -36.70928057142857
    endloop
  endfacet
  facet normal 0 0 -1
    outer loop
      vertex -63.834059746695864 -35.0930713140973 -36.70928057142857
      vertex -63.834059746695864 35.0930713140973 -36.70928057142857
      vertex -61.50458563159828 39.03199692926882 -36.70928057142857
    endloop
  endfacet
  facet normal -0.975916761938747 0.21814324139654467 0
    outer loop
      vertex -71.5541539045373 13.649684868407997 -36.70928057142857
      vertex -71.5541539045373 13.649684868407997 -30.70928057142857
      vertex -70.55588732249964 18.115672831440452 -30.70928057142857
    endloop
  endfacet
  facet normal -0.9602936856769432 0.27899110603922883 0
    outer loop
      vertex -70.55588732249964 18.115672831440452 -36.70928057142857
      vertex -70.55588732249964 18.115672831440452 -30.70928057142857
      vertex -69.27916888711887 22.510166510070878 -30.70928057142857
    endloop
  endfacet
  facet normal 0 0 1
    outer loop
      vertex -72.70068717050152 -4.573939542443781 -30.70928057142857
      vertex -72.70068717050152 4.573939542443781 -30.70928057142857
      vertex -72.84442901142857 0 -30.70928057142857
    endloop
  endfacet
  facet normal 0 0 1
    outer loop
      vertex -72.27002893109714 -9.129827835147744 -30.70928057142857
      vertex -72.27002893109714 9.129827835147744 -30.70928057142857
      vertex -72.70068717050152 4.573939542443781 -30.70928057142857
    endloop
  endfacet
  facet normal 0 0 1
    outer loop
      vertex -71.5541539045373 -13.649684868407997 -30.70928057142857
      vertex -71.5541539045373 13.649684868407997 -30.70928057142857
      vertex -72.27002893109714 9.129827835147744 -30.70928057142857
    endloop
  endfacet
  facet normal 0 0 1
    outer loop
      vertex -70.55588732249964 -18.115672831440452 -30.70928057142857
      vertex -70.55588732249964 18.115672831440452 -30.70928057142857
      vertex -71.5541539045373 13.649684868407997 -30.70928057142857
    endloop
  endfacet
  facet normal 0 0 1
    outer loop
      vertex -69.27916888711887 -22.510166510070878 -30.70928057142857
      vertex -69.27916888711887 22.510166510070878 -30.70928057142857
      vertex -70.55588732249964 18.115672831440452 -30.70928057142857
    endloop
  endfacet
  facet normal 0 0 1
    outer loop
      vertex -67.72903722278225 -26.815822845402913 -30.70928057142857
      vertex -67.72903722278225 26.815822845402913 -30.70928057142857
      vertex -69.27916888711887 22.510166510070878 -30.70928057142857
    endloop
  endfacet
  facet normal 0 0 1
    outer loop
      vertex -65.91160999098112 -31.015649378948268 -30.70928057142857
      vertex -65.91160999098112 31.015649378948268 -30.70928057142857
      vertex -67.72903722278225 26.815822845402913 -30.70928057142857
    endloop
  endfacet
  facet normal 0 0 1
    outer loop
      vertex -63.834059746695864 -35.0930713140973 -30.70928057142857
      vertex -63.834059746695864 35.0930713140973 -30.70928057142857
      vertex -65.91160999098112 31.015649378948268 -30.70928057142857
    endloop
  endfacet
  facet normal 0 0 1
    outer loop
      vertex -61.83217609791766 -3.890150784769559 -30.70928057142857
      vertex -61.95442901142857 0 -30.70928057142857
      vertex -63.834059746695864 35.0930713140973 -30.70928057142857
    endloop
  endfacet
  facet normal 0 0 1
    outer loop
      vertex -61.95442901142857 0 -30.70928057142857
      vertex -61.83217609791766 3.890150784769559 -30.70928057142857
      vertex -63.834059746695864 35.0930713140973 -30.70928057142857
    endloop
  endfacet
  facet normal -0.9602936856769432 0.27899110603922883 0
    outer loop
      vertex -70.55588732249964 18.115672831440452 -36.70928057142857
      vertex -69.27916888711887 22.510166510070878 -30.70928057142857
      vertex -69.27916888711887 22.510166510070878 -36.70928057142857
    endloop
  endfacet
  facet normal -0.9408807689542259 0.3387379202452902 0
    outer loop
      vertex -69.27916888711887 22.510166510070878 -36.70928057142857
      vertex -67.72903722278225 26.815822845402913 -30.70928057142857
      vertex -67.72903722278225 26.815822845402913 -36.70928057142857
    endloop
  endfacet
  facet normal -0.9177546256839809 0.3971478906347812 0
    outer loop
      vertex -67.72903722278225 26.815822845402913 -36.70928057142857
      vertex -65.91160999098112 31.015649378948268 -30.70928057142857
      vertex -65.91160999098112 31.015649378948268 -36.70928057142857
    endloop
  endfacet
  facet normal -0.9408807689542259 0.3387379202452902 0
    outer loop
      vertex -69.27916888711887 22.510166510070878 -36.70928057142857
      vertex -69.27916888711887 22.510166510070878 -30.70928057142857
      vertex -67.72903722278225 26.815822845402913 -30.70928057142857
    endloop
  endfacet
  facet normal -0.9177546256839809 0.3971478906347812 0
    outer loop
      vertex -67.72903722278225 26.815822845402913 -36.70928057142857
      vertex -67.72903722278225 26.815822845402913 -30.70928057142857
      vertex -65.91160999098112 31.015649378948268 -30.70928057142857
    endloop
  endfacet
  facet normal -0.8910065241883678 0.4539904997395469 0
    outer loop
      vertex -65.91160999098112 31.015649378948268 -36.70928057142857
      vertex -63.834059746695864 35.0930713140973 -30.70928057142857
      vertex -63.834059746695864 35.0930713140973 -36.70928057142857
    endloop
  endfacet
  facet normal -0.8607420270039438 0.5090414157503709 0
    outer loop
      vertex -63.834059746695864 35.0930713140973 -36.70928057142857
      vertex -61.50458563159828 39.03199692926882 -30.70928057142857
      vertex -61.50458563159828 39.03199692926882 -36.70928057142857
    endloop
  endfacet
  facet normal -0.8910065241883678 0.4539904997395469 0
    outer loop
      vertex -65.91160999098112 31.015649378948268 -36.70928057142857
      vertex -65.91160999098112 31.015649378948268 -30.70928057142857
      vertex -63.834059746695864 35.0930713140973 -30.70928057142857
    endloop
  endfacet
  facet normal -0.8607420270039438 0.5090414157503709 0
    outer loop
      vertex -63.834059746695864 35.0930713140973 -36.70928057142857
      vertex -63.834059746695864 35.0930713140973 -30.70928057142857
      vertex -61.50458563159828 39.03199692926882 -30.70928057142857
    endloop
  endfacet
  facet normal 0 0 1
    outer loop
      vertex -61.83217609791766 3.890150784769559 -30.70928057142857
      vertex -61.50458563159828 39.03199692926882 -30.70928057142857
      vertex -63.834059746695864 35.0930713140973 -30.70928057142857
    endloop
  endfacet
  facet normal 0 0 -1
    outer loop
      vertex -61.50458563159828 -39.03199692926882 -36.70928057142857
      vertex -61.50458563159828 39.03199692926882 -36.70928057142857
      vertex -58.93238101578517 42.81688108458369 -36.70928057142857
    endloop
  endfacet
  facet normal 0 0 -1
    outer loop
      vertex -58.93238101578517 -42.81688108458369 -36.70928057142857
      vertex -58.93238101578517 42.81688108458369 -36.70928057142857
      vertex -56.12759721574662 46.43278657143 -36.70928057142857
    endloop
  endfacet
  facet normal 0 0 -1
    outer loop
      vertex -56.12759721574662 -46.43278657143 -36.70928057142857
      vertex -56.12759721574662 46.43278657143 -36.70928057142857
      vertex -53.10130343175754 49.865443062801226 -36.70928057142857
    endloop
  endfacet
  facet normal 0 0 -1
    outer loop
      vertex -53.10130343175754 -49.865443062801226 -36.70928057142857
      vertex -53.10130343175754 49.865443062801226 -36.70928057142857
      vertex -49.865443062801226 53.10130343175754 -36.70928057142857
    endloop
  endfacet
  facet normal 0 0 -1
    outer loop
      vertex -49.865443062801226 -53.10130343175754 -36.70928057142857
      vertex -46.43278657143 56.12759721574662 -36.70928057142857
      vertex -47.757594614196826 3.004653173986884 -36.70928057142857
    endloop
  endfacet
  facet normal 0 0 -1
    outer loop
      vertex -49.865443062801226 -53.10130343175754 -36.70928057142857
      vertex -49.865443062801226 53.10130343175754 -36.70928057142857
      vertex -46.43278657143 56.12759721574662 -36.70928057142857
    endloop
  endfacet
  facet normal 0 0 1
    outer loop
      vertex -61.83217609791766 3.890150784769559 -30.70928057142857
      vertex -61.46589983378248 7.764948921632473 -30.70928057142857
      vertex -61.50458563159828 39.03199692926882 -30.70928057142857
    endloop
  endfacet
  facet normal 0 0 1
    outer loop
      vertex -61.46589983378248 7.764948921632473 -30.70928057142857
      vertex -60.857045744101875 11.609102352569453 -30.70928057142857
      vertex -61.50458563159828 39.03199692926882 -30.70928057142857
    endloop
  endfacet
  facet normal -0.827080574274562 0.5620833778521304 0
    outer loop
      vertex -61.50458563159828 39.03199692926882 -36.70928057142857
      vertex -61.50458563159828 39.03199692926882 -30.70928057142857
      vertex -58.93238101578517 42.81688108458369 -30.70928057142857
    endloop
  endfacet
  facet normal 0 0 -1
    outer loop
      vertex -46.43278657143 56.12759721574662 -36.70928057142857
      vertex -47.47469217661046 5.997448354591505 -36.70928057142857
      vertex -47.757594614196826 3.004653173986884 -36.70928057142857
    endloop
  endfacet
  facet normal 0 0 -1
    outer loop
      vertex -46.43278657143 56.12759721574662 -36.70928057142857
      vertex -47.00442881812676 8.966574346514097 -36.70928057142857
      vertex -47.47469217661046 5.997448354591505 -36.70928057142857
    endloop
  endfacet
  facet normal 0 0 -1
    outer loop
      vertex -46.43278657143 56.12759721574662 -36.70928057142857
      vertex -46.348660453378784 11.900313365929136 -36.70928057142857
      vertex -47.00442881812676 8.966574346514097 -36.70928057142857
    endloop
  endfacet
  facet normal 0 0 -1
    outer loop
      vertex -46.43278657143 56.12759721574662 -36.70928057142857
      vertex -45.509975100510125 14.78708728522488 -36.70928057142857
      vertex -46.348660453378784 11.900313365929136 -36.70928057142857
    endloop
  endfacet
  facet normal 0 0 -1
    outer loop
      vertex -46.43278657143 56.12759721574662 -36.70928057142857
      vertex -44.49168266744965 17.61550332658342 -36.70928057142857
      vertex -45.509975100510125 14.78708728522488 -36.70928057142857
    endloop
  endfacet
  facet normal 0 0 -1
    outer loop
      vertex -42.81688108458369 58.93238101578517 -36.70928057142857
      vertex -43.297801889217084 20.37439902406989 -36.70928057142857
      vertex -44.49168266744965 17.61550332658342 -36.70928057142857
    endloop
  endfacet
  facet normal 0 0 -1
    outer loop
      vertex -42.81688108458369 58.93238101578517 -36.70928057142857
      vertex -41.93304446781187 23.052886276785884 -36.70928057142857
      vertex -43.297801889217084 20.37439902406989 -36.70928057142857
    endloop
  endfacet
  facet normal 0 0 -1
    outer loop
      vertex -42.81688108458369 58.93238101578517 -36.70928057142857
      vertex -40.402796477277946 25.640394319229323 -36.70928057142857
      vertex -41.93304446781187 23.052886276785884 -36.70928057142857
    endloop
  endfacet
  facet normal 0 0 1
    outer loop
      vertex -60.857045744101875 11.609102352569453 -30.70928057142857
      vertex -60.008016697808856 15.407439960215182 -30.70928057142857
      vertex -61.50458563159828 39.03199692926882 -30.70928057142857
    endloop
  endfacet
  facet normal 0 0 1
    outer loop
      vertex -60.008016697808856 15.407439960215182 -30.70928057142857
      vertex -58.92216342466465 19.1449714413277 -30.70928057142857
      vertex -58.93238101578517 42.81688108458369 -30.70928057142857
    endloop
  endfacet
  facet normal 0 0 1
    outer loop
      vertex -58.92216342466465 19.1449714413277 -30.70928057142857
      vertex -57.603771291459196 22.80694646666677 -30.70928057142857
      vertex -58.93238101578517 42.81688108458369 -30.70928057142857
    endloop
  endfacet
  facet normal 0 0 1
    outer loop
      vertex -60.008016697808856 15.407439960215182 -30.70928057142857
      vertex -58.93238101578517 42.81688108458369 -30.70928057142857
      vertex -61.50458563159828 39.03199692926882 -30.70928057142857
    endloop
  endfacet
  facet normal 0 0 1
    outer loop
      vertex -57.603771291459196 22.80694646666677 -30.70928057142857
      vertex -56.058043389626164 26.37891289380463 -30.70928057142857
      vertex -56.12759721574662 46.43278657143 -30.70928057142857
    endloop
  endfacet
  facet normal 0 0 1
    outer loop
      vertex -57.603771291459196 22.80694646666677 -30.70928057142857
      vertex -56.12759721574662 46.43278657143 -30.70928057142857
      vertex -58.93238101578517 42.81688108458369 -30.70928057142857
    endloop
  endfacet
  facet normal 0 0 1
    outer loop
      vertex -56.058043389626164 26.37891289380463 -30.70928057142857
      vertex -54.291080001018194 29.846773803129622 -30.70928057142857
      vertex -56.12759721574662 46.43278657143 -30.70928057142857
    endloop
  endfacet
  facet normal 0 0 1
    outer loop
      vertex -54.291080001018194 29.846773803129622 -30.70928057142857
      vertex -52.309854522881345 33.19684313194755 -30.70928057142857
      vertex -53.10130343175754 49.865443062801226 -30.70928057142857
    endloop
  endfacet
  facet normal 0 0 1
    outer loop
      vertex -52.309854522881345 33.19684313194755 -30.70928057142857
      vertex -50.12218594704199 36.41589968711866 -30.70928057142857
      vertex -53.10130343175754 49.865443062801226 -30.70928057142857
    endloop
  endfacet
  facet normal -0.827080574274562 0.5620833778521304 0
    outer loop
      vertex -61.50458563159828 39.03199692926882 -36.70928057142857
      vertex -58.93238101578517 42.81688108458369 -30.70928057142857
      vertex -58.93238101578517 42.81688108458369 -36.70928057142857
    endloop
  endfacet
  facet normal -0.7901550123756912 0.6129070536529754 0
    outer loop
      vertex -58.93238101578517 42.81688108458369 -36.70928057142857
      vertex -56.12759721574662 46.43278657143 -30.70928057142857
      vertex -56.12759721574662 46.43278657143 -36.70928057142857
    endloop
  endfacet
  facet normal -0.7501110696304583 0.6613118653236533 0
    outer loop
      vertex -56.12759721574662 46.43278657143 -36.70928057142857
      vertex -53.10130343175754 49.865443062801226 -30.70928057142857
      vertex -53.10130343175754 49.865443062801226 -36.70928057142857
    endloop
  endfacet
  facet normal -0.7901550123756912 0.6129070536529754 0
    outer loop
      vertex -58.93238101578517 42.81688108458369 -36.70928057142857
      vertex -58.93238101578517 42.81688108458369 -30.70928057142857
      vertex -56.12759721574662 46.43278657143 -30.70928057142857
    endloop
  endfacet
  facet normal -0.7501110696304583 0.6613118653236533 0
    outer loop
      vertex -56.12759721574662 46.43278657143 -36.70928057142857
      vertex -56.12759721574662 46.43278657143 -30.70928057142857
      vertex -53.10130343175754 49.865443062801226 -30.70928057142857
    endloop
  endfacet
  facet normal -0.7071067811865475 0.7071067811865475 0
    outer loop
      vertex -53.10130343175754 49.865443062801226 -36.70928057142857
      vertex -53.10130343175754 49.865443062801226 -30.70928057142857
      vertex -49.865443062801226 53.10130343175754 -30.70928057142857
    endloop
  endfacet
  facet normal 0 0 -1
    outer loop
      vertex -46.43278657143 56.12759721574662 -36.70928057142857
      vertex -42.81688108458369 58.93238101578517 -36.70928057142857
      vertex -44.49168266744965 17.61550332658342 -36.70928057142857
    endloop
  endfacet
  facet normal -0.7071067811865475 0.7071067811865475 0
    outer loop
      vertex -53.10130343175754 49.865443062801226 -36.70928057142857
      vertex -49.865443062801226 53.10130343175754 -30.70928057142857
      vertex -49.865443062801226 53.10130343175754 -36.70928057142857
    endloop
  endfacet
  facet normal -0.6613118653236533 0.7501110696304583 0
    outer loop
      vertex -49.865443062801226 53.10130343175754 -36.70928057142857
      vertex -49.865443062801226 53.10130343175754 -30.70928057142857
      vertex -46.43278657143 56.12759721574662 -36.70928057142857
    endloop
  endfacet
  facet normal -0.6129070536529754 0.7901550123756912 0
    outer loop
      vertex -46.43278657143 56.12759721574662 -36.70928057142857
      vertex -46.43278657143 56.12759721574662 -30.70928057142857
      vertex -42.81688108458369 58.93238101578517 -36.70928057142857
    endloop
  endfacet
  facet normal -0.5620833778521304 0.827080574274562 0
    outer loop
      vertex -42.81688108458369 58.93238101578517 -36.70928057142857
      vertex -42.81688108458369 58.93238101578517 -30.70928057142857
      vertex -39.03199692926882 61.50458563159828 -36.70928057142857
    endloop
  endfacet
  facet normal -0.6613118653236533 0.7501110696304583 0
    outer loop
      vertex -46.43278657143 56.12759721574662 -36.70928057142857
      vertex -49.865443062801226 53.10130343175754 -30.70928057142857
      vertex -46.43278657143 56.12759721574662 -30.70928057142857
    endloop
  endfacet
  facet normal -0.6129070536529754 0.7901550123756912 0
    outer loop
      vertex -42.81688108458369 58.93238101578517 -36.70928057142857
      vertex -46.43278657143 56.12759721574662 -30.70928057142857
      vertex -42.81688108458369 58.93238101578517 -30.70928057142857
    endloop
  endfacet
  facet normal 0 0 1
    outer loop
      vertex -54.291080001018194 29.846773803129622 -30.70928057142857
      vertex -53.10130343175754 49.865443062801226 -30.70928057142857
      vertex -56.12759721574662 46.43278657143 -30.70928057142857
    endloop
  endfacet
  facet normal 0 0 1
    outer loop
      vertex -50.12218594704199 36.41589968711866 -30.70928057142857
      vertex -47.736708001918274 39.491239323066765 -30.70928057142857
      vertex -49.865443062801226 53.10130343175754 -30.70928057142857
    endloop
  endfacet
  facet normal 0 0 1
    outer loop
      vertex -47.736708001918274 39.491239323066765 -30.70928057142857
      vertex -45.16283507913837 42.4107250792378 -30.70928057142857
      vertex -46.43278657143 56.12759721574662 -30.70928057142857
    endloop
  endfacet
  facet normal 0 0 1
    outer loop
      vertex -50.12218594704199 36.41589968711866 -30.70928057142857
      vertex -49.865443062801226 53.10130343175754 -30.70928057142857
      vertex -53.10130343175754 49.865443062801226 -30.70928057142857
    endloop
  endfacet
  facet normal 0 0 1
    outer loop
      vertex -47.736708001918274 39.491239323066765 -30.70928057142857
      vertex -46.43278657143 56.12759721574662 -30.70928057142857
      vertex -49.865443062801226 53.10130343175754 -30.70928057142857
    endloop
  endfacet
  facet normal 0 0 1
    outer loop
      vertex -45.16283507913837 42.4107250792378 -30.70928057142857
      vertex -42.41072507923781 45.16283507913837 -30.70928057142857
      vertex -42.81688108458369 58.93238101578517 -30.70928057142857
    endloop
  endfacet
  facet normal 0 0 1
    outer loop
      vertex -42.41072507923781 45.16283507913837 -30.70928057142857
      vertex -39.491239323066765 47.736708001918274 -30.70928057142857
      vertex -42.81688108458369 58.93238101578517 -30.70928057142857
    endloop
  endfacet
  facet normal 0 0 1
    outer loop
      vertex -45.16283507913837 42.4107250792378 -30.70928057142857
      vertex -42.81688108458369 58.93238101578517 -30.70928057142857
      vertex -46.43278657143 56.12759721574662 -30.70928057142857
    endloop
  endfacet
  facet normal 0 0 -1
    outer loop
      vertex -39.03199692926882 61.50458563159828 -36.70928057142857
      vertex -38.71309710733015 28.12671143927667 -36.70928057142857
      vertex -40.402796477277946 25.640394319229323 -36.70928057142857
    endloop
  endfacet
  facet normal 0 0 -1
    outer loop
      vertex -39.03199692926882 61.50458563159828 -36.70928057142857
      vertex -36.87061482943143 30.50202527914535 -36.70928057142857
      vertex -38.71309710733015 28.12671143927667 -36.70928057142857
    endloop
  endfacet
  facet normal 0 0 -1
    outer loop
      vertex -33.270591741397176 54.502341969623934 -36.70928057142857
      vertex -34.882621079382574 32.756961560287074 -36.70928057142857
      vertex -36.87061482943143 30.50202527914535 -36.70928057142857
    endloop
  endfacet
  facet normal 0 0 -1
    outer loop
      vertex -32.38056447305458 52.84244812892798 -36.70928057142857
      vertex -32.756961560287074 34.882621079382574 -36.70928057142857
      vertex -34.882621079382574 32.756961560287074 -36.70928057142857
    endloop
  endfacet
  facet normal 0 0 -1
    outer loop
      vertex -42.81688108458369 58.93238101578517 -36.70928057142857
      vertex -39.03199692926882 61.50458563159828 -36.70928057142857
      vertex -40.402796477277946 25.640394319229323 -36.70928057142857
    endloop
  endfacet
  facet normal 0 0 -1
    outer loop
      vertex -30.497214505714286 52.8227250132237 -36.70928057142857
      vertex -30.50202527914535 36.87061482943143 -36.70928057142857
      vertex -32.756961560287074 34.882621079382574 -36.70928057142857
    endloop
  endfacet
  facet normal 0 0 -1
    outer loop
      vertex -32.47803460593048 52.90574597332756 -36.70928057142857
      vertex -34.882621079382574 32.756961560287074 -36.70928057142857
      vertex -32.571337899229164 52.97503911417211 -36.70928057142857
    endloop
  endfacet
  facet normal 0 0 -1
    outer loop
      vertex -32.47803460593048 52.90574597332756 -36.70928057142857
      vertex -32.38056447305458 52.84244812892798 -36.70928057142857
      vertex -34.882621079382574 32.756961560287074 -36.70928057142857
    endloop
  endfacet
  facet normal 0 0 -1
    outer loop
      vertex -33.12766133615301 53.70796817528853 -36.70928057142857
      vertex -34.882621079382574 32.756961560287074 -36.70928057142857
      vertex -33.169310790653626 53.81646871375854 -36.70928057142857
    endloop
  endfacet
  facet normal 0 0 -1
    outer loop
      vertex -33.169310790653626 53.81646871375854 -36.70928057142857
      vertex -34.882621079382574 32.756961560287074 -36.70928057142857
      vertex -33.20406525428995 53.927370342086675 -36.70928057142857
    endloop
  endfacet
  facet normal 0 0 -1
    outer loop
      vertex -32.74398896303497 53.1304948302752 -36.70928057142857
      vertex -32.66010612747817 53.05005408309174 -36.70928057142857
      vertex -34.882621079382574 32.756961560287074 -36.70928057142857
    endloop
  endfacet
  facet normal 0 0 -1
    outer loop
      vertex -32.82265535867003 53.21604389284322 -36.70928057142857
      vertex -34.882621079382574 32.756961560287074 -36.70928057142857
      vertex -32.89579485405905 53.306363647729526 -36.70928057142857
    endloop
  endfacet
  facet normal 0 0 -1
    outer loop
      vertex -32.89579485405905 53.306363647729526 -36.70928057142857
      vertex -34.882621079382574 32.756961560287074 -36.70928057142857
      vertex -32.963118801027974 53.40109764412473 -36.70928057142857
    endloop
  endfacet
  facet normal 0 0 -1
    outer loop
      vertex -32.74398896303497 53.1304948302752 -36.70928057142857
      vertex -34.882621079382574 32.756961560287074 -36.70928057142857
      vertex -32.82265535867003 53.21604389284322 -36.70928057142857
    endloop
  endfacet
  facet normal 0 0 -1
    outer loop
      vertex -33.0792812621572 53.6022969287328 -36.70928057142857
      vertex -33.0243615027155 53.49987201022492 -36.70928057142857
      vertex -34.882621079382574 32.756961560287074 -36.70928057142857
    endloop
  endfacet
  facet normal 0 0 -1
    outer loop
      vertex -33.0792812621572 53.6022969287328 -36.70928057142857
      vertex -34.882621079382574 32.756961560287074 -36.70928057142857
      vertex -33.12766133615301 53.70796817528853 -36.70928057142857
    endloop
  endfacet
  facet normal 0 0 -1
    outer loop
      vertex -33.0243615027155 53.49987201022492 -36.70928057142857
      vertex -32.963118801027974 53.40109764412473 -36.70928057142857
      vertex -34.882621079382574 32.756961560287074 -36.70928057142857
    endloop
  endfacet
  facet normal 0 0 -1
    outer loop
      vertex -33.20406525428995 53.927370342086675 -36.70928057142857
      vertex -34.882621079382574 32.756961560287074 -36.70928057142857
      vertex -33.23178756707183 54.04023538221206 -36.70928057142857
    endloop
  endfacet
  facet normal 0 0 -1
    outer loop
      vertex -33.23178756707183 54.04023538221206 -36.70928057142857
      vertex -34.882621079382574 32.756961560287074 -36.70928057142857
      vertex -33.25236832169582 54.154618407384454 -36.70928057142857
    endloop
  endfacet
  facet normal 0 0 -1
    outer loop
      vertex -33.25236832169582 54.154618407384454 -36.70928057142857
      vertex -34.882621079382574 32.756961560287074 -36.70928057142857
      vertex -33.26572629532587 54.270068000060135 -36.70928057142857
    endloop
  endfacet
  facet normal 0 0 -1
    outer loop
      vertex -33.26572629532587 54.270068000060135 -36.70928057142857
      vertex -34.882621079382574 32.756961560287074 -36.70928057142857
      vertex -33.27180877014275 54.386128533440704 -36.70928057142857
    endloop
  endfacet
  facet normal 0 0 -1
    outer loop
      vertex -33.27180877014275 54.386128533440704 -36.70928057142857
      vertex -34.882621079382574 32.756961560287074 -36.70928057142857
      vertex -33.270591741397176 54.502341969623934 -36.70928057142857
    endloop
  endfacet
  facet normal 0 0 -1
    outer loop
      vertex -33.270591741397176 54.502341969623934 -36.70928057142857
      vertex -36.87061482943143 30.50202527914535 -36.70928057142857
      vertex -35.09307131409729 63.83405974669587 -36.70928057142857
    endloop
  endfacet
  facet normal 0 0 -1
    outer loop
      vertex -32.66010612747817 53.05005408309174 -36.70928057142857
      vertex -32.571337899229164 52.97503911417211 -36.70928057142857
      vertex -34.882621079382574 32.756961560287074 -36.70928057142857
    endloop
  endfacet
  facet normal 0 0 -1
    outer loop
      vertex -32.38056447305458 52.84244812892798 -36.70928057142857
      vertex -32.27931217068603 52.78539538864717 -36.70928057142857
      vertex -32.756961560287074 34.882621079382574 -36.70928057142857
    endloop
  endfacet
  facet normal 0 0 -1
    outer loop
      vertex -32.17467729540452 52.734812913586104 -36.70928057142857
      vertex -32.756961560287074 34.882621079382574 -36.70928057142857
      vertex -32.27931217068603 52.78539538864717 -36.70928057142857
    endloop
  endfacet
  facet normal 0 0 -1
    outer loop
      vertex -32.17467729540452 52.734812913586104 -36.70928057142857
      vertex -32.06707279325965 52.69090032966492 -36.70928057142857
      vertex -32.756961560287074 34.882621079382574 -36.70928057142857
    endloop
  endfacet
  facet normal 0 0 -1
    outer loop
      vertex -31.844663615418998 52.62375103990957 -36.70928057142857
      vertex -31.730736687139075 52.60077934164448 -36.70928057142857
      vertex -32.756961560287074 34.882621079382574 -36.70928057142857
    endloop
  endfacet
  facet normal 0 0 -1
    outer loop
      vertex -32.06707279325965 52.69090032966492 -36.70928057142857
      vertex -31.95692333006156 52.653830939790595 -36.70928057142857
      vertex -32.756961560287074 34.882621079382574 -36.70928057142857
    endloop
  endfacet
  facet normal 0 0 -1
    outer loop
      vertex -31.844663615418998 52.62375103990957 -36.70928057142857
      vertex -32.756961560287074 34.882621079382574 -36.70928057142857
      vertex -31.95692333006156 52.653830939790595 -36.70928057142857
    endloop
  endfacet
  facet normal 0 0 -1
    outer loop
      vertex -31.615592162759448 52.58500650379361 -36.70928057142857
      vertex -31.499684465113308 52.576494774542034 -36.70928057142857
      vertex -32.756961560287074 34.882621079382574 -36.70928057142857
    endloop
  endfacet
  facet normal 0 0 -1
    outer loop
      vertex -31.730736687139075 52.60077934164448 -36.70928057142857
      vertex -31.615592162759448 52.58500650379361 -36.70928057142857
      vertex -32.756961560287074 34.882621079382574 -36.70928057142857
    endloop
  endfacet
  facet normal 0 0 -1
    outer loop
      vertex -31.499684465113308 52.576494774542034 -36.70928057142857
      vertex -31.383471028930078 52.575277745796456 -36.70928057142857
      vertex -32.756961560287074 34.882621079382574 -36.70928057142857
    endloop
  endfacet
  facet normal 0 0 -1
    outer loop
      vertex -31.383471028930078 52.575277745796456 -36.70928057142857
      vertex -31.267410495549502 52.581360220613334 -36.70928057142857
      vertex -32.756961560287074 34.882621079382574 -36.70928057142857
    endloop
  endfacet
  facet normal 0 0 -1
    outer loop
      vertex -31.267410495549502 52.581360220613334 -36.70928057142857
      vertex -31.151960902873824 52.59471819424339 -36.70928057142857
      vertex -32.756961560287074 34.882621079382574 -36.70928057142857
    endloop
  endfacet
  facet normal 0 0 -1
    outer loop
      vertex -31.151960902873824 52.59471819424339 -36.70928057142857
      vertex -31.03757787770143 52.61529894886738 -36.70928057142857
      vertex -32.756961560287074 34.882621079382574 -36.70928057142857
    endloop
  endfacet
  facet normal 0 0 -1
    outer loop
      vertex -31.03757787770143 52.61529894886738 -36.70928057142857
      vertex -30.924712837576045 52.64302126164925 -36.70928057142857
      vertex -32.756961560287074 34.882621079382574 -36.70928057142857
    endloop
  endfacet
  facet normal 0 0 -1
    outer loop
      vertex -30.924712837576045 52.64302126164925 -36.70928057142857
      vertex -30.813811209247906 52.67777572528558 -36.70928057142857
      vertex -32.756961560287074 34.882621079382574 -36.70928057142857
    endloop
  endfacet
  facet normal 0 0 -1
    outer loop
      vertex -30.813811209247906 52.67777572528558 -36.70928057142857
      vertex -30.705310670777894 52.71942517978619 -36.70928057142857
      vertex -32.756961560287074 34.882621079382574 -36.70928057142857
    endloop
  endfacet
  facet normal 0 0 -1
    outer loop
      vertex -30.705310670777894 52.71942517978619 -36.70928057142857
      vertex -30.599639424222172 52.767805253782 -36.70928057142857
      vertex -32.756961560287074 34.882621079382574 -36.70928057142857
    endloop
  endfacet
  facet normal 0 0 -1
    outer loop
      vertex -30.599639424222172 52.767805253782 -36.70928057142857
      vertex -30.497214505714286 52.8227250132237 -36.70928057142857
      vertex -32.756961560287074 34.882621079382574 -36.70928057142857
    endloop
  endfacet
  facet normal 0 0 -1
    outer loop
      vertex -39.03199692926882 61.50458563159828 -36.70928057142857
      vertex -35.09307131409729 63.83405974669587 -36.70928057142857
      vertex -36.87061482943143 30.50202527914535 -36.70928057142857
    endloop
  endfacet
  facet normal 0 0 -1
    outer loop
      vertex -33.26208001214559 54.61824966727007 -36.70928057142857
      vertex -35.09307131409729 63.83405974669587 -36.70928057142857
      vertex -33.24630717429472 54.7333941916497 -36.70928057142857
    endloop
  endfacet
  facet normal 0 0 -1
    outer loop
      vertex -33.270591741397176 54.502341969623934 -36.70928057142857
      vertex -35.09307131409729 63.83405974669587 -36.70928057142857
      vertex -33.26208001214559 54.61824966727007 -36.70928057142857
    endloop
  endfacet
  facet normal 0 0 -1
    outer loop
      vertex -33.22333547602963 54.84732111992963 -36.70928057142857
      vertex -35.09307131409729 63.83405974669587 -36.70928057142857
      vertex -33.19325557614861 54.959580834572186 -36.70928057142857
    endloop
  endfacet
  facet normal 0 0 -1
    outer loop
      vertex -33.24630717429472 54.7333941916497 -36.70928057142857
      vertex -35.09307131409729 63.83405974669587 -36.70928057142857
      vertex -33.22333547602963 54.84732111992963 -36.70928057142857
    endloop
  endfacet
  facet normal 0 0 -1
    outer loop
      vertex -33.15618618627429 55.06973029777028 -36.70928057142857
      vertex -35.09307131409729 63.83405974669587 -36.70928057142857
      vertex -33.1122736023531 55.17733479991515 -36.70928057142857
    endloop
  endfacet
  facet normal 0 0 -1
    outer loop
      vertex -33.19325557614861 54.959580834572186 -36.70928057142857
      vertex -35.09307131409729 63.83405974669587 -36.70928057142857
      vertex -33.15618618627429 55.06973029777028 -36.70928057142857
    endloop
  endfacet
  facet normal 0 0 -1
    outer loop
      vertex -33.061691127292036 55.28196967519666 -36.70928057142857
      vertex -35.09307131409729 63.83405974669587 -36.70928057142857
      vertex -33.00463838701123 55.383221977565206 -36.70928057142857
    endloop
  endfacet
  facet normal 0 0 -1
    outer loop
      vertex -33.1122736023531 55.17733479991515 -36.70928057142857
      vertex -35.09307131409729 63.83405974669587 -36.70928057142857
      vertex -33.061691127292036 55.28196967519666 -36.70928057142857
    endloop
  endfacet
  facet normal 0 0 -1
    outer loop
      vertex -32.94134054261164 55.48069211044112 -36.70928057142857
      vertex -35.09307131409729 63.83405974669587 -36.70928057142857
      vertex -32.87204740176709 55.573995403739794 -36.70928057142857
    endloop
  endfacet
  facet normal 0 0 -1
    outer loop
      vertex -33.00463838701123 55.383221977565206 -36.70928057142857
      vertex -35.09307131409729 63.83405974669587 -36.70928057142857
      vertex -32.94134054261164 55.48069211044112 -36.70928057142857
    endloop
  endfacet
  facet normal 0 0 -1
    outer loop
      vertex -32.87204740176709 55.573995403739794 -36.70928057142857
      vertex -35.09307131409729 63.83405974669587 -36.70928057142857
      vertex -32.797032432847466 55.66276363198881 -36.70928057142857
    endloop
  endfacet
  facet normal 0 0 -1
    outer loop
      vertex -32.71659168566401 55.7466464675456 -36.70928057142857
      vertex -35.09307131409729 63.83405974669587 -36.70928057142857
      vertex -32.631042623095986 55.82531286318067 -36.70928057142857
    endloop
  endfacet
  facet normal 0 0 -1
    outer loop
      vertex -32.797032432847466 55.66276363198881 -36.70928057142857
      vertex -35.09307131409729 63.83405974669587 -36.70928057142857
      vertex -32.71659168566401 55.7466464675456 -36.70928057142857
    endloop
  endfacet
  facet normal 0 0 -1
    outer loop
      vertex -32.631042623095986 55.82531286318067 -36.70928057142857
      vertex -35.09307131409729 63.83405974669587 -36.70928057142857
      vertex -32.54072286820968 55.89845235856968 -36.70928057142857
    endloop
  endfacet
  facet normal 0 0 -1
    outer loop
      vertex -32.44598887181447 55.9657763055386 -36.70928057142857
      vertex -35.09307131409729 63.83405974669587 -36.70928057142857
      vertex -32.347214505714284 56.02701900722612 -36.70928057142857
    endloop
  endfacet
  facet normal 0 0 -1
    outer loop
      vertex -32.54072286820968 55.89845235856968 -36.70928057142857
      vertex -35.09307131409729 63.83405974669587 -36.70928057142857
      vertex -32.44598887181447 55.9657763055386 -36.70928057142857
    endloop
  endfacet
  facet normal 0 0 -1
    outer loop
      vertex -32.244789587206405 56.08193876666783 -36.70928057142857
      vertex -35.09307131409729 63.83405974669587 -36.70928057142857
      vertex -32.139118340650676 56.13031884066364 -36.70928057142857
    endloop
  endfacet
  facet normal 0 0 -1
    outer loop
      vertex -32.347214505714284 56.02701900722612 -36.70928057142857
      vertex -35.09307131409729 63.83405974669587 -36.70928057142857
      vertex -32.244789587206405 56.08193876666783 -36.70928057142857
    endloop
  endfacet
  facet normal 0 0 -1
    outer loop
      vertex -32.139118340650676 56.13031884066364 -36.70928057142857
      vertex -35.09307131409729 63.83405974669587 -36.70928057142857
      vertex -32.030617802180664 56.17196829516426 -36.70928057142857
    endloop
  endfacet
  facet normal 0 0 -1
    outer loop
      vertex -32.030617802180664 56.17196829516426 -36.70928057142857
      vertex -35.09307131409729 63.83405974669587 -36.70928057142857
      vertex -31.919716173852525 56.20672275880058 -36.70928057142857
    endloop
  endfacet
  facet normal 0 0 -1
    outer loop
      vertex -31.919716173852525 56.20672275880058 -36.70928057142857
      vertex -35.09307131409729 63.83405974669587 -36.70928057142857
      vertex -31.806851133727143 56.234445071582456 -36.70928057142857
    endloop
  endfacet
  facet normal 0 0 -1
    outer loop
      vertex -31.69246810855475 56.25502582620644 -36.70928057142857
      vertex -35.09307131409729 63.83405974669587 -36.70928057142857
      vertex -31.577018515879075 56.268383799836506 -36.70928057142857
    endloop
  endfacet
  facet normal 0 0 -1
    outer loop
      vertex -31.806851133727143 56.234445071582456 -36.70928057142857
      vertex -35.09307131409729 63.83405974669587 -36.70928057142857
      vertex -31.69246810855475 56.25502582620644 -36.70928057142857
    endloop
  endfacet
  facet normal 0 0 -1
    outer loop
      vertex -31.577018515879075 56.268383799836506 -36.70928057142857
      vertex -35.09307131409729 63.83405974669587 -36.70928057142857
      vertex -31.4609579824985 56.274466274653385 -36.70928057142857
    endloop
  endfacet
  facet normal 0 0 -1
    outer loop
      vertex -31.34474454631527 56.273249245907806 -36.70928057142857
      vertex -31.01564937894829 65.9116099909811 -36.70928057142857
      vertex -31.22883684866913 56.26473751665623 -36.70928057142857
    endloop
  endfacet
  facet normal 0 0 -1
    outer loop
      vertex -31.4609579824985 56.274466274653385 -36.70928057142857
      vertex -31.01564937894829 65.9116099909811 -36.70928057142857
      vertex -31.34474454631527 56.273249245907806 -36.70928057142857
    endloop
  endfacet
  facet normal 0 0 -1
    outer loop
      vertex -31.1136923242895 56.24896467880535 -36.70928057142857
      vertex -31.01564937894829 65.9116099909811 -36.70928057142857
      vertex -30.999765396009572 56.22599298054026 -36.70928057142857
    endloop
  endfacet
  facet normal 0 0 -1
    outer loop
      vertex -31.22883684866913 56.26473751665623 -36.70928057142857
      vertex -31.01564937894829 65.9116099909811 -36.70928057142857
      vertex -31.1136923242895 56.24896467880535 -36.70928057142857
    endloop
  endfacet
  facet normal 0 0 -1
    outer loop
      vertex -30.887505681367013 56.19591308065924 -36.70928057142857
      vertex -30.999765396009572 56.22599298054026 -36.70928057142857
      vertex -31.01564937894829 65.9116099909811 -36.70928057142857
    endloop
  endfacet
  facet normal 0 0 -1
    outer loop
      vertex -30.887505681367013 56.19591308065924 -36.70928057142857
      vertex -31.01564937894829 65.9116099909811 -36.70928057142857
      vertex -30.777356218168926 56.15884369078491 -36.70928057142857
    endloop
  endfacet
  facet normal -0.5620833778521304 0.827080574274562 0
    outer loop
      vertex -42.81688108458369 58.93238101578517 -30.70928057142857
      vertex -39.03199692926882 61.50458563159828 -30.70928057142857
      vertex -39.03199692926882 61.50458563159828 -36.70928057142857
    endloop
  endfacet
  facet normal 0 0 -1
    outer loop
      vertex -29.5738372700314 54.3474020508259 -36.70928057142857
      vertex -28.12671143927667 38.71309710733015 -36.70928057142857
      vertex -30.50202527914535 36.87061482943143 -36.70928057142857
    endloop
  endfacet
  facet normal 0 0 -1
    outer loop
      vertex -30.497214505714286 52.8227250132237 -36.70928057142857
      vertex -30.3984401396141 52.883967714911236 -36.70928057142857
      vertex -30.50202527914535 36.87061482943143 -36.70928057142857
    endloop
  endfacet
  facet normal 0 0 -1
    outer loop
      vertex -30.3984401396141 52.883967714911236 -36.70928057142857
      vertex -30.303706143218893 52.951291661880155 -36.70928057142857
      vertex -30.50202527914535 36.87061482943143 -36.70928057142857
    endloop
  endfacet
  facet normal 0 0 -1
    outer loop
      vertex -30.303706143218893 52.951291661880155 -36.70928057142857
      vertex -30.21338638833259 53.02443115726917 -36.70928057142857
      vertex -30.50202527914535 36.87061482943143 -36.70928057142857
    endloop
  endfacet
  facet normal 0 0 -1
    outer loop
      vertex -30.21338638833259 53.02443115726917 -36.70928057142857
      vertex -30.12783732576456 53.10309755290423 -36.70928057142857
      vertex -30.50202527914535 36.87061482943143 -36.70928057142857
    endloop
  endfacet
  facet normal 0 0 -1
    outer loop
      vertex -30.12783732576456 53.10309755290423 -36.70928057142857
      vertex -30.047396578581107 53.18698038846102 -36.70928057142857
      vertex -30.50202527914535 36.87061482943143 -36.70928057142857
    endloop
  endfacet
  facet normal 0 0 -1
    outer loop
      vertex -30.047396578581107 53.18698038846102 -36.70928057142857
      vertex -29.972381609661483 53.27574861671004 -36.70928057142857
      vertex -30.50202527914535 36.87061482943143 -36.70928057142857
    endloop
  endfacet
  facet normal 0 0 -1
    outer loop
      vertex -29.972381609661483 53.27574861671004 -36.70928057142857
      vertex -29.903088468816936 53.36905191000872 -36.70928057142857
      vertex -30.50202527914535 36.87061482943143 -36.70928057142857
    endloop
  endfacet
  facet normal 0 0 -1
    outer loop
      vertex -29.903088468816936 53.36905191000872 -36.70928057142857
      vertex -29.83979062441735 53.466522042884634 -36.70928057142857
      vertex -30.50202527914535 36.87061482943143 -36.70928057142857
    endloop
  endfacet
  facet normal 0 0 -1
    outer loop
      vertex -29.83979062441735 53.466522042884634 -36.70928057142857
      vertex -29.78273788413654 53.56777434525318 -36.70928057142857
      vertex -30.50202527914535 36.87061482943143 -36.70928057142857
    endloop
  endfacet
  facet normal 0 0 -1
    outer loop
      vertex -29.78273788413654 53.56777434525318 -36.70928057142857
      vertex -29.732155409075474 53.67240922053469 -36.70928057142857
      vertex -30.50202527914535 36.87061482943143 -36.70928057142857
    endloop
  endfacet
  facet normal 0 0 -1
    outer loop
      vertex -29.732155409075474 53.67240922053469 -36.70928057142857
      vertex -29.688242825154287 53.780013722679556 -36.70928057142857
      vertex -30.50202527914535 36.87061482943143 -36.70928057142857
    endloop
  endfacet
  facet normal 0 0 -1
    outer loop
      vertex -29.688242825154287 53.780013722679556 -36.70928057142857
      vertex -29.65117343527996 53.89016318587765 -36.70928057142857
      vertex -30.50202527914535 36.87061482943143 -36.70928057142857
    endloop
  endfacet
  facet normal 0 0 -1
    outer loop
      vertex -29.621093535398938 54.0024229005202 -36.70928057142857
      vertex -29.598121837133853 54.11634982880013 -36.70928057142857
      vertex -30.50202527914535 36.87061482943143 -36.70928057142857
    endloop
  endfacet
  facet normal 0 0 -1
    outer loop
      vertex -29.65117343527996 53.89016318587765 -36.70928057142857
      vertex -29.621093535398938 54.0024229005202 -36.70928057142857
      vertex -30.50202527914535 36.87061482943143 -36.70928057142857
    endloop
  endfacet
  facet normal 0 0 -1
    outer loop
      vertex -29.598121837133853 54.11634982880013 -36.70928057142857
      vertex -29.58234899928298 54.23149435317976 -36.70928057142857
      vertex -30.50202527914535 36.87061482943143 -36.70928057142857
    endloop
  endfacet
  facet normal 0 0 -1
    outer loop
      vertex -29.58234899928298 54.23149435317976 -36.70928057142857
      vertex -29.5738372700314 54.3474020508259 -36.70928057142857
      vertex -30.50202527914535 36.87061482943143 -36.70928057142857
    endloop
  endfacet
  facet normal 0 0 -1
    outer loop
      vertex -29.5738372700314 54.3474020508259 -36.70928057142857
      vertex -29.572620241285826 54.46361548700913 -36.70928057142857
      vertex -28.12671143927667 38.71309710733015 -36.70928057142857
    endloop
  endfacet
  facet normal 0 0 -1
    outer loop
      vertex -26.815822845402913 67.72903722278225 -36.70928057142857
      vertex -25.640394319229323 40.402796477277946 -36.70928057142857
      vertex -28.12671143927667 38.71309710733015 -36.70928057142857
    endloop
  endfacet
  facet normal 0 0 -1
    outer loop
      vertex -22.510166510070878 69.27916888711887 -36.70928057142857
      vertex -23.052886276785877 41.93304446781187 -36.70928057142857
      vertex -25.640394319229323 40.402796477277946 -36.70928057142857
    endloop
  endfacet
  facet normal 0 0 -1
    outer loop
      vertex -29.572620241285826 54.46361548700913 -36.70928057142857
      vertex -26.815822845402913 67.72903722278225 -36.70928057142857
      vertex -28.12671143927667 38.71309710733015 -36.70928057142857
    endloop
  endfacet
  facet normal 0 0 -1
    outer loop
      vertex -29.5787027161027 54.579676020389705 -36.70928057142857
      vertex -29.592060689732758 54.69512561306538 -36.70928057142857
      vertex -26.815822845402913 67.72903722278225 -36.70928057142857
    endloop
  endfacet
  facet normal 0 0 -1
    outer loop
      vertex -29.572620241285826 54.46361548700913 -36.70928057142857
      vertex -29.5787027161027 54.579676020389705 -36.70928057142857
      vertex -26.815822845402913 67.72903722278225 -36.70928057142857
    endloop
  endfacet
  facet normal 0 0 -1
    outer loop
      vertex -30.021773652758537 55.633700127606616 -36.70928057142857
      vertex -26.815822845402913 67.72903722278225 -36.70928057142857
      vertex -29.948634157369526 55.54338037272031 -36.70928057142857
    endloop
  endfacet
  facet normal 0 0 -1
    outer loop
      vertex -30.777356218168926 56.15884369078491 -36.70928057142857
      vertex -26.815822845402913 67.72903722278225 -36.70928057142857
      vertex -30.669751716024056 56.11493110686373 -36.70928057142857
    endloop
  endfacet
  facet normal 0 0 -1
    outer loop
      vertex -30.669751716024056 56.11493110686373 -36.70928057142857
      vertex -26.815822845402913 67.72903722278225 -36.70928057142857
      vertex -30.56511684074254 56.064348631802666 -36.70928057142857
    endloop
  endfacet
  facet normal 0 0 -1
    outer loop
      vertex -30.463864538373997 56.007295891521856 -36.70928057142857
      vertex -26.815822845402913 67.72903722278225 -36.70928057142857
      vertex -30.366394405498088 55.94399804712228 -36.70928057142857
    endloop
  endfacet
  facet normal 0 0 -1
    outer loop
      vertex -30.56511684074254 56.064348631802666 -36.70928057142857
      vertex -26.815822845402913 67.72903722278225 -36.70928057142857
      vertex -30.463864538373997 56.007295891521856 -36.70928057142857
    endloop
  endfacet
  facet normal 0 0 -1
    outer loop
      vertex -30.1843228839504 55.799689937358096 -36.70928057142857
      vertex -26.815822845402913 67.72903722278225 -36.70928057142857
      vertex -30.100440048393597 55.71924919017464 -36.70928057142857
    endloop
  endfacet
  facet normal 0 0 -1
    outer loop
      vertex -30.366394405498088 55.94399804712228 -36.70928057142857
      vertex -26.815822845402913 67.72903722278225 -36.70928057142857
      vertex -30.273091112199413 55.87470490627772 -36.70928057142857
    endloop
  endfacet
  facet normal 0 0 -1
    outer loop
      vertex -30.1843228839504 55.799689937358096 -36.70928057142857
      vertex -30.273091112199413 55.87470490627772 -36.70928057142857
      vertex -26.815822845402913 67.72903722278225 -36.70928057142857
    endloop
  endfacet
  facet normal 0 0 -1
    outer loop
      vertex -30.100440048393597 55.71924919017464 -36.70928057142857
      vertex -26.815822845402913 67.72903722278225 -36.70928057142857
      vertex -30.021773652758537 55.633700127606616 -36.70928057142857
    endloop
  endfacet
  facet normal 0 0 -1
    outer loop
      vertex -29.612641444356747 54.80950863823777 -36.70928057142857
      vertex -29.640363757138623 54.92237367836316 -36.70928057142857
      vertex -26.815822845402913 67.72903722278225 -36.70928057142857
    endloop
  endfacet
  facet normal 0 0 -1
    outer loop
      vertex -29.612641444356747 54.80950863823777 -36.70928057142857
      vertex -26.815822845402913 67.72903722278225 -36.70928057142857
      vertex -29.592060689732758 54.69512561306538 -36.70928057142857
    endloop
  endfacet
  facet normal 0 0 -1
    outer loop
      vertex -29.716767675275563 55.141775845161305 -36.70928057142857
      vertex -29.765147749271375 55.247447091717035 -36.70928057142857
      vertex -26.815822845402913 67.72903722278225 -36.70928057142857
    endloop
  endfacet
  facet normal 0 0 -1
    outer loop
      vertex -29.675118220774944 55.033275306691294 -36.70928057142857
      vertex -29.716767675275563 55.141775845161305 -36.70928057142857
      vertex -26.815822845402913 67.72903722278225 -36.70928057142857
    endloop
  endfacet
  facet normal 0 0 -1
    outer loop
      vertex -29.640363757138623 54.92237367836316 -36.70928057142857
      vertex -29.675118220774944 55.033275306691294 -36.70928057142857
      vertex -26.815822845402913 67.72903722278225 -36.70928057142857
    endloop
  endfacet
  facet normal 0 0 -1
    outer loop
      vertex -29.765147749271375 55.247447091717035 -36.70928057142857
      vertex -29.820067508713077 55.349872010224914 -36.70928057142857
      vertex -26.815822845402913 67.72903722278225 -36.70928057142857
    endloop
  endfacet
  facet normal 0 0 -1
    outer loop
      vertex -29.881310210400603 55.4486463763251 -36.70928057142857
      vertex -29.948634157369526 55.54338037272031 -36.70928057142857
      vertex -26.815822845402913 67.72903722278225 -36.70928057142857
    endloop
  endfacet
  facet normal 0 0 -1
    outer loop
      vertex -29.881310210400603 55.4486463763251 -36.70928057142857
      vertex -26.815822845402913 67.72903722278225 -36.70928057142857
      vertex -29.820067508713077 55.349872010224914 -36.70928057142857
    endloop
  endfacet
  facet normal 0 0 -1
    outer loop
      vertex -22.510166510070878 69.27916888711887 -36.70928057142857
      vertex -20.374399024069902 43.297801889217084 -36.70928057142857
      vertex -23.052886276785877 41.93304446781187 -36.70928057142857
    endloop
  endfacet
  facet normal 0 0 -1
    outer loop
      vertex -26.815822845402913 67.72903722278225 -36.70928057142857
      vertex -22.510166510070878 69.27916888711887 -36.70928057142857
      vertex -25.640394319229323 40.402796477277946 -36.70928057142857
    endloop
  endfacet
  facet normal 0 0 1
    outer loop
      vertex -42.81688108458369 58.93238101578517 -30.70928057142857
      vertex -39.491239323066765 47.736708001918274 -30.70928057142857
      vertex -39.03199692926882 61.50458563159828 -30.70928057142857
    endloop
  endfacet
  facet normal 0 0 1
    outer loop
      vertex -39.491239323066765 47.736708001918274 -30.70928057142857
      vertex -36.41589968711866 50.122185947042 -30.70928057142857
      vertex -39.03199692926882 61.50458563159828 -30.70928057142857
    endloop
  endfacet
  facet normal 0 0 1
    outer loop
      vertex -36.41589968711866 50.122185947042 -30.70928057142857
      vertex -35.09307131409729 63.83405974669587 -30.70928057142857
      vertex -39.03199692926882 61.50458563159828 -30.70928057142857
    endloop
  endfacet
  facet normal 0 0 1
    outer loop
      vertex -36.41589968711866 50.122185947042 -30.70928057142857
      vertex -33.196843131947546 52.30985452288134 -30.70928057142857
      vertex -33.20406525428995 53.927370342086675 -30.70928057142857
    endloop
  endfacet
  facet normal 0 0 1
    outer loop
      vertex -36.41589968711866 50.122185947042 -30.70928057142857
      vertex -33.20406525428995 53.927370342086675 -30.70928057142857
      vertex -33.23178756707183 54.04023538221206 -30.70928057142857
    endloop
  endfacet
  facet normal 0 0 1
    outer loop
      vertex -36.41589968711866 50.122185947042 -30.70928057142857
      vertex -33.23178756707183 54.04023538221206 -30.70928057142857
      vertex -35.09307131409729 63.83405974669587 -30.70928057142857
    endloop
  endfacet
  facet normal 0 0 1
    outer loop
      vertex -33.196843131947546 52.30985452288134 -30.70928057142857
      vertex -32.963118801027974 53.40109764412473 -30.70928057142857
      vertex -33.0243615027155 53.49987201022492 -30.70928057142857
    endloop
  endfacet
  facet normal 0 0 1
    outer loop
      vertex -33.196843131947546 52.30985452288134 -30.70928057142857
      vertex -33.0243615027155 53.49987201022492 -30.70928057142857
      vertex -33.0792812621572 53.6022969287328 -30.70928057142857
    endloop
  endfacet
  facet normal 0 0 1
    outer loop
      vertex -33.196843131947546 52.30985452288134 -30.70928057142857
      vertex -33.0792812621572 53.6022969287328 -30.70928057142857
      vertex -33.12766133615301 53.70796817528853 -30.70928057142857
    endloop
  endfacet
  facet normal 0 0 1
    outer loop
      vertex -33.196843131947546 52.30985452288134 -30.70928057142857
      vertex -32.74398896303497 53.1304948302752 -30.70928057142857
      vertex -32.82265535867003 53.21604389284322 -30.70928057142857
    endloop
  endfacet
  facet normal 0 0 1
    outer loop
      vertex -33.196843131947546 52.30985452288134 -30.70928057142857
      vertex -32.571337899229164 52.97503911417211 -30.70928057142857
      vertex -32.66010612747817 53.05005408309174 -30.70928057142857
    endloop
  endfacet
  facet normal 0 0 1
    outer loop
      vertex -33.196843131947546 52.30985452288134 -30.70928057142857
      vertex -32.66010612747817 53.05005408309174 -30.70928057142857
      vertex -32.74398896303497 53.1304948302752 -30.70928057142857
    endloop
  endfacet
  facet normal 0 0 1
    outer loop
      vertex -33.196843131947546 52.30985452288134 -30.70928057142857
      vertex -32.82265535867003 53.21604389284322 -30.70928057142857
      vertex -32.89579485405905 53.306363647729526 -30.70928057142857
    endloop
  endfacet
  facet normal 0 0 1
    outer loop
      vertex -33.196843131947546 52.30985452288134 -30.70928057142857
      vertex -32.47803460593048 52.90574597332756 -30.70928057142857
      vertex -32.571337899229164 52.97503911417211 -30.70928057142857
    endloop
  endfacet
  facet normal 0 0 1
    outer loop
      vertex -33.196843131947546 52.30985452288134 -30.70928057142857
      vertex -32.89579485405905 53.306363647729526 -30.70928057142857
      vertex -32.963118801027974 53.40109764412473 -30.70928057142857
    endloop
  endfacet
  facet normal 0 0 1
    outer loop
      vertex -33.196843131947546 52.30985452288134 -30.70928057142857
      vertex -33.169310790653626 53.81646871375854 -30.70928057142857
      vertex -33.20406525428995 53.927370342086675 -30.70928057142857
    endloop
  endfacet
  facet normal 0 0 1
    outer loop
      vertex -33.196843131947546 52.30985452288134 -30.70928057142857
      vertex -33.12766133615301 53.70796817528853 -30.70928057142857
      vertex -33.169310790653626 53.81646871375854 -30.70928057142857
    endloop
  endfacet
  facet normal 0 0 1
    outer loop
      vertex -33.196843131947546 52.30985452288134 -30.70928057142857
      vertex -32.33740136457099 52.81812696723169 -30.70928057142857
      vertex -32.38056447305458 52.84244812892798 -30.70928057142857
    endloop
  endfacet
  facet normal 0 0 1
    outer loop
      vertex -33.196843131947546 52.30985452288134 -30.70928057142857
      vertex -32.38056447305458 52.84244812892798 -30.70928057142857
      vertex -32.47803460593048 52.90574597332756 -30.70928057142857
    endloop
  endfacet
  facet normal 0 0 1
    outer loop
      vertex -33.25236832169582 54.154618407384454 -30.70928057142857
      vertex -33.26572629532587 54.270068000060135 -30.70928057142857
      vertex -35.09307131409729 63.83405974669587 -30.70928057142857
    endloop
  endfacet
  facet normal 0 0 1
    outer loop
      vertex -33.23178756707183 54.04023538221206 -30.70928057142857
      vertex -33.25236832169582 54.154618407384454 -30.70928057142857
      vertex -35.09307131409729 63.83405974669587 -30.70928057142857
    endloop
  endfacet
  facet normal 0 0 1
    outer loop
      vertex -33.26572629532587 54.270068000060135 -30.70928057142857
      vertex -33.27180877014275 54.386128533440704 -30.70928057142857
      vertex -35.09307131409729 63.83405974669587 -30.70928057142857
    endloop
  endfacet
  facet normal 0 0 1
    outer loop
      vertex -33.27180877014275 54.386128533440704 -30.70928057142857
      vertex -33.270591741397176 54.502341969623934 -30.70928057142857
      vertex -35.09307131409729 63.83405974669587 -30.70928057142857
    endloop
  endfacet
  facet normal 0 0 1
    outer loop
      vertex -33.26208001214559 54.61824966727007 -30.70928057142857
      vertex -33.24630717429472 54.7333941916497 -30.70928057142857
      vertex -35.09307131409729 63.83405974669587 -30.70928057142857
    endloop
  endfacet
  facet normal 0 0 1
    outer loop
      vertex -33.270591741397176 54.502341969623934 -30.70928057142857
      vertex -33.26208001214559 54.61824966727007 -30.70928057142857
      vertex -35.09307131409729 63.83405974669587 -30.70928057142857
    endloop
  endfacet
  facet normal 0 0 1
    outer loop
      vertex -33.22333547602963 54.84732111992963 -30.70928057142857
      vertex -33.19325557614861 54.959580834572186 -30.70928057142857
      vertex -35.09307131409729 63.83405974669587 -30.70928057142857
    endloop
  endfacet
  facet normal 0 0 1
    outer loop
      vertex -33.24630717429472 54.7333941916497 -30.70928057142857
      vertex -33.22333547602963 54.84732111992963 -30.70928057142857
      vertex -35.09307131409729 63.83405974669587 -30.70928057142857
    endloop
  endfacet
  facet normal 0 0 1
    outer loop
      vertex -33.15618618627429 55.06973029777028 -30.70928057142857
      vertex -33.1122736023531 55.17733479991515 -30.70928057142857
      vertex -35.09307131409729 63.83405974669587 -30.70928057142857
    endloop
  endfacet
  facet normal 0 0 1
    outer loop
      vertex -33.19325557614861 54.959580834572186 -30.70928057142857
      vertex -33.15618618627429 55.06973029777028 -30.70928057142857
      vertex -35.09307131409729 63.83405974669587 -30.70928057142857
    endloop
  endfacet
  facet normal 0 0 1
    outer loop
      vertex -33.061691127292036 55.28196967519666 -30.70928057142857
      vertex -33.00463838701123 55.383221977565206 -30.70928057142857
      vertex -35.09307131409729 63.83405974669587 -30.70928057142857
    endloop
  endfacet
  facet normal 0 0 1
    outer loop
      vertex -33.1122736023531 55.17733479991515 -30.70928057142857
      vertex -33.061691127292036 55.28196967519666 -30.70928057142857
      vertex -35.09307131409729 63.83405974669587 -30.70928057142857
    endloop
  endfacet
  facet normal 0 0 1
    outer loop
      vertex -32.94134054261164 55.48069211044112 -30.70928057142857
      vertex -32.87204740176709 55.573995403739794 -30.70928057142857
      vertex -35.09307131409729 63.83405974669587 -30.70928057142857
    endloop
  endfacet
  facet normal 0 0 1
    outer loop
      vertex -33.00463838701123 55.383221977565206 -30.70928057142857
      vertex -32.94134054261164 55.48069211044112 -30.70928057142857
      vertex -35.09307131409729 63.83405974669587 -30.70928057142857
    endloop
  endfacet
  facet normal 0 0 1
    outer loop
      vertex -32.87204740176709 55.573995403739794 -30.70928057142857
      vertex -32.797032432847466 55.66276363198881 -30.70928057142857
      vertex -35.09307131409729 63.83405974669587 -30.70928057142857
    endloop
  endfacet
  facet normal 0 0 1
    outer loop
      vertex -32.71659168566401 55.7466464675456 -30.70928057142857
      vertex -32.631042623095986 55.82531286318067 -30.70928057142857
      vertex -35.09307131409729 63.83405974669587 -30.70928057142857
    endloop
  endfacet
  facet normal 0 0 1
    outer loop
      vertex -32.797032432847466 55.66276363198881 -30.70928057142857
      vertex -32.71659168566401 55.7466464675456 -30.70928057142857
      vertex -35.09307131409729 63.83405974669587 -30.70928057142857
    endloop
  endfacet
  facet normal 0 0 1
    outer loop
      vertex -32.631042623095986 55.82531286318067 -30.70928057142857
      vertex -32.54072286820968 55.89845235856968 -30.70928057142857
      vertex -35.09307131409729 63.83405974669587 -30.70928057142857
    endloop
  endfacet
  facet normal 0 0 1
    outer loop
      vertex -32.44598887181447 55.9657763055386 -30.70928057142857
      vertex -32.347214505714284 56.02701900722612 -30.70928057142857
      vertex -35.09307131409729 63.83405974669587 -30.70928057142857
    endloop
  endfacet
  facet normal 0 0 1
    outer loop
      vertex -32.54072286820968 55.89845235856968 -30.70928057142857
      vertex -32.44598887181447 55.9657763055386 -30.70928057142857
      vertex -35.09307131409729 63.83405974669587 -30.70928057142857
    endloop
  endfacet
  facet normal 0 0 1
    outer loop
      vertex -32.244789587206405 56.08193876666783 -30.70928057142857
      vertex -32.139118340650676 56.13031884066364 -30.70928057142857
      vertex -35.09307131409729 63.83405974669587 -30.70928057142857
    endloop
  endfacet
  facet normal 0 0 1
    outer loop
      vertex -32.347214505714284 56.02701900722612 -30.70928057142857
      vertex -32.244789587206405 56.08193876666783 -30.70928057142857
      vertex -35.09307131409729 63.83405974669587 -30.70928057142857
    endloop
  endfacet
  facet normal 0 0 1
    outer loop
      vertex -32.139118340650676 56.13031884066364 -30.70928057142857
      vertex -32.030617802180664 56.17196829516426 -30.70928057142857
      vertex -35.09307131409729 63.83405974669587 -30.70928057142857
    endloop
  endfacet
  facet normal 0 0 1
    outer loop
      vertex -32.030617802180664 56.17196829516426 -30.70928057142857
      vertex -31.919716173852525 56.20672275880058 -30.70928057142857
      vertex -35.09307131409729 63.83405974669587 -30.70928057142857
    endloop
  endfacet
  facet normal 0 0 1
    outer loop
      vertex -31.919716173852525 56.20672275880058 -30.70928057142857
      vertex -31.806851133727143 56.234445071582456 -30.70928057142857
      vertex -35.09307131409729 63.83405974669587 -30.70928057142857
    endloop
  endfacet
  facet normal 0 0 1
    outer loop
      vertex -31.69246810855475 56.25502582620644 -30.70928057142857
      vertex -31.577018515879075 56.268383799836506 -30.70928057142857
      vertex -35.09307131409729 63.83405974669587 -30.70928057142857
    endloop
  endfacet
  facet normal 0 0 1
    outer loop
      vertex -31.806851133727143 56.234445071582456 -30.70928057142857
      vertex -31.69246810855475 56.25502582620644 -30.70928057142857
      vertex -35.09307131409729 63.83405974669587 -30.70928057142857
    endloop
  endfacet
  facet normal 0 0 1
    outer loop
      vertex -31.577018515879075 56.268383799836506 -30.70928057142857
      vertex -31.4609579824985 56.274466274653385 -30.70928057142857
      vertex -35.09307131409729 63.83405974669587 -30.70928057142857
    endloop
  endfacet
  facet normal 0 0 1
    outer loop
      vertex -31.34474454631527 56.273249245907806 -30.70928057142857
      vertex -31.22883684866913 56.26473751665623 -30.70928057142857
      vertex -31.01564937894829 65.9116099909811 -30.70928057142857
    endloop
  endfacet
  facet normal 0 0 1
    outer loop
      vertex -31.4609579824985 56.274466274653385 -30.70928057142857
      vertex -31.34474454631527 56.273249245907806 -30.70928057142857
      vertex -31.01564937894829 65.9116099909811 -30.70928057142857
    endloop
  endfacet
  facet normal 0 0 1
    outer loop
      vertex -31.1136923242895 56.24896467880535 -30.70928057142857
      vertex -30.999765396009572 56.22599298054026 -30.70928057142857
      vertex -31.01564937894829 65.9116099909811 -30.70928057142857
    endloop
  endfacet
  facet normal 0 0 1
    outer loop
      vertex -31.22883684866913 56.26473751665623 -30.70928057142857
      vertex -31.1136923242895 56.24896467880535 -30.70928057142857
      vertex -31.01564937894829 65.9116099909811 -30.70928057142857
    endloop
  endfacet
  facet normal 0 0 1
    outer loop
      vertex -30.887505681367013 56.19591308065924 -30.70928057142857
      vertex -30.777356218168926 56.15884369078491 -30.70928057142857
      vertex -31.01564937894829 65.9116099909811 -30.70928057142857
    endloop
  endfacet
  facet normal 0 0 1
    outer loop
      vertex -30.887505681367013 56.19591308065924 -30.70928057142857
      vertex -31.01564937894829 65.9116099909811 -30.70928057142857
      vertex -30.999765396009572 56.22599298054026 -30.70928057142857
    endloop
  endfacet
  facet normal 0 0 1
    outer loop
      vertex -30.777356218168926 56.15884369078491 -30.70928057142857
      vertex -30.669751716024056 56.11493110686373 -30.70928057142857
      vertex -31.01564937894829 65.9116099909811 -30.70928057142857
    endloop
  endfacet
  facet normal 0 0 1
    outer loop
      vertex -29.572620241285826 54.46361548700913 -30.70928057142857
      vertex -29.572966075003976 54.43059200676646 -30.70928057142857
      vertex -26.815822845402913 67.72903722278225 -30.70928057142857
    endloop
  endfacet
  facet normal 0 0 1
    outer loop
      vertex -29.5787027161027 54.579676020389705 -30.70928057142857
      vertex -26.815822845402913 67.72903722278225 -30.70928057142857
      vertex -29.592060689732758 54.69512561306538 -30.70928057142857
    endloop
  endfacet
  facet normal 0 0 1
    outer loop
      vertex -29.572620241285826 54.46361548700913 -30.70928057142857
      vertex -26.815822845402913 67.72903722278225 -30.70928057142857
      vertex -29.5787027161027 54.579676020389705 -30.70928057142857
    endloop
  endfacet
  facet normal 0 0 1
    outer loop
      vertex -30.021773652758537 55.633700127606616 -30.70928057142857
      vertex -29.948634157369526 55.54338037272031 -30.70928057142857
      vertex -26.815822845402913 67.72903722278225 -30.70928057142857
    endloop
  endfacet
  facet normal 0 0 1
    outer loop
      vertex -30.669751716024056 56.11493110686373 -30.70928057142857
      vertex -30.56511684074254 56.064348631802666 -30.70928057142857
      vertex -26.815822845402913 67.72903722278225 -30.70928057142857
    endloop
  endfacet
  facet normal 0 0 1
    outer loop
      vertex -30.463864538373997 56.007295891521856 -30.70928057142857
      vertex -30.366394405498088 55.94399804712228 -30.70928057142857
      vertex -26.815822845402913 67.72903722278225 -30.70928057142857
    endloop
  endfacet
  facet normal 0 0 1
    outer loop
      vertex -30.56511684074254 56.064348631802666 -30.70928057142857
      vertex -30.463864538373997 56.007295891521856 -30.70928057142857
      vertex -26.815822845402913 67.72903722278225 -30.70928057142857
    endloop
  endfacet
  facet normal 0 0 1
    outer loop
      vertex -30.1843228839504 55.799689937358096 -30.70928057142857
      vertex -30.100440048393597 55.71924919017464 -30.70928057142857
      vertex -26.815822845402913 67.72903722278225 -30.70928057142857
    endloop
  endfacet
  facet normal 0 0 1
    outer loop
      vertex -30.366394405498088 55.94399804712228 -30.70928057142857
      vertex -30.273091112199413 55.87470490627772 -30.70928057142857
      vertex -26.815822845402913 67.72903722278225 -30.70928057142857
    endloop
  endfacet
  facet normal 0 0 1
    outer loop
      vertex -30.1843228839504 55.799689937358096 -30.70928057142857
      vertex -26.815822845402913 67.72903722278225 -30.70928057142857
      vertex -30.273091112199413 55.87470490627772 -30.70928057142857
    endloop
  endfacet
  facet normal 0 0 1
    outer loop
      vertex -30.100440048393597 55.71924919017464 -30.70928057142857
      vertex -30.021773652758537 55.633700127606616 -30.70928057142857
      vertex -26.815822845402913 67.72903722278225 -30.70928057142857
    endloop
  endfacet
  facet normal 0 0 1
    outer loop
      vertex -29.612641444356747 54.80950863823777 -30.70928057142857
      vertex -26.815822845402913 67.72903722278225 -30.70928057142857
      vertex -29.640363757138623 54.92237367836316 -30.70928057142857
    endloop
  endfacet
  facet normal 0 0 1
    outer loop
      vertex -29.612641444356747 54.80950863823777 -30.70928057142857
      vertex -29.592060689732758 54.69512561306538 -30.70928057142857
      vertex -26.815822845402913 67.72903722278225 -30.70928057142857
    endloop
  endfacet
  facet normal 0 0 1
    outer loop
      vertex -29.716767675275563 55.141775845161305 -30.70928057142857
      vertex -26.815822845402913 67.72903722278225 -30.70928057142857
      vertex -29.765147749271375 55.247447091717035 -30.70928057142857
    endloop
  endfacet
  facet normal 0 0 1
    outer loop
      vertex -29.675118220774944 55.033275306691294 -30.70928057142857
      vertex -26.815822845402913 67.72903722278225 -30.70928057142857
      vertex -29.716767675275563 55.141775845161305 -30.70928057142857
    endloop
  endfacet
  facet normal 0 0 1
    outer loop
      vertex -29.640363757138623 54.92237367836316 -30.70928057142857
      vertex -26.815822845402913 67.72903722278225 -30.70928057142857
      vertex -29.675118220774944 55.033275306691294 -30.70928057142857
    endloop
  endfacet
  facet normal 0 0 1
    outer loop
      vertex -29.765147749271375 55.247447091717035 -30.70928057142857
      vertex -26.815822845402913 67.72903722278225 -30.70928057142857
      vertex -29.820067508713077 55.349872010224914 -30.70928057142857
    endloop
  endfacet
  facet normal 0 0 1
    outer loop
      vertex -29.881310210400603 55.4486463763251 -30.70928057142857
      vertex -26.815822845402913 67.72903722278225 -30.70928057142857
      vertex -29.948634157369526 55.54338037272031 -30.70928057142857
    endloop
  endfacet
  facet normal 0 0 1
    outer loop
      vertex -29.881310210400603 55.4486463763251 -30.70928057142857
      vertex -29.820067508713077 55.349872010224914 -30.70928057142857
      vertex -26.815822845402913 67.72903722278225 -30.70928057142857
    endloop
  endfacet
  facet normal 0 0 1
    outer loop
      vertex -29.572966075003976 54.43059200676646 -30.70928057142857
      vertex -26.378912893804646 56.058043389626164 -30.70928057142857
      vertex -26.815822845402913 67.72903722278225 -30.70928057142857
    endloop
  endfacet
  facet normal 0 0 1
    outer loop
      vertex -26.378912893804646 56.058043389626164 -30.70928057142857
      vertex -22.806946466666773 57.603771291459196 -30.70928057142857
      vertex -26.815822845402913 67.72903722278225 -30.70928057142857
    endloop
  endfacet
  facet normal -0.5090414157503708 0.860742027003944 0
    outer loop
      vertex -39.03199692926882 61.50458563159828 -36.70928057142857
      vertex -39.03199692926882 61.50458563159828 -30.70928057142857
      vertex -35.09307131409729 63.83405974669587 -36.70928057142857
    endloop
  endfacet
  facet normal 0 0 -1
    outer loop
      vertex -31.4609579824985 56.274466274653385 -36.70928057142857
      vertex -35.09307131409729 63.83405974669587 -36.70928057142857
      vertex -31.01564937894829 65.9116099909811 -36.70928057142857
    endloop
  endfacet
  facet normal -0.45399049973954636 0.8910065241883681 0
    outer loop
      vertex -35.09307131409729 63.83405974669587 -36.70928057142857
      vertex -35.09307131409729 63.83405974669587 -30.70928057142857
      vertex -31.01564937894829 65.9116099909811 -36.70928057142857
    endloop
  endfacet
  facet normal -0.5090414157503708 0.860742027003944 0
    outer loop
      vertex -39.03199692926882 61.50458563159828 -30.70928057142857
      vertex -35.09307131409729 63.83405974669587 -30.70928057142857
      vertex -35.09307131409729 63.83405974669587 -36.70928057142857
    endloop
  endfacet
  facet normal -0.45399049973954636 0.8910065241883681 0
    outer loop
      vertex -31.01564937894829 65.9116099909811 -36.70928057142857
      vertex -35.09307131409729 63.83405974669587 -30.70928057142857
      vertex -31.01564937894829 65.9116099909811 -30.70928057142857
    endloop
  endfacet
  facet normal 0 0 -1
    outer loop
      vertex -30.777356218168926 56.15884369078491 -36.70928057142857
      vertex -31.01564937894829 65.9116099909811 -36.70928057142857
      vertex -26.815822845402913 67.72903722278225 -36.70928057142857
    endloop
  endfacet
  facet normal -0.39714789063478206 0.9177546256839805 0
    outer loop
      vertex -31.01564937894829 65.9116099909811 -36.70928057142857
      vertex -31.01564937894829 65.9116099909811 -30.70928057142857
      vertex -26.815822845402913 67.72903722278225 -36.70928057142857
    endloop
  endfacet
  facet normal -0.3387379202452902 0.9408807689542259 0
    outer loop
      vertex -26.815822845402913 67.72903722278225 -36.70928057142857
      vertex -26.815822845402913 67.72903722278225 -30.70928057142857
      vertex -22.510166510070878 69.27916888711887 -36.70928057142857
    endloop
  endfacet
  facet normal -0.27899110603922883 0.9602936856769432 0
    outer loop
      vertex -22.510166510070878 69.27916888711887 -36.70928057142857
      vertex -22.510166510070878 69.27916888711887 -30.70928057142857
      vertex -18.115672831440452 70.55588732249964 -36.70928057142857
    endloop
  endfacet
  facet normal -0.39714789063478206 0.9177546256839805 0
    outer loop
      vertex -26.815822845402913 67.72903722278225 -36.70928057142857
      vertex -31.01564937894829 65.9116099909811 -30.70928057142857
      vertex -26.815822845402913 67.72903722278225 -30.70928057142857
    endloop
  endfacet
  facet normal -0.3387379202452902 0.9408807689542259 0
    outer loop
      vertex -22.510166510070878 69.27916888711887 -36.70928057142857
      vertex -26.815822845402913 67.72903722278225 -30.70928057142857
      vertex -22.510166510070878 69.27916888711887 -30.70928057142857
    endloop
  endfacet
  facet normal 0 0 1
    outer loop
      vertex -31.4609579824985 56.274466274653385 -30.70928057142857
      vertex -31.01564937894829 65.9116099909811 -30.70928057142857
      vertex -35.09307131409729 63.83405974669587 -30.70928057142857
    endloop
  endfacet
  facet normal 0 0 1
    outer loop
      vertex -30.669751716024056 56.11493110686373 -30.70928057142857
      vertex -26.815822845402913 67.72903722278225 -30.70928057142857
      vertex -31.01564937894829 65.9116099909811 -30.70928057142857
    endloop
  endfacet
  facet normal 0 0 1
    outer loop
      vertex -22.806946466666773 57.603771291459196 -30.70928057142857
      vertex -22.510166510070878 69.27916888711887 -30.70928057142857
      vertex -26.815822845402913 67.72903722278225 -30.70928057142857
    endloop
  endfacet
  facet normal 0 0 1
    outer loop
      vertex -22.806946466666773 57.603771291459196 -30.70928057142857
      vertex -19.1449714413277 58.92216342466465 -30.70928057142857
      vertex -22.510166510070878 69.27916888711887 -30.70928057142857
    endloop
  endfacet
  facet normal 0 0 -1
    outer loop
      vertex -18.115672831440452 70.55588732249964 -36.70928057142857
      vertex -17.61550332658342 44.49168266744965 -36.70928057142857
      vertex -20.374399024069902 43.297801889217084 -36.70928057142857
    endloop
  endfacet
  facet normal 0 0 -1
    outer loop
      vertex -18.115672831440452 70.55588732249964 -36.70928057142857
      vertex -14.78708728522488 45.509975100510125 -36.70928057142857
      vertex -17.61550332658342 44.49168266744965 -36.70928057142857
    endloop
  endfacet
  facet normal 0 0 -1
    outer loop
      vertex -22.510166510070878 69.27916888711887 -36.70928057142857
      vertex -18.115672831440452 70.55588732249964 -36.70928057142857
      vertex -20.374399024069902 43.297801889217084 -36.70928057142857
    endloop
  endfacet
  facet normal 0 0 -1
    outer loop
      vertex -13.649684868407979 71.5541539045373 -36.70928057142857
      vertex -11.900313365929136 46.348660453378784 -36.70928057142857
      vertex -14.78708728522488 45.509975100510125 -36.70928057142857
    endloop
  endfacet
  facet normal 0 0 -1
    outer loop
      vertex -9.129827835147761 72.27002893109714 -36.70928057142857
      vertex -8.966574346514086 47.00442881812677 -36.70928057142857
      vertex -11.900313365929136 46.348660453378784 -36.70928057142857
    endloop
  endfacet
  facet normal 0 0 -1
    outer loop
      vertex -9.129827835147761 72.27002893109714 -36.70928057142857
      vertex -5.997448354591516 47.47469217661046 -36.70928057142857
      vertex -8.966574346514086 47.00442881812677 -36.70928057142857
    endloop
  endfacet
  facet normal 0 0 -1
    outer loop
      vertex -4.573939542443781 72.70068717050152 -36.70928057142857
      vertex -3.004653173986884 47.757594614196826 -36.70928057142857
      vertex -5.997448354591516 47.47469217661046 -36.70928057142857
    endloop
  endfacet
  facet normal 0 0 -1
    outer loop
      vertex 0 72.84442901142857 -36.70928057142857
      vertex 0 47.852019644210536 -36.70928057142857
      vertex -3.004653173986884 47.757594614196826 -36.70928057142857
    endloop
  endfacet
  facet normal 0 0 -1
    outer loop
      vertex -18.115672831440452 70.55588732249964 -36.70928057142857
      vertex -13.649684868407979 71.5541539045373 -36.70928057142857
      vertex -14.78708728522488 45.509975100510125 -36.70928057142857
    endloop
  endfacet
  facet normal -0.21814324139654387 0.9759167619387472 0
    outer loop
      vertex -18.115672831440452 70.55588732249964 -36.70928057142857
      vertex -18.115672831440452 70.55588732249964 -30.70928057142857
      vertex -13.649684868407979 71.5541539045373 -36.70928057142857
    endloop
  endfacet
  facet normal 0 0 -1
    outer loop
      vertex -13.649684868407979 71.5541539045373 -36.70928057142857
      vertex -9.129827835147761 72.27002893109714 -36.70928057142857
      vertex -11.900313365929136 46.348660453378784 -36.70928057142857
    endloop
  endfacet
  facet normal -0.15643446504023176 0.9876883405951375 0
    outer loop
      vertex -13.649684868407979 71.5541539045373 -36.70928057142857
      vertex -13.649684868407979 71.5541539045373 -30.70928057142857
      vertex -9.129827835147761 72.27002893109714 -36.70928057142857
    endloop
  endfacet
  facet normal -0.27899110603922883 0.9602936856769432 0
    outer loop
      vertex -22.510166510070878 69.27916888711887 -30.70928057142857
      vertex -18.115672831440452 70.55588732249964 -30.70928057142857
      vertex -18.115672831440452 70.55588732249964 -36.70928057142857
    endloop
  endfacet
  facet normal -0.21814324139654387 0.9759167619387472 0
    outer loop
      vertex -13.649684868407979 71.5541539045373 -36.70928057142857
      vertex -18.115672831440452 70.55588732249964 -30.70928057142857
      vertex -13.649684868407979 71.5541539045373 -30.70928057142857
    endloop
  endfacet
  facet normal -0.15643446504023176 0.9876883405951375 0
    outer loop
      vertex -9.129827835147761 72.27002893109714 -36.70928057142857
      vertex -13.649684868407979 71.5541539045373 -30.70928057142857
      vertex -9.129827835147761 72.27002893109714 -30.70928057142857
    endloop
  endfacet
  facet normal 0 0 -1
    outer loop
      vertex -9.129827835147761 72.27002893109714 -36.70928057142857
      vertex -4.573939542443781 72.70068717050152 -36.70928057142857
      vertex -5.997448354591516 47.47469217661046 -36.70928057142857
    endloop
  endfacet
  facet normal 0 0 -1
    outer loop
      vertex -4.573939542443781 72.70068717050152 -36.70928057142857
      vertex 0 72.84442901142857 -36.70928057142857
      vertex -3.004653173986884 47.757594614196826 -36.70928057142857
    endloop
  endfacet
  facet normal -0.0941083133185123 0.9955619646030803 0
    outer loop
      vertex -9.129827835147761 72.27002893109714 -36.70928057142857
      vertex -9.129827835147761 72.27002893109714 -30.70928057142857
      vertex -4.573939542443781 72.70068717050152 -36.70928057142857
    endloop
  endfacet
  facet normal -0.03141075907812985 0.9995065603657315 0
    outer loop
      vertex -4.573939542443781 72.70068717050152 -36.70928057142857
      vertex -4.573939542443781 72.70068717050152 -30.70928057142857
      vertex 0 72.84442901142857 -36.70928057142857
    endloop
  endfacet
  facet normal -0.0941083133185123 0.9955619646030803 0
    outer loop
      vertex -4.573939542443781 72.70068717050152 -36.70928057142857
      vertex -9.129827835147761 72.27002893109714 -30.70928057142857
      vertex -4.573939542443781 72.70068717050152 -30.70928057142857
    endloop
  endfacet
  facet normal -0.03141075907812985 0.9995065603657315 0
    outer loop
      vertex -4.573939542443781 72.70068717050152 -30.70928057142857
      vertex 0 72.84442901142857 -30.70928057142857
      vertex 0 72.84442901142857 -36.70928057142857
    endloop
  endfacet
  facet normal 0 0 1
    outer loop
      vertex -22.510166510070878 69.27916888711887 -30.70928057142857
      vertex -19.1449714413277 58.92216342466465 -30.70928057142857
      vertex -18.115672831440452 70.55588732249964 -30.70928057142857
    endloop
  endfacet
  facet normal 0 0 1
    outer loop
      vertex -19.1449714413277 58.92216342466465 -30.70928057142857
      vertex -15.407439960215182 60.008016697808856 -30.70928057142857
      vertex -18.115672831440452 70.55588732249964 -30.70928057142857
    endloop
  endfacet
  facet normal 0 0 1
    outer loop
      vertex -15.407439960215182 60.008016697808856 -30.70928057142857
      vertex -13.649684868407979 71.5541539045373 -30.70928057142857
      vertex -18.115672831440452 70.55588732249964 -30.70928057142857
    endloop
  endfacet
  facet normal 0 0 1
    outer loop
      vertex -15.407439960215182 60.008016697808856 -30.70928057142857
      vertex -11.609102352569439 60.85704574410188 -30.70928057142857
      vertex -13.649684868407979 71.5541539045373 -30.70928057142857
    endloop
  endfacet
  facet normal 0 0 1
    outer loop
      vertex -11.609102352569439 60.85704574410188 -30.70928057142857
      vertex -9.129827835147761 72.27002893109714 -30.70928057142857
      vertex -13.649684868407979 71.5541539045373 -30.70928057142857
    endloop
  endfacet
  facet normal 0 0 1
    outer loop
      vertex -11.609102352569439 60.85704574410188 -30.70928057142857
      vertex -7.764948921632487 61.46589983378249 -30.70928057142857
      vertex -9.129827835147761 72.27002893109714 -30.70928057142857
    endloop
  endfacet
  facet normal 0 0 1
    outer loop
      vertex -7.764948921632487 61.46589983378249 -30.70928057142857
      vertex -3.890150784769559 61.83217609791765 -30.70928057142857
      vertex -4.573939542443781 72.70068717050152 -30.70928057142857
    endloop
  endfacet
  facet normal 0 0 1
    outer loop
      vertex -7.764948921632487 61.46589983378249 -30.70928057142857
      vertex -4.573939542443781 72.70068717050152 -30.70928057142857
      vertex -9.129827835147761 72.27002893109714 -30.70928057142857
    endloop
  endfacet
  facet normal 0 0 1
    outer loop
      vertex -3.890150784769559 61.83217609791765 -30.70928057142857
      vertex 0 61.95442901142857 -30.70928057142857
      vertex 0 72.84442901142857 -30.70928057142857
    endloop
  endfacet
  facet normal 0 0 1
    outer loop
      vertex -3.890150784769559 61.83217609791765 -30.70928057142857
      vertex 0 72.84442901142857 -30.70928057142857
      vertex -4.573939542443781 72.70068717050152 -30.70928057142857
    endloop
  endfacet
  facet normal 0.03141075907812961 -0.9995065603657315 0
    outer loop
      vertex 0 -72.84442901142857 -36.70928057142857
      vertex 4.573939542443816 -72.70068717050152 -36.70928057142857
      vertex 4.573939542443816 -72.70068717050152 -30.70928057142857
    endloop
  endfacet
  facet normal 0.09410831331851338 -0.9955619646030801 0
    outer loop
      vertex 4.573939542443816 -72.70068717050152 -36.70928057142857
      vertex 9.129827835147744 -72.27002893109714 -36.70928057142857
      vertex 9.129827835147744 -72.27002893109714 -30.70928057142857
    endloop
  endfacet
  facet normal 0.03141075907812961 -0.9995065603657315 0
    outer loop
      vertex 0 -72.84442901142857 -36.70928057142857
      vertex 4.573939542443816 -72.70068717050152 -30.70928057142857
      vertex 0 -72.84442901142857 -30.70928057142857
    endloop
  endfacet
  facet normal 0.09410831331851338 -0.9955619646030801 0
    outer loop
      vertex 4.573939542443816 -72.70068717050152 -36.70928057142857
      vertex 9.129827835147744 -72.27002893109714 -30.70928057142857
      vertex 4.573939542443816 -72.70068717050152 -30.70928057142857
    endloop
  endfacet
  facet normal 0 0 -1
    outer loop
      vertex 0 -72.84442901142857 -36.70928057142857
      vertex 3.0046531739869073 -47.757594614196826 -36.70928057142857
      vertex 4.573939542443816 -72.70068717050152 -36.70928057142857
    endloop
  endfacet
  facet normal 0 0 -1
    outer loop
      vertex 4.573939542443816 -72.70068717050152 -36.70928057142857
      vertex 5.997448354591505 -47.47469217661046 -36.70928057142857
      vertex 9.129827835147744 -72.27002893109714 -36.70928057142857
    endloop
  endfacet
  facet normal 0.15643446504023056 -0.9876883405951378 0
    outer loop
      vertex 9.129827835147744 -72.27002893109714 -36.70928057142857
      vertex 13.649684868407997 -71.5541539045373 -30.70928057142857
      vertex 9.129827835147744 -72.27002893109714 -30.70928057142857
    endloop
  endfacet
  facet normal 0.15643446504023056 -0.9876883405951378 0
    outer loop
      vertex 9.129827835147744 -72.27002893109714 -36.70928057142857
      vertex 13.649684868407997 -71.5541539045373 -36.70928057142857
      vertex 13.649684868407997 -71.5541539045373 -30.70928057142857
    endloop
  endfacet
  facet normal 0 0 -1
    outer loop
      vertex 9.129827835147744 -72.27002893109714 -36.70928057142857
      vertex 11.900313365929117 -46.34866045337879 -36.70928057142857
      vertex 13.649684868407997 -71.5541539045373 -36.70928057142857
    endloop
  endfacet
  facet normal 0.2181432413965432 -0.9759167619387472 0
    outer loop
      vertex 13.649684868407997 -71.5541539045373 -36.70928057142857
      vertex 18.11567283144042 -70.55588732249966 -36.70928057142857
      vertex 18.11567283144042 -70.55588732249966 -30.70928057142857
    endloop
  endfacet
  facet normal 0 0 -1
    outer loop
      vertex 13.649684868407997 -71.5541539045373 -36.70928057142857
      vertex 14.78708728522488 -45.509975100510125 -36.70928057142857
      vertex 18.11567283144042 -70.55588732249966 -36.70928057142857
    endloop
  endfacet
  facet normal 0.2181432413965432 -0.9759167619387472 0
    outer loop
      vertex 13.649684868407997 -71.5541539045373 -36.70928057142857
      vertex 18.11567283144042 -70.55588732249966 -30.70928057142857
      vertex 13.649684868407997 -71.5541539045373 -30.70928057142857
    endloop
  endfacet
  facet normal 0.27899110603922983 -0.960293685676943 0
    outer loop
      vertex 18.11567283144042 -70.55588732249966 -36.70928057142857
      vertex 22.510166510070878 -69.27916888711887 -30.70928057142857
      vertex 18.11567283144042 -70.55588732249966 -30.70928057142857
    endloop
  endfacet
  facet normal 0 0 1
    outer loop
      vertex 0 -72.84442901142857 -30.70928057142857
      vertex 4.573939542443816 -72.70068717050152 -30.70928057142857
      vertex 3.890150784769589 -61.83217609791765 -30.70928057142857
    endloop
  endfacet
  facet normal 0 0 1
    outer loop
      vertex 0 -72.84442901142857 -30.70928057142857
      vertex 3.890150784769589 -61.83217609791765 -30.70928057142857
      vertex 0 -61.95442901142857 -30.70928057142857
    endloop
  endfacet
  facet normal 0 0 1
    outer loop
      vertex 4.573939542443816 -72.70068717050152 -30.70928057142857
      vertex 9.129827835147744 -72.27002893109714 -30.70928057142857
      vertex 7.764948921632473 -61.46589983378247 -30.70928057142857
    endloop
  endfacet
  facet normal 0 0 1
    outer loop
      vertex 4.573939542443816 -72.70068717050152 -30.70928057142857
      vertex 7.764948921632473 -61.46589983378247 -30.70928057142857
      vertex 3.890150784769589 -61.83217609791765 -30.70928057142857
    endloop
  endfacet
  facet normal 0 0 1
    outer loop
      vertex 9.129827835147744 -72.27002893109714 -30.70928057142857
      vertex 11.609102352569453 -60.85704574410188 -30.70928057142857
      vertex 7.764948921632473 -61.46589983378247 -30.70928057142857
    endloop
  endfacet
  facet normal 0 0 1
    outer loop
      vertex 9.129827835147744 -72.27002893109714 -30.70928057142857
      vertex 13.649684868407997 -71.5541539045373 -30.70928057142857
      vertex 11.609102352569453 -60.85704574410188 -30.70928057142857
    endloop
  endfacet
  facet normal 0 0 1
    outer loop
      vertex 13.649684868407997 -71.5541539045373 -30.70928057142857
      vertex 15.407439960215155 -60.00801669780887 -30.70928057142857
      vertex 11.609102352569453 -60.85704574410188 -30.70928057142857
    endloop
  endfacet
  facet normal 0 0 1
    outer loop
      vertex 13.649684868407997 -71.5541539045373 -30.70928057142857
      vertex 18.11567283144042 -70.55588732249966 -30.70928057142857
      vertex 15.407439960215155 -60.00801669780887 -30.70928057142857
    endloop
  endfacet
  facet normal 0 0 1
    outer loop
      vertex 18.11567283144042 -70.55588732249966 -30.70928057142857
      vertex 19.1449714413277 -58.92216342466465 -30.70928057142857
      vertex 15.407439960215155 -60.00801669780887 -30.70928057142857
    endloop
  endfacet
  facet normal 0 0 1
    outer loop
      vertex 18.11567283144042 -70.55588732249966 -30.70928057142857
      vertex 22.510166510070878 -69.27916888711887 -30.70928057142857
      vertex 19.1449714413277 -58.92216342466465 -30.70928057142857
    endloop
  endfacet
  facet normal 0 0 -1
    outer loop
      vertex 0 -72.84442901142857 -36.70928057142857
      vertex 0 -47.852019644210536 -36.70928057142857
      vertex 3.0046531739869073 -47.757594614196826 -36.70928057142857
    endloop
  endfacet
  facet normal 0 0 -1
    outer loop
      vertex 4.573939542443816 -72.70068717050152 -36.70928057142857
      vertex 3.0046531739869073 -47.757594614196826 -36.70928057142857
      vertex 5.997448354591505 -47.47469217661046 -36.70928057142857
    endloop
  endfacet
  facet normal 0 0 -1
    outer loop
      vertex 9.129827835147744 -72.27002893109714 -36.70928057142857
      vertex 5.997448354591505 -47.47469217661046 -36.70928057142857
      vertex 8.966574346514097 -47.00442881812676 -36.70928057142857
    endloop
  endfacet
  facet normal 0 0 -1
    outer loop
      vertex 9.129827835147744 -72.27002893109714 -36.70928057142857
      vertex 8.966574346514097 -47.00442881812676 -36.70928057142857
      vertex 11.900313365929117 -46.34866045337879 -36.70928057142857
    endloop
  endfacet
  facet normal 0 0 -1
    outer loop
      vertex 13.649684868407997 -71.5541539045373 -36.70928057142857
      vertex 11.900313365929117 -46.34866045337879 -36.70928057142857
      vertex 14.78708728522488 -45.509975100510125 -36.70928057142857
    endloop
  endfacet
  facet normal 0 0 -1
    outer loop
      vertex 18.11567283144042 -70.55588732249966 -36.70928057142857
      vertex 20.37439902406989 -43.297801889217084 -36.70928057142857
      vertex 22.510166510070878 -69.27916888711887 -36.70928057142857
    endloop
  endfacet
  facet normal 0 0 -1
    outer loop
      vertex 18.11567283144042 -70.55588732249966 -36.70928057142857
      vertex 14.78708728522488 -45.509975100510125 -36.70928057142857
      vertex 17.615503326583443 -44.49168266744964 -36.70928057142857
    endloop
  endfacet
  facet normal 0 0 -1
    outer loop
      vertex 18.11567283144042 -70.55588732249966 -36.70928057142857
      vertex 17.615503326583443 -44.49168266744964 -36.70928057142857
      vertex 20.37439902406989 -43.297801889217084 -36.70928057142857
    endloop
  endfacet
  facet normal 0.27899110603922983 -0.960293685676943 0
    outer loop
      vertex 18.11567283144042 -70.55588732249966 -36.70928057142857
      vertex 22.510166510070878 -69.27916888711887 -36.70928057142857
      vertex 22.510166510070878 -69.27916888711887 -30.70928057142857
    endloop
  endfacet
  facet normal 0.3387379202452902 -0.9408807689542259 0
    outer loop
      vertex 22.510166510070878 -69.27916888711887 -36.70928057142857
      vertex 26.815822845402952 -67.72903722278224 -36.70928057142857
      vertex 26.815822845402952 -67.72903722278224 -30.70928057142857
    endloop
  endfacet
  facet normal 0.3971478906347816 -0.9177546256839807 0
    outer loop
      vertex 26.815822845402952 -67.72903722278224 -36.70928057142857
      vertex 31.015649378948268 -65.91160999098112 -36.70928057142857
      vertex 31.015649378948268 -65.91160999098112 -30.70928057142857
    endloop
  endfacet
  facet normal 0.3387379202452902 -0.9408807689542259 0
    outer loop
      vertex 22.510166510070878 -69.27916888711887 -36.70928057142857
      vertex 26.815822845402952 -67.72903722278224 -30.70928057142857
      vertex 22.510166510070878 -69.27916888711887 -30.70928057142857
    endloop
  endfacet
  facet normal 0.3971478906347816 -0.9177546256839807 0
    outer loop
      vertex 26.815822845402952 -67.72903722278224 -36.70928057142857
      vertex 31.015649378948268 -65.91160999098112 -30.70928057142857
      vertex 26.815822845402952 -67.72903722278224 -30.70928057142857
    endloop
  endfacet
  facet normal 0.4539904997395469 -0.8910065241883678 0
    outer loop
      vertex 31.015649378948268 -65.91160999098112 -36.70928057142857
      vertex 35.0930713140973 -63.834059746695864 -36.70928057142857
      vertex 35.0930713140973 -63.834059746695864 -30.70928057142857
    endloop
  endfacet
  facet normal 0.5090414157503717 -0.8607420270039435 0
    outer loop
      vertex 35.0930713140973 -63.834059746695864 -36.70928057142857
      vertex 39.03199692926878 -61.5045856315983 -36.70928057142857
      vertex 39.03199692926878 -61.5045856315983 -30.70928057142857
    endloop
  endfacet
  facet normal 0.4539904997395469 -0.8910065241883678 0
    outer loop
      vertex 31.015649378948268 -65.91160999098112 -36.70928057142857
      vertex 35.0930713140973 -63.834059746695864 -30.70928057142857
      vertex 31.015649378948268 -65.91160999098112 -30.70928057142857
    endloop
  endfacet
  facet normal 0.5090414157503717 -0.8607420270039435 0
    outer loop
      vertex 35.0930713140973 -63.834059746695864 -36.70928057142857
      vertex 39.03199692926878 -61.5045856315983 -30.70928057142857
      vertex 35.0930713140973 -63.834059746695864 -30.70928057142857
    endloop
  endfacet
  facet normal 0 0 1
    outer loop
      vertex 19.1449714413277 -58.92216342466465 -30.70928057142857
      vertex 22.510166510070878 -69.27916888711887 -30.70928057142857
      vertex 22.806946466666805 -57.603771291459175 -30.70928057142857
    endloop
  endfacet
  facet normal 0 0 1
    outer loop
      vertex 22.510166510070878 -69.27916888711887 -30.70928057142857
      vertex 26.815822845402952 -67.72903722278224 -30.70928057142857
      vertex 22.806946466666805 -57.603771291459175 -30.70928057142857
    endloop
  endfacet
  facet normal 0 0 1
    outer loop
      vertex 26.815822845402952 -67.72903722278224 -30.70928057142857
      vertex 31.015649378948268 -65.91160999098112 -30.70928057142857
      vertex 29.84677380312962 -54.29108000101819 -30.70928057142857
    endloop
  endfacet
  facet normal 0 0 -1
    outer loop
      vertex 22.510166510070878 -69.27916888711887 -36.70928057142857
      vertex 25.640394319229298 -40.40279647727796 -36.70928057142857
      vertex 26.815822845402952 -67.72903722278224 -36.70928057142857
    endloop
  endfacet
  facet normal 0 0 -1
    outer loop
      vertex 22.510166510070878 -69.27916888711887 -36.70928057142857
      vertex 20.37439902406989 -43.297801889217084 -36.70928057142857
      vertex 23.052886276785884 -41.93304446781187 -36.70928057142857
    endloop
  endfacet
  facet normal 0 0 -1
    outer loop
      vertex 26.815822845402952 -67.72903722278224 -36.70928057142857
      vertex 28.12671143927667 -38.71309710733015 -36.70928057142857
      vertex 31.015649378948268 -65.91160999098112 -36.70928057142857
    endloop
  endfacet
  facet normal 0 0 -1
    outer loop
      vertex 22.510166510070878 -69.27916888711887 -36.70928057142857
      vertex 23.052886276785884 -41.93304446781187 -36.70928057142857
      vertex 25.640394319229298 -40.40279647727796 -36.70928057142857
    endloop
  endfacet
  facet normal 0 0 -1
    outer loop
      vertex 26.815822845402952 -67.72903722278224 -36.70928057142857
      vertex 25.640394319229298 -40.40279647727796 -36.70928057142857
      vertex 28.12671143927667 -38.71309710733015 -36.70928057142857
    endloop
  endfacet
  facet normal 0 0 -1
    outer loop
      vertex 31.015649378948268 -65.91160999098112 -36.70928057142857
      vertex 28.12671143927667 -38.71309710733015 -36.70928057142857
      vertex 30.502025279145364 -36.87061482943142 -36.70928057142857
    endloop
  endfacet
  facet normal 0 0 -1
    outer loop
      vertex 31.015649378948268 -65.91160999098112 -36.70928057142857
      vertex 32.756961560287074 -34.882621079382574 -36.70928057142857
      vertex 35.0930713140973 -63.834059746695864 -36.70928057142857
    endloop
  endfacet
  facet normal 0 0 -1
    outer loop
      vertex 35.0930713140973 -63.834059746695864 -36.70928057142857
      vertex 36.87061482943142 -30.502025279145364 -36.70928057142857
      vertex 39.03199692926878 -61.5045856315983 -36.70928057142857
    endloop
  endfacet
  facet normal 0.5620833778521291 -0.8270805742745628 0
    outer loop
      vertex 39.03199692926878 -61.5045856315983 -36.70928057142857
      vertex 42.81688108458369 -58.93238101578517 -30.70928057142857
      vertex 39.03199692926878 -61.5045856315983 -30.70928057142857
    endloop
  endfacet
  facet normal 0 0 -1
    outer loop
      vertex 31.015649378948268 -65.91160999098112 -36.70928057142857
      vertex 30.502025279145364 -36.87061482943142 -36.70928057142857
      vertex 32.756961560287074 -34.882621079382574 -36.70928057142857
    endloop
  endfacet
  facet normal 0 0 -1
    outer loop
      vertex 35.0930713140973 -63.834059746695864 -36.70928057142857
      vertex 32.756961560287074 -34.882621079382574 -36.70928057142857
      vertex 34.882621079382574 -32.756961560287074 -36.70928057142857
    endloop
  endfacet
  facet normal 0 0 -1
    outer loop
      vertex 35.0930713140973 -63.834059746695864 -36.70928057142857
      vertex 34.882621079382574 -32.756961560287074 -36.70928057142857
      vertex 36.87061482943142 -30.502025279145364 -36.70928057142857
    endloop
  endfacet
  facet normal 0 0 -1
    outer loop
      vertex 39.03199692926878 -61.5045856315983 -36.70928057142857
      vertex 40.40279647727796 -25.640394319229298 -36.70928057142857
      vertex 42.81688108458369 -58.93238101578517 -36.70928057142857
    endloop
  endfacet
  facet normal 0 0 1
    outer loop
      vertex 26.815822845402952 -67.72903722278224 -30.70928057142857
      vertex 26.37891289380463 -56.05804338962617 -30.70928057142857
      vertex 22.806946466666805 -57.603771291459175 -30.70928057142857
    endloop
  endfacet
  facet normal 0 0 1
    outer loop
      vertex 26.815822845402952 -67.72903722278224 -30.70928057142857
      vertex 29.84677380312962 -54.29108000101819 -30.70928057142857
      vertex 26.37891289380463 -56.05804338962617 -30.70928057142857
    endloop
  endfacet
  facet normal 0 0 1
    outer loop
      vertex 31.015649378948268 -65.91160999098112 -30.70928057142857
      vertex 35.0930713140973 -63.834059746695864 -30.70928057142857
      vertex 33.19684313194752 -52.30985452288136 -30.70928057142857
    endloop
  endfacet
  facet normal 0 0 1
    outer loop
      vertex 31.015649378948268 -65.91160999098112 -30.70928057142857
      vertex 33.19684313194752 -52.30985452288136 -30.70928057142857
      vertex 29.84677380312962 -54.29108000101819 -30.70928057142857
    endloop
  endfacet
  facet normal 0 0 1
    outer loop
      vertex 35.0930713140973 -63.834059746695864 -30.70928057142857
      vertex 36.41589968711866 -50.12218594704199 -30.70928057142857
      vertex 33.19684313194752 -52.30985452288136 -30.70928057142857
    endloop
  endfacet
  facet normal 0 0 1
    outer loop
      vertex 35.0930713140973 -63.834059746695864 -30.70928057142857
      vertex 39.03199692926878 -61.5045856315983 -30.70928057142857
      vertex 36.41589968711866 -50.12218594704199 -30.70928057142857
    endloop
  endfacet
  facet normal 0 0 1
    outer loop
      vertex 39.03199692926878 -61.5045856315983 -30.70928057142857
      vertex 39.49123932306679 -47.73670800191825 -30.70928057142857
      vertex 36.41589968711866 -50.12218594704199 -30.70928057142857
    endloop
  endfacet
  facet normal 0 0 1
    outer loop
      vertex 39.03199692926878 -61.5045856315983 -30.70928057142857
      vertex 42.81688108458369 -58.93238101578517 -30.70928057142857
      vertex 39.49123932306679 -47.73670800191825 -30.70928057142857
    endloop
  endfacet
  facet normal 0 0 -1
    outer loop
      vertex 39.03199692926878 -61.5045856315983 -36.70928057142857
      vertex 36.87061482943142 -30.502025279145364 -36.70928057142857
      vertex 38.71309710733015 -28.12671143927667 -36.70928057142857
    endloop
  endfacet
  facet normal 0 0 -1
    outer loop
      vertex 39.03199692926878 -61.5045856315983 -36.70928057142857
      vertex 38.71309710733015 -28.12671143927667 -36.70928057142857
      vertex 40.40279647727796 -25.640394319229298 -36.70928057142857
    endloop
  endfacet
  facet normal 0.5620833778521291 -0.8270805742745628 0
    outer loop
      vertex 39.03199692926878 -61.5045856315983 -36.70928057142857
      vertex 42.81688108458369 -58.93238101578517 -36.70928057142857
      vertex 42.81688108458369 -58.93238101578517 -30.70928057142857
    endloop
  endfacet
  facet normal 0.612907053652976 -0.7901550123756907 0
    outer loop
      vertex 42.81688108458369 -58.93238101578517 -36.70928057142857
      vertex 46.43278657143002 -56.1275972157466 -36.70928057142857
      vertex 46.43278657143002 -56.1275972157466 -30.70928057142857
    endloop
  endfacet
  facet normal 0.6613118653236529 -0.7501110696304586 0
    outer loop
      vertex 46.43278657143002 -56.1275972157466 -36.70928057142857
      vertex 49.865443062801226 -53.10130343175754 -36.70928057142857
      vertex 49.865443062801226 -53.10130343175754 -30.70928057142857
    endloop
  endfacet
  facet normal 0.7071067811865475 -0.7071067811865475 0
    outer loop
      vertex 49.865443062801226 -53.10130343175754 -36.70928057142857
      vertex 53.10130343175754 -49.865443062801226 -36.70928057142857
      vertex 49.865443062801226 -53.10130343175754 -30.70928057142857
    endloop
  endfacet
  facet normal 0.612907053652976 -0.7901550123756907 0
    outer loop
      vertex 42.81688108458369 -58.93238101578517 -36.70928057142857
      vertex 46.43278657143002 -56.1275972157466 -30.70928057142857
      vertex 42.81688108458369 -58.93238101578517 -30.70928057142857
    endloop
  endfacet
  facet normal 0.6613118653236529 -0.7501110696304586 0
    outer loop
      vertex 46.43278657143002 -56.1275972157466 -36.70928057142857
      vertex 49.865443062801226 -53.10130343175754 -30.70928057142857
      vertex 46.43278657143002 -56.1275972157466 -30.70928057142857
    endloop
  endfacet
  facet normal 0 0 -1
    outer loop
      vertex 42.81688108458369 -58.93238101578517 -36.70928057142857
      vertex 44.49168266744964 -17.615503326583443 -36.70928057142857
      vertex 46.43278657143002 -56.1275972157466 -36.70928057142857
    endloop
  endfacet
  facet normal 0.7501110696304586 -0.6613118653236529 0
    outer loop
      vertex 53.10130343175754 -49.865443062801226 -36.70928057142857
      vertex 56.1275972157466 -46.43278657143002 -36.70928057142857
      vertex 53.10130343175754 -49.865443062801226 -30.70928057142857
    endloop
  endfacet
  facet normal 0.7901550123756907 -0.612907053652976 0
    outer loop
      vertex 56.1275972157466 -46.43278657143002 -36.70928057142857
      vertex 58.93238101578517 -42.81688108458369 -36.70928057142857
      vertex 56.1275972157466 -46.43278657143002 -30.70928057142857
    endloop
  endfacet
  facet normal 0.8270805742745628 -0.5620833778521291 0
    outer loop
      vertex 58.93238101578517 -42.81688108458369 -36.70928057142857
      vertex 61.5045856315983 -39.03199692926878 -36.70928057142857
      vertex 58.93238101578517 -42.81688108458369 -30.70928057142857
    endloop
  endfacet
  facet normal 0.7071067811865475 -0.7071067811865475 0
    outer loop
      vertex 53.10130343175754 -49.865443062801226 -36.70928057142857
      vertex 53.10130343175754 -49.865443062801226 -30.70928057142857
      vertex 49.865443062801226 -53.10130343175754 -30.70928057142857
    endloop
  endfacet
  facet normal 0.7501110696304586 -0.6613118653236529 0
    outer loop
      vertex 56.1275972157466 -46.43278657143002 -36.70928057142857
      vertex 56.1275972157466 -46.43278657143002 -30.70928057142857
      vertex 53.10130343175754 -49.865443062801226 -30.70928057142857
    endloop
  endfacet
  facet normal 0.7901550123756907 -0.612907053652976 0
    outer loop
      vertex 58.93238101578517 -42.81688108458369 -36.70928057142857
      vertex 58.93238101578517 -42.81688108458369 -30.70928057142857
      vertex 56.1275972157466 -46.43278657143002 -30.70928057142857
    endloop
  endfacet
  facet normal 0 0 1
    outer loop
      vertex 42.81688108458369 -58.93238101578517 -30.70928057142857
      vertex 46.43278657143002 -56.1275972157466 -30.70928057142857
      vertex 45.162835079138375 -42.41072507923781 -30.70928057142857
    endloop
  endfacet
  facet normal 0 0 1
    outer loop
      vertex 39.49123932306679 -47.73670800191825 -30.70928057142857
      vertex 42.81688108458369 -58.93238101578517 -30.70928057142857
      vertex 42.41072507923781 -45.16283507913837 -30.70928057142857
    endloop
  endfacet
  facet normal 0 0 1
    outer loop
      vertex 42.81688108458369 -58.93238101578517 -30.70928057142857
      vertex 45.162835079138375 -42.41072507923781 -30.70928057142857
      vertex 42.41072507923781 -45.16283507913837 -30.70928057142857
    endloop
  endfacet
  facet normal 0 0 1
    outer loop
      vertex 46.43278657143002 -56.1275972157466 -30.70928057142857
      vertex 49.865443062801226 -53.10130343175754 -30.70928057142857
      vertex 47.73670800191825 -39.49123932306679 -30.70928057142857
    endloop
  endfacet
  facet normal 0 0 1
    outer loop
      vertex 49.865443062801226 -53.10130343175754 -30.70928057142857
      vertex 53.10130343175754 -49.865443062801226 -30.70928057142857
      vertex 50.12218594704199 -36.41589968711866 -30.70928057142857
    endloop
  endfacet
  facet normal 0 0 1
    outer loop
      vertex 46.43278657143002 -56.1275972157466 -30.70928057142857
      vertex 47.73670800191825 -39.49123932306679 -30.70928057142857
      vertex 45.162835079138375 -42.41072507923781 -30.70928057142857
    endloop
  endfacet
  facet normal 0 0 1
    outer loop
      vertex 49.865443062801226 -53.10130343175754 -30.70928057142857
      vertex 50.12218594704199 -36.41589968711866 -30.70928057142857
      vertex 47.73670800191825 -39.49123932306679 -30.70928057142857
    endloop
  endfacet
  facet normal 0 0 1
    outer loop
      vertex 53.10130343175754 -49.865443062801226 -30.70928057142857
      vertex 56.1275972157466 -46.43278657143002 -30.70928057142857
      vertex 54.291080001018194 -29.84677380312962 -30.70928057142857
    endloop
  endfacet
  facet normal 0 0 -1
    outer loop
      vertex 42.81688108458369 -58.93238101578517 -36.70928057142857
      vertex 40.40279647727796 -25.640394319229298 -36.70928057142857
      vertex 41.93304446781187 -23.052886276785884 -36.70928057142857
    endloop
  endfacet
  facet normal 0 0 -1
    outer loop
      vertex 42.81688108458369 -58.93238101578517 -36.70928057142857
      vertex 41.93304446781187 -23.052886276785884 -36.70928057142857
      vertex 43.297801889217084 -20.37439902406989 -36.70928057142857
    endloop
  endfacet
  facet normal 0 0 -1
    outer loop
      vertex 42.81688108458369 -58.93238101578517 -36.70928057142857
      vertex 43.297801889217084 -20.37439902406989 -36.70928057142857
      vertex 44.49168266744964 -17.615503326583443 -36.70928057142857
    endloop
  endfacet
  facet normal 0 0 -1
    outer loop
      vertex 46.43278657143002 -56.1275972157466 -36.70928057142857
      vertex 44.49168266744964 -17.615503326583443 -36.70928057142857
      vertex 45.509975100510125 -14.78708728522488 -36.70928057142857
    endloop
  endfacet
  facet normal 0 0 -1
    outer loop
      vertex 46.43278657143002 -56.1275972157466 -36.70928057142857
      vertex 45.509975100510125 -14.78708728522488 -36.70928057142857
      vertex 46.34866045337879 -11.900313365929117 -36.70928057142857
    endloop
  endfacet
  facet normal 0 0 -1
    outer loop
      vertex 46.43278657143002 -56.1275972157466 -36.70928057142857
      vertex 46.34866045337879 -11.900313365929117 -36.70928057142857
      vertex 47.00442881812676 -8.966574346514097 -36.70928057142857
    endloop
  endfacet
  facet normal 0 0 -1
    outer loop
      vertex 46.43278657143002 -56.1275972157466 -36.70928057142857
      vertex 47.00442881812676 -8.966574346514097 -36.70928057142857
      vertex 47.47469217661046 -5.997448354591505 -36.70928057142857
    endloop
  endfacet
  facet normal 0 0 -1
    outer loop
      vertex 46.43278657143002 -56.1275972157466 -36.70928057142857
      vertex 47.47469217661046 -5.997448354591505 -36.70928057142857
      vertex 47.757594614196826 -3.0046531739869073 -36.70928057142857
    endloop
  endfacet
  facet normal 0.8270805742745628 -0.5620833778521291 0
    outer loop
      vertex 58.93238101578517 -42.81688108458369 -30.70928057142857
      vertex 61.5045856315983 -39.03199692926878 -36.70928057142857
      vertex 61.5045856315983 -39.03199692926878 -30.70928057142857
    endloop
  endfacet
  facet normal 0 0 -1
    outer loop
      vertex 58.93238101578517 -42.81688108458369 -36.70928057142857
      vertex 61.34774757183492 -1.0874027167410754 -36.70928057142857
      vertex 61.5045856315983 -39.03199692926878 -36.70928057142857
    endloop
  endfacet
  facet normal 0 0 1
    outer loop
      vertex 53.10130343175754 -49.865443062801226 -30.70928057142857
      vertex 52.30985452288136 -33.19684313194752 -30.70928057142857
      vertex 50.12218594704199 -36.41589968711866 -30.70928057142857
    endloop
  endfacet
  facet normal 0 0 1
    outer loop
      vertex 53.10130343175754 -49.865443062801226 -30.70928057142857
      vertex 54.291080001018194 -29.84677380312962 -30.70928057142857
      vertex 52.30985452288136 -33.19684313194752 -30.70928057142857
    endloop
  endfacet
  facet normal 0 0 1
    outer loop
      vertex 56.1275972157466 -46.43278657143002 -30.70928057142857
      vertex 56.058043389626164 -26.37891289380463 -30.70928057142857
      vertex 54.291080001018194 -29.84677380312962 -30.70928057142857
    endloop
  endfacet
  facet normal 0 0 1
    outer loop
      vertex 56.1275972157466 -46.43278657143002 -30.70928057142857
      vertex 58.93238101578517 -42.81688108458369 -30.70928057142857
      vertex 57.603771291459175 -22.806946466666805 -30.70928057142857
    endloop
  endfacet
  facet normal 0 0 1
    outer loop
      vertex 56.1275972157466 -46.43278657143002 -30.70928057142857
      vertex 57.603771291459175 -22.806946466666805 -30.70928057142857
      vertex 56.058043389626164 -26.37891289380463 -30.70928057142857
    endloop
  endfacet
  facet normal 0 0 1
    outer loop
      vertex 58.93238101578517 -42.81688108458369 -30.70928057142857
      vertex 61.5045856315983 -39.03199692926878 -30.70928057142857
      vertex 60.00801669780887 -15.407439960215155 -30.70928057142857
    endloop
  endfacet
  facet normal 0 0 1
    outer loop
      vertex 58.93238101578517 -42.81688108458369 -30.70928057142857
      vertex 58.92216342466465 -19.1449714413277 -30.70928057142857
      vertex 57.603771291459175 -22.806946466666805 -30.70928057142857
    endloop
  endfacet
  facet normal 0 0 1
    outer loop
      vertex 58.93238101578517 -42.81688108458369 -30.70928057142857
      vertex 60.00801669780887 -15.407439960215155 -30.70928057142857
      vertex 58.92216342466465 -19.1449714413277 -30.70928057142857
    endloop
  endfacet
  facet normal 0 0 1
    outer loop
      vertex 61.5045856315983 -39.03199692926878 -30.70928057142857
      vertex 60.857045744101875 -11.609102352569453 -30.70928057142857
      vertex 60.00801669780887 -15.407439960215155 -30.70928057142857
    endloop
  endfacet
  facet normal 0 0 -1
    outer loop
      vertex 46.43278657143002 -56.1275972157466 -36.70928057142857
      vertex 49.86544306280124 53.101303431757536 -36.70928057142857
      vertex 49.865443062801226 -53.10130343175754 -36.70928057142857
    endloop
  endfacet
  facet normal 0 0 -1
    outer loop
      vertex 46.43278657143002 -56.1275972157466 -36.70928057142857
      vertex 47.757594614196826 -3.0046531739869073 -36.70928057142857
      vertex 49.86544306280124 53.101303431757536 -36.70928057142857
    endloop
  endfacet
  facet normal 0 0 -1
    outer loop
      vertex 49.865443062801226 -53.10130343175754 -36.70928057142857
      vertex 53.101303431757536 49.86544306280124 -36.70928057142857
      vertex 53.10130343175754 -49.865443062801226 -36.70928057142857
    endloop
  endfacet
  facet normal 0 0 -1
    outer loop
      vertex 53.10130343175754 -49.865443062801226 -36.70928057142857
      vertex 56.127597215746604 46.43278657143001 -36.70928057142857
      vertex 56.1275972157466 -46.43278657143002 -36.70928057142857
    endloop
  endfacet
  facet normal 0 0 -1
    outer loop
      vertex 56.1275972157466 -46.43278657143002 -36.70928057142857
      vertex 58.93238101578517 42.81688108458369 -36.70928057142857
      vertex 58.93238101578517 -42.81688108458369 -36.70928057142857
    endloop
  endfacet
  facet normal 0 0 -1
    outer loop
      vertex 58.93238101578517 -42.81688108458369 -36.70928057142857
      vertex 61.00901681399679 -0.23186648209396252 -36.70928057142857
      vertex 61.027197597580496 -0.34665543198359094 -36.70928057142857
    endloop
  endfacet
  facet normal 0 0 -1
    outer loop
      vertex 58.93238101578517 -42.81688108458369 -36.70928057142857
      vertex 60.99807956383627 -0.11616246112922957 -36.70928057142857
      vertex 61.00901681399679 -0.23186648209396252 -36.70928057142857
    endloop
  endfacet
  facet normal 0 0 -1
    outer loop
      vertex 58.93238101578517 -42.81688108458369 -36.70928057142857
      vertex 60.99807956383627 0.11616246112922957 -36.70928057142857
      vertex 60.99442901142857 0 -36.70928057142857
    endloop
  endfacet
  facet normal 0 0 -1
    outer loop
      vertex 58.93238101578517 -42.81688108458369 -36.70928057142857
      vertex 60.99442901142857 0 -36.70928057142857
      vertex 60.99807956383627 -0.11616246112922957 -36.70928057142857
    endloop
  endfacet
  facet normal 0 0 -1
    outer loop
      vertex 58.93238101578517 -42.81688108458369 -36.70928057142857
      vertex 61.17049896436644 -0.787691689395384 -36.70928057142857
      vertex 61.22326165334743 -0.8912442970881735 -36.70928057142857
    endloop
  endfacet
  facet normal 0 0 -1
    outer loop
      vertex 58.93238101578517 -42.81688108458369 -36.70928057142857
      vertex 61.28242234924985 -0.991279570711144 -36.70928057142857
      vertex 61.34774757183492 -1.0874027167410754 -36.70928057142857
    endloop
  endfacet
  facet normal 0 0 -1
    outer loop
      vertex 58.93238101578517 -42.81688108458369 -36.70928057142857
      vertex 61.22326165334743 -0.8912442970881735 -36.70928057142857
      vertex 61.28242234924985 -0.991279570711144 -36.70928057142857
    endloop
  endfacet
  facet normal 0 0 -1
    outer loop
      vertex 58.93238101578517 -42.81688108458369 -36.70928057142857
      vertex 61.12434251253531 -0.6810304224666541 -36.70928057142857
      vertex 61.17049896436644 -0.787691689395384 -36.70928057142857
    endloop
  endfacet
  facet normal 0 0 -1
    outer loop
      vertex 58.93238101578517 -42.81688108458369 -36.70928057142857
      vertex 61.08497445628254 -0.5716814395936527 -36.70928057142857
      vertex 61.12434251253531 -0.6810304224666541 -36.70928057142857
    endloop
  endfacet
  facet normal 0 0 -1
    outer loop
      vertex 58.93238101578517 -42.81688108458369 -36.70928057142857
      vertex 61.052550163340605 -0.4600762912549815 -36.70928057142857
      vertex 61.08497445628254 -0.5716814395936527 -36.70928057142857
    endloop
  endfacet
  facet normal 0 0 -1
    outer loop
      vertex 58.93238101578517 -42.81688108458369 -36.70928057142857
      vertex 61.027197597580496 -0.34665543198359094 -36.70928057142857
      vertex 61.052550163340605 -0.4600762912549815 -36.70928057142857
    endloop
  endfacet
  facet normal 0 0 -1
    outer loop
      vertex 61.5045856315983 -39.03199692926878 -36.70928057142857
      vertex 61.49583705069896 -1.2664121459680737 -36.70928057142857
      vertex 61.5780168654605 -1.3485919607296117 -36.70928057142857
    endloop
  endfacet
  facet normal 0 0 -1
    outer loop
      vertex 61.5045856315983 -39.03199692926878 -36.70928057142857
      vertex 61.41897951229336 -1.1792343810350758 -36.70928057142857
      vertex 61.49583705069896 -1.2664121459680737 -36.70928057142857
    endloop
  endfacet
  facet normal 0 0 -1
    outer loop
      vertex 61.5045856315983 -39.03199692926878 -36.70928057142857
      vertex 61.5780168654605 -1.3485919607296117 -36.70928057142857
      vertex 61.6651946303935 -1.4254494991352105 -36.70928057142857
    endloop
  endfacet
  facet normal 0 0 -1
    outer loop
      vertex 61.5045856315983 -39.03199692926878 -36.70928057142857
      vertex 61.34774757183492 -1.0874027167410754 -36.70928057142857
      vertex 61.41897951229336 -1.1792343810350758 -36.70928057142857
    endloop
  endfacet
  facet normal 0 0 -1
    outer loop
      vertex 58.93238101578517 -42.81688108458369 -36.70928057142857
      vertex 61.50458563159829 39.031996929268814 -36.70928057142857
      vertex 60.99807956383627 0.11616246112922957 -36.70928057142857
    endloop
  endfacet
  facet normal 0 0 1
    outer loop
      vertex 61.5045856315983 -39.03199692926878 -30.70928057142857
      vertex 61.46589983378248 -7.764948921632473 -30.70928057142857
      vertex 60.857045744101875 -11.609102352569453 -30.70928057142857
    endloop
  endfacet
  facet normal 0 0 1
    outer loop
      vertex 61.5045856315983 -39.03199692926878 -30.70928057142857
      vertex 61.83217609791765 -3.890150784769589 -30.70928057142857
      vertex 61.46589983378248 -7.764948921632473 -30.70928057142857
    endloop
  endfacet
  facet normal 0.8607420270039435 -0.5090414157503717 0
    outer loop
      vertex 61.5045856315983 -39.03199692926878 -36.70928057142857
      vertex 63.834059746695864 -35.0930713140973 -36.70928057142857
      vertex 61.5045856315983 -39.03199692926878 -30.70928057142857
    endloop
  endfacet
  facet normal 0.8910065241883678 -0.4539904997395469 0
    outer loop
      vertex 63.834059746695864 -35.0930713140973 -36.70928057142857
      vertex 65.91160999098112 -31.015649378948268 -36.70928057142857
      vertex 63.834059746695864 -35.0930713140973 -30.70928057142857
    endloop
  endfacet
  facet normal 0.8607420270039435 -0.5090414157503717 0
    outer loop
      vertex 61.5045856315983 -39.03199692926878 -30.70928057142857
      vertex 63.834059746695864 -35.0930713140973 -36.70928057142857
      vertex 63.834059746695864 -35.0930713140973 -30.70928057142857
    endloop
  endfacet
  facet normal 0.8910065241883678 -0.4539904997395469 0
    outer loop
      vertex 65.91160999098112 -31.015649378948268 -36.70928057142857
      vertex 65.91160999098112 -31.015649378948268 -30.70928057142857
      vertex 63.834059746695864 -35.0930713140973 -30.70928057142857
    endloop
  endfacet
  facet normal 0.9177546256839807 -0.3971478906347816 0
    outer loop
      vertex 65.91160999098112 -31.015649378948268 -36.70928057142857
      vertex 67.72903722278224 -26.815822845402952 -36.70928057142857
      vertex 65.91160999098112 -31.015649378948268 -30.70928057142857
    endloop
  endfacet
  facet normal 0 0 -1
    outer loop
      vertex 61.5045856315983 -39.03199692926878 -36.70928057142857
      vertex 62.728266550299345 -1.8463494475923026 -36.70928057142857
      vertex 63.834059746695864 -35.0930713140973 -36.70928057142857
    endloop
  endfacet
  facet normal 0.9408807689542259 -0.3387379202452902 0
    outer loop
      vertex 67.72903722278224 -26.815822845402952 -36.70928057142857
      vertex 69.27916888711887 -22.510166510070878 -36.70928057142857
      vertex 67.72903722278224 -26.815822845402952 -30.70928057142857
    endloop
  endfacet
  facet normal 0.960293685676943 -0.27899110603922983 0
    outer loop
      vertex 69.27916888711887 -22.510166510070878 -36.70928057142857
      vertex 70.55588732249966 -18.11567283144042 -36.70928057142857
      vertex 69.27916888711887 -22.510166510070878 -30.70928057142857
    endloop
  endfacet
  facet normal 0.9177546256839807 -0.3971478906347816 0
    outer loop
      vertex 67.72903722278224 -26.815822845402952 -36.70928057142857
      vertex 67.72903722278224 -26.815822845402952 -30.70928057142857
      vertex 65.91160999098112 -31.015649378948268 -30.70928057142857
    endloop
  endfacet
  facet normal 0.9408807689542259 -0.3387379202452902 0
    outer loop
      vertex 69.27916888711887 -22.510166510070878 -36.70928057142857
      vertex 69.27916888711887 -22.510166510070878 -30.70928057142857
      vertex 67.72903722278224 -26.815822845402952 -30.70928057142857
    endloop
  endfacet
  facet normal 0 0 1
    outer loop
      vertex 61.5045856315983 -39.03199692926878 -30.70928057142857
      vertex 63.834059746695864 -35.0930713140973 -30.70928057142857
      vertex 61.83217609791765 -3.890150784769589 -30.70928057142857
    endloop
  endfacet
  facet normal 0 0 1
    outer loop
      vertex 63.834059746695864 -35.0930713140973 -30.70928057142857
      vertex 65.91160999098112 -31.015649378948268 -30.70928057142857
      vertex 63.735673308516745 -1.6211673580811474 -30.70928057142857
    endloop
  endfacet
  facet normal 0 0 -1
    outer loop
      vertex 61.5045856315983 -39.03199692926878 -36.70928057142857
      vertex 62.056737322033186 -1.6739300470621363 -36.70928057142857
      vertex 62.16339858896192 -1.7200864988932654 -36.70928057142857
    endloop
  endfacet
  facet normal 0 0 -1
    outer loop
      vertex 61.5045856315983 -39.03199692926878 -36.70928057142857
      vertex 62.16339858896192 -1.7200864988932654 -36.70928057142857
      vertex 62.27274757183492 -1.759454555146034 -36.70928057142857
    endloop
  endfacet
  facet normal 0 0 -1
    outer loop
      vertex 61.5045856315983 -39.03199692926878 -36.70928057142857
      vertex 62.49777357944498 -1.817231413848074 -36.70928057142857
      vertex 62.61256252933461 -1.835412197431784 -36.70928057142857
    endloop
  endfacet
  facet normal 0 0 -1
    outer loop
      vertex 61.5045856315983 -39.03199692926878 -36.70928057142857
      vertex 62.27274757183492 -1.759454555146034 -36.70928057142857
      vertex 62.384352720173595 -1.7918788480879675 -36.70928057142857
    endloop
  endfacet
  facet normal 0 0 -1
    outer loop
      vertex 61.5045856315983 -39.03199692926878 -36.70928057142857
      vertex 62.384352720173595 -1.7918788480879675 -36.70928057142857
      vertex 62.49777357944498 -1.817231413848074 -36.70928057142857
    endloop
  endfacet
  facet normal 0 0 -1
    outer loop
      vertex 61.5045856315983 -39.03199692926878 -36.70928057142857
      vertex 62.61256252933461 -1.835412197431784 -36.70928057142857
      vertex 62.728266550299345 -1.8463494475923026 -36.70928057142857
    endloop
  endfacet
  facet normal 0 0 -1
    outer loop
      vertex 61.5045856315983 -39.03199692926878 -36.70928057142857
      vertex 61.6651946303935 -1.4254494991352105 -36.70928057142857
      vertex 61.7570262946875 -1.496681439593653 -36.70928057142857
    endloop
  endfacet
  facet normal 0 0 -1
    outer loop
      vertex 61.5045856315983 -39.03199692926878 -36.70928057142857
      vertex 61.7570262946875 -1.496681439593653 -36.70928057142857
      vertex 61.85314944071743 -1.5620066621787279 -36.70928057142857
    endloop
  endfacet
  facet normal 0 0 -1
    outer loop
      vertex 61.5045856315983 -39.03199692926878 -36.70928057142857
      vertex 61.9531847143404 -1.6211673580811474 -36.70928057142857
      vertex 62.056737322033186 -1.6739300470621363 -36.70928057142857
    endloop
  endfacet
  facet normal 0 0 -1
    outer loop
      vertex 61.5045856315983 -39.03199692926878 -36.70928057142857
      vertex 61.85314944071743 -1.5620066621787279 -36.70928057142857
      vertex 61.9531847143404 -1.6211673580811474 -36.70928057142857
    endloop
  endfacet
  facet normal 0 0 -1
    outer loop
      vertex 63.834059746695864 -35.0930713140973 -36.70928057142857
      vertex 62.728266550299345 -1.8463494475923026 -36.70928057142857
      vertex 62.84442901142857 -1.85 -36.70928057142857
    endloop
  endfacet
  facet normal 0 0 -1
    outer loop
      vertex 63.834059746695864 -35.0930713140973 -36.70928057142857
      vertex 62.84442901142857 -1.85 -36.70928057142857
      vertex 62.9605914725578 -1.8463494475923026 -36.70928057142857
    endloop
  endfacet
  facet normal 0 0 -1
    outer loop
      vertex 63.834059746695864 -35.0930713140973 -36.70928057142857
      vertex 62.9605914725578 -1.8463494475923026 -36.70928057142857
      vertex 63.07629549352254 -1.835412197431784 -36.70928057142857
    endloop
  endfacet
  facet normal 0 0 -1
    outer loop
      vertex 63.834059746695864 -35.0930713140973 -36.70928057142857
      vertex 63.191084443412166 -1.817231413848074 -36.70928057142857
      vertex 63.30450530268355 -1.7918788480879677 -36.70928057142857
    endloop
  endfacet
  facet normal 0 0 -1
    outer loop
      vertex 63.834059746695864 -35.0930713140973 -36.70928057142857
      vertex 63.07629549352254 -1.835412197431784 -36.70928057142857
      vertex 63.191084443412166 -1.817231413848074 -36.70928057142857
    endloop
  endfacet
  facet normal 0 0 -1
    outer loop
      vertex 63.834059746695864 -35.0930713140973 -36.70928057142857
      vertex 63.30450530268355 -1.7918788480879677 -36.70928057142857
      vertex 63.41611045102223 -1.759454555146034 -36.70928057142857
    endloop
  endfacet
  facet normal 0 0 -1
    outer loop
      vertex 63.834059746695864 -35.0930713140973 -36.70928057142857
      vertex 63.41611045102223 -1.759454555146034 -36.70928057142857
      vertex 63.52545943389523 -1.720086498893265 -36.70928057142857
    endloop
  endfacet
  facet normal 0 0 -1
    outer loop
      vertex 63.834059746695864 -35.0930713140973 -36.70928057142857
      vertex 63.52545943389523 -1.720086498893265 -36.70928057142857
      vertex 63.63212070082396 -1.6739300470621363 -36.70928057142857
    endloop
  endfacet
  facet normal 0 0 -1
    outer loop
      vertex 63.834059746695864 -35.0930713140973 -36.70928057142857
      vertex 63.63212070082396 -1.6739300470621363 -36.70928057142857
      vertex 63.735673308516745 -1.6211673580811474 -36.70928057142857
    endloop
  endfacet
  facet normal 0 0 -1
    outer loop
      vertex 63.834059746695864 -35.0930713140973 -36.70928057142857
      vertex 63.735673308516745 -1.6211673580811474 -36.70928057142857
      vertex 63.835708582139716 -1.5620066621787283 -36.70928057142857
    endloop
  endfacet
  facet normal 0 0 -1
    outer loop
      vertex 63.834059746695864 -35.0930713140973 -36.70928057142857
      vertex 63.835708582139716 -1.5620066621787283 -36.70928057142857
      vertex 63.93183172816965 -1.496681439593653 -36.70928057142857
    endloop
  endfacet
  facet normal 0 0 -1
    outer loop
      vertex 63.834059746695864 -35.0930713140973 -36.70928057142857
      vertex 63.93183172816965 -1.496681439593653 -36.70928057142857
      vertex 64.02366339246365 -1.4254494991352098 -36.70928057142857
    endloop
  endfacet
  facet normal 0 0 -1
    outer loop
      vertex 63.834059746695864 -35.0930713140973 -36.70928057142857
      vertex 64.02366339246365 -1.4254494991352098 -36.70928057142857
      vertex 64.11084115739665 -1.3485919607296117 -36.70928057142857
    endloop
  endfacet
  facet normal 0 0 -1
    outer loop
      vertex 63.834059746695864 -35.0930713140973 -36.70928057142857
      vertex 64.11084115739665 -1.3485919607296117 -36.70928057142857
      vertex 64.19302097215818 -1.2664121459680737 -36.70928057142857
    endloop
  endfacet
  facet normal 0 0 -1
    outer loop
      vertex 63.834059746695864 -35.0930713140973 -36.70928057142857
      vertex 64.19302097215818 -1.2664121459680737 -36.70928057142857
      vertex 64.26987851056379 -1.1792343810350765 -36.70928057142857
    endloop
  endfacet
  facet normal 0 0 -1
    outer loop
      vertex 63.834059746695864 -35.0930713140973 -36.70928057142857
      vertex 64.26987851056379 -1.1792343810350765 -36.70928057142857
      vertex 64.34111045102223 -1.0874027167410754 -36.70928057142857
    endloop
  endfacet
  facet normal 0 0 -1
    outer loop
      vertex 63.834059746695864 -35.0930713140973 -36.70928057142857
      vertex 64.34111045102223 -1.0874027167410754 -36.70928057142857
      vertex 64.4064356736073 -0.991279570711143 -36.70928057142857
    endloop
  endfacet
  facet normal 0 0 -1
    outer loop
      vertex 63.834059746695864 -35.0930713140973 -36.70928057142857
      vertex 64.4064356736073 -0.991279570711143 -36.70928057142857
      vertex 64.46559636950973 -0.8912442970881735 -36.70928057142857
    endloop
  endfacet
  facet normal 0 0 -1
    outer loop
      vertex 63.834059746695864 -35.0930713140973 -36.70928057142857
      vertex 64.46559636950973 -0.8912442970881735 -36.70928057142857
      vertex 64.51835905849072 -0.787691689395384 -36.70928057142857
    endloop
  endfacet
  facet normal 0 0 -1
    outer loop
      vertex 63.834059746695864 -35.0930713140973 -36.70928057142857
      vertex 64.51835905849072 -0.787691689395384 -36.70928057142857
      vertex 64.56451551032184 -0.681030422466655 -36.70928057142857
    endloop
  endfacet
  facet normal 0 0 -1
    outer loop
      vertex 63.834059746695864 -35.0930713140973 -36.70928057142857
      vertex 64.56451551032184 -0.681030422466655 -36.70928057142857
      vertex 64.60388356657461 -0.5716814395936527 -36.70928057142857
    endloop
  endfacet
  facet normal 0 0 -1
    outer loop
      vertex 63.834059746695864 -35.0930713140973 -36.70928057142857
      vertex 64.60388356657461 -0.5716814395936527 -36.70928057142857
      vertex 64.63630785951653 -0.46007629125498073 -36.70928057142857
    endloop
  endfacet
  facet normal 0 0 -1
    outer loop
      vertex 63.834059746695864 -35.0930713140973 -36.70928057142857
      vertex 64.63630785951653 -0.46007629125498073 -36.70928057142857
      vertex 64.66166042527665 -0.34665543198359094 -36.70928057142857
    endloop
  endfacet
  facet normal 0 0 -1
    outer loop
      vertex 63.834059746695864 -35.0930713140973 -36.70928057142857
      vertex 64.66166042527665 -0.34665543198359094 -36.70928057142857
      vertex 64.67984120886035 -0.23186648209396252 -36.70928057142857
    endloop
  endfacet
  facet normal 0 0 -1
    outer loop
      vertex 63.834059746695864 -35.0930713140973 -36.70928057142857
      vertex 64.67984120886035 -0.23186648209396252 -36.70928057142857
      vertex 64.69077845902088 -0.11616246112923047 -36.70928057142857
    endloop
  endfacet
  facet normal 0 0 -1
    outer loop
      vertex 63.834059746695864 -35.0930713140973 -36.70928057142857
      vertex 64.69077845902088 -0.11616246112923047 -36.70928057142857
      vertex 64.69442901142857 0 -36.70928057142857
    endloop
  endfacet
  facet normal 0 0 -1
    outer loop
      vertex 63.834059746695864 -35.0930713140973 -36.70928057142857
      vertex 65.91160999098112 31.015649378948286 -36.70928057142857
      vertex 65.91160999098112 -31.015649378948268 -36.70928057142857
    endloop
  endfacet
  facet normal 0.9759167619387472 -0.2181432413965432 0
    outer loop
      vertex 70.55588732249966 -18.11567283144042 -36.70928057142857
      vertex 71.5541539045373 -13.649684868407997 -36.70928057142857
      vertex 70.55588732249966 -18.11567283144042 -30.70928057142857
    endloop
  endfacet
  facet normal 0 0 -1
    outer loop
      vertex 65.91160999098112 -31.015649378948268 -36.70928057142857
      vertex 67.72903722278225 26.815822845402923 -36.70928057142857
      vertex 67.72903722278224 -26.815822845402952 -36.70928057142857
    endloop
  endfacet
  facet normal 0.9876883405951378 -0.15643446504023056 0
    outer loop
      vertex 71.5541539045373 -13.649684868407997 -36.70928057142857
      vertex 72.27002893109714 -9.129827835147744 -36.70928057142857
      vertex 71.5541539045373 -13.649684868407997 -30.70928057142857
    endloop
  endfacet
  facet normal 0.960293685676943 -0.27899110603922983 0
    outer loop
      vertex 69.27916888711887 -22.510166510070878 -30.70928057142857
      vertex 70.55588732249966 -18.11567283144042 -36.70928057142857
      vertex 70.55588732249966 -18.11567283144042 -30.70928057142857
    endloop
  endfacet
  facet normal 0.9759167619387472 -0.2181432413965432 0
    outer loop
      vertex 71.5541539045373 -13.649684868407997 -36.70928057142857
      vertex 71.5541539045373 -13.649684868407997 -30.70928057142857
      vertex 70.55588732249966 -18.11567283144042 -30.70928057142857
    endloop
  endfacet
  facet normal 0 0 -1
    outer loop
      vertex 63.834059746695864 -35.0930713140973 -36.70928057142857
      vertex 64.69442901142857 0 -36.70928057142857
      vertex 65.91160999098112 31.015649378948286 -36.70928057142857
    endloop
  endfacet
  facet normal 0 0 -1
    outer loop
      vertex 67.72903722278224 -26.815822845402952 -36.70928057142857
      vertex 69.27916888711887 22.510166510070878 -36.70928057142857
      vertex 69.27916888711887 -22.510166510070878 -36.70928057142857
    endloop
  endfacet
  facet normal 0 0 -1
    outer loop
      vertex 69.27916888711887 -22.510166510070878 -36.70928057142857
      vertex 70.55588732249964 18.115672831440445 -36.70928057142857
      vertex 70.55588732249966 -18.11567283144042 -36.70928057142857
    endloop
  endfacet
  facet normal 0 0 -1
    outer loop
      vertex 70.55588732249966 -18.11567283144042 -36.70928057142857
      vertex 71.5541539045373 13.649684868407983 -36.70928057142857
      vertex 71.5541539045373 -13.649684868407997 -36.70928057142857
    endloop
  endfacet
  facet normal 0.9876883405951378 -0.15643446504023056 0
    outer loop
      vertex 72.27002893109714 -9.129827835147744 -36.70928057142857
      vertex 72.27002893109714 -9.129827835147744 -30.70928057142857
      vertex 71.5541539045373 -13.649684868407997 -30.70928057142857
    endloop
  endfacet
  facet normal 0.9955619646030801 -0.09410831331851338 0
    outer loop
      vertex 72.27002893109714 -9.129827835147744 -36.70928057142857
      vertex 72.70068717050152 -4.573939542443816 -36.70928057142857
      vertex 72.27002893109714 -9.129827835147744 -30.70928057142857
    endloop
  endfacet
  facet normal 0 0 -1
    outer loop
      vertex 71.5541539045373 -13.649684868407997 -36.70928057142857
      vertex 72.27002893109714 9.129827835147758 -36.70928057142857
      vertex 72.27002893109714 -9.129827835147744 -36.70928057142857
    endloop
  endfacet
  facet normal 0 0 -1
    outer loop
      vertex 72.27002893109714 -9.129827835147744 -36.70928057142857
      vertex 72.70068717050152 4.573939542443788 -36.70928057142857
      vertex 72.70068717050152 -4.573939542443816 -36.70928057142857
    endloop
  endfacet
  facet normal 0.9995065603657315 -0.03141075907812961 0
    outer loop
      vertex 72.70068717050152 -4.573939542443816 -36.70928057142857
      vertex 72.84442901142857 0 -36.70928057142857
      vertex 72.70068717050152 -4.573939542443816 -30.70928057142857
    endloop
  endfacet
  facet normal 0.9955619646030801 -0.09410831331851338 0
    outer loop
      vertex 72.70068717050152 -4.573939542443816 -36.70928057142857
      vertex 72.70068717050152 -4.573939542443816 -30.70928057142857
      vertex 72.27002893109714 -9.129827835147744 -30.70928057142857
    endloop
  endfacet
  facet normal 0.9995065603657315 -0.03141075907812961 0
    outer loop
      vertex 72.70068717050152 -4.573939542443816 -30.70928057142857
      vertex 72.84442901142857 0 -36.70928057142857
      vertex 72.84442901142857 0 -30.70928057142857
    endloop
  endfacet
  facet normal 0 0 1
    outer loop
      vertex 63.834059746695864 -35.0930713140973 -30.70928057142857
      vertex 61.9043886707669 -1.5923094583569628 -30.70928057142857
      vertex 61.83217609791765 -3.890150784769589 -30.70928057142857
    endloop
  endfacet
  facet normal 0 0 1
    outer loop
      vertex 63.834059746695864 -35.0930713140973 -30.70928057142857
      vertex 62.27274757183492 -1.759454555146034 -30.70928057142857
      vertex 62.16339858896192 -1.7200864988932654 -30.70928057142857
    endloop
  endfacet
  facet normal 0 0 1
    outer loop
      vertex 63.834059746695864 -35.0930713140973 -30.70928057142857
      vertex 62.384352720173595 -1.7918788480879675 -30.70928057142857
      vertex 62.27274757183492 -1.759454555146034 -30.70928057142857
    endloop
  endfacet
  facet normal 0 0 1
    outer loop
      vertex 63.834059746695864 -35.0930713140973 -30.70928057142857
      vertex 62.49777357944498 -1.817231413848074 -30.70928057142857
      vertex 62.384352720173595 -1.7918788480879675 -30.70928057142857
    endloop
  endfacet
  facet normal 0 0 1
    outer loop
      vertex 63.834059746695864 -35.0930713140973 -30.70928057142857
      vertex 62.61256252933461 -1.835412197431784 -30.70928057142857
      vertex 62.49777357944498 -1.817231413848074 -30.70928057142857
    endloop
  endfacet
  facet normal 0 0 1
    outer loop
      vertex 63.834059746695864 -35.0930713140973 -30.70928057142857
      vertex 62.728266550299345 -1.8463494475923026 -30.70928057142857
      vertex 62.61256252933461 -1.835412197431784 -30.70928057142857
    endloop
  endfacet
  facet normal 0 0 1
    outer loop
      vertex 63.834059746695864 -35.0930713140973 -30.70928057142857
      vertex 62.84442901142857 -1.85 -30.70928057142857
      vertex 62.728266550299345 -1.8463494475923026 -30.70928057142857
    endloop
  endfacet
  facet normal 0 0 1
    outer loop
      vertex 63.834059746695864 -35.0930713140973 -30.70928057142857
      vertex 62.9605914725578 -1.8463494475923026 -30.70928057142857
      vertex 62.84442901142857 -1.85 -30.70928057142857
    endloop
  endfacet
  facet normal 0 0 1
    outer loop
      vertex 63.834059746695864 -35.0930713140973 -30.70928057142857
      vertex 63.07629549352254 -1.835412197431784 -30.70928057142857
      vertex 62.9605914725578 -1.8463494475923026 -30.70928057142857
    endloop
  endfacet
  facet normal 0 0 1
    outer loop
      vertex 63.834059746695864 -35.0930713140973 -30.70928057142857
      vertex 63.30450530268355 -1.7918788480879677 -30.70928057142857
      vertex 63.191084443412166 -1.817231413848074 -30.70928057142857
    endloop
  endfacet
  facet normal 0 0 1
    outer loop
      vertex 63.834059746695864 -35.0930713140973 -30.70928057142857
      vertex 63.191084443412166 -1.817231413848074 -30.70928057142857
      vertex 63.07629549352254 -1.835412197431784 -30.70928057142857
    endloop
  endfacet
  facet normal 0 0 1
    outer loop
      vertex 63.834059746695864 -35.0930713140973 -30.70928057142857
      vertex 63.41611045102223 -1.759454555146034 -30.70928057142857
      vertex 63.30450530268355 -1.7918788480879677 -30.70928057142857
    endloop
  endfacet
  facet normal 0 0 1
    outer loop
      vertex 63.834059746695864 -35.0930713140973 -30.70928057142857
      vertex 63.52545943389523 -1.720086498893265 -30.70928057142857
      vertex 63.41611045102223 -1.759454555146034 -30.70928057142857
    endloop
  endfacet
  facet normal 0 0 1
    outer loop
      vertex 63.834059746695864 -35.0930713140973 -30.70928057142857
      vertex 61.9531847143404 -1.6211673580811474 -30.70928057142857
      vertex 61.9043886707669 -1.5923094583569628 -30.70928057142857
    endloop
  endfacet
  facet normal 0 0 1
    outer loop
      vertex 63.834059746695864 -35.0930713140973 -30.70928057142857
      vertex 62.16339858896192 -1.7200864988932654 -30.70928057142857
      vertex 62.056737322033186 -1.6739300470621363 -30.70928057142857
    endloop
  endfacet
  facet normal 0 0 1
    outer loop
      vertex 63.834059746695864 -35.0930713140973 -30.70928057142857
      vertex 62.056737322033186 -1.6739300470621363 -30.70928057142857
      vertex 61.9531847143404 -1.6211673580811474 -30.70928057142857
    endloop
  endfacet
  facet normal 0 0 1
    outer loop
      vertex 63.834059746695864 -35.0930713140973 -30.70928057142857
      vertex 63.63212070082396 -1.6739300470621363 -30.70928057142857
      vertex 63.52545943389523 -1.720086498893265 -30.70928057142857
    endloop
  endfacet
  facet normal 0 0 1
    outer loop
      vertex 63.834059746695864 -35.0930713140973 -30.70928057142857
      vertex 63.735673308516745 -1.6211673580811474 -30.70928057142857
      vertex 63.63212070082396 -1.6739300470621363 -30.70928057142857
    endloop
  endfacet
  facet normal 0 0 1
    outer loop
      vertex 65.91160999098112 -31.015649378948268 -30.70928057142857
      vertex 63.835708582139716 -1.5620066621787283 -30.70928057142857
      vertex 63.735673308516745 -1.6211673580811474 -30.70928057142857
    endloop
  endfacet
  facet normal 0 0 1
    outer loop
      vertex 65.91160999098112 -31.015649378948268 -30.70928057142857
      vertex 63.93183172816965 -1.496681439593653 -30.70928057142857
      vertex 63.835708582139716 -1.5620066621787283 -30.70928057142857
    endloop
  endfacet
  facet normal 0 0 1
    outer loop
      vertex 65.91160999098112 -31.015649378948268 -30.70928057142857
      vertex 64.02366339246365 -1.4254494991352098 -30.70928057142857
      vertex 63.93183172816965 -1.496681439593653 -30.70928057142857
    endloop
  endfacet
  facet normal 0 0 1
    outer loop
      vertex 65.91160999098112 -31.015649378948268 -30.70928057142857
      vertex 64.11084115739665 -1.3485919607296117 -30.70928057142857
      vertex 64.02366339246365 -1.4254494991352098 -30.70928057142857
    endloop
  endfacet
  facet normal 0 0 1
    outer loop
      vertex 65.91160999098112 -31.015649378948268 -30.70928057142857
      vertex 64.19302097215818 -1.2664121459680737 -30.70928057142857
      vertex 64.11084115739665 -1.3485919607296117 -30.70928057142857
    endloop
  endfacet
  facet normal 0 0 1
    outer loop
      vertex 65.91160999098112 -31.015649378948268 -30.70928057142857
      vertex 64.26987851056379 -1.1792343810350765 -30.70928057142857
      vertex 64.19302097215818 -1.2664121459680737 -30.70928057142857
    endloop
  endfacet
  facet normal 0 0 1
    outer loop
      vertex 65.91160999098112 -31.015649378948268 -30.70928057142857
      vertex 64.34111045102223 -1.0874027167410754 -30.70928057142857
      vertex 64.26987851056379 -1.1792343810350765 -30.70928057142857
    endloop
  endfacet
  facet normal 0 0 1
    outer loop
      vertex 65.91160999098112 -31.015649378948268 -30.70928057142857
      vertex 64.4064356736073 -0.991279570711143 -30.70928057142857
      vertex 64.34111045102223 -1.0874027167410754 -30.70928057142857
    endloop
  endfacet
  facet normal 0 0 1
    outer loop
      vertex 65.91160999098112 -31.015649378948268 -30.70928057142857
      vertex 64.46559636950973 -0.8912442970881735 -30.70928057142857
      vertex 64.4064356736073 -0.991279570711143 -30.70928057142857
    endloop
  endfacet
  facet normal 0 0 1
    outer loop
      vertex 65.91160999098112 -31.015649378948268 -30.70928057142857
      vertex 64.51835905849072 -0.787691689395384 -30.70928057142857
      vertex 64.46559636950973 -0.8912442970881735 -30.70928057142857
    endloop
  endfacet
  facet normal 0 0 1
    outer loop
      vertex 65.91160999098112 -31.015649378948268 -30.70928057142857
      vertex 64.56451551032184 -0.681030422466655 -30.70928057142857
      vertex 64.51835905849072 -0.787691689395384 -30.70928057142857
    endloop
  endfacet
  facet normal 0 0 1
    outer loop
      vertex 65.91160999098112 -31.015649378948268 -30.70928057142857
      vertex 64.60388356657461 -0.5716814395936527 -30.70928057142857
      vertex 64.56451551032184 -0.681030422466655 -30.70928057142857
    endloop
  endfacet
  facet normal 0 0 1
    outer loop
      vertex 65.91160999098112 -31.015649378948268 -30.70928057142857
      vertex 64.63630785951653 -0.46007629125498073 -30.70928057142857
      vertex 64.60388356657461 -0.5716814395936527 -30.70928057142857
    endloop
  endfacet
  facet normal 0 0 1
    outer loop
      vertex 65.91160999098112 -31.015649378948268 -30.70928057142857
      vertex 64.66166042527665 -0.34665543198359094 -30.70928057142857
      vertex 64.63630785951653 -0.46007629125498073 -30.70928057142857
    endloop
  endfacet
  facet normal 0 0 1
    outer loop
      vertex 65.91160999098112 -31.015649378948268 -30.70928057142857
      vertex 64.67984120886035 -0.23186648209396252 -30.70928057142857
      vertex 64.66166042527665 -0.34665543198359094 -30.70928057142857
    endloop
  endfacet
  facet normal 0 0 1
    outer loop
      vertex 65.91160999098112 -31.015649378948268 -30.70928057142857
      vertex 64.69077845902088 -0.11616246112923047 -30.70928057142857
      vertex 64.67984120886035 -0.23186648209396252 -30.70928057142857
    endloop
  endfacet
  facet normal 0 0 1
    outer loop
      vertex 65.91160999098112 -31.015649378948268 -30.70928057142857
      vertex 64.69442901142857 0 -30.70928057142857
      vertex 64.69077845902088 -0.11616246112923047 -30.70928057142857
    endloop
  endfacet
  facet normal 0 0 1
    outer loop
      vertex 65.91160999098112 -31.015649378948268 -30.70928057142857
      vertex 67.72903722278224 -26.815822845402952 -30.70928057142857
      vertex 65.91160999098112 31.015649378948286 -30.70928057142857
    endloop
  endfacet
  facet normal 0 0 1
    outer loop
      vertex 67.72903722278224 -26.815822845402952 -30.70928057142857
      vertex 69.27916888711887 -22.510166510070878 -30.70928057142857
      vertex 67.72903722278225 26.815822845402923 -30.70928057142857
    endloop
  endfacet
  facet normal 0 0 1
    outer loop
      vertex 69.27916888711887 -22.510166510070878 -30.70928057142857
      vertex 70.55588732249966 -18.11567283144042 -30.70928057142857
      vertex 69.27916888711887 22.510166510070878 -30.70928057142857
    endloop
  endfacet
  facet normal 0 0 1
    outer loop
      vertex 70.55588732249966 -18.11567283144042 -30.70928057142857
      vertex 71.5541539045373 -13.649684868407997 -30.70928057142857
      vertex 70.55588732249964 18.115672831440445 -30.70928057142857
    endloop
  endfacet
  facet normal 0 0 1
    outer loop
      vertex 71.5541539045373 -13.649684868407997 -30.70928057142857
      vertex 72.27002893109714 -9.129827835147744 -30.70928057142857
      vertex 71.5541539045373 13.649684868407983 -30.70928057142857
    endloop
  endfacet
  facet normal 0 0 1
    outer loop
      vertex 72.27002893109714 -9.129827835147744 -30.70928057142857
      vertex 72.70068717050152 -4.573939542443816 -30.70928057142857
      vertex 72.27002893109714 9.129827835147758 -30.70928057142857
    endloop
  endfacet
  facet normal 0 0 -1
    outer loop
      vertex 39.031996929268814 61.50458563159829 -36.70928057142857
      vertex 38.71309710733015 28.12671143927667 -36.70928057142857
      vertex 36.870614829431425 30.502025279145354 -36.70928057142857
    endloop
  endfacet
  facet normal 0 0 -1
    outer loop
      vertex 42.81688108458369 58.93238101578517 -36.70928057142857
      vertex 40.40279647727795 25.64039431922932 -36.70928057142857
      vertex 38.71309710733015 28.12671143927667 -36.70928057142857
    endloop
  endfacet
  facet normal 0 0 -1
    outer loop
      vertex 4.573939542443781 72.70068717050152 -36.70928057142857
      vertex 3.004653173986884 47.757594614196826 -36.70928057142857
      vertex 0 47.852019644210536 -36.70928057142857
    endloop
  endfacet
  facet normal 0 0 -1
    outer loop
      vertex 9.129827835147761 72.27002893109714 -36.70928057142857
      vertex 5.997448354591516 47.47469217661046 -36.70928057142857
      vertex 3.004653173986884 47.757594614196826 -36.70928057142857
    endloop
  endfacet
  facet normal 0 0 -1
    outer loop
      vertex 9.129827835147761 72.27002893109714 -36.70928057142857
      vertex 8.966574346514086 47.00442881812677 -36.70928057142857
      vertex 5.997448354591516 47.47469217661046 -36.70928057142857
    endloop
  endfacet
  facet normal 0 0 -1
    outer loop
      vertex 13.649684868407979 71.5541539045373 -36.70928057142857
      vertex 11.900313365929136 46.348660453378784 -36.70928057142857
      vertex 8.966574346514086 47.00442881812677 -36.70928057142857
    endloop
  endfacet
  facet normal 0 0 -1
    outer loop
      vertex 18.115672831440452 70.55588732249964 -36.70928057142857
      vertex 14.78708728522488 45.509975100510125 -36.70928057142857
      vertex 11.900313365929136 46.348660453378784 -36.70928057142857
    endloop
  endfacet
  facet normal 0 0 -1
    outer loop
      vertex 18.115672831440452 70.55588732249964 -36.70928057142857
      vertex 17.61550332658342 44.49168266744965 -36.70928057142857
      vertex 14.78708728522488 45.509975100510125 -36.70928057142857
    endloop
  endfacet
  facet normal 0 0 -1
    outer loop
      vertex 22.510166510070878 69.27916888711887 -36.70928057142857
      vertex 20.374399024069902 43.297801889217084 -36.70928057142857
      vertex 17.61550332658342 44.49168266744965 -36.70928057142857
    endloop
  endfacet
  facet normal 0 0 -1
    outer loop
      vertex 18.115672831440452 70.55588732249964 -36.70928057142857
      vertex 22.510166510070878 69.27916888711887 -36.70928057142857
      vertex 17.61550332658342 44.49168266744965 -36.70928057142857
    endloop
  endfacet
  facet normal 0 0 -1
    outer loop
      vertex 0 72.84442901142857 -36.70928057142857
      vertex 4.573939542443781 72.70068717050152 -36.70928057142857
      vertex 0 47.852019644210536 -36.70928057142857
    endloop
  endfacet
  facet normal 0 0 -1
    outer loop
      vertex 4.573939542443781 72.70068717050152 -36.70928057142857
      vertex 9.129827835147761 72.27002893109714 -36.70928057142857
      vertex 3.004653173986884 47.757594614196826 -36.70928057142857
    endloop
  endfacet
  facet normal 0.03141075907812985 0.9995065603657315 0
    outer loop
      vertex 0 72.84442901142857 -36.70928057142857
      vertex 0 72.84442901142857 -30.70928057142857
      vertex 4.573939542443781 72.70068717050152 -36.70928057142857
    endloop
  endfacet
  facet normal 0.0941083133185123 0.9955619646030803 0
    outer loop
      vertex 4.573939542443781 72.70068717050152 -36.70928057142857
      vertex 4.573939542443781 72.70068717050152 -30.70928057142857
      vertex 9.129827835147761 72.27002893109714 -36.70928057142857
    endloop
  endfacet
  facet normal 0.03141075907812985 0.9995065603657315 0
    outer loop
      vertex 4.573939542443781 72.70068717050152 -36.70928057142857
      vertex 0 72.84442901142857 -30.70928057142857
      vertex 4.573939542443781 72.70068717050152 -30.70928057142857
    endloop
  endfacet
  facet normal 0.0941083133185123 0.9955619646030803 0
    outer loop
      vertex 9.129827835147761 72.27002893109714 -36.70928057142857
      vertex 4.573939542443781 72.70068717050152 -30.70928057142857
      vertex 9.129827835147761 72.27002893109714 -30.70928057142857
    endloop
  endfacet
  facet normal 0 0 -1
    outer loop
      vertex 9.129827835147761 72.27002893109714 -36.70928057142857
      vertex 13.649684868407979 71.5541539045373 -36.70928057142857
      vertex 8.966574346514086 47.00442881812677 -36.70928057142857
    endloop
  endfacet
  facet normal 0 0 -1
    outer loop
      vertex 13.649684868407979 71.5541539045373 -36.70928057142857
      vertex 18.115672831440452 70.55588732249964 -36.70928057142857
      vertex 11.900313365929136 46.348660453378784 -36.70928057142857
    endloop
  endfacet
  facet normal 0.21814324139654387 0.9759167619387472 0
    outer loop
      vertex 13.649684868407979 71.5541539045373 -36.70928057142857
      vertex 13.649684868407979 71.5541539045373 -30.70928057142857
      vertex 18.115672831440452 70.55588732249964 -36.70928057142857
    endloop
  endfacet
  facet normal 0.27899110603922883 0.9602936856769432 0
    outer loop
      vertex 18.115672831440452 70.55588732249964 -36.70928057142857
      vertex 18.115672831440452 70.55588732249964 -30.70928057142857
      vertex 22.510166510070878 69.27916888711887 -36.70928057142857
    endloop
  endfacet
  facet normal 0.15643446504023176 0.9876883405951375 0
    outer loop
      vertex 13.649684868407979 71.5541539045373 -36.70928057142857
      vertex 9.129827835147761 72.27002893109714 -30.70928057142857
      vertex 13.649684868407979 71.5541539045373 -30.70928057142857
    endloop
  endfacet
  facet normal 0.21814324139654387 0.9759167619387472 0
    outer loop
      vertex 18.115672831440452 70.55588732249964 -36.70928057142857
      vertex 13.649684868407979 71.5541539045373 -30.70928057142857
      vertex 18.115672831440452 70.55588732249964 -30.70928057142857
    endloop
  endfacet
  facet normal 0.15643446504023176 0.9876883405951375 0
    outer loop
      vertex 9.129827835147761 72.27002893109714 -36.70928057142857
      vertex 9.129827835147761 72.27002893109714 -30.70928057142857
      vertex 13.649684868407979 71.5541539045373 -36.70928057142857
    endloop
  endfacet
  facet normal 0 0 1
    outer loop
      vertex 0 61.95442901142857 -30.70928057142857
      vertex 3.890150784769559 61.83217609791765 -30.70928057142857
      vertex 4.573939542443781 72.70068717050152 -30.70928057142857
    endloop
  endfacet
  facet normal 0 0 1
    outer loop
      vertex 0 61.95442901142857 -30.70928057142857
      vertex 4.573939542443781 72.70068717050152 -30.70928057142857
      vertex 0 72.84442901142857 -30.70928057142857
    endloop
  endfacet
  facet normal 0 0 1
    outer loop
      vertex 7.764948921632487 61.46589983378249 -30.70928057142857
      vertex 9.129827835147761 72.27002893109714 -30.70928057142857
      vertex 3.890150784769559 61.83217609791765 -30.70928057142857
    endloop
  endfacet
  facet normal 0 0 1
    outer loop
      vertex 3.890150784769559 61.83217609791765 -30.70928057142857
      vertex 9.129827835147761 72.27002893109714 -30.70928057142857
      vertex 4.573939542443781 72.70068717050152 -30.70928057142857
    endloop
  endfacet
  facet normal 0 0 1
    outer loop
      vertex 7.764948921632487 61.46589983378249 -30.70928057142857
      vertex 13.649684868407979 71.5541539045373 -30.70928057142857
      vertex 9.129827835147761 72.27002893109714 -30.70928057142857
    endloop
  endfacet
  facet normal 0 0 1
    outer loop
      vertex 7.764948921632487 61.46589983378249 -30.70928057142857
      vertex 11.609102352569439 60.85704574410188 -30.70928057142857
      vertex 13.649684868407979 71.5541539045373 -30.70928057142857
    endloop
  endfacet
  facet normal 0 0 1
    outer loop
      vertex 11.609102352569439 60.85704574410188 -30.70928057142857
      vertex 15.407439960215182 60.00801669780886 -30.70928057142857
      vertex 18.115672831440452 70.55588732249964 -30.70928057142857
    endloop
  endfacet
  facet normal 0 0 1
    outer loop
      vertex 11.609102352569439 60.85704574410188 -30.70928057142857
      vertex 18.115672831440452 70.55588732249964 -30.70928057142857
      vertex 13.649684868407979 71.5541539045373 -30.70928057142857
    endloop
  endfacet
  facet normal 0 0 1
    outer loop
      vertex 15.407439960215182 60.00801669780886 -30.70928057142857
      vertex 19.1449714413277 58.922163424664646 -30.70928057142857
      vertex 22.510166510070878 69.27916888711887 -30.70928057142857
    endloop
  endfacet
  facet normal 0 0 1
    outer loop
      vertex 15.407439960215182 60.00801669780886 -30.70928057142857
      vertex 22.510166510070878 69.27916888711887 -30.70928057142857
      vertex 18.115672831440452 70.55588732249964 -30.70928057142857
    endloop
  endfacet
  facet normal 0 0 -1
    outer loop
      vertex 26.815822845402913 67.72903722278225 -36.70928057142857
      vertex 23.052886276785877 41.93304446781187 -36.70928057142857
      vertex 20.374399024069902 43.297801889217084 -36.70928057142857
    endloop
  endfacet
  facet normal 0 0 -1
    outer loop
      vertex 26.815822845402913 67.72903722278225 -36.70928057142857
      vertex 25.64039431922932 40.40279647727795 -36.70928057142857
      vertex 23.052886276785877 41.93304446781187 -36.70928057142857
    endloop
  endfacet
  facet normal 0 0 -1
    outer loop
      vertex 31.01564937894829 65.9116099909811 -36.70928057142857
      vertex 28.12671143927667 38.71309710733015 -36.70928057142857
      vertex 25.64039431922932 40.40279647727795 -36.70928057142857
    endloop
  endfacet
  facet normal 0 0 -1
    outer loop
      vertex 31.01564937894829 65.9116099909811 -36.70928057142857
      vertex 30.502025279145354 36.870614829431425 -36.70928057142857
      vertex 28.12671143927667 38.71309710733015 -36.70928057142857
    endloop
  endfacet
  facet normal 0 0 -1
    outer loop
      vertex 22.510166510070878 69.27916888711887 -36.70928057142857
      vertex 26.815822845402913 67.72903722278225 -36.70928057142857
      vertex 20.374399024069902 43.297801889217084 -36.70928057142857
    endloop
  endfacet
  facet normal 0 0 -1
    outer loop
      vertex 26.815822845402913 67.72903722278225 -36.70928057142857
      vertex 31.01564937894829 65.9116099909811 -36.70928057142857
      vertex 25.64039431922932 40.40279647727795 -36.70928057142857
    endloop
  endfacet
  facet normal 0 0 -1
    outer loop
      vertex 35.09307131409729 63.83405974669587 -36.70928057142857
      vertex 32.75696156028708 34.882621079382574 -36.70928057142857
      vertex 30.502025279145354 36.870614829431425 -36.70928057142857
    endloop
  endfacet
  facet normal 0 0 -1
    outer loop
      vertex 35.09307131409729 63.83405974669587 -36.70928057142857
      vertex 34.882621079382574 32.75696156028708 -36.70928057142857
      vertex 32.75696156028708 34.882621079382574 -36.70928057142857
    endloop
  endfacet
  facet normal 0 0 -1
    outer loop
      vertex 39.031996929268814 61.50458563159829 -36.70928057142857
      vertex 36.870614829431425 30.502025279145354 -36.70928057142857
      vertex 34.882621079382574 32.75696156028708 -36.70928057142857
    endloop
  endfacet
  facet normal 0 0 -1
    outer loop
      vertex 39.031996929268814 61.50458563159829 -36.70928057142857
      vertex 42.81688108458369 58.93238101578517 -36.70928057142857
      vertex 38.71309710733015 28.12671143927667 -36.70928057142857
    endloop
  endfacet
  facet normal 0 0 -1
    outer loop
      vertex 31.01564937894829 65.9116099909811 -36.70928057142857
      vertex 35.09307131409729 63.83405974669587 -36.70928057142857
      vertex 30.502025279145354 36.870614829431425 -36.70928057142857
    endloop
  endfacet
  facet normal 0 0 -1
    outer loop
      vertex 39.031996929268814 61.50458563159829 -36.70928057142857
      vertex 34.882621079382574 32.75696156028708 -36.70928057142857
      vertex 35.09307131409729 63.83405974669587 -36.70928057142857
    endloop
  endfacet
  facet normal 0.5620833778521307 0.8270805742745618 0
    outer loop
      vertex 39.031996929268814 61.50458563159829 -36.70928057142857
      vertex 39.031996929268814 61.50458563159829 -30.70928057142857
      vertex 42.81688108458369 58.93238101578517 -36.70928057142857
    endloop
  endfacet
  facet normal 0 0 1
    outer loop
      vertex 22.806946466666773 57.603771291459196 -30.70928057142857
      vertex 26.37891289380465 56.058043389626164 -30.70928057142857
      vertex 26.815822845402913 67.72903722278225 -30.70928057142857
    endloop
  endfacet
  facet normal 0 0 1
    outer loop
      vertex 26.37891289380465 56.058043389626164 -30.70928057142857
      vertex 29.84677380312961 54.2910800010182 -30.70928057142857
      vertex 31.01564937894829 65.9116099909811 -30.70928057142857
    endloop
  endfacet
  facet normal 0 0 1
    outer loop
      vertex 29.84677380312961 54.2910800010182 -30.70928057142857
      vertex 33.19684313194754 52.309854522881345 -30.70928057142857
      vertex 35.09307131409729 63.83405974669587 -30.70928057142857
    endloop
  endfacet
  facet normal 0 0 1
    outer loop
      vertex 29.84677380312961 54.2910800010182 -30.70928057142857
      vertex 35.09307131409729 63.83405974669587 -30.70928057142857
      vertex 31.01564937894829 65.9116099909811 -30.70928057142857
    endloop
  endfacet
  facet normal 0 0 1
    outer loop
      vertex 33.19684313194754 52.309854522881345 -30.70928057142857
      vertex 39.031996929268814 61.50458563159829 -30.70928057142857
      vertex 35.09307131409729 63.83405974669587 -30.70928057142857
    endloop
  endfacet
  facet normal 0 0 1
    outer loop
      vertex 36.41589968711866 50.122185947042 -30.70928057142857
      vertex 39.031996929268814 61.50458563159829 -30.70928057142857
      vertex 33.19684313194754 52.309854522881345 -30.70928057142857
    endloop
  endfacet
  facet normal 0 0 1
    outer loop
      vertex 36.41589968711866 50.122185947042 -30.70928057142857
      vertex 39.49123932306677 47.73670800191825 -30.70928057142857
      vertex 42.81688108458369 58.93238101578517 -30.70928057142857
    endloop
  endfacet
  facet normal 0 0 1
    outer loop
      vertex 36.41589968711866 50.122185947042 -30.70928057142857
      vertex 42.81688108458369 58.93238101578517 -30.70928057142857
      vertex 39.031996929268814 61.50458563159829 -30.70928057142857
    endloop
  endfacet
  facet normal 0.3387379202452902 0.9408807689542259 0
    outer loop
      vertex 22.510166510070878 69.27916888711887 -36.70928057142857
      vertex 22.510166510070878 69.27916888711887 -30.70928057142857
      vertex 26.815822845402913 67.72903722278225 -36.70928057142857
    endloop
  endfacet
  facet normal 0.39714789063478206 0.9177546256839805 0
    outer loop
      vertex 26.815822845402913 67.72903722278225 -36.70928057142857
      vertex 26.815822845402913 67.72903722278225 -30.70928057142857
      vertex 31.01564937894829 65.9116099909811 -36.70928057142857
    endloop
  endfacet
  facet normal 0.27899110603922883 0.9602936856769432 0
    outer loop
      vertex 18.115672831440452 70.55588732249964 -30.70928057142857
      vertex 22.510166510070878 69.27916888711887 -30.70928057142857
      vertex 22.510166510070878 69.27916888711887 -36.70928057142857
    endloop
  endfacet
  facet normal 0.3387379202452902 0.9408807689542259 0
    outer loop
      vertex 26.815822845402913 67.72903722278225 -36.70928057142857
      vertex 22.510166510070878 69.27916888711887 -30.70928057142857
      vertex 26.815822845402913 67.72903722278225 -30.70928057142857
    endloop
  endfacet
  facet normal 0.39714789063478206 0.9177546256839805 0
    outer loop
      vertex 31.01564937894829 65.9116099909811 -36.70928057142857
      vertex 26.815822845402913 67.72903722278225 -30.70928057142857
      vertex 31.01564937894829 65.9116099909811 -30.70928057142857
    endloop
  endfacet
  facet normal 0.45399049973954636 0.8910065241883681 0
    outer loop
      vertex 31.01564937894829 65.9116099909811 -36.70928057142857
      vertex 31.01564937894829 65.9116099909811 -30.70928057142857
      vertex 35.09307131409729 63.83405974669587 -36.70928057142857
    endloop
  endfacet
  facet normal 0.5090414157503703 0.8607420270039442 0
    outer loop
      vertex 39.031996929268814 61.50458563159829 -36.70928057142857
      vertex 35.09307131409729 63.83405974669587 -36.70928057142857
      vertex 35.09307131409729 63.83405974669587 -30.70928057142857
    endloop
  endfacet
  facet normal 0.45399049973954636 0.8910065241883681 0
    outer loop
      vertex 35.09307131409729 63.83405974669587 -36.70928057142857
      vertex 31.01564937894829 65.9116099909811 -30.70928057142857
      vertex 35.09307131409729 63.83405974669587 -30.70928057142857
    endloop
  endfacet
  facet normal 0.5090414157503703 0.8607420270039442 0
    outer loop
      vertex 39.031996929268814 61.50458563159829 -36.70928057142857
      vertex 35.09307131409729 63.83405974669587 -30.70928057142857
      vertex 39.031996929268814 61.50458563159829 -30.70928057142857
    endloop
  endfacet
  facet normal 0 0 1
    outer loop
      vertex 19.1449714413277 58.922163424664646 -30.70928057142857
      vertex 22.806946466666773 57.603771291459196 -30.70928057142857
      vertex 22.510166510070878 69.27916888711887 -30.70928057142857
    endloop
  endfacet
  facet normal 0 0 1
    outer loop
      vertex 22.806946466666773 57.603771291459196 -30.70928057142857
      vertex 26.815822845402913 67.72903722278225 -30.70928057142857
      vertex 22.510166510070878 69.27916888711887 -30.70928057142857
    endloop
  endfacet
  facet normal 0 0 1
    outer loop
      vertex 26.37891289380465 56.058043389626164 -30.70928057142857
      vertex 31.01564937894829 65.9116099909811 -30.70928057142857
      vertex 26.815822845402913 67.72903722278225 -30.70928057142857
    endloop
  endfacet
  facet normal 0 0 -1
    outer loop
      vertex 49.86544306280124 53.101303431757536 -36.70928057142857
      vertex 47.757594614196826 -3.0046531739869073 -36.70928057142857
      vertex 47.852019644210536 0 -36.70928057142857
    endloop
  endfacet
  facet normal 0 0 -1
    outer loop
      vertex 49.86544306280124 53.101303431757536 -36.70928057142857
      vertex 47.852019644210536 0 -36.70928057142857
      vertex 47.757594614196826 3.0046531739868887 -36.70928057142857
    endloop
  endfacet
  facet normal 0 0 -1
    outer loop
      vertex 49.865443062801226 -53.10130343175754 -36.70928057142857
      vertex 49.86544306280124 53.101303431757536 -36.70928057142857
      vertex 53.101303431757536 49.86544306280124 -36.70928057142857
    endloop
  endfacet
  facet normal 0 0 -1
    outer loop
      vertex 53.10130343175754 -49.865443062801226 -36.70928057142857
      vertex 53.101303431757536 49.86544306280124 -36.70928057142857
      vertex 56.127597215746604 46.43278657143001 -36.70928057142857
    endloop
  endfacet
  facet normal 0 0 -1
    outer loop
      vertex 56.1275972157466 -46.43278657143002 -36.70928057142857
      vertex 56.127597215746604 46.43278657143001 -36.70928057142857
      vertex 58.93238101578517 42.81688108458369 -36.70928057142857
    endloop
  endfacet
  facet normal 0 0 -1
    outer loop
      vertex 58.93238101578517 -42.81688108458369 -36.70928057142857
      vertex 58.93238101578517 42.81688108458369 -36.70928057142857
      vertex 61.50458563159829 39.031996929268814 -36.70928057142857
    endloop
  endfacet
  facet normal 0 0 -1
    outer loop
      vertex 60.99807956383627 0.11616246112922957 -36.70928057142857
      vertex 61.50458563159829 39.031996929268814 -36.70928057142857
      vertex 61.00901681399679 0.23186648209396252 -36.70928057142857
    endloop
  endfacet
  facet normal 0 0 -1
    outer loop
      vertex 61.00901681399679 0.23186648209396252 -36.70928057142857
      vertex 61.50458563159829 39.031996929268814 -36.70928057142857
      vertex 61.027197597580496 0.34665543198359094 -36.70928057142857
    endloop
  endfacet
  facet normal 0 0 -1
    outer loop
      vertex 61.052550163340605 0.4600762912549815 -36.70928057142857
      vertex 61.50458563159829 39.031996929268814 -36.70928057142857
      vertex 61.08497445628254 0.5716814395936527 -36.70928057142857
    endloop
  endfacet
  facet normal 0 0 -1
    outer loop
      vertex 61.027197597580496 0.34665543198359094 -36.70928057142857
      vertex 61.50458563159829 39.031996929268814 -36.70928057142857
      vertex 61.052550163340605 0.4600762912549815 -36.70928057142857
    endloop
  endfacet
  facet normal 0 0 -1
    outer loop
      vertex 61.08497445628254 0.5716814395936527 -36.70928057142857
      vertex 61.50458563159829 39.031996929268814 -36.70928057142857
      vertex 61.12434251253531 0.6810304224666541 -36.70928057142857
    endloop
  endfacet
  facet normal 0 0 -1
    outer loop
      vertex 61.12434251253531 0.6810304224666541 -36.70928057142857
      vertex 61.50458563159829 39.031996929268814 -36.70928057142857
      vertex 61.17049896436644 0.787691689395384 -36.70928057142857
    endloop
  endfacet
  facet normal 0 0 -1
    outer loop
      vertex 61.17049896436644 0.787691689395384 -36.70928057142857
      vertex 61.50458563159829 39.031996929268814 -36.70928057142857
      vertex 61.22326165334743 0.8912442970881735 -36.70928057142857
    endloop
  endfacet
  facet normal 0 0 -1
    outer loop
      vertex 61.22326165334743 0.8912442970881735 -36.70928057142857
      vertex 61.50458563159829 39.031996929268814 -36.70928057142857
      vertex 61.28242234924985 0.991279570711144 -36.70928057142857
    endloop
  endfacet
  facet normal 0 0 -1
    outer loop
      vertex 61.34774757183492 1.0874027167410754 -36.70928057142857
      vertex 61.50458563159829 39.031996929268814 -36.70928057142857
      vertex 61.41897951229336 1.1792343810350758 -36.70928057142857
    endloop
  endfacet
  facet normal 0 0 -1
    outer loop
      vertex 61.28242234924985 0.991279570711144 -36.70928057142857
      vertex 61.50458563159829 39.031996929268814 -36.70928057142857
      vertex 61.34774757183492 1.0874027167410754 -36.70928057142857
    endloop
  endfacet
  facet normal 0 0 -1
    outer loop
      vertex 61.41897951229336 1.1792343810350758 -36.70928057142857
      vertex 61.50458563159829 39.031996929268814 -36.70928057142857
      vertex 61.49583705069896 1.2664121459680737 -36.70928057142857
    endloop
  endfacet
  facet normal 0 0 1
    outer loop
      vertex 61.46589983378248 7.764948921632485 -30.70928057142857
      vertex 61.83217609791765 3.890150784769565 -30.70928057142857
      vertex 61.50458563159829 39.031996929268814 -30.70928057142857
    endloop
  endfacet
  facet normal 0 0 1
    outer loop
      vertex 61.46589983378248 7.764948921632485 -30.70928057142857
      vertex 61.50458563159829 39.031996929268814 -30.70928057142857
      vertex 60.85704574410188 11.609102352569442 -30.70928057142857
    endloop
  endfacet
  facet normal 0 0 -1
    outer loop
      vertex 46.43278657143001 56.127597215746604 -36.70928057142857
      vertex 46.34866045337879 11.900313365929133 -36.70928057142857
      vertex 45.509975100510125 14.78708728522488 -36.70928057142857
    endloop
  endfacet
  facet normal 0 0 -1
    outer loop
      vertex 46.43278657143001 56.127597215746604 -36.70928057142857
      vertex 45.509975100510125 14.78708728522488 -36.70928057142857
      vertex 44.491682667449645 17.615503326583426 -36.70928057142857
    endloop
  endfacet
  facet normal 0 0 -1
    outer loop
      vertex 49.86544306280124 53.101303431757536 -36.70928057142857
      vertex 47.757594614196826 3.0046531739868887 -36.70928057142857
      vertex 47.47469217661046 5.997448354591515 -36.70928057142857
    endloop
  endfacet
  facet normal 0 0 -1
    outer loop
      vertex 49.86544306280124 53.101303431757536 -36.70928057142857
      vertex 47.47469217661046 5.997448354591515 -36.70928057142857
      vertex 47.00442881812677 8.966574346514088 -36.70928057142857
    endloop
  endfacet
  facet normal 0 0 -1
    outer loop
      vertex 49.86544306280124 53.101303431757536 -36.70928057142857
      vertex 47.00442881812677 8.966574346514088 -36.70928057142857
      vertex 46.34866045337879 11.900313365929133 -36.70928057142857
    endloop
  endfacet
  facet normal 0 0 -1
    outer loop
      vertex 42.81688108458369 58.93238101578517 -36.70928057142857
      vertex 41.93304446781187 23.05288627678588 -36.70928057142857
      vertex 40.40279647727795 25.64039431922932 -36.70928057142857
    endloop
  endfacet
  facet normal 0 0 -1
    outer loop
      vertex 46.43278657143001 56.127597215746604 -36.70928057142857
      vertex 44.491682667449645 17.615503326583426 -36.70928057142857
      vertex 43.297801889217084 20.374399024069902 -36.70928057142857
    endloop
  endfacet
  facet normal 0 0 -1
    outer loop
      vertex 46.43278657143001 56.127597215746604 -36.70928057142857
      vertex 43.297801889217084 20.374399024069902 -36.70928057142857
      vertex 41.93304446781187 23.05288627678588 -36.70928057142857
    endloop
  endfacet
  facet normal 0 0 -1
    outer loop
      vertex 46.43278657143001 56.127597215746604 -36.70928057142857
      vertex 49.86544306280124 53.101303431757536 -36.70928057142857
      vertex 46.34866045337879 11.900313365929133 -36.70928057142857
    endloop
  endfacet
  facet normal 0.8270805742745618 0.5620833778521307 0
    outer loop
      vertex 61.50458563159829 39.031996929268814 -36.70928057142857
      vertex 58.93238101578517 42.81688108458369 -36.70928057142857
      vertex 61.50458563159829 39.031996929268814 -30.70928057142857
    endloop
  endfacet
  facet normal 0 0 1
    outer loop
      vertex 60.85704574410188 11.609102352569442 -30.70928057142857
      vertex 61.50458563159829 39.031996929268814 -30.70928057142857
      vertex 60.00801669780886 15.407439960215179 -30.70928057142857
    endloop
  endfacet
  facet normal 0 0 1
    outer loop
      vertex 56.058043389626164 26.378912893804642 -30.70928057142857
      vertex 57.60377129145919 22.80694646666678 -30.70928057142857
      vertex 58.93238101578517 42.81688108458369 -30.70928057142857
    endloop
  endfacet
  facet normal 0 0 1
    outer loop
      vertex 58.92216342466465 19.1449714413277 -30.70928057142857
      vertex 58.93238101578517 42.81688108458369 -30.70928057142857
      vertex 57.60377129145919 22.80694646666678 -30.70928057142857
    endloop
  endfacet
  facet normal 0 0 1
    outer loop
      vertex 58.92216342466465 19.1449714413277 -30.70928057142857
      vertex 60.00801669780886 15.407439960215179 -30.70928057142857
      vertex 58.93238101578517 42.81688108458369 -30.70928057142857
    endloop
  endfacet
  facet normal 0 0 1
    outer loop
      vertex 56.058043389626164 26.378912893804642 -30.70928057142857
      vertex 56.127597215746604 46.43278657143001 -30.70928057142857
      vertex 54.291080001018194 29.846773803129615 -30.70928057142857
    endloop
  endfacet
  facet normal 0 0 1
    outer loop
      vertex 50.12218594704199 36.41589968711866 -30.70928057142857
      vertex 52.309854522881345 33.19684313194754 -30.70928057142857
      vertex 53.101303431757536 49.86544306280124 -30.70928057142857
    endloop
  endfacet
  facet normal 0 0 1
    outer loop
      vertex 54.291080001018194 29.846773803129615 -30.70928057142857
      vertex 56.127597215746604 46.43278657143001 -30.70928057142857
      vertex 52.309854522881345 33.19684313194754 -30.70928057142857
    endloop
  endfacet
  facet normal 0 0 1
    outer loop
      vertex 60.00801669780886 15.407439960215179 -30.70928057142857
      vertex 61.50458563159829 39.031996929268814 -30.70928057142857
      vertex 58.93238101578517 42.81688108458369 -30.70928057142857
    endloop
  endfacet
  facet normal 0 0 1
    outer loop
      vertex 56.058043389626164 26.378912893804642 -30.70928057142857
      vertex 58.93238101578517 42.81688108458369 -30.70928057142857
      vertex 56.127597215746604 46.43278657143001 -30.70928057142857
    endloop
  endfacet
  facet normal 0 0 -1
    outer loop
      vertex 65.91160999098112 -31.015649378948268 -36.70928057142857
      vertex 65.91160999098112 31.015649378948286 -36.70928057142857
      vertex 67.72903722278225 26.815822845402923 -36.70928057142857
    endloop
  endfacet
  facet normal 0 0 -1
    outer loop
      vertex 71.5541539045373 -13.649684868407997 -36.70928057142857
      vertex 71.5541539045373 13.649684868407983 -36.70928057142857
      vertex 72.27002893109714 9.129827835147758 -36.70928057142857
    endloop
  endfacet
  facet normal 0 0 -1
    outer loop
      vertex 70.55588732249966 -18.11567283144042 -36.70928057142857
      vertex 70.55588732249964 18.115672831440445 -36.70928057142857
      vertex 71.5541539045373 13.649684868407983 -36.70928057142857
    endloop
  endfacet
  facet normal 0 0 -1
    outer loop
      vertex 67.72903722278224 -26.815822845402952 -36.70928057142857
      vertex 67.72903722278225 26.815822845402923 -36.70928057142857
      vertex 69.27916888711887 22.510166510070878 -36.70928057142857
    endloop
  endfacet
  facet normal 0 0 -1
    outer loop
      vertex 69.27916888711887 -22.510166510070878 -36.70928057142857
      vertex 69.27916888711887 22.510166510070878 -36.70928057142857
      vertex 70.55588732249964 18.115672831440445 -36.70928057142857
    endloop
  endfacet
  facet normal 0 0 -1
    outer loop
      vertex 61.49583705069896 1.2664121459680737 -36.70928057142857
      vertex 63.83405974669587 35.0930713140973 -36.70928057142857
      vertex 61.5780168654605 1.3485919607296117 -36.70928057142857
    endloop
  endfacet
  facet normal 0 0 -1
    outer loop
      vertex 61.5780168654605 1.3485919607296117 -36.70928057142857
      vertex 63.83405974669587 35.0930713140973 -36.70928057142857
      vertex 61.6651946303935 1.4254494991352105 -36.70928057142857
    endloop
  endfacet
  facet normal 0 0 -1
    outer loop
      vertex 61.6651946303935 1.4254494991352105 -36.70928057142857
      vertex 63.83405974669587 35.0930713140973 -36.70928057142857
      vertex 61.7570262946875 1.496681439593653 -36.70928057142857
    endloop
  endfacet
  facet normal 0 0 -1
    outer loop
      vertex 61.7570262946875 1.496681439593653 -36.70928057142857
      vertex 63.83405974669587 35.0930713140973 -36.70928057142857
      vertex 61.85314944071743 1.5620066621787279 -36.70928057142857
    endloop
  endfacet
  facet normal 0 0 -1
    outer loop
      vertex 61.85314944071743 1.5620066621787279 -36.70928057142857
      vertex 63.83405974669587 35.0930713140973 -36.70928057142857
      vertex 61.9531847143404 1.6211673580811476 -36.70928057142857
    endloop
  endfacet
  facet normal 0 0 -1
    outer loop
      vertex 61.9531847143404 1.6211673580811476 -36.70928057142857
      vertex 63.83405974669587 35.0930713140973 -36.70928057142857
      vertex 62.056737322033186 1.673930047062136 -36.70928057142857
    endloop
  endfacet
  facet normal 0 0 -1
    outer loop
      vertex 62.056737322033186 1.673930047062136 -36.70928057142857
      vertex 63.83405974669587 35.0930713140973 -36.70928057142857
      vertex 62.16339858896192 1.7200864988932654 -36.70928057142857
    endloop
  endfacet
  facet normal 0 0 -1
    outer loop
      vertex 63.63212070082396 1.673930047062136 -36.70928057142857
      vertex 63.83405974669587 35.0930713140973 -36.70928057142857
      vertex 63.735673308516745 1.6211673580811476 -36.70928057142857
    endloop
  endfacet
  facet normal 0 0 -1
    outer loop
      vertex 63.52545943389523 1.7200864988932654 -36.70928057142857
      vertex 63.83405974669587 35.0930713140973 -36.70928057142857
      vertex 63.63212070082396 1.673930047062136 -36.70928057142857
    endloop
  endfacet
  facet normal 0 0 -1
    outer loop
      vertex 62.16339858896192 1.7200864988932654 -36.70928057142857
      vertex 63.83405974669587 35.0930713140973 -36.70928057142857
      vertex 62.27274757183492 1.759454555146034 -36.70928057142857
    endloop
  endfacet
  facet normal 0 0 -1
    outer loop
      vertex 62.27274757183492 1.759454555146034 -36.70928057142857
      vertex 63.83405974669587 35.0930713140973 -36.70928057142857
      vertex 62.384352720173595 1.7918788480879675 -36.70928057142857
    endloop
  endfacet
  facet normal 0 0 -1
    outer loop
      vertex 62.384352720173595 1.7918788480879675 -36.70928057142857
      vertex 63.83405974669587 35.0930713140973 -36.70928057142857
      vertex 62.49777357944498 1.8172314138480743 -36.70928057142857
    endloop
  endfacet
  facet normal 0 0 -1
    outer loop
      vertex 62.49777357944498 1.8172314138480743 -36.70928057142857
      vertex 63.83405974669587 35.0930713140973 -36.70928057142857
      vertex 62.61256252933461 1.835412197431784 -36.70928057142857
    endloop
  endfacet
  facet normal 0 0 -1
    outer loop
      vertex 62.728266550299345 1.8463494475923026 -36.70928057142857
      vertex 63.83405974669587 35.0930713140973 -36.70928057142857
      vertex 62.84442901142857 1.85 -36.70928057142857
    endloop
  endfacet
  facet normal 0 0 -1
    outer loop
      vertex 62.61256252933461 1.835412197431784 -36.70928057142857
      vertex 63.83405974669587 35.0930713140973 -36.70928057142857
      vertex 62.728266550299345 1.8463494475923026 -36.70928057142857
    endloop
  endfacet
  facet normal 0 0 -1
    outer loop
      vertex 62.84442901142857 1.85 -36.70928057142857
      vertex 63.83405974669587 35.0930713140973 -36.70928057142857
      vertex 62.9605914725578 1.8463494475923026 -36.70928057142857
    endloop
  endfacet
  facet normal 0 0 -1
    outer loop
      vertex 62.9605914725578 1.8463494475923026 -36.70928057142857
      vertex 63.83405974669587 35.0930713140973 -36.70928057142857
      vertex 63.07629549352254 1.835412197431784 -36.70928057142857
    endloop
  endfacet
  facet normal 0 0 -1
    outer loop
      vertex 63.191084443412166 1.8172314138480743 -36.70928057142857
      vertex 63.83405974669587 35.0930713140973 -36.70928057142857
      vertex 63.30450530268355 1.7918788480879675 -36.70928057142857
    endloop
  endfacet
  facet normal 0 0 -1
    outer loop
      vertex 63.07629549352254 1.835412197431784 -36.70928057142857
      vertex 63.83405974669587 35.0930713140973 -36.70928057142857
      vertex 63.191084443412166 1.8172314138480743 -36.70928057142857
    endloop
  endfacet
  facet normal 0 0 -1
    outer loop
      vertex 63.30450530268355 1.7918788480879675 -36.70928057142857
      vertex 63.83405974669587 35.0930713140973 -36.70928057142857
      vertex 63.41611045102223 1.759454555146034 -36.70928057142857
    endloop
  endfacet
  facet normal 0 0 -1
    outer loop
      vertex 63.41611045102223 1.759454555146034 -36.70928057142857
      vertex 63.83405974669587 35.0930713140973 -36.70928057142857
      vertex 63.52545943389523 1.7200864988932654 -36.70928057142857
    endloop
  endfacet
  facet normal 0 0 -1
    outer loop
      vertex 63.835708582139716 1.5620066621787279 -36.70928057142857
      vertex 63.735673308516745 1.6211673580811476 -36.70928057142857
      vertex 65.91160999098112 31.015649378948286 -36.70928057142857
    endloop
  endfacet
  facet normal 0 0 -1
    outer loop
      vertex 64.11084115739665 1.3485919607296115 -36.70928057142857
      vertex 65.91160999098112 31.015649378948286 -36.70928057142857
      vertex 64.19302097215818 1.2664121459680742 -36.70928057142857
    endloop
  endfacet
  facet normal 0 0 -1
    outer loop
      vertex 64.26987851056379 1.179234381035076 -36.70928057142857
      vertex 64.19302097215818 1.2664121459680742 -36.70928057142857
      vertex 65.91160999098112 31.015649378948286 -36.70928057142857
    endloop
  endfacet
  facet normal 0 0 -1
    outer loop
      vertex 63.835708582139716 1.5620066621787279 -36.70928057142857
      vertex 65.91160999098112 31.015649378948286 -36.70928057142857
      vertex 63.93183172816965 1.496681439593653 -36.70928057142857
    endloop
  endfacet
  facet normal 0 0 -1
    outer loop
      vertex 63.93183172816965 1.496681439593653 -36.70928057142857
      vertex 65.91160999098112 31.015649378948286 -36.70928057142857
      vertex 64.02366339246365 1.42544949913521 -36.70928057142857
    endloop
  endfacet
  facet normal 0 0 -1
    outer loop
      vertex 64.11084115739665 1.3485919607296115 -36.70928057142857
      vertex 64.02366339246365 1.42544949913521 -36.70928057142857
      vertex 65.91160999098112 31.015649378948286 -36.70928057142857
    endloop
  endfacet
  facet normal 0 0 -1
    outer loop
      vertex 64.69442901142857 0 -36.70928057142857
      vertex 64.69077845902088 0.11616246112922975 -36.70928057142857
      vertex 65.91160999098112 31.015649378948286 -36.70928057142857
    endloop
  endfacet
  facet normal 0 0 -1
    outer loop
      vertex 64.69077845902088 0.11616246112922975 -36.70928057142857
      vertex 64.67984120886035 0.23186648209396288 -36.70928057142857
      vertex 65.91160999098112 31.015649378948286 -36.70928057142857
    endloop
  endfacet
  facet normal 0 0 -1
    outer loop
      vertex 64.67984120886035 0.23186648209396288 -36.70928057142857
      vertex 64.66166042527665 0.34665543198359056 -36.70928057142857
      vertex 65.91160999098112 31.015649378948286 -36.70928057142857
    endloop
  endfacet
  facet normal 0 0 -1
    outer loop
      vertex 64.66166042527665 0.34665543198359056 -36.70928057142857
      vertex 64.63630785951653 0.4600762912549814 -36.70928057142857
      vertex 65.91160999098112 31.015649378948286 -36.70928057142857
    endloop
  endfacet
  facet normal 0 0 -1
    outer loop
      vertex 64.60388356657461 0.5716814395936527 -36.70928057142857
      vertex 64.56451551032184 0.6810304224666542 -36.70928057142857
      vertex 65.91160999098112 31.015649378948286 -36.70928057142857
    endloop
  endfacet
  facet normal 0 0 -1
    outer loop
      vertex 64.63630785951653 0.4600762912549814 -36.70928057142857
      vertex 64.60388356657461 0.5716814395936527 -36.70928057142857
      vertex 65.91160999098112 31.015649378948286 -36.70928057142857
    endloop
  endfacet
  facet normal 0 0 -1
    outer loop
      vertex 64.46559636950973 0.8912442970881734 -36.70928057142857
      vertex 65.91160999098112 31.015649378948286 -36.70928057142857
      vertex 64.51835905849072 0.7876916893953845 -36.70928057142857
    endloop
  endfacet
  facet normal 0 0 -1
    outer loop
      vertex 64.56451551032184 0.6810304224666542 -36.70928057142857
      vertex 64.51835905849072 0.7876916893953845 -36.70928057142857
      vertex 65.91160999098112 31.015649378948286 -36.70928057142857
    endloop
  endfacet
  facet normal 0 0 -1
    outer loop
      vertex 64.34111045102223 1.0874027167410754 -36.70928057142857
      vertex 64.26987851056379 1.179234381035076 -36.70928057142857
      vertex 65.91160999098112 31.015649378948286 -36.70928057142857
    endloop
  endfacet
  facet normal 0 0 -1
    outer loop
      vertex 64.4064356736073 0.9912795707111438 -36.70928057142857
      vertex 64.34111045102223 1.0874027167410754 -36.70928057142857
      vertex 65.91160999098112 31.015649378948286 -36.70928057142857
    endloop
  endfacet
  facet normal 0 0 -1
    outer loop
      vertex 64.46559636950973 0.8912442970881734 -36.70928057142857
      vertex 64.4064356736073 0.9912795707111438 -36.70928057142857
      vertex 65.91160999098112 31.015649378948286 -36.70928057142857
    endloop
  endfacet
  facet normal 0.975916761938747 0.21814324139654434 0
    outer loop
      vertex 71.5541539045373 13.649684868407983 -36.70928057142857
      vertex 70.55588732249964 18.115672831440445 -36.70928057142857
      vertex 71.5541539045373 13.649684868407983 -30.70928057142857
    endloop
  endfacet
  facet normal 0.9602936856769433 0.27899110603922844 0
    outer loop
      vertex 70.55588732249964 18.115672831440445 -36.70928057142857
      vertex 69.27916888711887 22.510166510070878 -36.70928057142857
      vertex 70.55588732249964 18.115672831440445 -30.70928057142857
    endloop
  endfacet
  facet normal 0.9876883405951377 0.15643446504023154 0
    outer loop
      vertex 71.5541539045373 13.649684868407983 -36.70928057142857
      vertex 71.5541539045373 13.649684868407983 -30.70928057142857
      vertex 72.27002893109714 9.129827835147758 -30.70928057142857
    endloop
  endfacet
  facet normal 0.975916761938747 0.21814324139654434 0
    outer loop
      vertex 70.55588732249964 18.115672831440445 -36.70928057142857
      vertex 70.55588732249964 18.115672831440445 -30.70928057142857
      vertex 71.5541539045373 13.649684868407983 -30.70928057142857
    endloop
  endfacet
  facet normal 0 0 -1
    outer loop
      vertex 72.70068717050152 -4.573939542443816 -36.70928057142857
      vertex 72.70068717050152 4.573939542443788 -36.70928057142857
      vertex 72.84442901142857 0 -36.70928057142857
    endloop
  endfacet
  facet normal 0 0 -1
    outer loop
      vertex 72.27002893109714 -9.129827835147744 -36.70928057142857
      vertex 72.27002893109714 9.129827835147758 -36.70928057142857
      vertex 72.70068717050152 4.573939542443788 -36.70928057142857
    endloop
  endfacet
  facet normal 0.9995065603657315 0.031410759078129805 0
    outer loop
      vertex 72.84442901142857 0 -36.70928057142857
      vertex 72.70068717050152 4.573939542443788 -36.70928057142857
      vertex 72.84442901142857 0 -30.70928057142857
    endloop
  endfacet
  facet normal 0.9955619646030803 0.09410831331851252 0
    outer loop
      vertex 72.70068717050152 4.573939542443788 -36.70928057142857
      vertex 72.27002893109714 9.129827835147758 -36.70928057142857
      vertex 72.70068717050152 4.573939542443788 -30.70928057142857
    endloop
  endfacet
  facet normal 0.9995065603657315 0.031410759078129805 0
    outer loop
      vertex 72.70068717050152 4.573939542443788 -36.70928057142857
      vertex 72.70068717050152 4.573939542443788 -30.70928057142857
      vertex 72.84442901142857 0 -30.70928057142857
    endloop
  endfacet
  facet normal 0.9955619646030803 0.09410831331851252 0
    outer loop
      vertex 72.27002893109714 9.129827835147758 -36.70928057142857
      vertex 72.27002893109714 9.129827835147758 -30.70928057142857
      vertex 72.70068717050152 4.573939542443788 -30.70928057142857
    endloop
  endfacet
  facet normal 0.9876883405951377 0.15643446504023154 0
    outer loop
      vertex 71.5541539045373 13.649684868407983 -36.70928057142857
      vertex 72.27002893109714 9.129827835147758 -30.70928057142857
      vertex 72.27002893109714 9.129827835147758 -36.70928057142857
    endloop
  endfacet
  facet normal 0 0 1
    outer loop
      vertex 61.9043886707669 1.592309458356963 -30.70928057142857
      vertex 61.9531847143404 1.6211673580811476 -30.70928057142857
      vertex 61.83217609791765 3.890150784769565 -30.70928057142857
    endloop
  endfacet
  facet normal 0 0 1
    outer loop
      vertex 65.91160999098112 -31.015649378948268 -30.70928057142857
      vertex 63.83405974669587 35.0930713140973 -30.70928057142857
      vertex 64.69442901142857 0 -30.70928057142857
    endloop
  endfacet
  facet normal 0 0 1
    outer loop
      vertex 69.27916888711887 -22.510166510070878 -30.70928057142857
      vertex 69.27916888711887 22.510166510070878 -30.70928057142857
      vertex 67.72903722278225 26.815822845402923 -30.70928057142857
    endloop
  endfacet
  facet normal 0 0 1
    outer loop
      vertex 70.55588732249966 -18.11567283144042 -30.70928057142857
      vertex 70.55588732249964 18.115672831440445 -30.70928057142857
      vertex 69.27916888711887 22.510166510070878 -30.70928057142857
    endloop
  endfacet
  facet normal 0 0 1
    outer loop
      vertex 71.5541539045373 -13.649684868407997 -30.70928057142857
      vertex 71.5541539045373 13.649684868407983 -30.70928057142857
      vertex 70.55588732249964 18.115672831440445 -30.70928057142857
    endloop
  endfacet
  facet normal 0 0 1
    outer loop
      vertex 63.63212070082396 1.673930047062136 -30.70928057142857
      vertex 63.735673308516745 1.6211673580811476 -30.70928057142857
      vertex 63.83405974669587 35.0930713140973 -30.70928057142857
    endloop
  endfacet
  facet normal 0 0 1
    outer loop
      vertex 63.52545943389523 1.7200864988932654 -30.70928057142857
      vertex 63.63212070082396 1.673930047062136 -30.70928057142857
      vertex 63.83405974669587 35.0930713140973 -30.70928057142857
    endloop
  endfacet
  facet normal 0 0 1
    outer loop
      vertex 63.835708582139716 1.5620066621787279 -30.70928057142857
      vertex 63.83405974669587 35.0930713140973 -30.70928057142857
      vertex 63.735673308516745 1.6211673580811476 -30.70928057142857
    endloop
  endfacet
  facet normal 0 0 1
    outer loop
      vertex 64.26987851056379 1.179234381035076 -30.70928057142857
      vertex 63.83405974669587 35.0930713140973 -30.70928057142857
      vertex 64.19302097215818 1.2664121459680742 -30.70928057142857
    endloop
  endfacet
  facet normal 0 0 1
    outer loop
      vertex 64.34111045102223 1.0874027167410754 -30.70928057142857
      vertex 63.83405974669587 35.0930713140973 -30.70928057142857
      vertex 64.26987851056379 1.179234381035076 -30.70928057142857
    endloop
  endfacet
  facet normal 0 0 1
    outer loop
      vertex 63.835708582139716 1.5620066621787279 -30.70928057142857
      vertex 63.93183172816965 1.496681439593653 -30.70928057142857
      vertex 63.83405974669587 35.0930713140973 -30.70928057142857
    endloop
  endfacet
  facet normal 0 0 1
    outer loop
      vertex 64.11084115739665 1.3485919607296115 -30.70928057142857
      vertex 63.83405974669587 35.0930713140973 -30.70928057142857
      vertex 64.02366339246365 1.42544949913521 -30.70928057142857
    endloop
  endfacet
  facet normal 0 0 1
    outer loop
      vertex 63.93183172816965 1.496681439593653 -30.70928057142857
      vertex 64.02366339246365 1.42544949913521 -30.70928057142857
      vertex 63.83405974669587 35.0930713140973 -30.70928057142857
    endloop
  endfacet
  facet normal 0 0 1
    outer loop
      vertex 64.11084115739665 1.3485919607296115 -30.70928057142857
      vertex 64.19302097215818 1.2664121459680742 -30.70928057142857
      vertex 63.83405974669587 35.0930713140973 -30.70928057142857
    endloop
  endfacet
  facet normal 0 0 1
    outer loop
      vertex 61.50458563159829 39.031996929268814 -30.70928057142857
      vertex 61.9531847143404 1.6211673580811476 -30.70928057142857
      vertex 62.056737322033186 1.673930047062136 -30.70928057142857
    endloop
  endfacet
  facet normal 0 0 1
    outer loop
      vertex 61.50458563159829 39.031996929268814 -30.70928057142857
      vertex 62.056737322033186 1.673930047062136 -30.70928057142857
      vertex 62.16339858896192 1.7200864988932654 -30.70928057142857
    endloop
  endfacet
  facet normal 0 0 1
    outer loop
      vertex 61.50458563159829 39.031996929268814 -30.70928057142857
      vertex 62.16339858896192 1.7200864988932654 -30.70928057142857
      vertex 62.27274757183492 1.759454555146034 -30.70928057142857
    endloop
  endfacet
  facet normal 0 0 1
    outer loop
      vertex 61.50458563159829 39.031996929268814 -30.70928057142857
      vertex 62.27274757183492 1.759454555146034 -30.70928057142857
      vertex 62.384352720173595 1.7918788480879675 -30.70928057142857
    endloop
  endfacet
  facet normal 0 0 1
    outer loop
      vertex 61.50458563159829 39.031996929268814 -30.70928057142857
      vertex 62.384352720173595 1.7918788480879675 -30.70928057142857
      vertex 62.49777357944498 1.8172314138480743 -30.70928057142857
    endloop
  endfacet
  facet normal 0 0 1
    outer loop
      vertex 61.50458563159829 39.031996929268814 -30.70928057142857
      vertex 62.49777357944498 1.8172314138480743 -30.70928057142857
      vertex 62.61256252933461 1.835412197431784 -30.70928057142857
    endloop
  endfacet
  facet normal 0 0 1
    outer loop
      vertex 61.50458563159829 39.031996929268814 -30.70928057142857
      vertex 61.83217609791765 3.890150784769565 -30.70928057142857
      vertex 61.9531847143404 1.6211673580811476 -30.70928057142857
    endloop
  endfacet
  facet normal 0 0 1
    outer loop
      vertex 61.50458563159829 39.031996929268814 -30.70928057142857
      vertex 62.61256252933461 1.835412197431784 -30.70928057142857
      vertex 62.728266550299345 1.8463494475923026 -30.70928057142857
    endloop
  endfacet
  facet normal 0 0 1
    outer loop
      vertex 62.728266550299345 1.8463494475923026 -30.70928057142857
      vertex 62.84442901142857 1.85 -30.70928057142857
      vertex 63.83405974669587 35.0930713140973 -30.70928057142857
    endloop
  endfacet
  facet normal 0 0 1
    outer loop
      vertex 62.84442901142857 1.85 -30.70928057142857
      vertex 62.9605914725578 1.8463494475923026 -30.70928057142857
      vertex 63.83405974669587 35.0930713140973 -30.70928057142857
    endloop
  endfacet
  facet normal 0 0 1
    outer loop
      vertex 62.9605914725578 1.8463494475923026 -30.70928057142857
      vertex 63.07629549352254 1.835412197431784 -30.70928057142857
      vertex 63.83405974669587 35.0930713140973 -30.70928057142857
    endloop
  endfacet
  facet normal 0 0 1
    outer loop
      vertex 63.191084443412166 1.8172314138480743 -30.70928057142857
      vertex 63.30450530268355 1.7918788480879675 -30.70928057142857
      vertex 63.83405974669587 35.0930713140973 -30.70928057142857
    endloop
  endfacet
  facet normal 0 0 1
    outer loop
      vertex 63.07629549352254 1.835412197431784 -30.70928057142857
      vertex 63.191084443412166 1.8172314138480743 -30.70928057142857
      vertex 63.83405974669587 35.0930713140973 -30.70928057142857
    endloop
  endfacet
  facet normal 0 0 1
    outer loop
      vertex 63.30450530268355 1.7918788480879675 -30.70928057142857
      vertex 63.41611045102223 1.759454555146034 -30.70928057142857
      vertex 63.83405974669587 35.0930713140973 -30.70928057142857
    endloop
  endfacet
  facet normal 0 0 1
    outer loop
      vertex 63.41611045102223 1.759454555146034 -30.70928057142857
      vertex 63.52545943389523 1.7200864988932654 -30.70928057142857
      vertex 63.83405974669587 35.0930713140973 -30.70928057142857
    endloop
  endfacet
  facet normal 0 0 1
    outer loop
      vertex 64.69442901142857 0 -30.70928057142857
      vertex 63.83405974669587 35.0930713140973 -30.70928057142857
      vertex 64.69077845902088 0.11616246112922975 -30.70928057142857
    endloop
  endfacet
  facet normal 0 0 1
    outer loop
      vertex 64.69077845902088 0.11616246112922975 -30.70928057142857
      vertex 63.83405974669587 35.0930713140973 -30.70928057142857
      vertex 64.67984120886035 0.23186648209396288 -30.70928057142857
    endloop
  endfacet
  facet normal 0 0 1
    outer loop
      vertex 64.56451551032184 0.6810304224666542 -30.70928057142857
      vertex 63.83405974669587 35.0930713140973 -30.70928057142857
      vertex 64.51835905849072 0.7876916893953845 -30.70928057142857
    endloop
  endfacet
  facet normal 0 0 1
    outer loop
      vertex 64.67984120886035 0.23186648209396288 -30.70928057142857
      vertex 63.83405974669587 35.0930713140973 -30.70928057142857
      vertex 64.66166042527665 0.34665543198359056 -30.70928057142857
    endloop
  endfacet
  facet normal 0 0 1
    outer loop
      vertex 64.63630785951653 0.4600762912549814 -30.70928057142857
      vertex 63.83405974669587 35.0930713140973 -30.70928057142857
      vertex 64.60388356657461 0.5716814395936527 -30.70928057142857
    endloop
  endfacet
  facet normal 0 0 1
    outer loop
      vertex 64.66166042527665 0.34665543198359056 -30.70928057142857
      vertex 63.83405974669587 35.0930713140973 -30.70928057142857
      vertex 64.63630785951653 0.4600762912549814 -30.70928057142857
    endloop
  endfacet
  facet normal 0 0 1
    outer loop
      vertex 64.60388356657461 0.5716814395936527 -30.70928057142857
      vertex 63.83405974669587 35.0930713140973 -30.70928057142857
      vertex 64.56451551032184 0.6810304224666542 -30.70928057142857
    endloop
  endfacet
  facet normal 0 0 1
    outer loop
      vertex 64.46559636950973 0.8912442970881734 -30.70928057142857
      vertex 63.83405974669587 35.0930713140973 -30.70928057142857
      vertex 64.4064356736073 0.9912795707111438 -30.70928057142857
    endloop
  endfacet
  facet normal 0 0 1
    outer loop
      vertex 64.46559636950973 0.8912442970881734 -30.70928057142857
      vertex 64.51835905849072 0.7876916893953845 -30.70928057142857
      vertex 63.83405974669587 35.0930713140973 -30.70928057142857
    endloop
  endfacet
  facet normal 0 0 1
    outer loop
      vertex 64.4064356736073 0.9912795707111438 -30.70928057142857
      vertex 63.83405974669587 35.0930713140973 -30.70928057142857
      vertex 64.34111045102223 1.0874027167410754 -30.70928057142857
    endloop
  endfacet
  facet normal 0 0 1
    outer loop
      vertex 65.91160999098112 -31.015649378948268 -30.70928057142857
      vertex 65.91160999098112 31.015649378948286 -30.70928057142857
      vertex 63.83405974669587 35.0930713140973 -30.70928057142857
    endloop
  endfacet
  facet normal 0 0 1
    outer loop
      vertex 67.72903722278224 -26.815822845402952 -30.70928057142857
      vertex 67.72903722278225 26.815822845402923 -30.70928057142857
      vertex 65.91160999098112 31.015649378948286 -30.70928057142857
    endloop
  endfacet
  facet normal 0 0 1
    outer loop
      vertex 72.70068717050152 -4.573939542443816 -30.70928057142857
      vertex 72.84442901142857 0 -30.70928057142857
      vertex 72.70068717050152 4.573939542443788 -30.70928057142857
    endloop
  endfacet
  facet normal 0 0 1
    outer loop
      vertex 72.70068717050152 -4.573939542443816 -30.70928057142857
      vertex 72.70068717050152 4.573939542443788 -30.70928057142857
      vertex 72.27002893109714 9.129827835147758 -30.70928057142857
    endloop
  endfacet
  facet normal 0 0 1
    outer loop
      vertex 72.27002893109714 -9.129827835147744 -30.70928057142857
      vertex 72.27002893109714 9.129827835147758 -30.70928057142857
      vertex 71.5541539045373 13.649684868407983 -30.70928057142857
    endloop
  endfacet
  facet normal 0 0 -1
    outer loop
      vertex 61.49583705069896 1.2664121459680737 -36.70928057142857
      vertex 61.50458563159829 39.031996929268814 -36.70928057142857
      vertex 63.83405974669587 35.0930713140973 -36.70928057142857
    endloop
  endfacet
  facet normal 0 0 -1
    outer loop
      vertex 63.735673308516745 1.6211673580811476 -36.70928057142857
      vertex 63.83405974669587 35.0930713140973 -36.70928057142857
      vertex 65.91160999098112 31.015649378948286 -36.70928057142857
    endloop
  endfacet
  facet normal 0.9408807689542261 0.3387379202452894 0
    outer loop
      vertex 69.27916888711887 22.510166510070878 -36.70928057142857
      vertex 67.72903722278225 26.815822845402923 -36.70928057142857
      vertex 69.27916888711887 22.510166510070878 -30.70928057142857
    endloop
  endfacet
  facet normal 0.9177546256839813 0.39714789063478056 0
    outer loop
      vertex 67.72903722278225 26.815822845402923 -36.70928057142857
      vertex 65.91160999098112 31.015649378948286 -36.70928057142857
      vertex 67.72903722278225 26.815822845402923 -30.70928057142857
    endloop
  endfacet
  facet normal 0.9177546256839813 0.39714789063478056 0
    outer loop
      vertex 65.91160999098112 31.015649378948286 -36.70928057142857
      vertex 65.91160999098112 31.015649378948286 -30.70928057142857
      vertex 67.72903722278225 26.815822845402923 -30.70928057142857
    endloop
  endfacet
  facet normal 0.9408807689542261 0.3387379202452894 0
    outer loop
      vertex 67.72903722278225 26.815822845402923 -36.70928057142857
      vertex 67.72903722278225 26.815822845402923 -30.70928057142857
      vertex 69.27916888711887 22.510166510070878 -30.70928057142857
    endloop
  endfacet
  facet normal 0.9602936856769433 0.27899110603922844 0
    outer loop
      vertex 70.55588732249964 18.115672831440445 -30.70928057142857
      vertex 69.27916888711887 22.510166510070878 -36.70928057142857
      vertex 69.27916888711887 22.510166510070878 -30.70928057142857
    endloop
  endfacet
  facet normal 0.8910065241883677 0.4539904997395473 0
    outer loop
      vertex 63.83405974669587 35.0930713140973 -36.70928057142857
      vertex 65.91160999098112 31.015649378948286 -30.70928057142857
      vertex 65.91160999098112 31.015649378948286 -36.70928057142857
    endloop
  endfacet
  facet normal 0.8607420270039434 0.5090414157503717 0
    outer loop
      vertex 61.50458563159829 39.031996929268814 -36.70928057142857
      vertex 63.83405974669587 35.0930713140973 -30.70928057142857
      vertex 63.83405974669587 35.0930713140973 -36.70928057142857
    endloop
  endfacet
  facet normal 0.8910065241883677 0.4539904997395473 0
    outer loop
      vertex 63.83405974669587 35.0930713140973 -36.70928057142857
      vertex 63.83405974669587 35.0930713140973 -30.70928057142857
      vertex 65.91160999098112 31.015649378948286 -30.70928057142857
    endloop
  endfacet
  facet normal 0.8607420270039434 0.5090414157503717 0
    outer loop
      vertex 61.50458563159829 39.031996929268814 -36.70928057142857
      vertex 61.50458563159829 39.031996929268814 -30.70928057142857
      vertex 63.83405974669587 35.0930713140973 -30.70928057142857
    endloop
  endfacet
  facet normal 0 0 1
    outer loop
      vertex 61.50458563159829 39.031996929268814 -30.70928057142857
      vertex 62.728266550299345 1.8463494475923026 -30.70928057142857
      vertex 63.83405974669587 35.0930713140973 -30.70928057142857
    endloop
  endfacet
  facet normal 0 0 -1
    outer loop
      vertex 42.81688108458369 58.93238101578517 -36.70928057142857
      vertex 46.43278657143001 56.127597215746604 -36.70928057142857
      vertex 41.93304446781187 23.05288627678588 -36.70928057142857
    endloop
  endfacet
  facet normal 0.6129070536529765 0.7901550123756903 0
    outer loop
      vertex 42.81688108458369 58.93238101578517 -36.70928057142857
      vertex 42.81688108458369 58.93238101578517 -30.70928057142857
      vertex 46.43278657143001 56.127597215746604 -36.70928057142857
    endloop
  endfacet
  facet normal 0.6613118653236516 0.7501110696304597 0
    outer loop
      vertex 46.43278657143001 56.127597215746604 -36.70928057142857
      vertex 46.43278657143001 56.127597215746604 -30.70928057142857
      vertex 49.86544306280124 53.101303431757536 -36.70928057142857
    endloop
  endfacet
  facet normal 0.5620833778521307 0.8270805742745618 0
    outer loop
      vertex 39.031996929268814 61.50458563159829 -30.70928057142857
      vertex 42.81688108458369 58.93238101578517 -30.70928057142857
      vertex 42.81688108458369 58.93238101578517 -36.70928057142857
    endloop
  endfacet
  facet normal 0.6129070536529765 0.7901550123756903 0
    outer loop
      vertex 46.43278657143001 56.127597215746604 -36.70928057142857
      vertex 42.81688108458369 58.93238101578517 -30.70928057142857
      vertex 46.43278657143001 56.127597215746604 -30.70928057142857
    endloop
  endfacet
  facet normal 0.6613118653236516 0.7501110696304597 0
    outer loop
      vertex 49.86544306280124 53.101303431757536 -36.70928057142857
      vertex 46.43278657143001 56.127597215746604 -30.70928057142857
      vertex 49.86544306280124 53.101303431757536 -30.70928057142857
    endloop
  endfacet
  facet normal 0.7071067811865476 0.7071067811865476 0
    outer loop
      vertex 49.86544306280124 53.101303431757536 -36.70928057142857
      vertex 49.86544306280124 53.101303431757536 -30.70928057142857
      vertex 53.101303431757536 49.86544306280124 -30.70928057142857
    endloop
  endfacet
  facet normal 0.7071067811865476 0.7071067811865476 0
    outer loop
      vertex 49.86544306280124 53.101303431757536 -36.70928057142857
      vertex 53.101303431757536 49.86544306280124 -30.70928057142857
      vertex 53.101303431757536 49.86544306280124 -36.70928057142857
    endloop
  endfacet
  facet normal 0.7501110696304597 0.6613118653236516 0
    outer loop
      vertex 53.101303431757536 49.86544306280124 -36.70928057142857
      vertex 56.127597215746604 46.43278657143001 -30.70928057142857
      vertex 56.127597215746604 46.43278657143001 -36.70928057142857
    endloop
  endfacet
  facet normal 0.7901550123756903 0.6129070536529765 0
    outer loop
      vertex 56.127597215746604 46.43278657143001 -36.70928057142857
      vertex 58.93238101578517 42.81688108458369 -30.70928057142857
      vertex 58.93238101578517 42.81688108458369 -36.70928057142857
    endloop
  endfacet
  facet normal 0.7501110696304597 0.6613118653236516 0
    outer loop
      vertex 53.101303431757536 49.86544306280124 -36.70928057142857
      vertex 53.101303431757536 49.86544306280124 -30.70928057142857
      vertex 56.127597215746604 46.43278657143001 -30.70928057142857
    endloop
  endfacet
  facet normal 0.7901550123756903 0.6129070536529765 0
    outer loop
      vertex 56.127597215746604 46.43278657143001 -36.70928057142857
      vertex 56.127597215746604 46.43278657143001 -30.70928057142857
      vertex 58.93238101578517 42.81688108458369 -30.70928057142857
    endloop
  endfacet
  facet normal 0.8270805742745618 0.5620833778521307 0
    outer loop
      vertex 61.50458563159829 39.031996929268814 -30.70928057142857
      vertex 58.93238101578517 42.81688108458369 -36.70928057142857
      vertex 58.93238101578517 42.81688108458369 -30.70928057142857
    endloop
  endfacet
  facet normal 0 0 1
    outer loop
      vertex 39.49123932306677 47.73670800191825 -30.70928057142857
      vertex 42.41072507923782 45.16283507913837 -30.70928057142857
      vertex 42.81688108458369 58.93238101578517 -30.70928057142857
    endloop
  endfacet
  facet normal 0 0 1
    outer loop
      vertex 42.41072507923782 45.16283507913837 -30.70928057142857
      vertex 45.16283507913836 42.41072507923782 -30.70928057142857
      vertex 46.43278657143001 56.127597215746604 -30.70928057142857
    endloop
  endfacet
  facet normal 0 0 1
    outer loop
      vertex 47.73670800191826 39.49123932306678 -30.70928057142857
      vertex 49.86544306280124 53.101303431757536 -30.70928057142857
      vertex 45.16283507913836 42.41072507923782 -30.70928057142857
    endloop
  endfacet
  facet normal 0 0 1
    outer loop
      vertex 47.73670800191826 39.49123932306678 -30.70928057142857
      vertex 50.12218594704199 36.41589968711866 -30.70928057142857
      vertex 49.86544306280124 53.101303431757536 -30.70928057142857
    endloop
  endfacet
  facet normal 0 0 1
    outer loop
      vertex 45.16283507913836 42.41072507923782 -30.70928057142857
      vertex 49.86544306280124 53.101303431757536 -30.70928057142857
      vertex 46.43278657143001 56.127597215746604 -30.70928057142857
    endloop
  endfacet
  facet normal 0 0 1
    outer loop
      vertex 50.12218594704199 36.41589968711866 -30.70928057142857
      vertex 53.101303431757536 49.86544306280124 -30.70928057142857
      vertex 49.86544306280124 53.101303431757536 -30.70928057142857
    endloop
  endfacet
  facet normal 0 0 1
    outer loop
      vertex 42.41072507923782 45.16283507913837 -30.70928057142857
      vertex 46.43278657143001 56.127597215746604 -30.70928057142857
      vertex 42.81688108458369 58.93238101578517 -30.70928057142857
    endloop
  endfacet
  facet normal 0 0 1
    outer loop
      vertex 52.309854522881345 33.19684313194754 -30.70928057142857
      vertex 56.127597215746604 46.43278657143001 -30.70928057142857
      vertex 53.101303431757536 49.86544306280124 -30.70928057142857
    endloop
  endfacet
  facet normal -0.4736032490046874 -0.28008818067880487 -0.8350153133782885
    outer loop
      vertex -52.309854522881345 -33.196843131947546 -30.70928057142857
      vertex -143.99320438428646 -79.1609339944059 36.70928057142857
      vertex -54.291080001018194 -29.846773803129622 -30.70928057142857
    endloop
  endfacet
  facet normal -0.49025558355599075 -0.24979769657851875 -0.8350153133782884
    outer loop
      vertex -54.291080001018194 -29.846773803129622 -30.70928057142857
      vertex -148.67962285948732 -69.96331986178325 36.70928057142857
      vertex -56.058043389626164 -26.37891289380463 -30.70928057142857
    endloop
  endfacet
  facet normal -0.5283792300909715 -0.15350835688076073 -0.8350153133782884
    outer loop
      vertex -60.00801669780886 -15.407439960215182 -30.70928057142857
      vertex -58.92216342466465 -19.1449714413277 -30.70928057142857
      vertex -159.15591682650657 -40.86429393536248 36.70928057142857
    endloop
  endfacet
  facet normal -0.504973103295469 -0.21852137509155128 -0.8350153133782885
    outer loop
      vertex -57.603771291459196 -22.80694646666677 -30.70928057142857
      vertex -56.058043389626164 -26.37891289380463 -30.70928057142857
      vertex -152.7792707885203 -60.48959246886668 36.70928057142857
    endloop
  endfacet
  facet normal -0.5176977248965073 -0.18638264957001494 -0.8350153133782885
    outer loop
      vertex -57.603771291459196 -22.80694646666677 -30.70928057142857
      vertex -156.27596873396047 -50.777140289541606 36.70928057142857
      vertex -58.92216342466465 -19.1449714413277 -30.70928057142857
    endloop
  endfacet
  facet normal -0.5369754638577755 -0.12002823683819351 -0.8350153133782885
    outer loop
      vertex -60.00801669780886 -15.407439960215182 -30.70928057142857
      vertex -161.40774922676044 -30.790174882140565 36.70928057142857
      vertex -60.85704574410188 -11.609102352569455 -30.70928057142857
    endloop
  endfacet
  facet normal -0.543452500789487 -0.08607442018051129 -0.8350153133782885
    outer loop
      vertex -60.85704574410188 -11.609102352569455 -30.70928057142857
      vertex -163.02257898100262 -20.59454107535161 36.70928057142857
      vertex -61.46589983378247 -7.764948921632473 -30.70928057142857
    endloop
  endfacet
  facet normal -0.547784778980413 -0.051780907110042705 -0.8350153133782885
    outer loop
      vertex -61.83217609791766 -3.890150784769559 -30.70928057142857
      vertex -61.46589983378247 -7.764948921632473 -30.70928057142857
      vertex -163.99403309393867 -10.317630023689162 36.70928057142857
    endloop
  endfacet
  facet normal -0.5499552009077641 -0.01728303845565108 -0.8350153133782884
    outer loop
      vertex -61.83217609791766 -3.890150784769559 -30.70928057142857
      vertex -164.31827768 0 36.70928057142857
      vertex -61.95442901142857 0 -30.70928057142857
    endloop
  endfacet
  facet normal -0.28008818067878005 -0.47360324900470097 -0.8350153133782889
    outer loop
      vertex -30.813811209247906 -52.67777572528558 -31.29994087548537
      vertex -30.705310670777894 -52.71942517978619 -31.312712379529795
      vertex -79.1609339944059 -143.99320438428646 36.70928057142857
    endloop
  endfacet
  facet normal -0.28008818067883245 -0.4736032490046723 -0.8350153133782877
    outer loop
      vertex -30.813811209247906 -52.67777572528558 -31.29994087548537
      vertex -79.1609339944059 -143.99320438428646 36.70928057142857
      vertex -30.924712837576045 -52.64302126164925 -31.282453281924848
    endloop
  endfacet
  facet normal -0.2800881806787959 -0.4736032490046924 -0.8350153133782886
    outer loop
      vertex -30.924712837576045 -52.64302126164925 -31.282453281924848
      vertex -79.1609339944059 -143.99320438428646 36.70928057142857
      vertex -31.03757787770143 -52.61529894886738 -31.260318614390716
    endloop
  endfacet
  facet normal -0.28008818067878527 -0.4736032490046982 -0.8350153133782888
    outer loop
      vertex -30.21338638833259 -53.02443115726917 -31.30472492769137
      vertex -79.1609339944059 -143.99320438428646 36.70928057142857
      vertex -30.303706143218893 -52.951291661880155 -31.315912275601853
    endloop
  endfacet
  facet normal -0.28008818067882807 -0.47360324900467454 -0.8350153133782878
    outer loop
      vertex -30.303706143218893 -52.951291661880155 -31.315912275601853
      vertex -79.1609339944059 -143.99320438428646 36.70928057142857
      vertex -30.3984401396141 -52.883967714911236 -31.322320502176623
    endloop
  endfacet
  facet normal -0.2800881806787974 -0.47360324900469153 -0.8350153133782887
    outer loop
      vertex -30.497214505714286 -52.8227250132237 -31.323924317073047
      vertex -30.3984401396141 -52.883967714911236 -31.322320502176623
      vertex -79.1609339944059 -143.99320438428646 36.70928057142857
    endloop
  endfacet
  facet normal -0.2800881806788192 -0.4736032490046795 -0.8350153133782882
    outer loop
      vertex -30.599639424222172 -52.767805253782 -31.320717390766426
      vertex -30.497214505714286 -52.8227250132237 -31.323924317073047
      vertex -79.1609339944059 -143.99320438428646 36.70928057142857
    endloop
  endfacet
  facet normal -0.2800881806788028 -0.4736032490046885 -0.8350153133782885
    outer loop
      vertex -30.705310670777894 -52.71942517978619 -31.312712379529795
      vertex -30.599639424222172 -52.767805253782 -31.320717390766426
      vertex -79.1609339944059 -143.99320438428646 36.70928057142857
    endloop
  endfacet
  facet normal -0.2800881806787621 -0.4736032490047112 -0.8350153133782894
    outer loop
      vertex -30.047396578581107 -53.18698038846102 -31.268208160031385
      vertex -79.1609339944059 -143.99320438428646 36.70928057142857
      vertex -30.12783732576456 -53.10309755290423 -31.28880260979638
    endloop
  endfacet
  facet normal -0.28008818067882046 -0.4736032490046787 -0.835015313378288
    outer loop
      vertex -30.21338638833259 -53.02443115726917 -31.30472492769137
      vertex -30.12783732576456 -53.10309755290423 -31.28880260979638
      vertex -79.1609339944059 -143.99320438428646 36.70928057142857
    endloop
  endfacet
  facet normal -0.2800881806787886 -0.4736032490046963 -0.8350153133782888
    outer loop
      vertex -31.615592162759448 -52.58500650379361 -31.083617221329934
      vertex -79.1609339944059 -143.99320438428646 36.70928057142857
      vertex -31.730736687139075 -52.60077934164448 -31.036048407962774
    endloop
  endfacet
  facet normal -0.28008818067882785 -0.47360324900467515 -0.8350153133782877
    outer loop
      vertex -32.17467729540452 -52.734812913586104 -30.811116901394488
      vertex -32.06707279325965 -52.69090032966492 -30.872116850544877
      vertex -79.1609339944059 -143.99320438428646 36.70928057142857
    endloop
  endfacet
  facet normal -0.2800881806788047 -0.4736032490046875 -0.8350153133782885
    outer loop
      vertex -31.844663615418998 -52.62375103990957 -30.98480496808784
      vertex -31.730736687139075 -52.60077934164448 -31.036048407962774
      vertex -79.1609339944059 -143.99320438428646 36.70928057142857
    endloop
  endfacet
  facet normal -0.2800881806788156 -0.4736032490046816 -0.8350153133782883
    outer loop
      vertex -31.844663615418998 -52.62375103990957 -30.98480496808784
      vertex -79.1609339944059 -143.99320438428646 36.70928057142857
      vertex -31.95692333006156 -52.653830939790595 -30.930089136151416
    endloop
  endfacet
  facet normal -0.28008818067878566 -0.47360324900469764 -0.835015313378289
    outer loop
      vertex -31.95692333006156 -52.653830939790595 -30.930089136151416
      vertex -79.1609339944059 -143.99320438428646 36.70928057142857
      vertex -32.06707279325965 -52.69090032966492 -30.872116850544877
    endloop
  endfacet
  facet normal -0.280088180678806 -0.4736032490046868 -0.8350153133782884
    outer loop
      vertex -32.33740136457098 -52.818126967231684 -30.70928057142857
      vertex -79.1609339944059 -143.99320438428646 36.70928057142857
      vertex -33.19684313194754 -52.30985452288134 -30.70928057142857
    endloop
  endfacet
  facet normal -0.28008818067879226 -0.47360324900469414 -0.8350153133782887
    outer loop
      vertex -32.17467729540452 -52.734812913586104 -30.811116901394488
      vertex -79.1609339944059 -143.99320438428646 36.70928057142857
      vertex -32.27931217068603 -52.78539538864717 -30.747330027631325
    endloop
  endfacet
  facet normal -0.28008818067886804 -0.4736032490046535 -0.8350153133782864
    outer loop
      vertex -32.27931217068603 -52.78539538864717 -30.747330027631325
      vertex -79.1609339944059 -143.99320438428646 36.70928057142857
      vertex -32.33740136457098 -52.818126967231684 -30.70928057142857
    endloop
  endfacet
  facet normal -0.2800881806788078 -0.47360324900468576 -0.8350153133782883
    outer loop
      vertex -29.78273788413654 -53.56777434525318 -31.141003926517904
      vertex -79.1609339944059 -143.99320438428646 36.70928057142857
      vertex -29.83979062441735 -53.466522042884634 -31.179294986131644
    endloop
  endfacet
  facet normal -0.28008818067879776 -0.4736032490046915 -0.8350153133782886
    outer loop
      vertex -29.903088468816936 -53.36905191000872 -31.213346090436723
      vertex -29.83979062441735 -53.466522042884634 -31.179294986131644
      vertex -79.1609339944059 -143.99320438428646 36.70928057142857
    endloop
  endfacet
  facet normal -0.2800881806788183 -0.47360324900468 -0.8350153133782882
    outer loop
      vertex -29.903088468816936 -53.36905191000872 -31.213346090436723
      vertex -79.1609339944059 -143.99320438428646 36.70928057142857
      vertex -29.972381609661483 -53.27574861671004 -31.24302285528091
    endloop
  endfacet
  facet normal -0.2800881806788248 -0.4736032490046763 -0.835015313378288
    outer loop
      vertex -30.047396578581107 -53.18698038846102 -31.268208160031385
      vertex -29.972381609661483 -53.27574861671004 -31.24302285528091
      vertex -79.1609339944059 -143.99320438428646 36.70928057142857
    endloop
  endfacet
  facet normal -0.2800881806788108 -0.4736032490046841 -0.8350153133782883
    outer loop
      vertex -29.78273788413654 -53.56777434525318 -31.141003926517904
      vertex -29.732155409075474 -53.67240922053469 -31.09862402891427
      vertex -79.1609339944059 -143.99320438428646 36.70928057142857
    endloop
  endfacet
  facet normal -0.2800881806788165 -0.47360324900468104 -0.835015313378288
    outer loop
      vertex -31.267410495549502 -52.581360220613334 -31.20247547420913
      vertex -31.151960902873824 -52.59471819424339 -31.23362422830335
      vertex -79.1609339944059 -143.99320438428646 36.70928057142857
    endloop
  endfacet
  facet normal -0.2800881806788082 -0.47360324900468564 -0.8350153133782883
    outer loop
      vertex -31.267410495549502 -52.581360220613334 -31.20247547420913
      vertex -79.1609339944059 -143.99320438428646 36.70928057142857
      vertex -31.383471028930078 -52.575277745796456 -31.166995282009957
    endloop
  endfacet
  facet normal -0.2800881806788286 -0.47360324900467443 -0.8350153133782878
    outer loop
      vertex -31.499684465113308 -52.576494774542034 -31.12732367581508
      vertex -31.383471028930078 -52.575277745796456 -31.166995282009957
      vertex -79.1609339944059 -143.99320438428646 36.70928057142857
    endloop
  endfacet
  facet normal -0.28008818067879554 -0.4736032490046924 -0.8350153133782886
    outer loop
      vertex -31.499684465113308 -52.576494774542034 -31.12732367581508
      vertex -79.1609339944059 -143.99320438428646 36.70928057142857
      vertex -31.615592162759448 -52.58500650379361 -31.083617221329934
    endloop
  endfacet
  facet normal -0.2800881806787892 -0.47360324900469597 -0.8350153133782889
    outer loop
      vertex -31.03757787770143 -52.61529894886738 -31.260318614390716
      vertex -79.1609339944059 -143.99320438428646 36.70928057142857
      vertex -31.151960902873824 -52.59471819424339 -31.23362422830335
    endloop
  endfacet
  facet normal -0.2497976965785184 -0.490255583555991 -0.8350153133782884
    outer loop
      vertex -29.572966075003972 -54.43059200676647 -30.70928057142857
      vertex -26.37891289380463 -56.058043389626164 -30.70928057142857
      vertex -79.1609339944059 -143.99320438428646 36.70928057142857
    endloop
  endfacet
  facet normal -0.24979769657848178 -0.49025558355601084 -0.8350153133782878
    outer loop
      vertex -29.598121837133853 -54.11634982880013 -30.886253530527014
      vertex -29.58234899928298 -54.23149435317976 -30.823368183889578
      vertex -79.1609339944059 -143.99320438428646 36.70928057142857
    endloop
  endfacet
  facet normal -0.2800881806787958 -0.47360324900469253 -0.8350153133782886
    outer loop
      vertex -29.732155409075474 -53.67240922053469 -31.09862402891427
      vertex -29.688242825154287 -53.780013722679556 -31.05232254741505
      vertex -79.1609339944059 -143.99320438428646 36.70928057142857
    endloop
  endfacet
  facet normal -0.2800881806788932 -0.4736032490046376 -0.8350153133782869
    outer loop
      vertex -29.643045042420802 -53.92049876101191 -30.987803005089233
      vertex -79.1609339944059 -143.99320438428646 36.70928057142857
      vertex -29.65117343527996 -53.89016318587765 -31.002282212814578
    endloop
  endfacet
  facet normal -0.28008818067878904 -0.4736032490046963 -0.8350153133782886
    outer loop
      vertex -29.688242825154287 -53.780013722679556 -31.05232254741505
      vertex -29.65117343527996 -53.89016318587765 -31.002282212814578
      vertex -79.1609339944059 -143.99320438428646 36.70928057142857
    endloop
  endfacet
  facet normal -0.24979769657848405 -0.49025558355600946 -0.8350153133782878
    outer loop
      vertex -29.643045042420802 -53.92049876101191 -30.987803005089233
      vertex -29.621093535398938 -54.0024229005202 -30.946270436313743
      vertex -79.1609339944059 -143.99320438428646 36.70928057142857
    endloop
  endfacet
  facet normal -0.24979769657856157 -0.49025558355596777 -0.835015313378289
    outer loop
      vertex -29.621093535398938 -54.0024229005202 -30.946270436313743
      vertex -29.598121837133853 -54.11634982880013 -30.886253530527014
      vertex -79.1609339944059 -143.99320438428646 36.70928057142857
    endloop
  endfacet
  facet normal -0.2497976965785496 -0.49025558355597415 -0.8350153133782889
    outer loop
      vertex -29.5738372700314 -54.3474020508259 -30.75786257613504
      vertex -79.1609339944059 -143.99320438428646 36.70928057142857
      vertex -29.58234899928298 -54.23149435317976 -30.823368183889578
    endloop
  endfacet
  facet normal -0.24979769657854997 -0.490255583555974 -0.8350153133782889
    outer loop
      vertex -29.5738372700314 -54.3474020508259 -30.75786257613504
      vertex -29.572966075003972 -54.43059200676647 -30.70928057142857
      vertex -79.1609339944059 -143.99320438428646 36.70928057142857
    endloop
  endfacet
  facet normal -0.21852137509155128 -0.504973103295469 -0.8350153133782885
    outer loop
      vertex -26.37891289380463 -56.058043389626164 -30.70928057142857
      vertex -22.80694646666677 -57.603771291459196 -30.70928057142857
      vertex -69.96331986178325 -148.67962285948732 36.70928057142857
    endloop
  endfacet
  facet normal -0.18638264957001402 -0.5176977248965076 -0.8350153133782884
    outer loop
      vertex -22.80694646666677 -57.603771291459196 -30.70928057142857
      vertex -19.1449714413277 -58.922163424664646 -30.70928057142857
      vertex -60.48959246886668 -152.7792707885203 36.70928057142857
    endloop
  endfacet
  facet normal -0.12002823683819341 -0.5369754638577757 -0.8350153133782883
    outer loop
      vertex -15.407439960215184 -60.00801669780886 -30.70928057142857
      vertex -11.609102352569453 -60.85704574410188 -30.70928057142857
      vertex -40.86429393536248 -159.15591682650657 36.70928057142857
    endloop
  endfacet
  facet normal -0.1535083568807617 -0.5283792300909711 -0.8350153133782884
    outer loop
      vertex -19.1449714413277 -58.922163424664646 -30.70928057142857
      vertex -15.407439960215184 -60.00801669780886 -30.70928057142857
      vertex -50.777140289541606 -156.27596873396047 36.70928057142857
    endloop
  endfacet
  facet normal -0.08607442018051134 -0.5434525007894871 -0.8350153133782885
    outer loop
      vertex -11.609102352569453 -60.85704574410188 -30.70928057142857
      vertex -7.764948921632473 -61.46589983378247 -30.70928057142857
      vertex -30.790174882140565 -161.40774922676044 36.70928057142857
    endloop
  endfacet
  facet normal -0.051780907110042095 -0.5477847789804129 -0.8350153133782885
    outer loop
      vertex -3.890150784769589 -61.83217609791765 -30.70928057142857
      vertex -20.59454107535161 -163.02257898100262 36.70928057142857
      vertex -7.764948921632473 -61.46589983378247 -30.70928057142857
    endloop
  endfacet
  facet normal -0.01728303845565195 -0.5499552009077641 -0.8350153133782884
    outer loop
      vertex -3.890150784769589 -61.83217609791765 -30.70928057142857
      vertex 0 -61.95442901142857 -30.70928057142857
      vertex -10.317630023689242 -163.99403309393867 36.70928057142857
    endloop
  endfacet
  facet normal -0.4127311419054696 -0.36387144835115315 -0.8350153133782885
    outer loop
      vertex -45.16283507913837 -42.4107250792378 -30.70928057142857
      vertex -126.60940898254941 -104.74041214741865 36.70928057142857
      vertex -47.73670800191827 -39.491239323066765 -30.70928057142857
    endloop
  endfacet
  facet normal -0.38906903399252907 -0.38906903399252807 -0.8350153133782885
    outer loop
      vertex -45.16283507913837 -42.4107250792378 -30.70928057142857
      vertex -42.41072507923781 -45.16283507913837 -30.70928057142857
      vertex -119.78286934063998 -112.48360143703061 36.70928057142857
    endloop
  endfacet
  facet normal -0.36387144835115415 -0.4127311419054685 -0.8350153133782885
    outer loop
      vertex -42.41072507923781 -45.16283507913837 -30.70928057142857
      vertex -39.49123932306677 -47.73670800191828 -30.70928057142857
      vertex -112.48360143703061 -119.78286934063998 36.70928057142857
    endloop
  endfacet
  facet normal -0.45508181879830556 -0.3092732846900699 -0.8350153133782884
    outer loop
      vertex -52.309854522881345 -33.196843131947546 -30.70928057142857
      vertex -50.12218594704199 -36.41589968711866 -30.70928057142857
      vertex -138.73851051561843 -88.04613608574321 36.70928057142857
    endloop
  endfacet
  facet normal -0.4347643885602335 -0.33723782834018645 -0.8350153133782885
    outer loop
      vertex -50.12218594704199 -36.41589968711866 -30.70928057142857
      vertex -47.73670800191827 -39.491239323066765 -30.70928057142857
      vertex -132.93627912954162 -96.58386030240345 36.70928057142857
    endloop
  endfacet
  facet normal -0.33723782834018473 -0.43476438856023486 -0.8350153133782884
    outer loop
      vertex -39.49123932306677 -47.73670800191828 -30.70928057142857
      vertex -36.41589968711866 -50.12218594704199 -30.70928057142857
      vertex -104.74041214741865 -126.60940898254941 36.70928057142857
    endloop
  endfacet
  facet normal -0.30927328469006865 -0.4550818187983062 -0.8350153133782884
    outer loop
      vertex -33.19684313194754 -52.30985452288134 -30.70928057142857
      vertex -88.04613608574321 -138.73851051561843 36.70928057142857
      vertex -36.41589968711866 -50.12218594704199 -30.70928057142857
    endloop
  endfacet
  facet normal -0.41273114190547017 -0.3638714483511527 -0.8350153133782882
    outer loop
      vertex -45.16283507913837 -42.4107250792378 -30.70928057142857
      vertex -119.78286934063998 -112.48360143703061 36.70928057142857
      vertex -126.60940898254941 -104.74041214741865 36.70928057142857
    endloop
  endfacet
  facet normal -0.38906903399252907 -0.3890690339925276 -0.8350153133782886
    outer loop
      vertex -42.41072507923781 -45.16283507913837 -30.70928057142857
      vertex -112.48360143703061 -119.78286934063998 36.70928057142857
      vertex -119.78286934063998 -112.48360143703061 36.70928057142857
    endloop
  endfacet
  facet normal -0.3638714483511525 -0.41273114190547056 -0.8350153133782883
    outer loop
      vertex -39.49123932306677 -47.73670800191828 -30.70928057142857
      vertex -104.74041214741865 -126.60940898254941 36.70928057142857
      vertex -112.48360143703061 -119.78286934063998 36.70928057142857
    endloop
  endfacet
  facet normal 0 0 1
    outer loop
      vertex -138.73851051561843 -88.04613608574321 36.70928057142857
      vertex -132.93627912954162 -96.58386030240345 36.70928057142857
      vertex -134.51046190487833 -85.36293484641281 36.70928057142857
    endloop
  endfacet
  facet normal 0 0 1
    outer loop
      vertex -138.73851051561843 -88.04613608574321 36.70928057142857
      vertex -134.51046190487833 -85.36293484641281 36.70928057142857
      vertex -139.60501926185458 -76.74850880866585 36.70928057142857
    endloop
  endfacet
  facet normal 0 0 1
    outer loop
      vertex -126.60940898254941 -104.74041214741865 36.70928057142857
      vertex -128.88505320674818 -93.6404723789363 36.70928057142857
      vertex -132.93627912954162 -96.58386030240345 36.70928057142857
    endloop
  endfacet
  facet normal 0 0 1
    outer loop
      vertex -126.60940898254941 -104.74041214741865 36.70928057142857
      vertex -122.7509940855909 -101.54845374724262 36.70928057142857
      vertex -128.88505320674818 -93.6404723789363 36.70928057142857
    endloop
  endfacet
  facet normal 0 0 1
    outer loop
      vertex -132.93627912954162 -96.58386030240345 36.70928057142857
      vertex -128.88505320674818 -93.6404723789363 36.70928057142857
      vertex -134.51046190487833 -85.36293484641281 36.70928057142857
    endloop
  endfacet
  facet normal 0 0 1
    outer loop
      vertex -96.58386030240345 -132.93627912954162 36.70928057142857
      vertex -88.04613608574321 -138.73851051561843 36.70928057142857
      vertex -93.6404723789363 -128.88505320674818 36.70928057142857
    endloop
  endfacet
  facet normal 0 0 1
    outer loop
      vertex -104.74041214741865 -126.60940898254941 36.70928057142857
      vertex -96.58386030240345 -132.93627912954162 36.70928057142857
      vertex -101.54845374724262 -122.7509940855909 36.70928057142857
    endloop
  endfacet
  facet normal 0 0 1
    outer loop
      vertex -96.58386030240345 -132.93627912954162 36.70928057142857
      vertex -93.6404723789363 -128.88505320674818 36.70928057142857
      vertex -101.54845374724262 -122.7509940855909 36.70928057142857
    endloop
  endfacet
  facet normal 0 0 1
    outer loop
      vertex -88.04613608574321 -138.73851051561843 36.70928057142857
      vertex -85.36293484641281 -134.51046190487833 36.70928057142857
      vertex -93.6404723789363 -128.88505320674818 36.70928057142857
    endloop
  endfacet
  facet normal 0 0 1
    outer loop
      vertex -88.04613608574321 -138.73851051561843 36.70928057142857
      vertex -79.1609339944059 -143.99320438428646 36.70928057142857
      vertex -85.36293484641281 -134.51046190487833 36.70928057142857
    endloop
  endfacet
  facet normal 0 0 1
    outer loop
      vertex -119.78286934063998 -112.48360143703061 36.70928057142857
      vertex -112.48360143703061 -119.78286934063998 36.70928057142857
      vertex -116.13249287037259 -109.05566976168411 36.70928057142857
    endloop
  endfacet
  facet normal 0 0 1
    outer loop
      vertex -126.60940898254941 -104.74041214741865 36.70928057142857
      vertex -119.78286934063998 -112.48360143703061 36.70928057142857
      vertex -122.7509940855909 -101.54845374724262 36.70928057142857
    endloop
  endfacet
  facet normal 0 0 1
    outer loop
      vertex -119.78286934063998 -112.48360143703061 36.70928057142857
      vertex -116.13249287037259 -109.05566976168411 36.70928057142857
      vertex -122.7509940855909 -101.54845374724262 36.70928057142857
    endloop
  endfacet
  facet normal 0 0 1
    outer loop
      vertex -104.74041214741865 -126.60940898254941 36.70928057142857
      vertex -109.05566976168411 -116.13249287037259 36.70928057142857
      vertex -112.48360143703061 -119.78286934063998 36.70928057142857
    endloop
  endfacet
  facet normal 0 0 1
    outer loop
      vertex -112.48360143703061 -119.78286934063998 36.70928057142857
      vertex -109.05566976168411 -116.13249287037259 36.70928057142857
      vertex -116.13249287037259 -109.05566976168411 36.70928057142857
    endloop
  endfacet
  facet normal 0 0 1
    outer loop
      vertex -104.74041214741865 -126.60940898254941 36.70928057142857
      vertex -101.54845374724262 -122.7509940855909 36.70928057142857
      vertex -109.05566976168411 -116.13249287037259 36.70928057142857
    endloop
  endfacet
  facet normal -0.5283792300909718 -0.15350835688075987 -0.8350153133782885
    outer loop
      vertex -58.92216342466465 -19.1449714413277 -30.70928057142857
      vertex -156.27596873396047 -50.777140289541606 36.70928057142857
      vertex -159.15591682650657 -40.86429393536248 36.70928057142857
    endloop
  endfacet
  facet normal -0.543452500789487 -0.08607442018051217 -0.8350153133782885
    outer loop
      vertex -60.85704574410188 -11.609102352569455 -30.70928057142857
      vertex -161.40774922676044 -30.790174882140565 36.70928057142857
      vertex -163.02257898100262 -20.59454107535161 36.70928057142857
    endloop
  endfacet
  facet normal -0.5369754638577753 -0.12002823683819502 -0.8350153133782884
    outer loop
      vertex -60.00801669780886 -15.407439960215182 -30.70928057142857
      vertex -159.15591682650657 -40.86429393536248 36.70928057142857
      vertex -161.40774922676044 -30.790174882140565 36.70928057142857
    endloop
  endfacet
  facet normal -0.5477847789804131 -0.05178090711004035 -0.8350153133782884
    outer loop
      vertex -61.46589983378247 -7.764948921632473 -30.70928057142857
      vertex -163.02257898100262 -20.59454107535161 36.70928057142857
      vertex -163.99403309393867 -10.317630023689162 36.70928057142857
    endloop
  endfacet
  facet normal -0.5499552009077642 -0.017283038455651857 -0.8350153133782885
    outer loop
      vertex -61.83217609791766 -3.890150784769559 -30.70928057142857
      vertex -163.99403309393867 -10.317630023689162 36.70928057142857
      vertex -164.31827768 0 36.70928057142857
    endloop
  endfacet
  facet normal -0.4550818187983066 -0.309273284690068 -0.8350153133782886
    outer loop
      vertex -50.12218594704199 -36.41589968711866 -30.70928057142857
      vertex -132.93627912954162 -96.58386030240345 36.70928057142857
      vertex -138.73851051561843 -88.04613608574321 36.70928057142857
    endloop
  endfacet
  facet normal -0.4736032490046872 -0.28008818067880553 -0.8350153133782884
    outer loop
      vertex -52.309854522881345 -33.196843131947546 -30.70928057142857
      vertex -138.73851051561843 -88.04613608574321 36.70928057142857
      vertex -143.99320438428646 -79.1609339944059 36.70928057142857
    endloop
  endfacet
  facet normal -0.5049731032954689 -0.21852137509155142 -0.8350153133782884
    outer loop
      vertex -56.058043389626164 -26.37891289380463 -30.70928057142857
      vertex -148.67962285948732 -69.96331986178325 36.70928057142857
      vertex -152.7792707885203 -60.48959246886668 36.70928057142857
    endloop
  endfacet
  facet normal -0.4902555835559904 -0.24979769657851952 -0.8350153133782884
    outer loop
      vertex -54.291080001018194 -29.846773803129622 -30.70928057142857
      vertex -143.99320438428646 -79.1609339944059 36.70928057142857
      vertex -148.67962285948732 -69.96331986178325 36.70928057142857
    endloop
  endfacet
  facet normal -0.5176977248965077 -0.18638264957001344 -0.8350153133782884
    outer loop
      vertex -57.603771291459196 -22.80694646666677 -30.70928057142857
      vertex -152.7792707885203 -60.48959246886668 36.70928057142857
      vertex -156.27596873396047 -50.777140289541606 36.70928057142857
    endloop
  endfacet
  facet normal -0.4347643885602337 -0.33723782834018606 -0.8350153133782885
    outer loop
      vertex -47.73670800191827 -39.491239323066765 -30.70928057142857
      vertex -126.60940898254941 -104.74041214741865 36.70928057142857
      vertex -132.93627912954162 -96.58386030240345 36.70928057142857
    endloop
  endfacet
  facet normal 0 0 1
    outer loop
      vertex -143.99320438428646 -79.1609339944059 36.70928057142857
      vertex -148.12333076720535 -58.64617540714584 36.70928057142857
      vertex -148.67962285948732 -69.96331986178325 36.70928057142857
    endloop
  endfacet
  facet normal 0 0 1
    outer loop
      vertex -143.99320438428646 -79.1609339944059 36.70928057142857
      vertex -144.14861938727077 -67.83119146970945 36.70928057142857
      vertex -148.12333076720535 -58.64617540714584 36.70928057142857
    endloop
  endfacet
  facet normal 0 0 1
    outer loop
      vertex -156.27596873396047 -50.777140289541606 36.70928057142857
      vertex -152.7792707885203 -60.48959246886668 36.70928057142857
      vertex -154.3056488617685 -39.618956785928155 36.70928057142857
    endloop
  endfacet
  facet normal 0 0 1
    outer loop
      vertex -148.67962285948732 -69.96331986178325 36.70928057142857
      vertex -151.5134670317146 -49.22970968313918 36.70928057142857
      vertex -152.7792707885203 -60.48959246886668 36.70928057142857
    endloop
  endfacet
  facet normal 0 0 1
    outer loop
      vertex -148.67962285948732 -69.96331986178325 36.70928057142857
      vertex -148.12333076720535 -58.64617540714584 36.70928057142857
      vertex -151.5134670317146 -49.22970968313918 36.70928057142857
    endloop
  endfacet
  facet normal 0 0 1
    outer loop
      vertex -152.7792707885203 -60.48959246886668 36.70928057142857
      vertex -151.5134670317146 -49.22970968313918 36.70928057142857
      vertex -154.3056488617685 -39.618956785928155 36.70928057142857
    endloop
  endfacet
  facet normal 0 0 1
    outer loop
      vertex -138.73851051561843 -88.04613608574321 36.70928057142857
      vertex -139.60501926185458 -76.74850880866585 36.70928057142857
      vertex -143.99320438428646 -79.1609339944059 36.70928057142857
    endloop
  endfacet
  facet normal 0 0 1
    outer loop
      vertex -143.99320438428646 -79.1609339944059 36.70928057142857
      vertex -139.60501926185458 -76.74850880866585 36.70928057142857
      vertex -144.14861938727077 -67.83119146970945 36.70928057142857
    endloop
  endfacet
  facet normal 0 0 1
    outer loop
      vertex -156.27596873396047 -50.777140289541606 36.70928057142857
      vertex -158.05447469605497 -19.966923548978727 36.70928057142857
      vertex -159.15591682650657 -40.86429393536248 36.70928057142857
    endloop
  endfacet
  facet normal 0 0 1
    outer loop
      vertex -156.27596873396047 -50.777140289541606 36.70928057142857
      vertex -154.3056488617685 -39.618956785928155 36.70928057142857
      vertex -156.48885679131033 -29.85184596646272 36.70928057142857
    endloop
  endfacet
  facet normal 0 0 1
    outer loop
      vertex -156.27596873396047 -50.777140289541606 36.70928057142857
      vertex -156.48885679131033 -29.85184596646272 36.70928057142857
      vertex -158.05447469605497 -19.966923548978727 36.70928057142857
    endloop
  endfacet
  facet normal 0 0 1
    outer loop
      vertex -159.15591682650657 -40.86429393536248 36.70928057142857
      vertex -158.05447469605497 -19.966923548978727 36.70928057142857
      vertex -158.99632379739523 -10.003200806266658 36.70928057142857
    endloop
  endfacet
  facet normal 0 0 1
    outer loop
      vertex -159.15591682650657 -40.86429393536248 36.70928057142857
      vertex -161.40774922676044 30.790174882140565 36.70928057142857
      vertex -161.40774922676044 -30.790174882140565 36.70928057142857
    endloop
  endfacet
  facet normal 0 0 1
    outer loop
      vertex -159.15591682650657 -40.86429393536248 36.70928057142857
      vertex -158.99632379739523 -10.003200806266658 36.70928057142857
      vertex -159.31068704721804 0 36.70928057142857
    endloop
  endfacet
  facet normal 0 0 1
    outer loop
      vertex -161.40774922676044 -30.790174882140565 36.70928057142857
      vertex -163.02257898100262 20.59454107535161 36.70928057142857
      vertex -163.02257898100262 -20.59454107535161 36.70928057142857
    endloop
  endfacet
  facet normal 0 0 1
    outer loop
      vertex -163.02257898100262 -20.59454107535161 36.70928057142857
      vertex -163.99403309393867 10.317630023689162 36.70928057142857
      vertex -163.99403309393867 -10.317630023689162 36.70928057142857
    endloop
  endfacet
  facet normal 0 0 1
    outer loop
      vertex -159.15591682650657 -40.86429393536248 36.70928057142857
      vertex -159.31068704721804 0 36.70928057142857
      vertex -161.40774922676044 30.790174882140565 36.70928057142857
    endloop
  endfacet
  facet normal -0.33723782834018623 -0.4347643885602339 -0.8350153133782882
    outer loop
      vertex -36.41589968711866 -50.12218594704199 -30.70928057142857
      vertex -96.58386030240345 -132.93627912954162 36.70928057142857
      vertex -104.74041214741865 -126.60940898254941 36.70928057142857
    endloop
  endfacet
  facet normal -0.309273284690068 -0.4550818187983066 -0.8350153133782886
    outer loop
      vertex -36.41589968711866 -50.12218594704199 -30.70928057142857
      vertex -88.04613608574321 -138.73851051561843 36.70928057142857
      vertex -96.58386030240345 -132.93627912954162 36.70928057142857
    endloop
  endfacet
  facet normal -0.2800881806788055 -0.4736032490046874 -0.8350153133782884
    outer loop
      vertex -33.19684313194754 -52.30985452288134 -30.70928057142857
      vertex -79.1609339944059 -143.99320438428646 36.70928057142857
      vertex -88.04613608574321 -138.73851051561843 36.70928057142857
    endloop
  endfacet
  facet normal -0.2497976965785195 -0.4902555835559903 -0.8350153133782886
    outer loop
      vertex -26.37891289380463 -56.058043389626164 -30.70928057142857
      vertex -69.96331986178325 -148.67962285948732 36.70928057142857
      vertex -79.1609339944059 -143.99320438428646 36.70928057142857
    endloop
  endfacet
  facet normal -0.21852137509155162 -0.5049731032954686 -0.8350153133782884
    outer loop
      vertex -22.80694646666677 -57.603771291459196 -30.70928057142857
      vertex -60.48959246886668 -152.7792707885203 36.70928057142857
      vertex -69.96331986178325 -148.67962285948732 36.70928057142857
    endloop
  endfacet
  facet normal -0.18638264957001432 -0.5176977248965077 -0.8350153133782885
    outer loop
      vertex -19.1449714413277 -58.922163424664646 -30.70928057142857
      vertex -50.777140289541606 -156.27596873396047 36.70928057142857
      vertex -60.48959246886668 -152.7792707885203 36.70928057142857
    endloop
  endfacet
  facet normal -0.15350835688075992 -0.5283792300909718 -0.8350153133782884
    outer loop
      vertex -15.407439960215184 -60.00801669780886 -30.70928057142857
      vertex -40.86429393536248 -159.15591682650657 36.70928057142857
      vertex -50.777140289541606 -156.27596873396047 36.70928057142857
    endloop
  endfacet
  facet normal -0.12002823683819494 -0.5369754638577753 -0.8350153133782885
    outer loop
      vertex -11.609102352569453 -60.85704574410188 -30.70928057142857
      vertex -30.790174882140565 -161.40774922676044 36.70928057142857
      vertex -40.86429393536248 -159.15591682650657 36.70928057142857
    endloop
  endfacet
  facet normal -0.08607442018051217 -0.543452500789487 -0.8350153133782885
    outer loop
      vertex -7.764948921632473 -61.46589983378247 -30.70928057142857
      vertex -20.59454107535161 -163.02257898100262 36.70928057142857
      vertex -30.790174882140565 -161.40774922676044 36.70928057142857
    endloop
  endfacet
  facet normal -0.05178090711004148 -0.5477847789804131 -0.8350153133782885
    outer loop
      vertex -3.890150784769589 -61.83217609791765 -30.70928057142857
      vertex -10.317630023689242 -163.99403309393867 36.70928057142857
      vertex -20.59454107535161 -163.02257898100262 36.70928057142857
    endloop
  endfacet
  facet normal -0.01728303845565205 -0.5499552009077642 -0.8350153133782885
    outer loop
      vertex -10.317630023689242 -163.99403309393867 36.70928057142857
      vertex 0 -61.95442901142857 -30.70928057142857
      vertex 0 -164.31827768 36.70928057142857
    endloop
  endfacet
  facet normal 0 0 1
    outer loop
      vertex -79.1609339944059 -143.99320438428646 36.70928057142857
      vertex -69.96331986178325 -148.67962285948732 36.70928057142857
      vertex -76.74850880866585 -139.60501926185458 36.70928057142857
    endloop
  endfacet
  facet normal 0 0 1
    outer loop
      vertex -69.96331986178325 -148.67962285948732 36.70928057142857
      vertex -67.83119146970945 -144.14861938727077 36.70928057142857
      vertex -76.74850880866585 -139.60501926185458 36.70928057142857
    endloop
  endfacet
  facet normal 0 0 1
    outer loop
      vertex -69.96331986178325 -148.67962285948732 36.70928057142857
      vertex -60.48959246886668 -152.7792707885203 36.70928057142857
      vertex -67.83119146970945 -144.14861938727077 36.70928057142857
    endloop
  endfacet
  facet normal 0 0 1
    outer loop
      vertex -60.48959246886668 -152.7792707885203 36.70928057142857
      vertex -58.64617540714584 -148.12333076720535 36.70928057142857
      vertex -67.83119146970945 -144.14861938727077 36.70928057142857
    endloop
  endfacet
  facet normal 0 0 1
    outer loop
      vertex -79.1609339944059 -143.99320438428646 36.70928057142857
      vertex -76.74850880866585 -139.60501926185458 36.70928057142857
      vertex -85.36293484641281 -134.51046190487833 36.70928057142857
    endloop
  endfacet
  facet normal 0 0 1
    outer loop
      vertex -60.48959246886668 -152.7792707885203 36.70928057142857
      vertex -50.777140289541606 -156.27596873396047 36.70928057142857
      vertex -58.64617540714584 -148.12333076720535 36.70928057142857
    endloop
  endfacet
  facet normal 0 0 1
    outer loop
      vertex -50.777140289541606 -156.27596873396047 36.70928057142857
      vertex -49.22970968313918 -151.5134670317146 36.70928057142857
      vertex -58.64617540714584 -148.12333076720535 36.70928057142857
    endloop
  endfacet
  facet normal 0 0 1
    outer loop
      vertex -50.777140289541606 -156.27596873396047 36.70928057142857
      vertex -40.86429393536248 -159.15591682650657 36.70928057142857
      vertex -49.22970968313918 -151.5134670317146 36.70928057142857
    endloop
  endfacet
  facet normal 0 0 1
    outer loop
      vertex -40.86429393536248 -159.15591682650657 36.70928057142857
      vertex -39.618956785928155 -154.3056488617685 36.70928057142857
      vertex -49.22970968313918 -151.5134670317146 36.70928057142857
    endloop
  endfacet
  facet normal 0 0 1
    outer loop
      vertex -40.86429393536248 -159.15591682650657 36.70928057142857
      vertex -30.790174882140565 -161.40774922676044 36.70928057142857
      vertex -39.618956785928155 -154.3056488617685 36.70928057142857
    endloop
  endfacet
  facet normal 0 0 1
    outer loop
      vertex -30.790174882140565 -161.40774922676044 36.70928057142857
      vertex -29.85184596646272 -156.48885679131033 36.70928057142857
      vertex -39.618956785928155 -154.3056488617685 36.70928057142857
    endloop
  endfacet
  facet normal 0 0 1
    outer loop
      vertex -30.790174882140565 -161.40774922676044 36.70928057142857
      vertex -20.59454107535161 -163.02257898100262 36.70928057142857
      vertex -29.85184596646272 -156.48885679131033 36.70928057142857
    endloop
  endfacet
  facet normal 0 0 1
    outer loop
      vertex -20.59454107535161 -163.02257898100262 36.70928057142857
      vertex -19.966923548978727 -158.05447469605497 36.70928057142857
      vertex -29.85184596646272 -156.48885679131033 36.70928057142857
    endloop
  endfacet
  facet normal 0 0 1
    outer loop
      vertex -20.59454107535161 -163.02257898100262 36.70928057142857
      vertex -10.317630023689242 -163.99403309393867 36.70928057142857
      vertex -19.966923548978727 -158.05447469605497 36.70928057142857
    endloop
  endfacet
  facet normal 0 0 1
    outer loop
      vertex -10.317630023689242 -163.99403309393867 36.70928057142857
      vertex -10.003200806266737 -158.99632379739523 36.70928057142857
      vertex -19.966923548978727 -158.05447469605497 36.70928057142857
    endloop
  endfacet
  facet normal 0 0 1
    outer loop
      vertex -10.317630023689242 -163.99403309393867 36.70928057142857
      vertex 0 -164.31827768 36.70928057142857
      vertex -10.003200806266737 -158.99632379739523 36.70928057142857
    endloop
  endfacet
  facet normal 0 0 1
    outer loop
      vertex 0 -164.31827768 36.70928057142857
      vertex 0 -159.31068704721804 36.70928057142857
      vertex -10.003200806266737 -158.99632379739523 36.70928057142857
    endloop
  endfacet
  facet normal -0.5499552009077642 0.017283038455651083 -0.8350153133782884
    outer loop
      vertex -61.95442901142857 0 -30.70928057142857
      vertex -163.99403309393867 10.317630023689162 36.70928057142857
      vertex -61.83217609791766 3.890150784769559 -30.70928057142857
    endloop
  endfacet
  facet normal -0.547784778980413 0.0517809071100417 -0.8350153133782885
    outer loop
      vertex -61.83217609791766 3.890150784769559 -30.70928057142857
      vertex -163.02257898100262 20.59454107535161 36.70928057142857
      vertex -61.46589983378248 7.764948921632473 -30.70928057142857
    endloop
  endfacet
  facet normal -0.5434525007894868 0.08607442018051328 -0.8350153133782885
    outer loop
      vertex -61.46589983378248 7.764948921632473 -30.70928057142857
      vertex -161.40774922676044 30.790174882140565 36.70928057142857
      vertex -60.857045744101875 11.609102352569453 -30.70928057142857
    endloop
  endfacet
  facet normal -0.5369754638577757 0.12002823683819346 -0.8350153133782884
    outer loop
      vertex -60.857045744101875 11.609102352569453 -30.70928057142857
      vertex -159.15591682650657 40.86429393536248 36.70928057142857
      vertex -60.008016697808856 15.407439960215182 -30.70928057142857
    endloop
  endfacet
  facet normal -0.5283792300909718 0.15350835688075978 -0.8350153133782884
    outer loop
      vertex -60.008016697808856 15.407439960215182 -30.70928057142857
      vertex -156.27596873396047 50.777140289541606 36.70928057142857
      vertex -58.92216342466465 19.1449714413277 -30.70928057142857
    endloop
  endfacet
  facet normal -0.5176977248965073 0.18638264957001494 -0.8350153133782885
    outer loop
      vertex -58.92216342466465 19.1449714413277 -30.70928057142857
      vertex -152.7792707885203 60.48959246886668 36.70928057142857
      vertex -57.603771291459196 22.80694646666677 -30.70928057142857
    endloop
  endfacet
  facet normal -0.504973103295469 0.21852137509155128 -0.8350153133782885
    outer loop
      vertex -57.603771291459196 22.80694646666677 -30.70928057142857
      vertex -148.67962285948732 69.96331986178325 36.70928057142857
      vertex -56.058043389626164 26.37891289380463 -30.70928057142857
    endloop
  endfacet
  facet normal -0.49025558355599075 0.24979769657851875 -0.8350153133782884
    outer loop
      vertex -56.058043389626164 26.37891289380463 -30.70928057142857
      vertex -143.99320438428646 79.1609339944059 36.70928057142857
      vertex -54.291080001018194 29.846773803129622 -30.70928057142857
    endloop
  endfacet
  facet normal -0.4736032490046878 0.28008818067880453 -0.8350153133782884
    outer loop
      vertex -54.291080001018194 29.846773803129622 -30.70928057142857
      vertex -138.73851051561843 88.04613608574321 36.70928057142857
      vertex -52.309854522881345 33.19684313194755 -30.70928057142857
    endloop
  endfacet
  facet normal -0.45508181879830517 0.3092732846900703 -0.8350153133782885
    outer loop
      vertex -52.309854522881345 33.19684313194755 -30.70928057142857
      vertex -132.93627912954162 96.58386030240345 36.70928057142857
      vertex -50.12218594704199 36.41589968711866 -30.70928057142857
    endloop
  endfacet
  facet normal -0.4347643885602339 0.33723782834018584 -0.8350153133782884
    outer loop
      vertex -50.12218594704199 36.41589968711866 -30.70928057142857
      vertex -126.60940898254941 104.74041214741865 36.70928057142857
      vertex -47.736708001918274 39.491239323066765 -30.70928057142857
    endloop
  endfacet
  facet normal -0.412731141905469 0.3638714483511536 -0.8350153133782885
    outer loop
      vertex -47.736708001918274 39.491239323066765 -30.70928057142857
      vertex -119.78286934063998 112.48360143703061 36.70928057142857
      vertex -45.16283507913837 42.4107250792378 -30.70928057142857
    endloop
  endfacet
  facet normal -0.38906903399252907 0.38906903399252807 -0.8350153133782884
    outer loop
      vertex -45.16283507913837 42.4107250792378 -30.70928057142857
      vertex -112.48360143703061 119.78286934063998 36.70928057142857
      vertex -42.41072507923781 45.16283507913837 -30.70928057142857
    endloop
  endfacet
  facet normal -0.36387144835115315 0.4127311419054695 -0.8350153133782885
    outer loop
      vertex -42.41072507923781 45.16283507913837 -30.70928057142857
      vertex -104.74041214741865 126.60940898254941 36.70928057142857
      vertex -39.491239323066765 47.736708001918274 -30.70928057142857
    endloop
  endfacet
  facet normal -0.33723782834018645 0.4347643885602334 -0.8350153133782885
    outer loop
      vertex -39.491239323066765 47.736708001918274 -30.70928057142857
      vertex -96.58386030240345 132.93627912954162 36.70928057142857
      vertex -36.41589968711866 50.122185947042 -30.70928057142857
    endloop
  endfacet
  facet normal -0.3092732846900685 0.45508181879830645 -0.8350153133782885
    outer loop
      vertex -36.41589968711866 50.122185947042 -30.70928057142857
      vertex -88.04613608574321 138.73851051561843 36.70928057142857
      vertex -33.196843131947546 52.30985452288134 -30.70928057142857
    endloop
  endfacet
  facet normal -0.2800881806788097 0.47360324900468476 -0.8350153133782884
    outer loop
      vertex -30.924712837576045 52.64302126164925 -31.282453281924848
      vertex -79.16093399440587 143.99320438428649 36.70928057142857
      vertex -30.813811209247906 52.67777572528558 -31.299940875485365
    endloop
  endfacet
  facet normal -0.2800881806787958 0.47360324900469236 -0.8350153133782886
    outer loop
      vertex -31.03757787770143 52.61529894886738 -31.260318614390716
      vertex -79.16093399440587 143.99320438428649 36.70928057142857
      vertex -30.924712837576045 52.64302126164925 -31.282453281924848
    endloop
  endfacet
  facet normal -0.28008818067880265 0.47360324900468864 -0.8350153133782884
    outer loop
      vertex -30.813811209247906 52.67777572528558 -31.299940875485365
      vertex -79.16093399440587 143.99320438428649 36.70928057142857
      vertex -30.705310670777894 52.71942517978619 -31.312712379529795
    endloop
  endfacet
  facet normal -0.2800881806788307 0.4736032490046731 -0.8350153133782879
    outer loop
      vertex -30.303706143218893 52.951291661880155 -31.315912275601846
      vertex -79.16093399440587 143.99320438428649 36.70928057142857
      vertex -30.21338638833259 53.02443115726917 -31.30472492769137
    endloop
  endfacet
  facet normal -0.28008818067878305 0.47360324900469947 -0.8350153133782889
    outer loop
      vertex -30.3984401396141 52.883967714911236 -31.322320502176623
      vertex -79.16093399440587 143.99320438428649 36.70928057142857
      vertex -30.303706143218893 52.951291661880155 -31.315912275601846
    endloop
  endfacet
  facet normal -0.28008818067879737 0.4736032490046914 -0.8350153133782886
    outer loop
      vertex -30.497214505714286 52.8227250132237 -31.323924317073047
      vertex -79.16093399440587 143.99320438428649 36.70928057142857
      vertex -30.3984401396141 52.883967714911236 -31.322320502176623
    endloop
  endfacet
  facet normal -0.2800881806787968 0.4736032490046918 -0.8350153133782886
    outer loop
      vertex -30.599639424222172 52.767805253782 -31.32071739076643
      vertex -79.16093399440587 143.99320438428649 36.70928057142857
      vertex -30.497214505714286 52.8227250132237 -31.323924317073047
    endloop
  endfacet
  facet normal -0.2800881806788252 0.47360324900467615 -0.8350153133782879
    outer loop
      vertex -30.705310670777894 52.71942517978619 -31.312712379529795
      vertex -79.16093399440587 143.99320438428649 36.70928057142857
      vertex -30.599639424222172 52.767805253782 -31.32071739076643
    endloop
  endfacet
  facet normal -0.280088180678809 0.4736032490046851 -0.8350153133782884
    outer loop
      vertex -30.12783732576456 53.10309755290423 -31.288802609796377
      vertex -79.16093399440587 143.99320438428649 36.70928057142857
      vertex -30.047396578581107 53.18698038846102 -31.26820816003139
    endloop
  endfacet
  facet normal -0.2800881806787975 0.47360324900469153 -0.8350153133782886
    outer loop
      vertex -30.21338638833259 53.02443115726917 -31.30472492769137
      vertex -79.16093399440587 143.99320438428649 36.70928057142857
      vertex -30.12783732576456 53.10309755290423 -31.288802609796377
    endloop
  endfacet
  facet normal -0.2800881806788161 0.4736032490046812 -0.835015313378288
    outer loop
      vertex -31.615592162759448 52.58500650379361 -31.083617221329938
      vertex -31.730736687139075 52.60077934164448 -31.036048407962774
      vertex -79.16093399440587 143.99320438428649 36.70928057142857
    endloop
  endfacet
  facet normal -0.28008818067877594 0.47360324900470296 -0.8350153133782894
    outer loop
      vertex -31.844663615418998 52.62375103990957 -30.984804968087843
      vertex -79.16093399440587 143.99320438428649 36.70928057142857
      vertex -31.730736687139075 52.60077934164448 -31.036048407962774
    endloop
  endfacet
  facet normal -0.28008818067881563 0.4736032490046815 -0.8350153133782882
    outer loop
      vertex -31.844663615418998 52.62375103990957 -30.984804968087843
      vertex -31.95692333006156 52.653830939790595 -30.93008913615142
      vertex -79.16093399440587 143.99320438428649 36.70928057142857
    endloop
  endfacet
  facet normal -0.280088180678818 0.47360324900468037 -0.835015313378288
    outer loop
      vertex -31.95692333006156 52.653830939790595 -30.93008913615142
      vertex -32.06707279325965 52.69090032966492 -30.872116850544877
      vertex -79.16093399440587 143.99320438428649 36.70928057142857
    endloop
  endfacet
  facet normal -0.28008818067882785 0.47360324900467504 -0.8350153133782877
    outer loop
      vertex -32.17467729540452 52.734812913586104 -30.811116901394488
      vertex -79.16093399440587 143.99320438428649 36.70928057142857
      vertex -32.06707279325965 52.69090032966492 -30.872116850544877
    endloop
  endfacet
  facet normal -0.2800881806788089 0.4736032490046852 -0.8350153133782883
    outer loop
      vertex -33.196843131947546 52.30985452288134 -30.70928057142857
      vertex -79.16093399440587 143.99320438428649 36.70928057142857
      vertex -32.33740136457099 52.81812696723169 -30.70928057142857
    endloop
  endfacet
  facet normal -0.28008818067879226 0.4736032490046941 -0.8350153133782888
    outer loop
      vertex -32.17467729540452 52.734812913586104 -30.811116901394488
      vertex -32.27931217068603 52.78539538864717 -30.747330027631325
      vertex -79.16093399440587 143.99320438428649 36.70928057142857
    endloop
  endfacet
  facet normal -0.2800881806787396 0.4736032490047224 -0.8350153133782905
    outer loop
      vertex -32.27931217068603 52.78539538864717 -30.747330027631325
      vertex -32.33740136457099 52.81812696723169 -30.70928057142857
      vertex -79.16093399440587 143.99320438428649 36.70928057142857
    endloop
  endfacet
  facet normal -0.2800881806787926 0.4736032490046941 -0.8350153133782888
    outer loop
      vertex -31.267410495549502 52.581360220613334 -31.20247547420913
      vertex -79.16093399440587 143.99320438428649 36.70928057142857
      vertex -31.151960902873824 52.59471819424339 -31.233624228303345
    endloop
  endfacet
  facet normal -0.28008818067878355 0.473603249004699 -0.835015313378289
    outer loop
      vertex -31.267410495549502 52.581360220613334 -31.20247547420913
      vertex -31.383471028930078 52.575277745796456 -31.16699528200996
      vertex -79.16093399440587 143.99320438428649 36.70928057142857
    endloop
  endfacet
  facet normal -0.2800881806788287 0.47360324900467443 -0.8350153133782879
    outer loop
      vertex -31.499684465113308 52.576494774542034 -31.127323675815084
      vertex -79.16093399440587 143.99320438428649 36.70928057142857
      vertex -31.383471028930078 52.575277745796456 -31.16699528200996
    endloop
  endfacet
  facet normal -0.2800881806787956 0.47360324900469236 -0.8350153133782887
    outer loop
      vertex -31.499684465113308 52.576494774542034 -31.127323675815084
      vertex -31.615592162759448 52.58500650379361 -31.083617221329938
      vertex -79.16093399440587 143.99320438428649 36.70928057142857
    endloop
  endfacet
  facet normal -0.28008818067881275 0.4736032490046831 -0.8350153133782883
    outer loop
      vertex -31.03757787770143 52.61529894886738 -31.260318614390716
      vertex -31.151960902873824 52.59471819424339 -31.233624228303345
      vertex -79.16093399440587 143.99320438428649 36.70928057142857
    endloop
  endfacet
  facet normal -0.2800881806788077 0.47360324900468576 -0.8350153133782884
    outer loop
      vertex -29.83979062441735 53.466522042884634 -31.17929498613164
      vertex -79.16093399440587 143.99320438428649 36.70928057142857
      vertex -29.78273788413654 53.56777434525318 -31.1410039265179
    endloop
  endfacet
  facet normal -0.28008818067879765 0.4736032490046914 -0.8350153133782886
    outer loop
      vertex -29.903088468816936 53.36905191000872 -31.21334609043672
      vertex -79.16093399440587 143.99320438428649 36.70928057142857
      vertex -29.83979062441735 53.466522042884634 -31.17929498613164
    endloop
  endfacet
  facet normal -0.28008818067879365 0.4736032490046935 -0.8350153133782886
    outer loop
      vertex -29.972381609661483 53.27574861671004 -31.24302285528091
      vertex -79.16093399440587 143.99320438428649 36.70928057142857
      vertex -29.903088468816936 53.36905191000872 -31.21334609043672
    endloop
  endfacet
  facet normal -0.2800881806788008 0.47360324900468964 -0.8350153133782885
    outer loop
      vertex -30.047396578581107 53.18698038846102 -31.26820816003139
      vertex -79.16093399440587 143.99320438428649 36.70928057142857
      vertex -29.972381609661483 53.27574861671004 -31.24302285528091
    endloop
  endfacet
  facet normal -0.2800881806788381 0.4736032490046688 -0.8350153133782878
    outer loop
      vertex -29.78273788413654 53.56777434525318 -31.1410039265179
      vertex -79.16093399440587 143.99320438428649 36.70928057142857
      vertex -29.732155409075474 53.67240922053469 -31.09862402891427
    endloop
  endfacet
  facet normal -0.2800881806787957 0.47360324900469253 -0.8350153133782886
    outer loop
      vertex -29.732155409075474 53.67240922053469 -31.09862402891427
      vertex -79.16093399440587 143.99320438428649 36.70928057142857
      vertex -29.688242825154287 53.780013722679556 -31.05232254741505
    endloop
  endfacet
  facet normal -0.28008818067875013 0.47360324900471795 -0.8350153133782894
    outer loop
      vertex -29.65117343527996 53.89016318587765 -31.002282212814578
      vertex -79.16093399440587 143.99320438428649 36.70928057142857
      vertex -29.6430450424208 53.92049876101192 -30.987803005089226
    endloop
  endfacet
  facet normal -0.28008818067878904 0.4736032490046963 -0.8350153133782887
    outer loop
      vertex -29.688242825154287 53.780013722679556 -31.05232254741505
      vertex -79.16093399440587 143.99320438428649 36.70928057142857
      vertex -29.65117343527996 53.89016318587765 -31.002282212814578
    endloop
  endfacet
  facet normal -0.24979769657857845 0.4902555835559586 -0.8350153133782894
    outer loop
      vertex -29.6430450424208 53.92049876101192 -30.987803005089226
      vertex -79.16093399440587 143.99320438428649 36.70928057142857
      vertex -29.621093535398938 54.0024229005202 -30.946270436313746
    endloop
  endfacet
  facet normal -0.24979769657849188 0.4902555835560052 -0.8350153133782879
    outer loop
      vertex -29.621093535398938 54.0024229005202 -30.946270436313746
      vertex -79.16093399440587 143.99320438428649 36.70928057142857
      vertex -29.598121837133853 54.11634982880013 -30.88625353052701
    endloop
  endfacet
  facet normal -0.24979769657855672 0.4902555835559703 -0.8350153133782892
    outer loop
      vertex -29.598121837133853 54.11634982880013 -30.88625353052701
      vertex -79.16093399440587 143.99320438428649 36.70928057142857
      vertex -29.58234899928298 54.23149435317976 -30.82336818388958
    endloop
  endfacet
  facet normal -0.2497976965784673 0.4902555835560185 -0.8350153133782875
    outer loop
      vertex -29.58234899928298 54.23149435317976 -30.82336818388958
      vertex -79.16093399440587 143.99320438428649 36.70928057142857
      vertex -29.5738372700314 54.3474020508259 -30.757862576135036
    endloop
  endfacet
  facet normal -0.24979769657855774 0.49025558355596965 -0.835015313378289
    outer loop
      vertex -29.5738372700314 54.3474020508259 -30.757862576135036
      vertex -79.16093399440587 143.99320438428649 36.70928057142857
      vertex -29.572966075003976 54.43059200676646 -30.70928057142857
    endloop
  endfacet
  facet normal -0.24979769657852005 0.49025558355598997 -0.8350153133782884
    outer loop
      vertex -29.572966075003976 54.43059200676646 -30.70928057142857
      vertex -69.9633198617833 148.67962285948732 36.70928057142857
      vertex -26.378912893804646 56.058043389626164 -30.70928057142857
    endloop
  endfacet
  facet normal -0.21852137509155056 0.5049731032954692 -0.8350153133782885
    outer loop
      vertex -26.378912893804646 56.058043389626164 -30.70928057142857
      vertex -60.48959246886668 152.7792707885203 36.70928057142857
      vertex -22.806946466666773 57.603771291459196 -30.70928057142857
    endloop
  endfacet
  facet normal -0.18638264957001477 0.5176977248965074 -0.8350153133782884
    outer loop
      vertex -22.806946466666773 57.603771291459196 -30.70928057142857
      vertex -50.777140289541606 156.27596873396047 36.70928057142857
      vertex -19.1449714413277 58.92216342466465 -30.70928057142857
    endloop
  endfacet
  facet normal -0.15350835688075978 0.5283792300909718 -0.8350153133782884
    outer loop
      vertex -19.1449714413277 58.92216342466465 -30.70928057142857
      vertex -40.86429393536248 159.15591682650657 36.70928057142857
      vertex -15.407439960215182 60.008016697808856 -30.70928057142857
    endloop
  endfacet
  facet normal -0.12002823683819397 0.5369754638577754 -0.8350153133782885
    outer loop
      vertex -15.407439960215182 60.008016697808856 -30.70928057142857
      vertex -30.790174882140523 161.40774922676044 36.70928057142857
      vertex -11.609102352569439 60.85704574410188 -30.70928057142857
    endloop
  endfacet
  facet normal -0.08607442018051391 0.5434525007894868 -0.8350153133782885
    outer loop
      vertex -11.609102352569439 60.85704574410188 -30.70928057142857
      vertex -20.594541075351646 163.02257898100262 36.70928057142857
      vertex -7.764948921632487 61.46589983378249 -30.70928057142857
    endloop
  endfacet
  facet normal -0.05178090711003951 0.5477847789804132 -0.8350153133782885
    outer loop
      vertex -7.764948921632487 61.46589983378249 -30.70928057142857
      vertex -10.317630023689162 163.99403309393867 36.70928057142857
      vertex -3.890150784769559 61.83217609791765 -30.70928057142857
    endloop
  endfacet
  facet normal -0.017283038455652083 0.5499552009077641 -0.8350153133782884
    outer loop
      vertex -3.890150784769559 61.83217609791765 -30.70928057142857
      vertex 0 164.31827768 36.70928057142857
      vertex 0 61.95442901142857 -30.70928057142857
    endloop
  endfacet
  facet normal -0.5499552009077642 0.017283038455651857 -0.8350153133782885
    outer loop
      vertex -61.95442901142857 0 -30.70928057142857
      vertex -164.31827768 0 36.70928057142857
      vertex -163.99403309393867 10.317630023689162 36.70928057142857
    endloop
  endfacet
  facet normal -0.5477847789804131 0.051780907110041074 -0.8350153133782884
    outer loop
      vertex -61.83217609791766 3.890150784769559 -30.70928057142857
      vertex -163.99403309393867 10.317630023689162 36.70928057142857
      vertex -163.02257898100262 20.59454107535161 36.70928057142857
    endloop
  endfacet
  facet normal -0.543452500789487 0.0860744201805122 -0.8350153133782885
    outer loop
      vertex -61.46589983378248 7.764948921632473 -30.70928057142857
      vertex -163.02257898100262 20.59454107535161 36.70928057142857
      vertex -161.40774922676044 30.790174882140565 36.70928057142857
    endloop
  endfacet
  facet normal -0.5369754638577753 0.12002823683819495 -0.8350153133782883
    outer loop
      vertex -60.857045744101875 11.609102352569453 -30.70928057142857
      vertex -161.40774922676044 30.790174882140565 36.70928057142857
      vertex -159.15591682650657 40.86429393536248 36.70928057142857
    endloop
  endfacet
  facet normal -0.5283792300909715 0.15350835688076064 -0.8350153133782884
    outer loop
      vertex -60.008016697808856 15.407439960215182 -30.70928057142857
      vertex -159.15591682650657 40.86429393536248 36.70928057142857
      vertex -156.27596873396047 50.777140289541606 36.70928057142857
    endloop
  endfacet
  facet normal -0.5176977248965077 0.18638264957001432 -0.8350153133782885
    outer loop
      vertex -58.92216342466465 19.1449714413277 -30.70928057142857
      vertex -156.27596873396047 50.777140289541606 36.70928057142857
      vertex -152.7792707885203 60.48959246886668 36.70928057142857
    endloop
  endfacet
  facet normal -0.5049731032954686 0.21852137509155162 -0.8350153133782884
    outer loop
      vertex -57.603771291459196 22.80694646666677 -30.70928057142857
      vertex -152.7792707885203 60.48959246886668 36.70928057142857
      vertex -148.67962285948732 69.96331986178325 36.70928057142857
    endloop
  endfacet
  facet normal -0.4902555835559903 0.2497976965785195 -0.8350153133782886
    outer loop
      vertex -56.058043389626164 26.37891289380463 -30.70928057142857
      vertex -148.67962285948732 69.96331986178325 36.70928057142857
      vertex -143.99320438428646 79.1609339944059 36.70928057142857
    endloop
  endfacet
  facet normal -0.47360324900468703 0.2800881806788055 -0.8350153133782884
    outer loop
      vertex -54.291080001018194 29.846773803129622 -30.70928057142857
      vertex -143.99320438428646 79.1609339944059 36.70928057142857
      vertex -138.73851051561843 88.04613608574321 36.70928057142857
    endloop
  endfacet
  facet normal -0.45508181879830656 0.30927328469006865 -0.8350153133782884
    outer loop
      vertex -52.309854522881345 33.19684313194755 -30.70928057142857
      vertex -138.73851051561843 88.04613608574321 36.70928057142857
      vertex -132.93627912954162 96.58386030240345 36.70928057142857
    endloop
  endfacet
  facet normal -0.4347643885602339 0.33723782834018623 -0.8350153133782882
    outer loop
      vertex -50.12218594704199 36.41589968711866 -30.70928057142857
      vertex -132.93627912954162 96.58386030240345 36.70928057142857
      vertex -126.60940898254941 104.74041214741865 36.70928057142857
    endloop
  endfacet
  facet normal 0 0 1
    outer loop
      vertex -163.99403309393867 -10.317630023689162 36.70928057142857
      vertex -163.99403309393867 10.317630023689162 36.70928057142857
      vertex -164.31827768 0 36.70928057142857
    endloop
  endfacet
  facet normal 0 0 1
    outer loop
      vertex -163.02257898100262 -20.59454107535161 36.70928057142857
      vertex -163.02257898100262 20.59454107535161 36.70928057142857
      vertex -163.99403309393867 10.317630023689162 36.70928057142857
    endloop
  endfacet
  facet normal 0 0 1
    outer loop
      vertex -161.40774922676044 -30.790174882140565 36.70928057142857
      vertex -161.40774922676044 30.790174882140565 36.70928057142857
      vertex -163.02257898100262 20.59454107535161 36.70928057142857
    endloop
  endfacet
  facet normal 0 0 1
    outer loop
      vertex -161.40774922676044 30.790174882140565 36.70928057142857
      vertex -159.31068704721804 0 36.70928057142857
      vertex -158.99632379739523 10.003200806266658 36.70928057142857
    endloop
  endfacet
  facet normal 0 0 1
    outer loop
      vertex -161.40774922676044 30.790174882140565 36.70928057142857
      vertex -158.99632379739523 10.003200806266658 36.70928057142857
      vertex -159.15591682650657 40.86429393536248 36.70928057142857
    endloop
  endfacet
  facet normal 0 0 1
    outer loop
      vertex -159.15591682650657 40.86429393536248 36.70928057142857
      vertex -158.99632379739523 10.003200806266658 36.70928057142857
      vertex -158.05447469605497 19.966923548978727 36.70928057142857
    endloop
  endfacet
  facet normal 0 0 1
    outer loop
      vertex -159.15591682650657 40.86429393536248 36.70928057142857
      vertex -158.05447469605497 19.966923548978727 36.70928057142857
      vertex -156.48885679131033 29.85184596646272 36.70928057142857
    endloop
  endfacet
  facet normal 0 0 1
    outer loop
      vertex -159.15591682650657 40.86429393536248 36.70928057142857
      vertex -156.48885679131033 29.85184596646272 36.70928057142857
      vertex -154.3056488617685 39.618956785928155 36.70928057142857
    endloop
  endfacet
  facet normal 0 0 1
    outer loop
      vertex -159.15591682650657 40.86429393536248 36.70928057142857
      vertex -154.3056488617685 39.618956785928155 36.70928057142857
      vertex -156.27596873396047 50.777140289541606 36.70928057142857
    endloop
  endfacet
  facet normal 0 0 1
    outer loop
      vertex -156.27596873396047 50.777140289541606 36.70928057142857
      vertex -154.3056488617685 39.618956785928155 36.70928057142857
      vertex -151.5134670317146 49.22970968313918 36.70928057142857
    endloop
  endfacet
  facet normal 0 0 1
    outer loop
      vertex -156.27596873396047 50.777140289541606 36.70928057142857
      vertex -151.5134670317146 49.22970968313918 36.70928057142857
      vertex -152.7792707885203 60.48959246886668 36.70928057142857
    endloop
  endfacet
  facet normal 0 0 1
    outer loop
      vertex -152.7792707885203 60.48959246886668 36.70928057142857
      vertex -151.5134670317146 49.22970968313918 36.70928057142857
      vertex -148.12333076720535 58.64617540714584 36.70928057142857
    endloop
  endfacet
  facet normal 0 0 1
    outer loop
      vertex -152.7792707885203 60.48959246886668 36.70928057142857
      vertex -148.12333076720535 58.64617540714584 36.70928057142857
      vertex -148.67962285948732 69.96331986178325 36.70928057142857
    endloop
  endfacet
  facet normal 0 0 1
    outer loop
      vertex -148.67962285948732 69.96331986178325 36.70928057142857
      vertex -148.12333076720535 58.64617540714584 36.70928057142857
      vertex -144.14861938727077 67.83119146970945 36.70928057142857
    endloop
  endfacet
  facet normal 0 0 1
    outer loop
      vertex -148.67962285948732 69.96331986178325 36.70928057142857
      vertex -144.14861938727077 67.83119146970945 36.70928057142857
      vertex -139.60501926185458 76.74850880866585 36.70928057142857
    endloop
  endfacet
  facet normal 0 0 1
    outer loop
      vertex -148.67962285948732 69.96331986178325 36.70928057142857
      vertex -139.60501926185458 76.74850880866585 36.70928057142857
      vertex -143.99320438428646 79.1609339944059 36.70928057142857
    endloop
  endfacet
  facet normal 0 0 1
    outer loop
      vertex -143.99320438428646 79.1609339944059 36.70928057142857
      vertex -139.60501926185458 76.74850880866585 36.70928057142857
      vertex -134.51046190487833 85.36293484641281 36.70928057142857
    endloop
  endfacet
  facet normal -0.4127311419054702 0.36387144835115287 -0.8350153133782883
    outer loop
      vertex -47.736708001918274 39.491239323066765 -30.70928057142857
      vertex -126.60940898254941 104.74041214741865 36.70928057142857
      vertex -119.78286934063998 112.48360143703061 36.70928057142857
    endloop
  endfacet
  facet normal -0.389069033992528 0.38906903399252873 -0.8350153133782886
    outer loop
      vertex -45.16283507913837 42.4107250792378 -30.70928057142857
      vertex -119.78286934063998 112.48360143703061 36.70928057142857
      vertex -112.48360143703061 119.78286934063998 36.70928057142857
    endloop
  endfacet
  facet normal -0.3638714483511525 0.41273114190547056 -0.8350153133782883
    outer loop
      vertex -42.41072507923781 45.16283507913837 -30.70928057142857
      vertex -112.48360143703061 119.78286934063998 36.70928057142857
      vertex -104.74041214741865 126.60940898254941 36.70928057142857
    endloop
  endfacet
  facet normal 0 0 1
    outer loop
      vertex -143.99320438428646 79.1609339944059 36.70928057142857
      vertex -134.51046190487833 85.36293484641281 36.70928057142857
      vertex -138.73851051561843 88.04613608574321 36.70928057142857
    endloop
  endfacet
  facet normal 0 0 1
    outer loop
      vertex -138.73851051561843 88.04613608574321 36.70928057142857
      vertex -134.51046190487833 85.36293484641281 36.70928057142857
      vertex -128.88505320674818 93.6404723789363 36.70928057142857
    endloop
  endfacet
  facet normal 0 0 1
    outer loop
      vertex -138.73851051561843 88.04613608574321 36.70928057142857
      vertex -128.88505320674818 93.6404723789363 36.70928057142857
      vertex -132.93627912954162 96.58386030240345 36.70928057142857
    endloop
  endfacet
  facet normal 0 0 1
    outer loop
      vertex -132.93627912954162 96.58386030240345 36.70928057142857
      vertex -128.88505320674818 93.6404723789363 36.70928057142857
      vertex -122.7509940855909 101.54845374724262 36.70928057142857
    endloop
  endfacet
  facet normal 0 0 1
    outer loop
      vertex -132.93627912954162 96.58386030240345 36.70928057142857
      vertex -122.7509940855909 101.54845374724262 36.70928057142857
      vertex -126.60940898254941 104.74041214741865 36.70928057142857
    endloop
  endfacet
  facet normal 0 0 1
    outer loop
      vertex -126.60940898254941 104.74041214741865 36.70928057142857
      vertex -122.7509940855909 101.54845374724262 36.70928057142857
      vertex -116.13249287037259 109.05566976168411 36.70928057142857
    endloop
  endfacet
  facet normal 0 0 1
    outer loop
      vertex -126.60940898254941 104.74041214741865 36.70928057142857
      vertex -116.13249287037259 109.05566976168411 36.70928057142857
      vertex -119.78286934063998 112.48360143703061 36.70928057142857
    endloop
  endfacet
  facet normal 0 0 1
    outer loop
      vertex -119.78286934063998 112.48360143703061 36.70928057142857
      vertex -116.13249287037259 109.05566976168411 36.70928057142857
      vertex -109.05566976168411 116.13249287037259 36.70928057142857
    endloop
  endfacet
  facet normal 0 0 1
    outer loop
      vertex -119.78286934063998 112.48360143703061 36.70928057142857
      vertex -109.05566976168411 116.13249287037259 36.70928057142857
      vertex -112.48360143703061 119.78286934063998 36.70928057142857
    endloop
  endfacet
  facet normal 0 0 1
    outer loop
      vertex -112.48360143703061 119.78286934063998 36.70928057142857
      vertex -109.05566976168411 116.13249287037259 36.70928057142857
      vertex -101.54845374724262 122.7509940855909 36.70928057142857
    endloop
  endfacet
  facet normal 0 0 1
    outer loop
      vertex -112.48360143703061 119.78286934063998 36.70928057142857
      vertex -101.54845374724262 122.7509940855909 36.70928057142857
      vertex -104.74041214741865 126.60940898254941 36.70928057142857
    endloop
  endfacet
  facet normal 0 0 1
    outer loop
      vertex -104.74041214741865 126.60940898254941 36.70928057142857
      vertex -101.54845374724262 122.7509940855909 36.70928057142857
      vertex -93.6404723789363 128.88505320674818 36.70928057142857
    endloop
  endfacet
  facet normal 0 0 1
    outer loop
      vertex -104.74041214741865 126.60940898254941 36.70928057142857
      vertex -93.6404723789363 128.88505320674818 36.70928057142857
      vertex -96.58386030240345 132.93627912954162 36.70928057142857
    endloop
  endfacet
  facet normal 0 0 1
    outer loop
      vertex -96.58386030240345 132.93627912954162 36.70928057142857
      vertex -93.6404723789363 128.88505320674818 36.70928057142857
      vertex -85.36293484641281 134.51046190487833 36.70928057142857
    endloop
  endfacet
  facet normal 0 0 1
    outer loop
      vertex -96.58386030240345 132.93627912954162 36.70928057142857
      vertex -85.36293484641281 134.51046190487833 36.70928057142857
      vertex -88.04613608574321 138.73851051561843 36.70928057142857
    endloop
  endfacet
  facet normal 0 0 1
    outer loop
      vertex -88.04613608574321 138.73851051561843 36.70928057142857
      vertex -85.36293484641281 134.51046190487833 36.70928057142857
      vertex -76.74850880866582 139.60501926185458 36.70928057142857
    endloop
  endfacet
  facet normal -0.33723782834018606 0.4347643885602337 -0.8350153133782885
    outer loop
      vertex -39.491239323066765 47.736708001918274 -30.70928057142857
      vertex -104.74041214741865 126.60940898254941 36.70928057142857
      vertex -96.58386030240345 132.93627912954162 36.70928057142857
    endloop
  endfacet
  facet normal -0.309273284690068 0.4550818187983066 -0.8350153133782886
    outer loop
      vertex -36.41589968711866 50.122185947042 -30.70928057142857
      vertex -96.58386030240345 132.93627912954162 36.70928057142857
      vertex -88.04613608574321 138.73851051561843 36.70928057142857
    endloop
  endfacet
  facet normal -0.2800881806788058 0.4736032490046867 -0.8350153133782885
    outer loop
      vertex -33.196843131947546 52.30985452288134 -30.70928057142857
      vertex -88.04613608574321 138.73851051561843 36.70928057142857
      vertex -79.16093399440587 143.99320438428649 36.70928057142857
    endloop
  endfacet
  facet normal -0.24979769657852016 0.49025558355599014 -0.8350153133782885
    outer loop
      vertex -29.572966075003976 54.43059200676646 -30.70928057142857
      vertex -79.16093399440587 143.99320438428649 36.70928057142857
      vertex -69.9633198617833 148.67962285948732 36.70928057142857
    endloop
  endfacet
  facet normal -0.2185213750915504 0.5049731032954694 -0.8350153133782884
    outer loop
      vertex -26.378912893804646 56.058043389626164 -30.70928057142857
      vertex -69.9633198617833 148.67962285948732 36.70928057142857
      vertex -60.48959246886668 152.7792707885203 36.70928057142857
    endloop
  endfacet
  facet normal -0.1863826495700136 0.517697724896508 -0.8350153133782885
    outer loop
      vertex -22.806946466666773 57.603771291459196 -30.70928057142857
      vertex -60.48959246886668 152.7792707885203 36.70928057142857
      vertex -50.777140289541606 156.27596873396047 36.70928057142857
    endloop
  endfacet
  facet normal -0.15350835688075987 0.5283792300909718 -0.8350153133782885
    outer loop
      vertex -19.1449714413277 58.92216342466465 -30.70928057142857
      vertex -50.777140289541606 156.27596873396047 36.70928057142857
      vertex -40.86429393536248 159.15591682650657 36.70928057142857
    endloop
  endfacet
  facet normal -0.1200282368381938 0.5369754638577754 -0.8350153133782885
    outer loop
      vertex -15.407439960215182 60.008016697808856 -30.70928057142857
      vertex -40.86429393536248 159.15591682650657 36.70928057142857
      vertex -30.790174882140523 161.40774922676044 36.70928057142857
    endloop
  endfacet
  facet normal -0.08607442018051284 0.5434525007894869 -0.8350153133782885
    outer loop
      vertex -11.609102352569439 60.85704574410188 -30.70928057142857
      vertex -30.790174882140523 161.40774922676044 36.70928057142857
      vertex -20.594541075351646 163.02257898100262 36.70928057142857
    endloop
  endfacet
  facet normal -0.051780907110040186 0.5477847789804131 -0.8350153133782885
    outer loop
      vertex -7.764948921632487 61.46589983378249 -30.70928057142857
      vertex -20.594541075351646 163.02257898100262 36.70928057142857
      vertex -10.317630023689162 163.99403309393867 36.70928057142857
    endloop
  endfacet
  facet normal -0.017283038455651857 0.5499552009077642 -0.8350153133782885
    outer loop
      vertex -3.890150784769559 61.83217609791765 -30.70928057142857
      vertex -10.317630023689162 163.99403309393867 36.70928057142857
      vertex 0 164.31827768 36.70928057142857
    endloop
  endfacet
  facet normal 0 0 1
    outer loop
      vertex -88.04613608574321 138.73851051561843 36.70928057142857
      vertex -76.74850880866582 139.60501926185458 36.70928057142857
      vertex -79.16093399440587 143.99320438428649 36.70928057142857
    endloop
  endfacet
  facet normal 0 0 1
    outer loop
      vertex -79.16093399440587 143.99320438428649 36.70928057142857
      vertex -76.74850880866582 139.60501926185458 36.70928057142857
      vertex -67.8311914697095 144.14861938727077 36.70928057142857
    endloop
  endfacet
  facet normal 0 0 1
    outer loop
      vertex -79.16093399440587 143.99320438428649 36.70928057142857
      vertex -67.8311914697095 144.14861938727077 36.70928057142857
      vertex -69.9633198617833 148.67962285948732 36.70928057142857
    endloop
  endfacet
  facet normal 0 0 1
    outer loop
      vertex -69.9633198617833 148.67962285948732 36.70928057142857
      vertex -67.8311914697095 144.14861938727077 36.70928057142857
      vertex -58.64617540714584 148.12333076720535 36.70928057142857
    endloop
  endfacet
  facet normal 0 0 1
    outer loop
      vertex -69.9633198617833 148.67962285948732 36.70928057142857
      vertex -58.64617540714584 148.12333076720535 36.70928057142857
      vertex -60.48959246886668 152.7792707885203 36.70928057142857
    endloop
  endfacet
  facet normal 0 0 1
    outer loop
      vertex -60.48959246886668 152.7792707885203 36.70928057142857
      vertex -58.64617540714584 148.12333076720535 36.70928057142857
      vertex -49.22970968313918 151.5134670317146 36.70928057142857
    endloop
  endfacet
  facet normal 0 0 1
    outer loop
      vertex -60.48959246886668 152.7792707885203 36.70928057142857
      vertex -49.22970968313918 151.5134670317146 36.70928057142857
      vertex -50.777140289541606 156.27596873396047 36.70928057142857
    endloop
  endfacet
  facet normal 0 0 1
    outer loop
      vertex -50.777140289541606 156.27596873396047 36.70928057142857
      vertex -49.22970968313918 151.5134670317146 36.70928057142857
      vertex -39.618956785928155 154.3056488617685 36.70928057142857
    endloop
  endfacet
  facet normal 0 0 1
    outer loop
      vertex -50.777140289541606 156.27596873396047 36.70928057142857
      vertex -39.618956785928155 154.3056488617685 36.70928057142857
      vertex -40.86429393536248 159.15591682650657 36.70928057142857
    endloop
  endfacet
  facet normal 0 0 1
    outer loop
      vertex -40.86429393536248 159.15591682650657 36.70928057142857
      vertex -39.618956785928155 154.3056488617685 36.70928057142857
      vertex -29.85184596646268 156.48885679131033 36.70928057142857
    endloop
  endfacet
  facet normal 0 0 1
    outer loop
      vertex -40.86429393536248 159.15591682650657 36.70928057142857
      vertex -29.85184596646268 156.48885679131033 36.70928057142857
      vertex -30.790174882140523 161.40774922676044 36.70928057142857
    endloop
  endfacet
  facet normal 0 0 1
    outer loop
      vertex -30.790174882140523 161.40774922676044 36.70928057142857
      vertex -29.85184596646268 156.48885679131033 36.70928057142857
      vertex -19.966923548978762 158.05447469605497 36.70928057142857
    endloop
  endfacet
  facet normal 0 0 1
    outer loop
      vertex -30.790174882140523 161.40774922676044 36.70928057142857
      vertex -19.966923548978762 158.05447469605497 36.70928057142857
      vertex -20.594541075351646 163.02257898100262 36.70928057142857
    endloop
  endfacet
  facet normal 0 0 1
    outer loop
      vertex -20.594541075351646 163.02257898100262 36.70928057142857
      vertex -19.966923548978762 158.05447469605497 36.70928057142857
      vertex -10.003200806266658 158.99632379739523 36.70928057142857
    endloop
  endfacet
  facet normal 0 0 1
    outer loop
      vertex -20.594541075351646 163.02257898100262 36.70928057142857
      vertex -10.003200806266658 158.99632379739523 36.70928057142857
      vertex -10.317630023689162 163.99403309393867 36.70928057142857
    endloop
  endfacet
  facet normal 0 0 1
    outer loop
      vertex -10.317630023689162 163.99403309393867 36.70928057142857
      vertex -10.003200806266658 158.99632379739523 36.70928057142857
      vertex 0 159.31068704721804 36.70928057142857
    endloop
  endfacet
  facet normal 0 0 1
    outer loop
      vertex -10.317630023689162 163.99403309393867 36.70928057142857
      vertex 0 159.31068704721804 36.70928057142857
      vertex 0 164.31827768 36.70928057142857
    endloop
  endfacet
  facet normal 0.01728303845565195 -0.5499552009077641 -0.8350153133782884
    outer loop
      vertex 0 -61.95442901142857 -30.70928057142857
      vertex 3.890150784769589 -61.83217609791765 -30.70928057142857
      vertex 0 -164.31827768 36.70928057142857
    endloop
  endfacet
  facet normal 0.05178090711004211 -0.547784778980413 -0.8350153133782885
    outer loop
      vertex 3.890150784769589 -61.83217609791765 -30.70928057142857
      vertex 7.764948921632473 -61.46589983378247 -30.70928057142857
      vertex 10.317630023689242 -163.99403309393867 36.70928057142857
    endloop
  endfacet
  facet normal 0.08607442018051133 -0.5434525007894871 -0.8350153133782885
    outer loop
      vertex 7.764948921632473 -61.46589983378247 -30.70928057142857
      vertex 11.609102352569453 -60.85704574410188 -30.70928057142857
      vertex 20.59454107535161 -163.02257898100262 36.70928057142857
    endloop
  endfacet
  facet normal 0.12002823683819328 -0.5369754638577756 -0.8350153133782884
    outer loop
      vertex 11.609102352569453 -60.85704574410188 -30.70928057142857
      vertex 15.407439960215155 -60.00801669780887 -30.70928057142857
      vertex 30.790174882140565 -161.40774922676044 36.70928057142857
    endloop
  endfacet
  facet normal 0.15350835688076064 -0.5283792300909714 -0.8350153133782884
    outer loop
      vertex 15.407439960215155 -60.00801669780887 -30.70928057142857
      vertex 19.1449714413277 -58.92216342466465 -30.70928057142857
      vertex 40.86429393536242 -159.1559168265066 36.70928057142857
    endloop
  endfacet
  facet normal 0.18638264957001602 -0.517697724896507 -0.8350153133782884
    outer loop
      vertex 19.1449714413277 -58.92216342466465 -30.70928057142857
      vertex 22.806946466666805 -57.603771291459175 -30.70928057142857
      vertex 50.777140289541606 -156.27596873396047 36.70928057142857
    endloop
  endfacet
  facet normal 0.2185213750915497 -0.5049731032954695 -0.8350153133782884
    outer loop
      vertex 22.806946466666805 -57.603771291459175 -30.70928057142857
      vertex 26.37891289380463 -56.05804338962617 -30.70928057142857
      vertex 60.48959246886677 -152.77927078852025 36.70928057142857
    endloop
  endfacet
  facet normal 0.24979769657852055 -0.49025558355598986 -0.8350153133782884
    outer loop
      vertex 26.37891289380463 -56.05804338962617 -30.70928057142857
      vertex 29.84677380312962 -54.29108000101819 -30.70928057142857
      vertex 69.96331986178325 -148.67962285948732 36.70928057142857
    endloop
  endfacet
  facet normal 0.28008818067880414 -0.4736032490046877 -0.8350153133782885
    outer loop
      vertex 29.84677380312962 -54.29108000101819 -30.70928057142857
      vertex 33.19684313194752 -52.30985452288136 -30.70928057142857
      vertex 79.1609339944059 -143.99320438428646 36.70928057142857
    endloop
  endfacet
  facet normal 0.30927328469006937 -0.45508181879830584 -0.8350153133782885
    outer loop
      vertex 33.19684313194752 -52.30985452288136 -30.70928057142857
      vertex 36.41589968711866 -50.12218594704199 -30.70928057142857
      vertex 88.04613608574313 -138.7385105156185 36.70928057142857
    endloop
  endfacet
  facet normal 0.3372378283401858 -0.43476438856023397 -0.8350153133782885
    outer loop
      vertex 36.41589968711866 -50.12218594704199 -30.70928057142857
      vertex 39.49123932306679 -47.73670800191825 -30.70928057142857
      vertex 96.58386030240345 -132.93627912954162 36.70928057142857
    endloop
  endfacet
  facet normal 0.36387144835115354 -0.41273114190546933 -0.8350153133782885
    outer loop
      vertex 39.49123932306679 -47.73670800191825 -30.70928057142857
      vertex 42.41072507923781 -45.16283507913837 -30.70928057142857
      vertex 104.74041214741871 -126.60940898254935 36.70928057142857
    endloop
  endfacet
  facet normal 0.38906903399252807 -0.38906903399252907 -0.8350153133782885
    outer loop
      vertex 42.41072507923781 -45.16283507913837 -30.70928057142857
      vertex 45.162835079138375 -42.41072507923781 -30.70928057142857
      vertex 112.48360143703061 -119.78286934063998 36.70928057142857
    endloop
  endfacet
  facet normal 0.4127311419054697 -0.36387144835115287 -0.8350153133782885
    outer loop
      vertex 45.162835079138375 -42.41072507923781 -30.70928057142857
      vertex 47.73670800191825 -39.49123932306679 -30.70928057142857
      vertex 119.78286934063998 -112.48360143703061 36.70928057142857
    endloop
  endfacet
  facet normal 0.4347643885602341 -0.33723782834018584 -0.8350153133782884
    outer loop
      vertex 47.73670800191825 -39.49123932306679 -30.70928057142857
      vertex 50.12218594704199 -36.41589968711866 -30.70928057142857
      vertex 126.60940898254935 -104.74041214741871 36.70928057142857
    endloop
  endfacet
  facet normal 0.45508181879830584 -0.30927328469006937 -0.8350153133782885
    outer loop
      vertex 50.12218594704199 -36.41589968711866 -30.70928057142857
      vertex 52.30985452288136 -33.19684313194752 -30.70928057142857
      vertex 132.93627912954162 -96.58386030240345 36.70928057142857
    endloop
  endfacet
  facet normal 0.47360324900468737 -0.280088180678805 -0.8350153133782885
    outer loop
      vertex 52.30985452288136 -33.19684313194752 -30.70928057142857
      vertex 54.291080001018194 -29.84677380312962 -30.70928057142857
      vertex 138.7385105156185 -88.04613608574313 36.70928057142857
    endloop
  endfacet
  facet normal 0.49025558355599075 -0.24979769657851897 -0.8350153133782883
    outer loop
      vertex 54.291080001018194 -29.84677380312962 -30.70928057142857
      vertex 56.058043389626164 -26.37891289380463 -30.70928057142857
      vertex 143.99320438428646 -79.1609339944059 36.70928057142857
    endloop
  endfacet
  facet normal 0.5049731032954692 -0.21852137509155056 -0.8350153133782885
    outer loop
      vertex 56.058043389626164 -26.37891289380463 -30.70928057142857
      vertex 57.603771291459175 -22.806946466666805 -30.70928057142857
      vertex 148.67962285948732 -69.96331986178325 36.70928057142857
    endloop
  endfacet
  facet normal 0.5176977248965069 -0.18638264957001596 -0.8350153133782885
    outer loop
      vertex 57.603771291459175 -22.806946466666805 -30.70928057142857
      vertex 58.92216342466465 -19.1449714413277 -30.70928057142857
      vertex 152.77927078852025 -60.48959246886677 36.70928057142857
    endloop
  endfacet
  facet normal 0.5283792300909714 -0.15350835688076064 -0.8350153133782884
    outer loop
      vertex 58.92216342466465 -19.1449714413277 -30.70928057142857
      vertex 60.00801669780887 -15.407439960215155 -30.70928057142857
      vertex 156.27596873396047 -50.777140289541606 36.70928057142857
    endloop
  endfacet
  facet normal 0.536975463857776 -0.12002823683819235 -0.8350153133782883
    outer loop
      vertex 60.00801669780887 -15.407439960215155 -30.70928057142857
      vertex 60.857045744101875 -11.609102352569453 -30.70928057142857
      vertex 159.1559168265066 -40.86429393536242 36.70928057142857
    endloop
  endfacet
  facet normal 0.5434525007894867 -0.08607442018051327 -0.8350153133782885
    outer loop
      vertex 60.857045744101875 -11.609102352569453 -30.70928057142857
      vertex 61.46589983378248 -7.764948921632473 -30.70928057142857
      vertex 161.40774922676044 -30.790174882140565 36.70928057142857
    endloop
  endfacet
  facet normal 0.5477847789804131 -0.05178090711004111 -0.8350153133782885
    outer loop
      vertex 61.46589983378248 -7.764948921632473 -30.70928057142857
      vertex 61.83217609791765 -3.890150784769589 -30.70928057142857
      vertex 163.02257898100262 -20.59454107535161 36.70928057142857
    endloop
  endfacet
  facet normal 0.5499552009077641 -0.01728303845565099 -0.8350153133782884
    outer loop
      vertex 61.83217609791765 -3.890150784769589 -30.70928057142857
      vertex 61.9043886707669 -1.5923094583569628 -30.70928057142857
      vertex 163.99403309393867 -10.317630023689242 36.70928057142857
    endloop
  endfacet
  facet normal 0.5499552009077651 -0.017283038455640404 -0.8350153133782882
    outer loop
      vertex 61.34774757183492 -1.0874027167410754 -31.08634430305607
      vertex 163.99403309393867 -10.317630023689242 36.70928057142857
      vertex 61.41897951229336 -1.1792343810350758 -31.03752902307468
    endloop
  endfacet
  facet normal 0.5499552009077652 -0.017283038455638004 -0.835015313378288
    outer loop
      vertex 61.12434251253531 -0.6810304224666541 -31.24189369260522
      vertex 163.99403309393867 -10.317630023689242 36.70928057142857
      vertex 61.17049896436644 -0.787691689395384 -31.20928661213399
    endloop
  endfacet
  facet normal 0.5499552009077643 -0.017283038455648953 -0.8350153133782884
    outer loop
      vertex 61.17049896436644 -0.787691689395384 -31.20928661213399
      vertex 163.99403309393867 -10.317630023689242 36.70928057142857
      vertex 61.22326165334743 -0.8912442970881735 -31.172392894825652
    endloop
  endfacet
  facet normal 0.549955200907763 -0.01728303845566949 -0.8350153133782889
    outer loop
      vertex 61.28242234924985 -0.991279570711144 -31.131358143327287
      vertex 61.22326165334743 -0.8912442970881735 -31.172392894825652
      vertex 163.99403309393867 -10.317630023689242 36.70928057142857
    endloop
  endfacet
  facet normal 0.5499552009077654 -0.017283038455634295 -0.835015313378288
    outer loop
      vertex 61.28242234924985 -0.991279570711144 -31.131358143327287
      vertex 163.99403309393867 -10.317630023689242 36.70928057142857
      vertex 61.34774757183492 -1.0874027167410754 -31.08634430305607
    endloop
  endfacet
  facet normal 0.5499552009077624 -0.01728303845567719 -0.8350153133782892
    outer loop
      vertex 61.41897951229336 -1.1792343810350758 -31.03752902307468
      vertex 163.99403309393867 -10.317630023689242 36.70928057142857
      vertex 61.49583705069896 -1.2664121459680737 -30.985104954991616
    endloop
  endfacet
  facet normal 0.5499552009077653 -0.017283038455635853 -0.835015313378288
    outer loop
      vertex 61.49583705069896 -1.2664121459680737 -30.985104954991616
      vertex 163.99403309393867 -10.317630023689242 36.70928057142857
      vertex 61.5780168654605 -1.3485919607296117 -30.929278992653334
    endloop
  endfacet
  facet normal 0.5499552009077634 -0.017283038455662404 -0.8350153133782886
    outer loop
      vertex 61.5780168654605 -1.3485919607296117 -30.929278992653334
      vertex 163.99403309393867 -10.317630023689242 36.70928057142857
      vertex 61.6651946303935 -1.4254494991352105 -30.870271455628718
    endloop
  endfacet
  facet normal 0.5499552009077626 -0.017283038455672823 -0.835015313378289
    outer loop
      vertex 61.6651946303935 -1.4254494991352105 -30.870271455628718
      vertex 163.99403309393867 -10.317630023689242 36.70928057142857
      vertex 61.7570262946875 -1.496681439593653 -30.808315219708433
    endloop
  endfacet
  facet normal 0.5499552009077646 -0.017283038455646788 -0.8350153133782883
    outer loop
      vertex 61.7570262946875 -1.496681439593653 -30.808315219708433
      vertex 163.99403309393867 -10.317630023689242 36.70928057142857
      vertex 61.85314944071743 -1.5620066621787279 -30.743654797850542
    endloop
  endfacet
  facet normal 0.5499552009077603 -0.017283038455706647 -0.8350153133782898
    outer loop
      vertex 61.85314944071743 -1.5620066621787279 -30.743654797850542
      vertex 163.99403309393867 -10.317630023689242 36.70928057142857
      vertex 61.9043886707669 -1.5923094583569628 -30.70928057142857
    endloop
  endfacet
  facet normal 0.5499552009077641 -0.017283038455646577 -0.8350153133782886
    outer loop
      vertex 61.08497445628254 -0.5716814395936527 -31.270085450989484
      vertex 61.052550163340605 -0.4600762912549815 -31.293750627296024
      vertex 164.31827768 0 36.70928057142857
    endloop
  endfacet
  facet normal 0.5499552009077641 -0.017283038455669187 -0.8350153133782883
    outer loop
      vertex 60.99807956383627 -0.11616246112922957 -31.336744168696146
      vertex 60.99442901142857 0 -31.3415527997491
      vertex 164.31827768 0 36.70928057142857
    endloop
  endfacet
  facet normal 0.5499552009077645 -0.01728303845561154 -0.835015313378289
    outer loop
      vertex 60.99807956383627 -0.11616246112922957 -31.336744168696146
      vertex 164.31827768 0 36.70928057142857
      vertex 61.00901681399679 -0.23186648209396252 -31.327145884060165
    endloop
  endfacet
  facet normal 0.5499552009077638 -0.017283038455680095 -0.835015313378288
    outer loop
      vertex 61.027197597580496 -0.34665543198359094 -31.312795825885555
      vertex 61.00901681399679 -0.23186648209396252 -31.327145884060165
      vertex 164.31827768 0 36.70928057142857
    endloop
  endfacet
  facet normal 0.5499552009077641 -0.017283038455654848 -0.8350153133782884
    outer loop
      vertex 61.027197597580496 -0.34665543198359094 -31.312795825885555
      vertex 164.31827768 0 36.70928057142857
      vertex 61.052550163340605 -0.4600762912549815 -31.293750627296024
    endloop
  endfacet
  facet normal 0.5499552009077641 -0.01728303845565568 -0.8350153133782884
    outer loop
      vertex 61.08497445628254 -0.5716814395936527 -31.270085450989484
      vertex 164.31827768 0 36.70928057142857
      vertex 61.12434251253531 -0.6810304224666541 -31.24189369260522
    endloop
  endfacet
  facet normal 0.017283038455651725 -0.5499552009077641 -0.8350153133782885
    outer loop
      vertex 3.890150784769589 -61.83217609791765 -30.70928057142857
      vertex 10.317630023689242 -163.99403309393867 36.70928057142857
      vertex 0 -164.31827768 36.70928057142857
    endloop
  endfacet
  facet normal 0.051780907110040755 -0.547784778980413 -0.8350153133782885
    outer loop
      vertex 7.764948921632473 -61.46589983378247 -30.70928057142857
      vertex 20.59454107535161 -163.02257898100262 36.70928057142857
      vertex 10.317630023689242 -163.99403309393867 36.70928057142857
    endloop
  endfacet
  facet normal 0.08607442018051221 -0.543452500789487 -0.8350153133782884
    outer loop
      vertex 11.609102352569453 -60.85704574410188 -30.70928057142857
      vertex 30.790174882140565 -161.40774922676044 36.70928057142857
      vertex 20.59454107535161 -163.02257898100262 36.70928057142857
    endloop
  endfacet
  facet normal 0.12002823683819366 -0.5369754638577756 -0.8350153133782884
    outer loop
      vertex 15.407439960215155 -60.00801669780887 -30.70928057142857
      vertex 40.86429393536242 -159.1559168265066 36.70928057142857
      vertex 30.790174882140565 -161.40774922676044 36.70928057142857
    endloop
  endfacet
  facet normal 0.1535083568807603 -0.5283792300909718 -0.8350153133782884
    outer loop
      vertex 19.1449714413277 -58.92216342466465 -30.70928057142857
      vertex 50.777140289541606 -156.27596873396047 36.70928057142857
      vertex 40.86429393536242 -159.1559168265066 36.70928057142857
    endloop
  endfacet
  facet normal 0.18638264957001535 -0.517697724896507 -0.8350153133782885
    outer loop
      vertex 22.806946466666805 -57.603771291459175 -30.70928057142857
      vertex 60.48959246886677 -152.77927078852025 36.70928057142857
      vertex 50.777140289541606 -156.27596873396047 36.70928057142857
    endloop
  endfacet
  facet normal 0.21852137509155056 -0.5049731032954692 -0.8350153133782885
    outer loop
      vertex 26.37891289380463 -56.05804338962617 -30.70928057142857
      vertex 69.96331986178325 -148.67962285948732 36.70928057142857
      vertex 60.48959246886677 -152.77927078852025 36.70928057142857
    endloop
  endfacet
  facet normal 0.2497976965785195 -0.4902555835559903 -0.8350153133782886
    outer loop
      vertex 29.84677380312962 -54.29108000101819 -30.70928057142857
      vertex 79.1609339944059 -143.99320438428646 36.70928057142857
      vertex 69.96331986178325 -148.67962285948732 36.70928057142857
    endloop
  endfacet
  facet normal 0.28008818067880525 -0.47360324900468687 -0.8350153133782885
    outer loop
      vertex 33.19684313194752 -52.30985452288136 -30.70928057142857
      vertex 88.04613608574313 -138.7385105156185 36.70928057142857
      vertex 79.1609339944059 -143.99320438428646 36.70928057142857
    endloop
  endfacet
  facet normal 0.3092732846900684 -0.4550818187983063 -0.8350153133782886
    outer loop
      vertex 36.41589968711866 -50.12218594704199 -30.70928057142857
      vertex 96.58386030240345 -132.93627912954162 36.70928057142857
      vertex 88.04613608574313 -138.7385105156185 36.70928057142857
    endloop
  endfacet
  facet normal 0.33723782834018695 -0.4347643885602331 -0.8350153133782884
    outer loop
      vertex 39.49123932306679 -47.73670800191825 -30.70928057142857
      vertex 104.74041214741871 -126.60940898254935 36.70928057142857
      vertex 96.58386030240345 -132.93627912954162 36.70928057142857
    endloop
  endfacet
  facet normal 0 0 1
    outer loop
      vertex 0 -164.31827768 36.70928057142857
      vertex 10.317630023689242 -163.99403309393867 36.70928057142857
      vertex 0 -159.31068704721804 36.70928057142857
    endloop
  endfacet
  facet normal 0 0 1
    outer loop
      vertex 10.317630023689242 -163.99403309393867 36.70928057142857
      vertex 10.003200806266737 -158.99632379739523 36.70928057142857
      vertex 0 -159.31068704721804 36.70928057142857
    endloop
  endfacet
  facet normal 0 0 1
    outer loop
      vertex 10.317630023689242 -163.99403309393867 36.70928057142857
      vertex 20.59454107535161 -163.02257898100262 36.70928057142857
      vertex 10.003200806266737 -158.99632379739523 36.70928057142857
    endloop
  endfacet
  facet normal 0 0 1
    outer loop
      vertex 20.59454107535161 -163.02257898100262 36.70928057142857
      vertex 19.966923548978727 -158.05447469605497 36.70928057142857
      vertex 10.003200806266737 -158.99632379739523 36.70928057142857
    endloop
  endfacet
  facet normal 0 0 1
    outer loop
      vertex 20.59454107535161 -163.02257898100262 36.70928057142857
      vertex 30.790174882140565 -161.40774922676044 36.70928057142857
      vertex 19.966923548978727 -158.05447469605497 36.70928057142857
    endloop
  endfacet
  facet normal 0 0 1
    outer loop
      vertex 30.790174882140565 -161.40774922676044 36.70928057142857
      vertex 29.85184596646272 -156.48885679131033 36.70928057142857
      vertex 19.966923548978727 -158.05447469605497 36.70928057142857
    endloop
  endfacet
  facet normal 0 0 1
    outer loop
      vertex 30.790174882140565 -161.40774922676044 36.70928057142857
      vertex 40.86429393536242 -159.1559168265066 36.70928057142857
      vertex 29.85184596646272 -156.48885679131033 36.70928057142857
    endloop
  endfacet
  facet normal 0 0 1
    outer loop
      vertex 40.86429393536242 -159.1559168265066 36.70928057142857
      vertex 39.61895678592809 -154.30564886176853 36.70928057142857
      vertex 29.85184596646272 -156.48885679131033 36.70928057142857
    endloop
  endfacet
  facet normal 0 0 1
    outer loop
      vertex 40.86429393536242 -159.1559168265066 36.70928057142857
      vertex 50.777140289541606 -156.27596873396047 36.70928057142857
      vertex 39.61895678592809 -154.30564886176853 36.70928057142857
    endloop
  endfacet
  facet normal 0 0 1
    outer loop
      vertex 50.777140289541606 -156.27596873396047 36.70928057142857
      vertex 49.22970968313918 -151.5134670317146 36.70928057142857
      vertex 39.61895678592809 -154.30564886176853 36.70928057142857
    endloop
  endfacet
  facet normal 0 0 1
    outer loop
      vertex 50.777140289541606 -156.27596873396047 36.70928057142857
      vertex 60.48959246886677 -152.77927078852025 36.70928057142857
      vertex 49.22970968313918 -151.5134670317146 36.70928057142857
    endloop
  endfacet
  facet normal 0 0 1
    outer loop
      vertex 60.48959246886677 -152.77927078852025 36.70928057142857
      vertex 58.646175407145925 -148.12333076720532 36.70928057142857
      vertex 49.22970968313918 -151.5134670317146 36.70928057142857
    endloop
  endfacet
  facet normal 0 0 1
    outer loop
      vertex 60.48959246886677 -152.77927078852025 36.70928057142857
      vertex 69.96331986178325 -148.67962285948732 36.70928057142857
      vertex 58.646175407145925 -148.12333076720532 36.70928057142857
    endloop
  endfacet
  facet normal 0 0 1
    outer loop
      vertex 69.96331986178325 -148.67962285948732 36.70928057142857
      vertex 67.83119146970945 -144.14861938727077 36.70928057142857
      vertex 58.646175407145925 -148.12333076720532 36.70928057142857
    endloop
  endfacet
  facet normal 0 0 1
    outer loop
      vertex 69.96331986178325 -148.67962285948732 36.70928057142857
      vertex 79.1609339944059 -143.99320438428646 36.70928057142857
      vertex 67.83119146970945 -144.14861938727077 36.70928057142857
    endloop
  endfacet
  facet normal 0 0 1
    outer loop
      vertex 79.1609339944059 -143.99320438428646 36.70928057142857
      vertex 76.74850880866585 -139.60501926185458 36.70928057142857
      vertex 67.83119146970945 -144.14861938727077 36.70928057142857
    endloop
  endfacet
  facet normal 0 0 1
    outer loop
      vertex 79.1609339944059 -143.99320438428646 36.70928057142857
      vertex 88.04613608574313 -138.7385105156185 36.70928057142857
      vertex 76.74850880866585 -139.60501926185458 36.70928057142857
    endloop
  endfacet
  facet normal 0.3638714483511523 -0.41273114190547083 -0.8350153133782882
    outer loop
      vertex 42.41072507923781 -45.16283507913837 -30.70928057142857
      vertex 112.48360143703061 -119.78286934063998 36.70928057142857
      vertex 104.74041214741871 -126.60940898254935 36.70928057142857
    endloop
  endfacet
  facet normal 0.38906903399252796 -0.3890690339925287 -0.8350153133782886
    outer loop
      vertex 45.162835079138375 -42.41072507923781 -30.70928057142857
      vertex 119.78286934063998 -112.48360143703061 36.70928057142857
      vertex 112.48360143703061 -119.78286934063998 36.70928057142857
    endloop
  endfacet
  facet normal 0.4127311419054706 -0.3638714483511521 -0.8350153133782885
    outer loop
      vertex 47.73670800191825 -39.49123932306679 -30.70928057142857
      vertex 126.60940898254935 -104.74041214741871 36.70928057142857
      vertex 119.78286934063998 -112.48360143703061 36.70928057142857
    endloop
  endfacet
  facet normal 0 0 1
    outer loop
      vertex 88.04613608574313 -138.7385105156185 36.70928057142857
      vertex 85.36293484641273 -134.51046190487838 36.70928057142857
      vertex 76.74850880866585 -139.60501926185458 36.70928057142857
    endloop
  endfacet
  facet normal 0 0 1
    outer loop
      vertex 88.04613608574313 -138.7385105156185 36.70928057142857
      vertex 96.58386030240345 -132.93627912954162 36.70928057142857
      vertex 85.36293484641273 -134.51046190487838 36.70928057142857
    endloop
  endfacet
  facet normal 0 0 1
    outer loop
      vertex 96.58386030240345 -132.93627912954162 36.70928057142857
      vertex 93.6404723789363 -128.88505320674818 36.70928057142857
      vertex 85.36293484641273 -134.51046190487838 36.70928057142857
    endloop
  endfacet
  facet normal 0 0 1
    outer loop
      vertex 96.58386030240345 -132.93627912954162 36.70928057142857
      vertex 104.74041214741871 -126.60940898254935 36.70928057142857
      vertex 93.6404723789363 -128.88505320674818 36.70928057142857
    endloop
  endfacet
  facet normal 0 0 1
    outer loop
      vertex 104.74041214741871 -126.60940898254935 36.70928057142857
      vertex 101.54845374724266 -122.75099408559086 36.70928057142857
      vertex 93.6404723789363 -128.88505320674818 36.70928057142857
    endloop
  endfacet
  facet normal 0 0 1
    outer loop
      vertex 104.74041214741871 -126.60940898254935 36.70928057142857
      vertex 112.48360143703061 -119.78286934063998 36.70928057142857
      vertex 101.54845374724266 -122.75099408559086 36.70928057142857
    endloop
  endfacet
  facet normal 0 0 1
    outer loop
      vertex 112.48360143703061 -119.78286934063998 36.70928057142857
      vertex 109.05566976168411 -116.13249287037259 36.70928057142857
      vertex 101.54845374724266 -122.75099408559086 36.70928057142857
    endloop
  endfacet
  facet normal 0 0 1
    outer loop
      vertex 112.48360143703061 -119.78286934063998 36.70928057142857
      vertex 119.78286934063998 -112.48360143703061 36.70928057142857
      vertex 109.05566976168411 -116.13249287037259 36.70928057142857
    endloop
  endfacet
  facet normal 0 0 1
    outer loop
      vertex 119.78286934063998 -112.48360143703061 36.70928057142857
      vertex 116.13249287037259 -109.05566976168411 36.70928057142857
      vertex 109.05566976168411 -116.13249287037259 36.70928057142857
    endloop
  endfacet
  facet normal 0 0 1
    outer loop
      vertex 119.78286934063998 -112.48360143703061 36.70928057142857
      vertex 126.60940898254935 -104.74041214741871 36.70928057142857
      vertex 116.13249287037259 -109.05566976168411 36.70928057142857
    endloop
  endfacet
  facet normal 0 0 1
    outer loop
      vertex 126.60940898254935 -104.74041214741871 36.70928057142857
      vertex 122.75099408559086 -101.54845374724266 36.70928057142857
      vertex 116.13249287037259 -109.05566976168411 36.70928057142857
    endloop
  endfacet
  facet normal 0 0 1
    outer loop
      vertex 126.60940898254935 -104.74041214741871 36.70928057142857
      vertex 132.93627912954162 -96.58386030240345 36.70928057142857
      vertex 122.75099408559086 -101.54845374724266 36.70928057142857
    endloop
  endfacet
  facet normal 0 0 1
    outer loop
      vertex 132.93627912954162 -96.58386030240345 36.70928057142857
      vertex 128.88505320674818 -93.6404723789363 36.70928057142857
      vertex 122.75099408559086 -101.54845374724266 36.70928057142857
    endloop
  endfacet
  facet normal 0 0 1
    outer loop
      vertex 132.93627912954162 -96.58386030240345 36.70928057142857
      vertex 138.7385105156185 -88.04613608574313 36.70928057142857
      vertex 128.88505320674818 -93.6404723789363 36.70928057142857
    endloop
  endfacet
  facet normal 0 0 1
    outer loop
      vertex 138.7385105156185 -88.04613608574313 36.70928057142857
      vertex 134.51046190487838 -85.36293484641273 36.70928057142857
      vertex 128.88505320674818 -93.6404723789363 36.70928057142857
    endloop
  endfacet
  facet normal 0 0 1
    outer loop
      vertex 138.7385105156185 -88.04613608574313 36.70928057142857
      vertex 143.99320438428646 -79.1609339944059 36.70928057142857
      vertex 134.51046190487838 -85.36293484641273 36.70928057142857
    endloop
  endfacet
  facet normal 0.4347643885602334 -0.33723782834018723 -0.8350153133782883
    outer loop
      vertex 50.12218594704199 -36.41589968711866 -30.70928057142857
      vertex 132.93627912954162 -96.58386030240345 36.70928057142857
      vertex 126.60940898254935 -104.74041214741871 36.70928057142857
    endloop
  endfacet
  facet normal 0.45508181879830656 -0.3092732846900683 -0.8350153133782885
    outer loop
      vertex 52.30985452288136 -33.19684313194752 -30.70928057142857
      vertex 138.7385105156185 -88.04613608574313 36.70928057142857
      vertex 132.93627912954162 -96.58386030240345 36.70928057142857
    endloop
  endfacet
  facet normal 0.4736032490046872 -0.2800881806788054 -0.8350153133782884
    outer loop
      vertex 54.291080001018194 -29.84677380312962 -30.70928057142857
      vertex 143.99320438428646 -79.1609339944059 36.70928057142857
      vertex 138.7385105156185 -88.04613608574313 36.70928057142857
    endloop
  endfacet
  facet normal 0.4902555835559903 -0.2497976965785195 -0.8350153133782886
    outer loop
      vertex 56.058043389626164 -26.37891289380463 -30.70928057142857
      vertex 148.67962285948732 -69.96331986178325 36.70928057142857
      vertex 143.99320438428646 -79.1609339944059 36.70928057142857
    endloop
  endfacet
  facet normal 0.5049731032954692 -0.21852137509155056 -0.8350153133782885
    outer loop
      vertex 57.603771291459175 -22.806946466666805 -30.70928057142857
      vertex 152.77927078852025 -60.48959246886677 36.70928057142857
      vertex 148.67962285948732 -69.96331986178325 36.70928057142857
    endloop
  endfacet
  facet normal 0.5176977248965071 -0.18638264957001546 -0.8350153133782885
    outer loop
      vertex 58.92216342466465 -19.1449714413277 -30.70928057142857
      vertex 156.27596873396047 -50.777140289541606 36.70928057142857
      vertex 152.77927078852025 -60.48959246886677 36.70928057142857
    endloop
  endfacet
  facet normal 0.5283792300909712 -0.15350835688076098 -0.8350153133782885
    outer loop
      vertex 60.00801669780887 -15.407439960215155 -30.70928057142857
      vertex 159.1559168265066 -40.86429393536242 36.70928057142857
      vertex 156.27596873396047 -50.777140289541606 36.70928057142857
    endloop
  endfacet
  facet normal 0.5369754638577754 -0.12002823683819429 -0.8350153133782883
    outer loop
      vertex 60.857045744101875 -11.609102352569453 -30.70928057142857
      vertex 161.40774922676044 -30.790174882140565 36.70928057142857
      vertex 159.1559168265066 -40.86429393536242 36.70928057142857
    endloop
  endfacet
  facet normal 0.543452500789487 -0.0860744201805122 -0.8350153133782885
    outer loop
      vertex 61.46589983378248 -7.764948921632473 -30.70928057142857
      vertex 163.02257898100262 -20.59454107535161 36.70928057142857
      vertex 161.40774922676044 -30.790174882140565 36.70928057142857
    endloop
  endfacet
  facet normal 0.5477847789804131 -0.05178090711004148 -0.8350153133782885
    outer loop
      vertex 61.83217609791765 -3.890150784769589 -30.70928057142857
      vertex 163.99403309393867 -10.317630023689242 36.70928057142857
      vertex 163.02257898100262 -20.59454107535161 36.70928057142857
    endloop
  endfacet
  facet normal 0.5499552009077641 -0.017283038455651694 -0.8350153133782884
    outer loop
      vertex 61.12434251253531 -0.6810304224666541 -31.24189369260522
      vertex 164.31827768 0 36.70928057142857
      vertex 163.99403309393867 -10.317630023689242 36.70928057142857
    endloop
  endfacet
  facet normal 0 0 1
    outer loop
      vertex 143.99320438428646 -79.1609339944059 36.70928057142857
      vertex 139.60501926185458 -76.74850880866585 36.70928057142857
      vertex 134.51046190487838 -85.36293484641273 36.70928057142857
    endloop
  endfacet
  facet normal 0 0 1
    outer loop
      vertex 143.99320438428646 -79.1609339944059 36.70928057142857
      vertex 148.67962285948732 -69.96331986178325 36.70928057142857
      vertex 139.60501926185458 -76.74850880866585 36.70928057142857
    endloop
  endfacet
  facet normal 0 0 1
    outer loop
      vertex 148.67962285948732 -69.96331986178325 36.70928057142857
      vertex 144.14861938727077 -67.83119146970945 36.70928057142857
      vertex 139.60501926185458 -76.74850880866585 36.70928057142857
    endloop
  endfacet
  facet normal 0 0 1
    outer loop
      vertex 148.67962285948732 -69.96331986178325 36.70928057142857
      vertex 148.12333076720532 -58.646175407145925 36.70928057142857
      vertex 144.14861938727077 -67.83119146970945 36.70928057142857
    endloop
  endfacet
  facet normal 0 0 1
    outer loop
      vertex 148.67962285948732 -69.96331986178325 36.70928057142857
      vertex 152.77927078852025 -60.48959246886677 36.70928057142857
      vertex 148.12333076720532 -58.646175407145925 36.70928057142857
    endloop
  endfacet
  facet normal 0 0 1
    outer loop
      vertex 152.77927078852025 -60.48959246886677 36.70928057142857
      vertex 151.5134670317146 -49.22970968313918 36.70928057142857
      vertex 148.12333076720532 -58.646175407145925 36.70928057142857
    endloop
  endfacet
  facet normal 0 0 1
    outer loop
      vertex 152.77927078852025 -60.48959246886677 36.70928057142857
      vertex 156.27596873396047 -50.777140289541606 36.70928057142857
      vertex 151.5134670317146 -49.22970968313918 36.70928057142857
    endloop
  endfacet
  facet normal 0 0 1
    outer loop
      vertex 156.27596873396047 -50.777140289541606 36.70928057142857
      vertex 154.30564886176853 -39.61895678592809 36.70928057142857
      vertex 151.5134670317146 -49.22970968313918 36.70928057142857
    endloop
  endfacet
  facet normal 0 0 1
    outer loop
      vertex 156.27596873396047 -50.777140289541606 36.70928057142857
      vertex 159.1559168265066 -40.86429393536242 36.70928057142857
      vertex 154.30564886176853 -39.61895678592809 36.70928057142857
    endloop
  endfacet
  facet normal 0 0 1
    outer loop
      vertex 159.1559168265066 -40.86429393536242 36.70928057142857
      vertex 156.48885679131033 -29.85184596646272 36.70928057142857
      vertex 154.30564886176853 -39.61895678592809 36.70928057142857
    endloop
  endfacet
  facet normal 0 0 1
    outer loop
      vertex 159.1559168265066 -40.86429393536242 36.70928057142857
      vertex 158.05447469605497 -19.966923548978727 36.70928057142857
      vertex 156.48885679131033 -29.85184596646272 36.70928057142857
    endloop
  endfacet
  facet normal 0 0 1
    outer loop
      vertex 159.1559168265066 -40.86429393536242 36.70928057142857
      vertex 158.99632379739523 -10.003200806266737 36.70928057142857
      vertex 158.05447469605497 -19.966923548978727 36.70928057142857
    endloop
  endfacet
  facet normal 0 0 1
    outer loop
      vertex 159.1559168265066 -40.86429393536242 36.70928057142857
      vertex 161.40774922676044 -30.790174882140565 36.70928057142857
      vertex 158.99632379739523 -10.003200806266737 36.70928057142857
    endloop
  endfacet
  facet normal 0 0 1
    outer loop
      vertex 161.40774922676044 -30.790174882140565 36.70928057142857
      vertex 159.31068704721804 0 36.70928057142857
      vertex 158.99632379739523 -10.003200806266737 36.70928057142857
    endloop
  endfacet
  facet normal 0 0 1
    outer loop
      vertex 161.40774922676044 -30.790174882140565 36.70928057142857
      vertex 163.02257898100262 -20.59454107535161 36.70928057142857
      vertex 161.40774922676044 30.790174882140533 36.70928057142857
    endloop
  endfacet
  facet normal 0 0 1
    outer loop
      vertex 163.02257898100262 -20.59454107535161 36.70928057142857
      vertex 163.99403309393867 -10.317630023689242 36.70928057142857
      vertex 163.02257898100262 20.594541075351643 36.70928057142857
    endloop
  endfacet
  facet normal 0 0 1
    outer loop
      vertex 163.99403309393867 -10.317630023689242 36.70928057142857
      vertex 164.31827768 0 36.70928057142857
      vertex 163.99403309393867 10.317630023689178 36.70928057142857
    endloop
  endfacet
  facet normal 0.28008818067880537 0.4736032490046871 -0.8350153133782885
    outer loop
      vertex 29.84677380312961 54.2910800010182 -30.70928057142857
      vertex 88.0461360857432 138.73851051561846 36.70928057142857
      vertex 33.19684313194754 52.309854522881345 -30.70928057142857
    endloop
  endfacet
  facet normal 0.30927328469006865 0.4550818187983062 -0.8350153133782884
    outer loop
      vertex 36.41589968711866 50.122185947042 -30.70928057142857
      vertex 33.19684313194754 52.309854522881345 -30.70928057142857
      vertex 96.58386030240345 132.93627912954162 36.70928057142857
    endloop
  endfacet
  facet normal 0.33723782834018784 0.4347643885602323 -0.8350153133782884
    outer loop
      vertex 36.41589968711866 50.122185947042 -30.70928057142857
      vertex 104.74041214741867 126.60940898254937 36.70928057142857
      vertex 39.49123932306677 47.73670800191825 -30.70928057142857
    endloop
  endfacet
  facet normal 0.43476438856023375 0.3372378283401861 -0.8350153133782885
    outer loop
      vertex 47.73670800191826 39.49123932306678 -30.70928057142857
      vertex 132.93627912954162 96.58386030240345 36.70928057142857
      vertex 50.12218594704199 36.41589968711866 -30.70928057142857
    endloop
  endfacet
  facet normal 0.4550818187983058 0.30927328469006937 -0.8350153133782885
    outer loop
      vertex 50.12218594704199 36.41589968711866 -30.70928057142857
      vertex 138.73851051561846 88.0461360857432 36.70928057142857
      vertex 52.309854522881345 33.19684313194754 -30.70928057142857
    endloop
  endfacet
  facet normal 0.36387144835115104 0.41273114190547144 -0.8350153133782885
    outer loop
      vertex 39.49123932306677 47.73670800191825 -30.70928057142857
      vertex 112.48360143703064 119.78286934063996 36.70928057142857
      vertex 42.41072507923782 45.16283507913837 -30.70928057142857
    endloop
  endfacet
  facet normal 0.38906903399252907 0.38906903399252807 -0.8350153133782884
    outer loop
      vertex 42.41072507923782 45.16283507913837 -30.70928057142857
      vertex 119.78286934063996 112.48360143703064 36.70928057142857
      vertex 45.16283507913836 42.41072507923782 -30.70928057142857
    endloop
  endfacet
  facet normal 0.41273114190547006 0.36387144835115265 -0.8350153133782884
    outer loop
      vertex 47.73670800191826 39.49123932306678 -30.70928057142857
      vertex 45.16283507913836 42.41072507923782 -30.70928057142857
      vertex 126.60940898254937 104.74041214741867 36.70928057142857
    endloop
  endfacet
  facet normal 0.017283038455652083 0.5499552009077641 -0.8350153133782884
    outer loop
      vertex 0 61.95442901142857 -30.70928057142857
      vertex 10.317630023689162 163.99403309393867 36.70928057142857
      vertex 3.890150784769559 61.83217609791765 -30.70928057142857
    endloop
  endfacet
  facet normal 0.05178090711003952 0.5477847789804132 -0.8350153133782884
    outer loop
      vertex 7.764948921632487 61.46589983378249 -30.70928057142857
      vertex 3.890150784769559 61.83217609791765 -30.70928057142857
      vertex 20.594541075351646 163.02257898100262 36.70928057142857
    endloop
  endfacet
  facet normal 0.0860744201805139 0.5434525007894867 -0.8350153133782885
    outer loop
      vertex 7.764948921632487 61.46589983378249 -30.70928057142857
      vertex 30.790174882140523 161.40774922676044 36.70928057142857
      vertex 11.609102352569439 60.85704574410188 -30.70928057142857
    endloop
  endfacet
  facet normal 0.15350835688076167 0.5283792300909712 -0.8350153133782885
    outer loop
      vertex 15.407439960215182 60.00801669780886 -30.70928057142857
      vertex 50.777140289541606 156.27596873396047 36.70928057142857
      vertex 19.1449714413277 58.922163424664646 -30.70928057142857
    endloop
  endfacet
  facet normal 0.12002823683819304 0.5369754638577757 -0.8350153133782884
    outer loop
      vertex 11.609102352569439 60.85704574410188 -30.70928057142857
      vertex 40.86429393536248 159.15591682650657 36.70928057142857
      vertex 15.407439960215182 60.00801669780886 -30.70928057142857
    endloop
  endfacet
  facet normal 0.18638264957001385 0.5176977248965077 -0.8350153133782885
    outer loop
      vertex 19.1449714413277 58.922163424664646 -30.70928057142857
      vertex 60.48959246886668 152.7792707885203 36.70928057142857
      vertex 22.806946466666773 57.603771291459196 -30.70928057142857
    endloop
  endfacet
  facet normal 0.21852137509155037 0.5049731032954693 -0.8350153133782884
    outer loop
      vertex 22.806946466666773 57.603771291459196 -30.70928057142857
      vertex 69.9633198617833 148.67962285948732 36.70928057142857
      vertex 26.37891289380465 56.058043389626164 -30.70928057142857
    endloop
  endfacet
  facet normal 0.24979769657851977 0.4902555835559902 -0.8350153133782885
    outer loop
      vertex 26.37891289380465 56.058043389626164 -30.70928057142857
      vertex 79.16093399440587 143.99320438428649 36.70928057142857
      vertex 29.84677380312961 54.2910800010182 -30.70928057142857
    endloop
  endfacet
  facet normal 0.549955200907764 0.01728303845566919 -0.8350153133782883
    outer loop
      vertex 60.99442901142857 0 -31.3415527997491
      vertex 60.99807956383627 0.11616246112922957 -31.336744168696146
      vertex 164.31827768 0 36.70928057142857
    endloop
  endfacet
  facet normal 0.5499552009077645 0.01728303845561154 -0.835015313378289
    outer loop
      vertex 60.99807956383627 0.11616246112922957 -31.336744168696146
      vertex 61.00901681399679 0.23186648209396252 -31.327145884060165
      vertex 164.31827768 0 36.70928057142857
    endloop
  endfacet
  facet normal 0.549955200907764 0.017283038455680064 -0.8350153133782879
    outer loop
      vertex 61.00901681399679 0.23186648209396252 -31.327145884060165
      vertex 61.027197597580496 0.34665543198359094 -31.312795825885555
      vertex 164.31827768 0 36.70928057142857
    endloop
  endfacet
  facet normal 0.5499552009077641 0.017283038455654848 -0.8350153133782884
    outer loop
      vertex 61.027197597580496 0.34665543198359094 -31.312795825885555
      vertex 61.052550163340605 0.4600762912549815 -31.293750627296024
      vertex 164.31827768 0 36.70928057142857
    endloop
  endfacet
  facet normal 0.5499552009077642 0.017283038455646545 -0.8350153133782885
    outer loop
      vertex 61.052550163340605 0.4600762912549815 -31.293750627296024
      vertex 61.08497445628254 0.5716814395936527 -31.270085450989484
      vertex 164.31827768 0 36.70928057142857
    endloop
  endfacet
  facet normal 0.5499552009077641 0.01728303845565568 -0.8350153133782884
    outer loop
      vertex 61.08497445628254 0.5716814395936527 -31.270085450989484
      vertex 61.12434251253531 0.6810304224666541 -31.24189369260522
      vertex 164.31827768 0 36.70928057142857
    endloop
  endfacet
  facet normal 0.5499552009077642 0.017283038455638614 -0.8350153133782886
    outer loop
      vertex 61.12434251253531 0.6810304224666541 -31.24189369260522
      vertex 61.17049896436644 0.787691689395384 -31.20928661213399
      vertex 164.31827768 0 36.70928057142857
    endloop
  endfacet
  facet normal 0.5499552009077643 0.01728303845564895 -0.8350153133782884
    outer loop
      vertex 61.17049896436644 0.787691689395384 -31.20928661213399
      vertex 61.22326165334743 0.8912442970881735 -31.172392894825652
      vertex 163.99403309393867 10.317630023689178 36.70928057142857
    endloop
  endfacet
  facet normal 0.549955200907763 0.01728303845566948 -0.8350153133782888
    outer loop
      vertex 61.22326165334743 0.8912442970881735 -31.172392894825652
      vertex 61.28242234924985 0.991279570711144 -31.131358143327287
      vertex 163.99403309393867 10.317630023689178 36.70928057142857
    endloop
  endfacet
  facet normal 0.5499552009077654 0.017283038455634288 -0.8350153133782879
    outer loop
      vertex 61.28242234924985 0.991279570711144 -31.131358143327287
      vertex 61.34774757183492 1.0874027167410754 -31.08634430305607
      vertex 163.99403309393867 10.317630023689178 36.70928057142857
    endloop
  endfacet
  facet normal 0.5499552009077651 0.017283038455640394 -0.8350153133782882
    outer loop
      vertex 61.34774757183492 1.0874027167410754 -31.08634430305607
      vertex 61.41897951229336 1.1792343810350758 -31.03752902307468
      vertex 163.99403309393867 10.317630023689178 36.70928057142857
    endloop
  endfacet
  facet normal 0.5499552009077624 0.01728303845567718 -0.8350153133782892
    outer loop
      vertex 61.41897951229336 1.1792343810350758 -31.03752902307468
      vertex 61.49583705069896 1.2664121459680737 -30.985104954991616
      vertex 163.99403309393867 10.317630023689178 36.70928057142857
    endloop
  endfacet
  facet normal 0.5499552009077653 0.01728303845563584 -0.835015313378288
    outer loop
      vertex 61.49583705069896 1.2664121459680737 -30.985104954991616
      vertex 61.5780168654605 1.3485919607296117 -30.929278992653334
      vertex 163.99403309393867 10.317630023689178 36.70928057142857
    endloop
  endfacet
  facet normal 0.5499552009077634 0.01728303845566239 -0.8350153133782887
    outer loop
      vertex 61.5780168654605 1.3485919607296117 -30.929278992653334
      vertex 61.6651946303935 1.4254494991352105 -30.870271455628718
      vertex 163.99403309393867 10.317630023689178 36.70928057142857
    endloop
  endfacet
  facet normal 0.5499552009077626 0.017283038455672806 -0.8350153133782889
    outer loop
      vertex 61.6651946303935 1.4254494991352105 -30.870271455628718
      vertex 61.7570262946875 1.496681439593653 -30.808315219708433
      vertex 163.99403309393867 10.317630023689178 36.70928057142857
    endloop
  endfacet
  facet normal 0.5499552009077645 0.01728303845564677 -0.8350153133782883
    outer loop
      vertex 61.7570262946875 1.496681439593653 -30.808315219708433
      vertex 61.85314944071743 1.5620066621787279 -30.743654797850542
      vertex 163.99403309393867 10.317630023689178 36.70928057142857
    endloop
  endfacet
  facet normal 0.5499552009077604 0.01728303845570648 -0.8350153133782898
    outer loop
      vertex 61.85314944071743 1.5620066621787279 -30.743654797850542
      vertex 61.9043886707669 1.592309458356963 -30.70928057142857
      vertex 163.99403309393867 10.317630023689178 36.70928057142857
    endloop
  endfacet
  facet normal 0.5499552009077642 0.01728303845565118 -0.8350153133782885
    outer loop
      vertex 61.9043886707669 1.592309458356963 -30.70928057142857
      vertex 61.83217609791765 3.890150784769565 -30.70928057142857
      vertex 163.99403309393867 10.317630023689178 36.70928057142857
    endloop
  endfacet
  facet normal 0.5477847789804132 0.05178090711004062 -0.8350153133782884
    outer loop
      vertex 61.46589983378248 7.764948921632485 -30.70928057142857
      vertex 163.99403309393867 10.317630023689178 36.70928057142857
      vertex 61.83217609791765 3.890150784769565 -30.70928057142857
    endloop
  endfacet
  facet normal 0.5434525007894869 0.08607442018051281 -0.8350153133782884
    outer loop
      vertex 61.46589983378248 7.764948921632485 -30.70928057142857
      vertex 60.85704574410188 11.609102352569442 -30.70928057142857
      vertex 163.02257898100262 20.594541075351643 36.70928057142857
    endloop
  endfacet
  facet normal 0.5369754638577756 0.12002823683819323 -0.8350153133782885
    outer loop
      vertex 60.85704574410188 11.609102352569442 -30.70928057142857
      vertex 60.00801669780886 15.407439960215179 -30.70928057142857
      vertex 161.40774922676044 30.790174882140533 36.70928057142857
    endloop
  endfacet
  facet normal 0.5176977248965072 0.1863826495700153 -0.8350153133782884
    outer loop
      vertex 58.92216342466465 19.1449714413277 -30.70928057142857
      vertex 57.60377129145919 22.80694646666678 -30.70928057142857
      vertex 156.27596873396047 50.777140289541606 36.70928057142857
    endloop
  endfacet
  facet normal 0.5049731032954694 0.21852137509155026 -0.8350153133782885
    outer loop
      vertex 56.058043389626164 26.378912893804642 -30.70928057142857
      vertex 152.77927078852028 60.489592468866704 36.70928057142857
      vertex 57.60377129145919 22.80694646666678 -30.70928057142857
    endloop
  endfacet
  facet normal 0.5283792300909715 0.15350835688076062 -0.8350153133782884
    outer loop
      vertex 58.92216342466465 19.1449714413277 -30.70928057142857
      vertex 159.15591682650657 40.864293935362475 36.70928057142857
      vertex 60.00801669780886 15.407439960215179 -30.70928057142857
    endloop
  endfacet
  facet normal 0.49025558355599014 0.24979769657851997 -0.8350153133782885
    outer loop
      vertex 56.058043389626164 26.378912893804642 -30.70928057142857
      vertex 54.291080001018194 29.846773803129615 -30.70928057142857
      vertex 148.67962285948732 69.96331986178329 36.70928057142857
    endloop
  endfacet
  facet normal 0.47360324900468737 0.28008818067880487 -0.8350153133782885
    outer loop
      vertex 54.291080001018194 29.846773803129615 -30.70928057142857
      vertex 52.309854522881345 33.19684313194754 -30.70928057142857
      vertex 143.99320438428649 79.16093399440588 36.70928057142857
    endloop
  endfacet
  facet normal 0.017283038455651857 0.5499552009077642 -0.8350153133782885
    outer loop
      vertex 0 61.95442901142857 -30.70928057142857
      vertex 0 164.31827768 36.70928057142857
      vertex 10.317630023689162 163.99403309393867 36.70928057142857
    endloop
  endfacet
  facet normal 0.05178090711004091 0.5477847789804131 -0.8350153133782885
    outer loop
      vertex 3.890150784769559 61.83217609791765 -30.70928057142857
      vertex 10.317630023689162 163.99403309393867 36.70928057142857
      vertex 20.594541075351646 163.02257898100262 36.70928057142857
    endloop
  endfacet
  facet normal 0.08607442018051284 0.543452500789487 -0.8350153133782883
    outer loop
      vertex 7.764948921632487 61.46589983378249 -30.70928057142857
      vertex 20.594541075351646 163.02257898100262 36.70928057142857
      vertex 30.790174882140523 161.40774922676044 36.70928057142857
    endloop
  endfacet
  facet normal 0.12002823683819445 0.5369754638577753 -0.8350153133782884
    outer loop
      vertex 11.609102352569439 60.85704574410188 -30.70928057142857
      vertex 30.790174882140523 161.40774922676044 36.70928057142857
      vertex 40.86429393536248 159.15591682650657 36.70928057142857
    endloop
  endfacet
  facet normal 0.15350835688075995 0.5283792300909717 -0.8350153133782885
    outer loop
      vertex 15.407439960215182 60.00801669780886 -30.70928057142857
      vertex 40.86429393536248 159.15591682650657 36.70928057142857
      vertex 50.777140289541606 156.27596873396047 36.70928057142857
    endloop
  endfacet
  facet normal 0.18638264957001432 0.5176977248965077 -0.8350153133782885
    outer loop
      vertex 19.1449714413277 58.922163424664646 -30.70928057142857
      vertex 50.777140289541606 156.27596873396047 36.70928057142857
      vertex 60.48959246886668 152.7792707885203 36.70928057142857
    endloop
  endfacet
  facet normal 0.2185213750915504 0.5049731032954694 -0.8350153133782884
    outer loop
      vertex 22.806946466666773 57.603771291459196 -30.70928057142857
      vertex 60.48959246886668 152.7792707885203 36.70928057142857
      vertex 69.9633198617833 148.67962285948732 36.70928057142857
    endloop
  endfacet
  facet normal 0.24979769657852016 0.49025558355599014 -0.8350153133782885
    outer loop
      vertex 26.37891289380465 56.058043389626164 -30.70928057142857
      vertex 69.9633198617833 148.67962285948732 36.70928057142857
      vertex 79.16093399440587 143.99320438428649 36.70928057142857
    endloop
  endfacet
  facet normal 0.280088180678805 0.473603249004687 -0.8350153133782885
    outer loop
      vertex 29.84677380312961 54.2910800010182 -30.70928057142857
      vertex 79.16093399440587 143.99320438428649 36.70928057142857
      vertex 88.0461360857432 138.73851051561846 36.70928057142857
    endloop
  endfacet
  facet normal 0.3092732846900691 0.4550818187983058 -0.8350153133782886
    outer loop
      vertex 33.19684313194754 52.309854522881345 -30.70928057142857
      vertex 88.0461360857432 138.73851051561846 36.70928057142857
      vertex 96.58386030240345 132.93627912954162 36.70928057142857
    endloop
  endfacet
  facet normal 0.3372378283401874 0.43476438856023314 -0.8350153133782883
    outer loop
      vertex 36.41589968711866 50.122185947042 -30.70928057142857
      vertex 96.58386030240345 132.93627912954162 36.70928057142857
      vertex 104.74041214741867 126.60940898254937 36.70928057142857
    endloop
  endfacet
  facet normal 0 0 1
    outer loop
      vertex 0 164.31827768 36.70928057142857
      vertex 0 159.31068704721804 36.70928057142857
      vertex 10.003200806266658 158.99632379739523 36.70928057142857
    endloop
  endfacet
  facet normal 0 0 1
    outer loop
      vertex 0 164.31827768 36.70928057142857
      vertex 10.003200806266658 158.99632379739523 36.70928057142857
      vertex 10.317630023689162 163.99403309393867 36.70928057142857
    endloop
  endfacet
  facet normal 0 0 1
    outer loop
      vertex 10.317630023689162 163.99403309393867 36.70928057142857
      vertex 10.003200806266658 158.99632379739523 36.70928057142857
      vertex 19.966923548978762 158.05447469605497 36.70928057142857
    endloop
  endfacet
  facet normal 0 0 1
    outer loop
      vertex 10.317630023689162 163.99403309393867 36.70928057142857
      vertex 19.966923548978762 158.05447469605497 36.70928057142857
      vertex 20.594541075351646 163.02257898100262 36.70928057142857
    endloop
  endfacet
  facet normal 0 0 1
    outer loop
      vertex 20.594541075351646 163.02257898100262 36.70928057142857
      vertex 19.966923548978762 158.05447469605497 36.70928057142857
      vertex 29.85184596646268 156.48885679131033 36.70928057142857
    endloop
  endfacet
  facet normal 0 0 1
    outer loop
      vertex 20.594541075351646 163.02257898100262 36.70928057142857
      vertex 29.85184596646268 156.48885679131033 36.70928057142857
      vertex 30.790174882140523 161.40774922676044 36.70928057142857
    endloop
  endfacet
  facet normal 0 0 1
    outer loop
      vertex 30.790174882140523 161.40774922676044 36.70928057142857
      vertex 29.85184596646268 156.48885679131033 36.70928057142857
      vertex 39.618956785928155 154.3056488617685 36.70928057142857
    endloop
  endfacet
  facet normal 0 0 1
    outer loop
      vertex 30.790174882140523 161.40774922676044 36.70928057142857
      vertex 39.618956785928155 154.3056488617685 36.70928057142857
      vertex 40.86429393536248 159.15591682650657 36.70928057142857
    endloop
  endfacet
  facet normal 0 0 1
    outer loop
      vertex 40.86429393536248 159.15591682650657 36.70928057142857
      vertex 39.618956785928155 154.3056488617685 36.70928057142857
      vertex 49.22970968313918 151.5134670317146 36.70928057142857
    endloop
  endfacet
  facet normal 0 0 1
    outer loop
      vertex 40.86429393536248 159.15591682650657 36.70928057142857
      vertex 49.22970968313918 151.5134670317146 36.70928057142857
      vertex 50.777140289541606 156.27596873396047 36.70928057142857
    endloop
  endfacet
  facet normal 0 0 1
    outer loop
      vertex 50.777140289541606 156.27596873396047 36.70928057142857
      vertex 49.22970968313918 151.5134670317146 36.70928057142857
      vertex 58.64617540714584 148.12333076720535 36.70928057142857
    endloop
  endfacet
  facet normal 0 0 1
    outer loop
      vertex 50.777140289541606 156.27596873396047 36.70928057142857
      vertex 58.64617540714584 148.12333076720535 36.70928057142857
      vertex 60.48959246886668 152.7792707885203 36.70928057142857
    endloop
  endfacet
  facet normal 0 0 1
    outer loop
      vertex 79.16093399440587 143.99320438428649 36.70928057142857
      vertex 76.74850880866582 139.60501926185458 36.70928057142857
      vertex 85.3629348464128 134.51046190487835 36.70928057142857
    endloop
  endfacet
  facet normal 0 0 1
    outer loop
      vertex 60.48959246886668 152.7792707885203 36.70928057142857
      vertex 58.64617540714584 148.12333076720535 36.70928057142857
      vertex 67.8311914697095 144.14861938727077 36.70928057142857
    endloop
  endfacet
  facet normal 0 0 1
    outer loop
      vertex 60.48959246886668 152.7792707885203 36.70928057142857
      vertex 67.8311914697095 144.14861938727077 36.70928057142857
      vertex 69.9633198617833 148.67962285948732 36.70928057142857
    endloop
  endfacet
  facet normal 0 0 1
    outer loop
      vertex 69.9633198617833 148.67962285948732 36.70928057142857
      vertex 67.8311914697095 144.14861938727077 36.70928057142857
      vertex 76.74850880866582 139.60501926185458 36.70928057142857
    endloop
  endfacet
  facet normal 0 0 1
    outer loop
      vertex 69.9633198617833 148.67962285948732 36.70928057142857
      vertex 76.74850880866582 139.60501926185458 36.70928057142857
      vertex 79.16093399440587 143.99320438428649 36.70928057142857
    endloop
  endfacet
  facet normal 0.4347643885602329 0.33723782834018706 -0.8350153133782885
    outer loop
      vertex 47.73670800191826 39.49123932306678 -30.70928057142857
      vertex 126.60940898254937 104.74041214741867 36.70928057142857
      vertex 132.93627912954162 96.58386030240345 36.70928057142857
    endloop
  endfacet
  facet normal 0.5176977248965074 0.18638264957001444 -0.8350153133782886
    outer loop
      vertex 57.60377129145919 22.80694646666678 -30.70928057142857
      vertex 152.77927078852028 60.489592468866704 36.70928057142857
      vertex 156.27596873396047 50.777140289541606 36.70928057142857
    endloop
  endfacet
  facet normal 0.4902555835559904 0.24979769657851958 -0.8350153133782883
    outer loop
      vertex 54.291080001018194 29.846773803129615 -30.70928057142857
      vertex 143.99320438428649 79.16093399440588 36.70928057142857
      vertex 148.67962285948732 69.96331986178329 36.70928057142857
    endloop
  endfacet
  facet normal 0.5049731032954694 0.2185213750915499 -0.8350153133782885
    outer loop
      vertex 56.058043389626164 26.378912893804642 -30.70928057142857
      vertex 148.67962285948732 69.96331986178329 36.70928057142857
      vertex 152.77927078852028 60.489592468866704 36.70928057142857
    endloop
  endfacet
  facet normal 0.4736032490046872 0.28008818067880553 -0.8350153133782884
    outer loop
      vertex 52.309854522881345 33.19684313194754 -30.70928057142857
      vertex 138.73851051561846 88.0461360857432 36.70928057142857
      vertex 143.99320438428649 79.16093399440588 36.70928057142857
    endloop
  endfacet
  facet normal 0.4550818187983061 0.3092732846900686 -0.8350153133782885
    outer loop
      vertex 50.12218594704199 36.41589968711866 -30.70928057142857
      vertex 132.93627912954162 96.58386030240345 36.70928057142857
      vertex 138.73851051561846 88.0461360857432 36.70928057142857
    endloop
  endfacet
  facet normal 0.5499552009077642 0.017283038455651836 -0.8350153133782884
    outer loop
      vertex 61.17049896436644 0.787691689395384 -31.20928661213399
      vertex 163.99403309393867 10.317630023689178 36.70928057142857
      vertex 164.31827768 0 36.70928057142857
    endloop
  endfacet
  facet normal 0.5477847789804132 0.05178090711004028 -0.8350153133782886
    outer loop
      vertex 61.46589983378248 7.764948921632485 -30.70928057142857
      vertex 163.02257898100262 20.594541075351643 36.70928057142857
      vertex 163.99403309393867 10.317630023689178 36.70928057142857
    endloop
  endfacet
  facet normal 0.5369754638577755 0.12002823683819476 -0.8350153133782884
    outer loop
      vertex 60.00801669780886 15.407439960215179 -30.70928057142857
      vertex 159.15591682650657 40.864293935362475 36.70928057142857
      vertex 161.40774922676044 30.790174882140533 36.70928057142857
    endloop
  endfacet
  facet normal 0.543452500789487 0.08607442018051273 -0.8350153133782884
    outer loop
      vertex 60.85704574410188 11.609102352569442 -30.70928057142857
      vertex 161.40774922676044 30.790174882140533 36.70928057142857
      vertex 163.02257898100262 20.594541075351643 36.70928057142857
    endloop
  endfacet
  facet normal 0.5283792300909718 0.15350835688075976 -0.8350153133782886
    outer loop
      vertex 58.92216342466465 19.1449714413277 -30.70928057142857
      vertex 156.27596873396047 50.777140289541606 36.70928057142857
      vertex 159.15591682650657 40.864293935362475 36.70928057142857
    endloop
  endfacet
  facet normal 0 0 1
    outer loop
      vertex 161.40774922676044 -30.790174882140565 36.70928057142857
      vertex 159.15591682650657 40.864293935362475 36.70928057142857
      vertex 159.31068704721804 0 36.70928057142857
    endloop
  endfacet
  facet normal 0 0 1
    outer loop
      vertex 163.99403309393867 -10.317630023689242 36.70928057142857
      vertex 163.99403309393867 10.317630023689178 36.70928057142857
      vertex 163.02257898100262 20.594541075351643 36.70928057142857
    endloop
  endfacet
  facet normal 0 0 1
    outer loop
      vertex 163.02257898100262 -20.59454107535161 36.70928057142857
      vertex 163.02257898100262 20.594541075351643 36.70928057142857
      vertex 161.40774922676044 30.790174882140533 36.70928057142857
    endloop
  endfacet
  facet normal 0 0 1
    outer loop
      vertex 159.15591682650657 40.864293935362475 36.70928057142857
      vertex 158.99632379739523 10.003200806266674 36.70928057142857
      vertex 159.31068704721804 0 36.70928057142857
    endloop
  endfacet
  facet normal 0 0 1
    outer loop
      vertex 161.40774922676044 -30.790174882140565 36.70928057142857
      vertex 161.40774922676044 30.790174882140533 36.70928057142857
      vertex 159.15591682650657 40.864293935362475 36.70928057142857
    endloop
  endfacet
  facet normal 0 0 1
    outer loop
      vertex 159.15591682650657 40.864293935362475 36.70928057142857
      vertex 158.05447469605497 19.96692354897876 36.70928057142857
      vertex 158.99632379739523 10.003200806266674 36.70928057142857
    endloop
  endfacet
  facet normal 0 0 1
    outer loop
      vertex 156.27596873396047 50.777140289541606 36.70928057142857
      vertex 156.48885679131033 29.851845966462687 36.70928057142857
      vertex 158.05447469605497 19.96692354897876 36.70928057142857
    endloop
  endfacet
  facet normal 0 0 1
    outer loop
      vertex 156.27596873396047 50.777140289541606 36.70928057142857
      vertex 154.3056488617685 39.61895678592815 36.70928057142857
      vertex 156.48885679131033 29.851845966462687 36.70928057142857
    endloop
  endfacet
  facet normal 0 0 1
    outer loop
      vertex 159.15591682650657 40.864293935362475 36.70928057142857
      vertex 156.27596873396047 50.777140289541606 36.70928057142857
      vertex 158.05447469605497 19.96692354897876 36.70928057142857
    endloop
  endfacet
  facet normal 0 0 1
    outer loop
      vertex 143.99320438428649 79.16093399440588 36.70928057142857
      vertex 139.60501926185458 76.74850880866583 36.70928057142857
      vertex 144.14861938727077 67.8311914697095 36.70928057142857
    endloop
  endfacet
  facet normal 0 0 1
    outer loop
      vertex 143.99320438428649 79.16093399440588 36.70928057142857
      vertex 138.73851051561846 88.0461360857432 36.70928057142857
      vertex 139.60501926185458 76.74850880866583 36.70928057142857
    endloop
  endfacet
  facet normal 0 0 1
    outer loop
      vertex 152.77927078852028 60.489592468866704 36.70928057142857
      vertex 151.5134670317146 49.22970968313918 36.70928057142857
      vertex 154.3056488617685 39.61895678592815 36.70928057142857
    endloop
  endfacet
  facet normal 0 0 1
    outer loop
      vertex 148.67962285948732 69.96331986178329 36.70928057142857
      vertex 148.12333076720535 58.64617540714586 36.70928057142857
      vertex 151.5134670317146 49.22970968313918 36.70928057142857
    endloop
  endfacet
  facet normal 0 0 1
    outer loop
      vertex 152.77927078852028 60.489592468866704 36.70928057142857
      vertex 148.67962285948732 69.96331986178329 36.70928057142857
      vertex 151.5134670317146 49.22970968313918 36.70928057142857
    endloop
  endfacet
  facet normal 0 0 1
    outer loop
      vertex 152.77927078852028 60.489592468866704 36.70928057142857
      vertex 154.3056488617685 39.61895678592815 36.70928057142857
      vertex 156.27596873396047 50.777140289541606 36.70928057142857
    endloop
  endfacet
  facet normal 0 0 1
    outer loop
      vertex 143.99320438428649 79.16093399440588 36.70928057142857
      vertex 144.14861938727077 67.8311914697095 36.70928057142857
      vertex 148.12333076720535 58.64617540714586 36.70928057142857
    endloop
  endfacet
  facet normal 0 0 1
    outer loop
      vertex 148.67962285948732 69.96331986178329 36.70928057142857
      vertex 143.99320438428649 79.16093399440588 36.70928057142857
      vertex 148.12333076720535 58.64617540714586 36.70928057142857
    endloop
  endfacet
  facet normal 0.3638714483511518 0.4127311419054713 -0.8350153133782883
    outer loop
      vertex 39.49123932306677 47.73670800191825 -30.70928057142857
      vertex 104.74041214741867 126.60940898254937 36.70928057142857
      vertex 112.48360143703064 119.78286934063996 36.70928057142857
    endloop
  endfacet
  facet normal 0.38906903399252823 0.38906903399252823 -0.8350153133782888
    outer loop
      vertex 42.41072507923782 45.16283507913837 -30.70928057142857
      vertex 112.48360143703064 119.78286934063996 36.70928057142857
      vertex 119.78286934063996 112.48360143703064 36.70928057142857
    endloop
  endfacet
  facet normal 0.4127311419054713 0.36387144835115176 -0.8350153133782883
    outer loop
      vertex 45.16283507913836 42.41072507923782 -30.70928057142857
      vertex 119.78286934063996 112.48360143703064 36.70928057142857
      vertex 126.60940898254937 104.74041214741867 36.70928057142857
    endloop
  endfacet
  facet normal 0 0 1
    outer loop
      vertex 104.74041214741867 126.60940898254937 36.70928057142857
      vertex 101.54845374724263 122.75099408559088 36.70928057142857
      vertex 109.05566976168414 116.13249287037257 36.70928057142857
    endloop
  endfacet
  facet normal 0 0 1
    outer loop
      vertex 112.48360143703064 119.78286934063996 36.70928057142857
      vertex 109.05566976168414 116.13249287037257 36.70928057142857
      vertex 116.13249287037257 109.05566976168414 36.70928057142857
    endloop
  endfacet
  facet normal 0 0 1
    outer loop
      vertex 112.48360143703064 119.78286934063996 36.70928057142857
      vertex 104.74041214741867 126.60940898254937 36.70928057142857
      vertex 109.05566976168414 116.13249287037257 36.70928057142857
    endloop
  endfacet
  facet normal 0 0 1
    outer loop
      vertex 119.78286934063996 112.48360143703064 36.70928057142857
      vertex 116.13249287037257 109.05566976168414 36.70928057142857
      vertex 122.75099408559088 101.54845374724263 36.70928057142857
    endloop
  endfacet
  facet normal 0 0 1
    outer loop
      vertex 119.78286934063996 112.48360143703064 36.70928057142857
      vertex 122.75099408559088 101.54845374724263 36.70928057142857
      vertex 126.60940898254937 104.74041214741867 36.70928057142857
    endloop
  endfacet
  facet normal 0 0 1
    outer loop
      vertex 112.48360143703064 119.78286934063996 36.70928057142857
      vertex 116.13249287037257 109.05566976168414 36.70928057142857
      vertex 119.78286934063996 112.48360143703064 36.70928057142857
    endloop
  endfacet
  facet normal 0 0 1
    outer loop
      vertex 79.16093399440587 143.99320438428649 36.70928057142857
      vertex 85.3629348464128 134.51046190487835 36.70928057142857
      vertex 88.0461360857432 138.73851051561846 36.70928057142857
    endloop
  endfacet
  facet normal 0 0 1
    outer loop
      vertex 88.0461360857432 138.73851051561846 36.70928057142857
      vertex 85.3629348464128 134.51046190487835 36.70928057142857
      vertex 93.6404723789363 128.88505320674818 36.70928057142857
    endloop
  endfacet
  facet normal 0 0 1
    outer loop
      vertex 96.58386030240345 132.93627912954162 36.70928057142857
      vertex 93.6404723789363 128.88505320674818 36.70928057142857
      vertex 101.54845374724263 122.75099408559088 36.70928057142857
    endloop
  endfacet
  facet normal 0 0 1
    outer loop
      vertex 96.58386030240345 132.93627912954162 36.70928057142857
      vertex 101.54845374724263 122.75099408559088 36.70928057142857
      vertex 104.74041214741867 126.60940898254937 36.70928057142857
    endloop
  endfacet
  facet normal 0 0 1
    outer loop
      vertex 88.0461360857432 138.73851051561846 36.70928057142857
      vertex 93.6404723789363 128.88505320674818 36.70928057142857
      vertex 96.58386030240345 132.93627912954162 36.70928057142857
    endloop
  endfacet
  facet normal 0 0 1
    outer loop
      vertex 132.93627912954162 96.58386030240345 36.70928057142857
      vertex 128.88505320674818 93.6404723789363 36.70928057142857
      vertex 134.51046190487835 85.3629348464128 36.70928057142857
    endloop
  endfacet
  facet normal 0 0 1
    outer loop
      vertex 126.60940898254937 104.74041214741867 36.70928057142857
      vertex 122.75099408559088 101.54845374724263 36.70928057142857
      vertex 128.88505320674818 93.6404723789363 36.70928057142857
    endloop
  endfacet
  facet normal 0 0 1
    outer loop
      vertex 132.93627912954162 96.58386030240345 36.70928057142857
      vertex 126.60940898254937 104.74041214741867 36.70928057142857
      vertex 128.88505320674818 93.6404723789363 36.70928057142857
    endloop
  endfacet
  facet normal 0 0 1
    outer loop
      vertex 138.73851051561846 88.0461360857432 36.70928057142857
      vertex 134.51046190487835 85.3629348464128 36.70928057142857
      vertex 139.60501926185458 76.74850880866583 36.70928057142857
    endloop
  endfacet
  facet normal 0 0 1
    outer loop
      vertex 132.93627912954162 96.58386030240345 36.70928057142857
      vertex 134.51046190487835 85.3629348464128 36.70928057142857
      vertex 138.73851051561846 88.0461360857432 36.70928057142857
    endloop
  endfacet
  facet normal 0.5370264568609474 0.12003963512484718 0.8349808803981505
    outer loop
      vertex -156.48885679131033 -29.85184596646272 36.70928057142857
      vertex -46.348660453378784 -11.900313365929136 -36.70928057142857
      vertex -47.00442881812676 -8.966574346514097 -36.70928057142857
    endloop
  endfacet
  facet normal 0.5435041088739564 0.08608259409808694 0.8349808803981507
    outer loop
      vertex -158.05447469605497 -19.966923548978727 36.70928057142857
      vertex -47.00442881812676 -8.966574346514097 -36.70928057142857
      vertex -47.47469217661046 -5.997448354591505 -36.70928057142857
    endloop
  endfacet
  facet normal 0.5478367984726474 0.051785824399821295 0.8349808803981507
    outer loop
      vertex -47.757594614196826 -3.004653173986884 -36.70928057142857
      vertex -158.99632379739523 -10.003200806266658 36.70928057142857
      vertex -47.47469217661046 -5.997448354591505 -36.70928057142857
    endloop
  endfacet
  facet normal 0.5500074265105933 0.017284679711344297 0.8349808803981504
    outer loop
      vertex -159.31068704721804 0 36.70928057142857
      vertex -47.757594614196826 -3.004653173986884 -36.70928057142857
      vertex -47.852019644210536 0 -36.70928057142857
    endloop
  endfacet
  facet normal 0.12003963512484718 0.5370264568609474 0.8349808803981505
    outer loop
      vertex -39.618956785928155 -154.3056488617685 36.70928057142857
      vertex -8.966574346514097 -47.00442881812676 -36.70928057142857
      vertex -11.900313365929136 -46.348660453378784 -36.70928057142857
    endloop
  endfacet
  facet normal 0.08608259409808694 0.5435041088739564 0.8349808803981507
    outer loop
      vertex -29.85184596646272 -156.48885679131033 36.70928057142857
      vertex -5.997448354591505 -47.47469217661046 -36.70928057142857
      vertex -8.966574346514097 -47.00442881812676 -36.70928057142857
    endloop
  endfacet
  facet normal 0.0517858243998205 0.5478367984726474 0.8349808803981507
    outer loop
      vertex -19.966923548978727 -158.05447469605497 36.70928057142857
      vertex -3.0046531739869073 -47.757594614196826 -36.70928057142857
      vertex -5.997448354591505 -47.47469217661046 -36.70928057142857
    endloop
  endfacet
  facet normal 0.017284679711340435 0.5500074265105932 0.8349808803981507
    outer loop
      vertex -3.0046531739869073 -47.757594614196826 -36.70928057142857
      vertex -10.003200806266737 -158.99632379739523 36.70928057142857
      vertex 0 -47.852019644210536 -36.70928057142857
    endloop
  endfacet
  facet normal 0.4736482239683573 0.28011477879817603 0.83498088039815
    outer loop
      vertex -139.60501926185458 -76.74850880866585 36.70928057142857
      vertex -40.402796477277946 -25.640394319229323 -36.70928057142857
      vertex -41.93304446781187 -23.052886276785884 -36.70928057142857
    endloop
  endfacet
  facet normal 0.41277033624831305 0.3639060028125176 0.8349808803981505
    outer loop
      vertex -122.7509940855909 -101.54845374724262 36.70928057142857
      vertex -34.882621079382574 -32.756961560287074 -36.70928057142857
      vertex -36.87061482943143 -30.50202527914535 -36.70928057142857
    endloop
  endfacet
  facet normal 0.4551250349044268 0.30930265432545984 0.8349808803981499
    outer loop
      vertex -134.51046190487833 -85.36293484641281 36.70928057142857
      vertex -38.71309710733015 -28.12671143927667 -36.70928057142857
      vertex -40.402796477277946 -25.640394319229323 -36.70928057142857
    endloop
  endfacet
  facet normal 0.43480567525457414 0.33726985358306694 0.8349808803981504
    outer loop
      vertex -128.88505320674818 -93.6404723789363 36.70928057142857
      vertex -36.87061482943143 -30.50202527914535 -36.70928057142857
      vertex -38.71309710733015 -28.12671143927667 -36.70928057142857
    endloop
  endfacet
  facet normal 0.363906002812516 0.41277033624831605 0.8349808803981498
    outer loop
      vertex -109.05566976168411 -116.13249287037259 36.70928057142857
      vertex -30.50202527914535 -36.87061482943143 -36.70928057142857
      vertex -32.756961560287074 -34.88262107938258 -36.70928057142857
    endloop
  endfacet
  facet normal 0.33726985358306455 0.4348056752545763 0.8349808803981502
    outer loop
      vertex -101.54845374724262 -122.7509940855909 36.70928057142857
      vertex -28.12671143927667 -38.71309710733015 -36.70928057142857
      vertex -30.50202527914535 -36.87061482943143 -36.70928057142857
    endloop
  endfacet
  facet normal 0.280114778798174 0.47364822396835765 0.8349808803981507
    outer loop
      vertex -85.36293484641281 -134.51046190487833 36.70928057142857
      vertex -23.052886276785884 -41.93304446781187 -36.70928057142857
      vertex -25.640394319229323 -40.402796477277946 -36.70928057142857
    endloop
  endfacet
  facet normal 0.30930265432545806 0.4551250349044253 0.8349808803981513
    outer loop
      vertex -93.6404723789363 -128.88505320674818 36.70928057142857
      vertex -25.640394319229323 -40.402796477277946 -36.70928057142857
      vertex -28.12671143927667 -38.71309710733015 -36.70928057142857
    endloop
  endfacet
  facet normal 0.38910598130170837 0.3891059813017061 0.8349808803981509
    outer loop
      vertex -116.13249287037259 -109.05566976168411 36.70928057142857
      vertex -32.756961560287074 -34.88262107938258 -36.70928057142857
      vertex -34.882621079382574 -32.756961560287074 -36.70928057142857
    endloop
  endfacet
  facet normal 0.5050210572464244 0.21854212661917852 0.8349808803981505
    outer loop
      vertex -44.49168266744965 -17.61550332658342 -36.70928057142857
      vertex -148.12333076720535 -58.64617540714584 36.70928057142857
      vertex -43.297801889217084 -20.37439902406989 -36.70928057142857
    endloop
  endfacet
  facet normal 0.49030213988157734 0.24982141821124254 0.8349808803981499
    outer loop
      vertex -144.14861938727077 -67.83119146970945 36.70928057142857
      vertex -41.93304446781187 -23.052886276785884 -36.70928057142857
      vertex -43.297801889217084 -20.37439902406989 -36.70928057142857
    endloop
  endfacet
  facet normal 0.517746887220495 0.18640034909574926 0.8349808803981507
    outer loop
      vertex -151.5134670317146 -49.22970968313918 36.70928057142857
      vertex -44.49168266744965 -17.61550332658342 -36.70928057142857
      vertex -45.509975100510125 -14.78708728522488 -36.70928057142857
    endloop
  endfacet
  facet normal 0.5284294067667605 0.15352293455265426 0.8349808803981508
    outer loop
      vertex -154.3056488617685 -39.618956785928155 36.70928057142857
      vertex -45.509975100510125 -14.78708728522488 -36.70928057142857
      vertex -46.348660453378784 -11.900313365929136 -36.70928057142857
    endloop
  endfacet
  facet normal 0.24982141821123982 0.49030213988157756 0.8349808803981507
    outer loop
      vertex -76.74850880866585 -139.60501926185458 36.70928057142857
      vertex -20.37439902406989 -43.297801889217084 -36.70928057142857
      vertex -23.052886276785884 -41.93304446781187 -36.70928057142857
    endloop
  endfacet
  facet normal 0.2185421266191789 0.5050210572464245 0.8349808803981504
    outer loop
      vertex -67.83119146970945 -144.14861938727077 36.70928057142857
      vertex -17.61550332658342 -44.49168266744965 -36.70928057142857
      vertex -20.37439902406989 -43.297801889217084 -36.70928057142857
    endloop
  endfacet
  facet normal 0.18640034909574954 0.5177468872204947 0.8349808803981508
    outer loop
      vertex -58.64617540714584 -148.12333076720535 36.70928057142857
      vertex -14.78708728522488 -45.509975100510125 -36.70928057142857
      vertex -17.61550332658342 -44.49168266744965 -36.70928057142857
    endloop
  endfacet
  facet normal 0.1535229345526542 0.5284294067667609 0.8349808803981505
    outer loop
      vertex -49.22970968313918 -151.5134670317146 36.70928057142857
      vertex -11.900313365929136 -46.348660453378784 -36.70928057142857
      vertex -14.78708728522488 -45.509975100510125 -36.70928057142857
    endloop
  endfacet
  facet normal 0.3891059813017074 0.3891059813017074 0.8349808803981505
    outer loop
      vertex -32.756961560287074 -34.88262107938258 -36.70928057142857
      vertex -116.13249287037259 -109.05566976168411 36.70928057142857
      vertex -109.05566976168411 -116.13249287037259 36.70928057142857
    endloop
  endfacet
  facet normal 0.47364822396835715 0.2801147787981755 0.8349808803981503
    outer loop
      vertex -40.402796477277946 -25.640394319229323 -36.70928057142857
      vertex -139.60501926185458 -76.74850880866585 36.70928057142857
      vertex -134.51046190487833 -85.36293484641281 36.70928057142857
    endloop
  endfacet
  facet normal 0.5177468872204956 0.18640034909574826 0.8349808803981505
    outer loop
      vertex -44.49168266744965 -17.61550332658342 -36.70928057142857
      vertex -151.5134670317146 -49.22970968313918 36.70928057142857
      vertex -148.12333076720535 -58.64617540714584 36.70928057142857
    endloop
  endfacet
  facet normal 0.49030213988157767 0.24982141821123954 0.8349808803981505
    outer loop
      vertex -139.60501926185458 -76.74850880866585 36.70928057142857
      vertex -41.93304446781187 -23.052886276785884 -36.70928057142857
      vertex -144.14861938727077 -67.83119146970945 36.70928057142857
    endloop
  endfacet
  facet normal 0.5050210572464249 0.21854212661917752 0.8349808803981505
    outer loop
      vertex -43.297801889217084 -20.37439902406989 -36.70928057142857
      vertex -148.12333076720535 -58.64617540714584 36.70928057142857
      vertex -144.14861938727077 -67.83119146970945 36.70928057142857
    endloop
  endfacet
  facet normal 0.43480567525457553 0.33726985358306444 0.8349808803981508
    outer loop
      vertex -36.87061482943143 -30.50202527914535 -36.70928057142857
      vertex -128.88505320674818 -93.6404723789363 36.70928057142857
      vertex -122.7509940855909 -101.54845374724262 36.70928057142857
    endloop
  endfacet
  facet normal 0.45512503490442485 0.30930265432546067 0.8349808803981505
    outer loop
      vertex -128.88505320674818 -93.6404723789363 36.70928057142857
      vertex -38.71309710733015 -28.12671143927667 -36.70928057142857
      vertex -134.51046190487833 -85.36293484641281 36.70928057142857
    endloop
  endfacet
  facet normal 0.4127703362483124 0.3639060028125181 0.8349808803981505
    outer loop
      vertex -116.13249287037259 -109.05566976168411 36.70928057142857
      vertex -34.882621079382574 -32.756961560287074 -36.70928057142857
      vertex -122.7509940855909 -101.54845374724262 36.70928057142857
    endloop
  endfacet
  facet normal 0.5284294067667595 0.15352293455265872 0.8349808803981505
    outer loop
      vertex -151.5134670317146 -49.22970968313918 36.70928057142857
      vertex -45.509975100510125 -14.78708728522488 -36.70928057142857
      vertex -154.3056488617685 -39.618956785928155 36.70928057142857
    endloop
  endfacet
  facet normal 0.5370264568609474 0.12003963512484633 0.8349808803981507
    outer loop
      vertex -154.3056488617685 -39.618956785928155 36.70928057142857
      vertex -46.348660453378784 -11.900313365929136 -36.70928057142857
      vertex -156.48885679131033 -29.85184596646272 36.70928057142857
    endloop
  endfacet
  facet normal 0.5435041088739563 0.08608259409808634 0.8349808803981505
    outer loop
      vertex -47.00442881812676 -8.966574346514097 -36.70928057142857
      vertex -158.05447469605497 -19.966923548978727 36.70928057142857
      vertex -156.48885679131033 -29.85184596646272 36.70928057142857
    endloop
  endfacet
  facet normal 0.5478367984726477 0.05178582439982123 0.8349808803981507
    outer loop
      vertex -47.47469217661046 -5.997448354591505 -36.70928057142857
      vertex -158.99632379739523 -10.003200806266658 36.70928057142857
      vertex -158.05447469605497 -19.966923548978727 36.70928057142857
    endloop
  endfacet
  facet normal 0.5500074265105933 0.01728467971134101 0.8349808803981507
    outer loop
      vertex -159.31068704721804 0 36.70928057142857
      vertex -158.99632379739523 -10.003200806266658 36.70928057142857
      vertex -47.757594614196826 -3.004653173986884 -36.70928057142857
    endloop
  endfacet
  facet normal 0.2801147787981747 0.473648223968357 0.8349808803981508
    outer loop
      vertex -23.052886276785884 -41.93304446781187 -36.70928057142857
      vertex -85.36293484641281 -134.51046190487833 36.70928057142857
      vertex -76.74850880866585 -139.60501926185458 36.70928057142857
    endloop
  endfacet
  facet normal 0.33726985358306394 0.4348056752545764 0.8349808803981505
    outer loop
      vertex -28.12671143927667 -38.71309710733015 -36.70928057142857
      vertex -101.54845374724262 -122.7509940855909 36.70928057142857
      vertex -93.6404723789363 -128.88505320674818 36.70928057142857
    endloop
  endfacet
  facet normal 0.3639060028125181 0.4127703362483124 0.8349808803981505
    outer loop
      vertex -101.54845374724262 -122.7509940855909 36.70928057142857
      vertex -30.50202527914535 -36.87061482943143 -36.70928057142857
      vertex -109.05566976168411 -116.13249287037259 36.70928057142857
    endloop
  endfacet
  facet normal 0.30930265432546056 0.45512503490442463 0.8349808803981508
    outer loop
      vertex -25.640394319229323 -40.402796477277946 -36.70928057142857
      vertex -93.6404723789363 -128.88505320674818 36.70928057142857
      vertex -85.36293484641281 -134.51046190487833 36.70928057142857
    endloop
  endfacet
  facet normal 0.2498214182112394 0.49030213988157806 0.8349808803981505
    outer loop
      vertex -20.37439902406989 -43.297801889217084 -36.70928057142857
      vertex -76.74850880866585 -139.60501926185458 36.70928057142857
      vertex -67.83119146970945 -144.14861938727077 36.70928057142857
    endloop
  endfacet
  facet normal 0.2185421266191775 0.505021057246425 0.8349808803981507
    outer loop
      vertex -58.64617540714584 -148.12333076720535 36.70928057142857
      vertex -17.61550332658342 -44.49168266744965 -36.70928057142857
      vertex -67.83119146970945 -144.14861938727077 36.70928057142857
    endloop
  endfacet
  facet normal 0.1864003490957484 0.5177468872204956 0.8349808803981504
    outer loop
      vertex -14.78708728522488 -45.509975100510125 -36.70928057142857
      vertex -58.64617540714584 -148.12333076720535 36.70928057142857
      vertex -49.22970968313918 -151.5134670317146 36.70928057142857
    endloop
  endfacet
  facet normal 0.15352293455265886 0.5284294067667596 0.8349808803981505
    outer loop
      vertex -11.900313365929136 -46.348660453378784 -36.70928057142857
      vertex -49.22970968313918 -151.5134670317146 36.70928057142857
      vertex -39.618956785928155 -154.3056488617685 36.70928057142857
    endloop
  endfacet
  facet normal 0.12003963512484633 0.5370264568609474 0.8349808803981507
    outer loop
      vertex -29.85184596646272 -156.48885679131033 36.70928057142857
      vertex -8.966574346514097 -47.00442881812676 -36.70928057142857
      vertex -39.618956785928155 -154.3056488617685 36.70928057142857
    endloop
  endfacet
  facet normal 0.08608259409808634 0.5435041088739563 0.8349808803981505
    outer loop
      vertex -5.997448354591505 -47.47469217661046 -36.70928057142857
      vertex -29.85184596646272 -156.48885679131033 36.70928057142857
      vertex -19.966923548978727 -158.05447469605497 36.70928057142857
    endloop
  endfacet
  facet normal 0.05178582439982162 0.5478367984726474 0.8349808803981507
    outer loop
      vertex -3.0046531739869073 -47.757594614196826 -36.70928057142857
      vertex -19.966923548978727 -158.05447469605497 36.70928057142857
      vertex -10.003200806266737 -158.99632379739523 36.70928057142857
    endloop
  endfacet
  facet normal 0.017284679711341174 0.5500074265105933 0.8349808803981505
    outer loop
      vertex 0 -47.852019644210536 -36.70928057142857
      vertex -10.003200806266737 -158.99632379739523 36.70928057142857
      vertex 0 -159.31068704721804 36.70928057142857
    endloop
  endfacet
  facet normal 0.5500074265105933 -0.01728467971134057 0.8349808803981505
    outer loop
      vertex -47.852019644210536 0 -36.70928057142857
      vertex -47.757594614196826 3.004653173986884 -36.70928057142857
      vertex -158.99632379739523 10.003200806266658 36.70928057142857
    endloop
  endfacet
  facet normal 0.5478367984726474 -0.051785824399821295 0.8349808803981507
    outer loop
      vertex -47.757594614196826 3.004653173986884 -36.70928057142857
      vertex -47.47469217661046 5.997448354591505 -36.70928057142857
      vertex -158.05447469605497 19.966923548978727 36.70928057142857
    endloop
  endfacet
  facet normal 0.5435041088739558 -0.08608259409808833 0.8349808803981507
    outer loop
      vertex -47.47469217661046 5.997448354591505 -36.70928057142857
      vertex -47.00442881812676 8.966574346514097 -36.70928057142857
      vertex -156.48885679131033 29.85184596646272 36.70928057142857
    endloop
  endfacet
  facet normal 0.5370264568609476 -0.12003963512484572 0.8349808803981505
    outer loop
      vertex -47.00442881812676 8.966574346514097 -36.70928057142857
      vertex -46.348660453378784 11.900313365929136 -36.70928057142857
      vertex -154.3056488617685 39.618956785928155 36.70928057142857
    endloop
  endfacet
  facet normal 0.5284294067667602 -0.15352293455265656 0.8349808803981504
    outer loop
      vertex -46.348660453378784 11.900313365929136 -36.70928057142857
      vertex -45.509975100510125 14.78708728522488 -36.70928057142857
      vertex -151.5134670317146 49.22970968313918 36.70928057142857
    endloop
  endfacet
  facet normal 0.5177468872204958 -0.18640034909574799 0.8349808803981505
    outer loop
      vertex -45.509975100510125 14.78708728522488 -36.70928057142857
      vertex -44.49168266744965 17.61550332658342 -36.70928057142857
      vertex -148.12333076720535 58.64617540714584 36.70928057142857
    endloop
  endfacet
  facet normal 0.5050210572464244 -0.21854212661917852 0.8349808803981505
    outer loop
      vertex -44.49168266744965 17.61550332658342 -36.70928057142857
      vertex -43.297801889217084 20.37439902406989 -36.70928057142857
      vertex -144.14861938727077 67.83119146970945 36.70928057142857
    endloop
  endfacet
  facet normal 0.49030213988157695 -0.24982141821124113 0.8349808803981507
    outer loop
      vertex -43.297801889217084 20.37439902406989 -36.70928057142857
      vertex -41.93304446781187 23.052886276785884 -36.70928057142857
      vertex -139.60501926185458 76.74850880866585 36.70928057142857
    endloop
  endfacet
  facet normal 0.4736482239683575 -0.2801147787981741 0.8349808803981505
    outer loop
      vertex -41.93304446781187 23.052886276785884 -36.70928057142857
      vertex -40.402796477277946 25.640394319229323 -36.70928057142857
      vertex -134.51046190487833 85.36293484641281 36.70928057142857
    endloop
  endfacet
  facet normal 0.45512503490442563 -0.30930265432545967 0.8349808803981507
    outer loop
      vertex -40.402796477277946 25.640394319229323 -36.70928057142857
      vertex -38.71309710733015 28.12671143927667 -36.70928057142857
      vertex -128.88505320674818 93.6404723789363 36.70928057142857
    endloop
  endfacet
  facet normal 0.43480567525457486 -0.33726985358306544 0.8349808803981507
    outer loop
      vertex -38.71309710733015 28.12671143927667 -36.70928057142857
      vertex -36.87061482943143 30.50202527914535 -36.70928057142857
      vertex -122.7509940855909 101.54845374724262 36.70928057142857
    endloop
  endfacet
  facet normal 0.41277033624831205 -0.36390600281251845 0.8349808803981505
    outer loop
      vertex -36.87061482943143 30.50202527914535 -36.70928057142857
      vertex -34.882621079382574 32.756961560287074 -36.70928057142857
      vertex -116.13249287037259 109.05566976168411 36.70928057142857
    endloop
  endfacet
  facet normal 0.38910598130170737 -0.38910598130170737 0.8349808803981505
    outer loop
      vertex -34.882621079382574 32.756961560287074 -36.70928057142857
      vertex -32.756961560287074 34.882621079382574 -36.70928057142857
      vertex -109.05566976168411 116.13249287037259 36.70928057142857
    endloop
  endfacet
  facet normal 0.36390600281251845 -0.41277033624831205 0.8349808803981505
    outer loop
      vertex -32.756961560287074 34.882621079382574 -36.70928057142857
      vertex -30.50202527914535 36.87061482943143 -36.70928057142857
      vertex -101.54845374724262 122.7509940855909 36.70928057142857
    endloop
  endfacet
  facet normal 0.33726985358306555 -0.434805675254575 0.8349808803981507
    outer loop
      vertex -30.50202527914535 36.87061482943143 -36.70928057142857
      vertex -28.12671143927667 38.71309710733015 -36.70928057142857
      vertex -93.6404723789363 128.88505320674818 36.70928057142857
    endloop
  endfacet
  facet normal 0.3093026543254596 -0.45512503490442546 0.8349808803981505
    outer loop
      vertex -28.12671143927667 38.71309710733015 -36.70928057142857
      vertex -25.640394319229323 40.402796477277946 -36.70928057142857
      vertex -85.36293484641281 134.51046190487833 36.70928057142857
    endloop
  endfacet
  facet normal 0.2801147787981735 -0.47364822396835776 0.8349808803981505
    outer loop
      vertex -25.640394319229323 40.402796477277946 -36.70928057142857
      vertex -23.052886276785877 41.93304446781187 -36.70928057142857
      vertex -76.74850880866582 139.60501926185458 36.70928057142857
    endloop
  endfacet
  facet normal 0.24982141821124243 -0.4903021398815763 0.8349808803981505
    outer loop
      vertex -23.052886276785877 41.93304446781187 -36.70928057142857
      vertex -20.374399024069902 43.297801889217084 -36.70928057142857
      vertex -67.8311914697095 144.14861938727077 36.70928057142857
    endloop
  endfacet
  facet normal 0.2185421266191778 -0.5050210572464248 0.8349808803981505
    outer loop
      vertex -20.374399024069902 43.297801889217084 -36.70928057142857
      vertex -17.61550332658342 44.49168266744965 -36.70928057142857
      vertex -58.64617540714584 148.12333076720535 36.70928057142857
    endloop
  endfacet
  facet normal 0.18640034909574796 -0.5177468872204957 0.8349808803981505
    outer loop
      vertex -17.61550332658342 44.49168266744965 -36.70928057142857
      vertex -14.78708728522488 45.509975100510125 -36.70928057142857
      vertex -49.22970968313918 151.5134670317146 36.70928057142857
    endloop
  endfacet
  facet normal 0.15352293455265653 -0.5284294067667602 0.8349808803981507
    outer loop
      vertex -14.78708728522488 45.509975100510125 -36.70928057142857
      vertex -11.900313365929136 46.348660453378784 -36.70928057142857
      vertex -39.618956785928155 154.3056488617685 36.70928057142857
    endloop
  endfacet
  facet normal 0.12003963512484654 -0.5370264568609474 0.8349808803981507
    outer loop
      vertex -11.900313365929136 46.348660453378784 -36.70928057142857
      vertex -8.966574346514086 47.00442881812677 -36.70928057142857
      vertex -29.85184596646268 156.48885679131033 36.70928057142857
    endloop
  endfacet
  facet normal 0.0860825940980877 -0.5435041088739562 0.8349808803981507
    outer loop
      vertex -8.966574346514086 47.00442881812677 -36.70928057142857
      vertex -5.997448354591516 47.47469217661046 -36.70928057142857
      vertex -19.966923548978762 158.05447469605497 36.70928057142857
    endloop
  endfacet
  facet normal 0.051785824399821115 -0.5478367984726475 0.8349808803981505
    outer loop
      vertex -5.997448354591516 47.47469217661046 -36.70928057142857
      vertex -3.004653173986884 47.757594614196826 -36.70928057142857
      vertex -10.003200806266658 158.99632379739523 36.70928057142857
    endloop
  endfacet
  facet normal 0.01728467971134057 -0.5500074265105933 0.8349808803981507
    outer loop
      vertex -3.004653173986884 47.757594614196826 -36.70928057142857
      vertex 0 47.852019644210536 -36.70928057142857
      vertex 0 159.31068704721804 36.70928057142857
    endloop
  endfacet
  facet normal 0.5500074265105933 -0.01728467971134101 0.8349808803981507
    outer loop
      vertex -158.99632379739523 10.003200806266658 36.70928057142857
      vertex -159.31068704721804 0 36.70928057142857
      vertex -47.852019644210536 0 -36.70928057142857
    endloop
  endfacet
  facet normal 0.5478367984726474 -0.05178582439982121 0.8349808803981508
    outer loop
      vertex -158.05447469605497 19.966923548978727 36.70928057142857
      vertex -158.99632379739523 10.003200806266658 36.70928057142857
      vertex -47.757594614196826 3.004653173986884 -36.70928057142857
    endloop
  endfacet
  facet normal 0.5435041088739563 -0.08608259409808634 0.8349808803981505
    outer loop
      vertex -47.47469217661046 5.997448354591505 -36.70928057142857
      vertex -156.48885679131033 29.85184596646272 36.70928057142857
      vertex -158.05447469605497 19.966923548978727 36.70928057142857
    endloop
  endfacet
  facet normal 0.5370264568609475 -0.12003963512484635 0.8349808803981507
    outer loop
      vertex -154.3056488617685 39.618956785928155 36.70928057142857
      vertex -156.48885679131033 29.85184596646272 36.70928057142857
      vertex -47.00442881812676 8.966574346514097 -36.70928057142857
    endloop
  endfacet
  facet normal 0.5284294067667595 -0.15352293455265872 0.8349808803981507
    outer loop
      vertex -151.5134670317146 49.22970968313918 36.70928057142857
      vertex -154.3056488617685 39.618956785928155 36.70928057142857
      vertex -46.348660453378784 11.900313365929136 -36.70928057142857
    endloop
  endfacet
  facet normal 0.5177468872204956 -0.18640034909574837 0.8349808803981505
    outer loop
      vertex -148.12333076720535 58.64617540714584 36.70928057142857
      vertex -151.5134670317146 49.22970968313918 36.70928057142857
      vertex -45.509975100510125 14.78708728522488 -36.70928057142857
    endloop
  endfacet
  facet normal 0.5050210572464247 -0.21854212661917768 0.8349808803981507
    outer loop
      vertex -44.49168266744965 17.61550332658342 -36.70928057142857
      vertex -144.14861938727077 67.83119146970945 36.70928057142857
      vertex -148.12333076720535 58.64617540714584 36.70928057142857
    endloop
  endfacet
  facet normal 0.49030213988157784 -0.24982141821123963 0.8349808803981507
    outer loop
      vertex -139.60501926185458 76.74850880866585 36.70928057142857
      vertex -144.14861938727077 67.83119146970945 36.70928057142857
      vertex -43.297801889217084 20.37439902406989 -36.70928057142857
    endloop
  endfacet
  facet normal 0.473648223968357 -0.28011477879817487 0.8349808803981507
    outer loop
      vertex -134.51046190487833 85.36293484641281 36.70928057142857
      vertex -139.60501926185458 76.74850880866585 36.70928057142857
      vertex -41.93304446781187 23.052886276785884 -36.70928057142857
    endloop
  endfacet
  facet normal 0.45512503490442485 -0.30930265432546067 0.8349808803981505
    outer loop
      vertex -128.88505320674818 93.6404723789363 36.70928057142857
      vertex -134.51046190487833 85.36293484641281 36.70928057142857
      vertex -40.402796477277946 25.640394319229323 -36.70928057142857
    endloop
  endfacet
  facet normal 0.4348056752545754 -0.3372698535830648 0.8349808803981505
    outer loop
      vertex -122.7509940855909 101.54845374724262 36.70928057142857
      vertex -128.88505320674818 93.6404723789363 36.70928057142857
      vertex -38.71309710733015 28.12671143927667 -36.70928057142857
    endloop
  endfacet
  facet normal 0.4127703362483124 -0.3639060028125181 0.8349808803981505
    outer loop
      vertex -116.13249287037259 109.05566976168411 36.70928057142857
      vertex -122.7509940855909 101.54845374724262 36.70928057142857
      vertex -36.87061482943143 30.50202527914535 -36.70928057142857
    endloop
  endfacet
  facet normal 0.3891059813017074 -0.3891059813017074 0.8349808803981507
    outer loop
      vertex -109.05566976168411 116.13249287037259 36.70928057142857
      vertex -116.13249287037259 109.05566976168411 36.70928057142857
      vertex -34.882621079382574 32.756961560287074 -36.70928057142857
    endloop
  endfacet
  facet normal 0.3639060028125181 -0.4127703362483124 0.8349808803981505
    outer loop
      vertex -101.54845374724262 122.7509940855909 36.70928057142857
      vertex -109.05566976168411 116.13249287037259 36.70928057142857
      vertex -32.756961560287074 34.882621079382574 -36.70928057142857
    endloop
  endfacet
  facet normal 0.3372698535830648 -0.4348056752545754 0.8349808803981505
    outer loop
      vertex -93.6404723789363 128.88505320674818 36.70928057142857
      vertex -101.54845374724262 122.7509940855909 36.70928057142857
      vertex -30.50202527914535 36.87061482943143 -36.70928057142857
    endloop
  endfacet
  facet normal 0.30930265432546067 -0.45512503490442485 0.8349808803981505
    outer loop
      vertex -85.36293484641281 134.51046190487833 36.70928057142857
      vertex -93.6404723789363 128.88505320674818 36.70928057142857
      vertex -28.12671143927667 38.71309710733015 -36.70928057142857
    endloop
  endfacet
  facet normal 0.28011477879817415 -0.47364822396835743 0.8349808803981505
    outer loop
      vertex -76.74850880866582 139.60501926185458 36.70928057142857
      vertex -85.36293484641281 134.51046190487833 36.70928057142857
      vertex -25.640394319229323 40.402796477277946 -36.70928057142857
    endloop
  endfacet
  facet normal 0.24982141821124115 -0.4903021398815769 0.8349808803981507
    outer loop
      vertex -67.8311914697095 144.14861938727077 36.70928057142857
      vertex -76.74850880866582 139.60501926185458 36.70928057142857
      vertex -23.052886276785877 41.93304446781187 -36.70928057142857
    endloop
  endfacet
  facet normal 0.2185421266191766 -0.5050210572464252 0.8349808803981507
    outer loop
      vertex -58.64617540714584 148.12333076720535 36.70928057142857
      vertex -67.8311914697095 144.14861938727077 36.70928057142857
      vertex -20.374399024069902 43.297801889217084 -36.70928057142857
    endloop
  endfacet
  facet normal 0.18640034909574837 -0.5177468872204956 0.8349808803981505
    outer loop
      vertex -49.22970968313918 151.5134670317146 36.70928057142857
      vertex -58.64617540714584 148.12333076720535 36.70928057142857
      vertex -17.61550332658342 44.49168266744965 -36.70928057142857
    endloop
  endfacet
  facet normal 0.15352293455265872 -0.5284294067667595 0.8349808803981505
    outer loop
      vertex -39.618956785928155 154.3056488617685 36.70928057142857
      vertex -49.22970968313918 151.5134670317146 36.70928057142857
      vertex -14.78708728522488 45.509975100510125 -36.70928057142857
    endloop
  endfacet
  facet normal 0.1200396351248459 -0.5370264568609476 0.8349808803981508
    outer loop
      vertex -29.85184596646268 156.48885679131033 36.70928057142857
      vertex -39.618956785928155 154.3056488617685 36.70928057142857
      vertex -11.900313365929136 46.348660453378784 -36.70928057142857
    endloop
  endfacet
  facet normal 0.0860825940980868 -0.5435041088739564 0.8349808803981507
    outer loop
      vertex -19.966923548978762 158.05447469605497 36.70928057142857
      vertex -29.85184596646268 156.48885679131033 36.70928057142857
      vertex -8.966574346514086 47.00442881812677 -36.70928057142857
    endloop
  endfacet
  facet normal 0.051785824399821025 -0.5478367984726474 0.8349808803981507
    outer loop
      vertex -10.003200806266658 158.99632379739523 36.70928057142857
      vertex -19.966923548978762 158.05447469605497 36.70928057142857
      vertex -5.997448354591516 47.47469217661046 -36.70928057142857
    endloop
  endfacet
  facet normal 0.017284679711341306 -0.5500074265105932 0.8349808803981507
    outer loop
      vertex -3.004653173986884 47.757594614196826 -36.70928057142857
      vertex 0 159.31068704721804 36.70928057142857
      vertex -10.003200806266658 158.99632379739523 36.70928057142857
    endloop
  endfacet
  facet normal -0.01728467971134043 0.5500074265105932 0.8349808803981507
    outer loop
      vertex 3.0046531739869073 -47.757594614196826 -36.70928057142857
      vertex 0 -47.852019644210536 -36.70928057142857
      vertex 0 -159.31068704721804 36.70928057142857
    endloop
  endfacet
  facet normal -0.051785824399821705 0.5478367984726474 0.8349808803981505
    outer loop
      vertex 5.997448354591505 -47.47469217661046 -36.70928057142857
      vertex 3.0046531739869073 -47.757594614196826 -36.70928057142857
      vertex 10.003200806266737 -158.99632379739523 36.70928057142857
    endloop
  endfacet
  facet normal -0.08608259409808837 0.5435041088739561 0.8349808803981505
    outer loop
      vertex 8.966574346514097 -47.00442881812676 -36.70928057142857
      vertex 5.997448354591505 -47.47469217661046 -36.70928057142857
      vertex 19.966923548978727 -158.05447469605497 36.70928057142857
    endloop
  endfacet
  facet normal -0.12003963512484521 0.5370264568609475 0.8349808803981505
    outer loop
      vertex 11.900313365929117 -46.34866045337879 -36.70928057142857
      vertex 8.966574346514097 -47.00442881812676 -36.70928057142857
      vertex 29.85184596646272 -156.48885679131033 36.70928057142857
    endloop
  endfacet
  facet normal -0.15352293455265678 0.52842940676676 0.8349808803981507
    outer loop
      vertex 14.78708728522488 -45.509975100510125 -36.70928057142857
      vertex 11.900313365929117 -46.34866045337879 -36.70928057142857
      vertex 39.61895678592809 -154.30564886176853 36.70928057142857
    endloop
  endfacet
  facet normal -0.18640034909574885 0.5177468872204954 0.8349808803981505
    outer loop
      vertex 17.615503326583443 -44.49168266744964 -36.70928057142857
      vertex 14.78708728522488 -45.509975100510125 -36.70928057142857
      vertex 49.22970968313918 -151.5134670317146 36.70928057142857
    endloop
  endfacet
  facet normal -0.218542126619178 0.5050210572464247 0.8349808803981505
    outer loop
      vertex 20.37439902406989 -43.297801889217084 -36.70928057142857
      vertex 17.615503326583443 -44.49168266744964 -36.70928057142857
      vertex 58.646175407145925 -148.12333076720532 36.70928057142857
    endloop
  endfacet
  facet normal -0.24982141821124115 0.49030213988157706 0.8349808803981505
    outer loop
      vertex 23.052886276785884 -41.93304446781187 -36.70928057142857
      vertex 20.37439902406989 -43.297801889217084 -36.70928057142857
      vertex 67.83119146970945 -144.14861938727077 36.70928057142857
    endloop
  endfacet
  facet normal -0.28011477879817415 0.4736482239683574 0.8349808803981505
    outer loop
      vertex 25.640394319229298 -40.40279647727796 -36.70928057142857
      vertex 23.052886276785884 -41.93304446781187 -36.70928057142857
      vertex 76.74850880866585 -139.60501926185458 36.70928057142857
    endloop
  endfacet
  facet normal -0.3093026543254592 0.4551250349044258 0.8349808803981505
    outer loop
      vertex 28.12671143927667 -38.71309710733015 -36.70928057142857
      vertex 25.640394319229298 -40.40279647727796 -36.70928057142857
      vertex 85.36293484641273 -134.51046190487838 36.70928057142857
    endloop
  endfacet
  facet normal -0.33726985358306594 0.43480567525457464 0.8349808803981505
    outer loop
      vertex 30.502025279145364 -36.87061482943142 -36.70928057142857
      vertex 28.12671143927667 -38.71309710733015 -36.70928057142857
      vertex 93.6404723789363 -128.88505320674818 36.70928057142857
    endloop
  endfacet
  facet normal -0.3639060028125182 0.4127703362483123 0.8349808803981507
    outer loop
      vertex 32.756961560287074 -34.882621079382574 -36.70928057142857
      vertex 30.502025279145364 -36.87061482943142 -36.70928057142857
      vertex 101.54845374724266 -122.75099408559086 36.70928057142857
    endloop
  endfacet
  facet normal -0.38910598130170737 0.38910598130170737 0.8349808803981505
    outer loop
      vertex 34.882621079382574 -32.756961560287074 -36.70928057142857
      vertex 32.756961560287074 -34.882621079382574 -36.70928057142857
      vertex 109.05566976168411 -116.13249287037259 36.70928057142857
    endloop
  endfacet
  facet normal -0.41277033624831233 0.3639060028125183 0.8349808803981505
    outer loop
      vertex 36.87061482943142 -30.502025279145364 -36.70928057142857
      vertex 34.882621079382574 -32.756961560287074 -36.70928057142857
      vertex 116.13249287037259 -109.05566976168411 36.70928057142857
    endloop
  endfacet
  facet normal -0.43480567525457464 0.33726985358306594 0.8349808803981505
    outer loop
      vertex 38.71309710733015 -28.12671143927667 -36.70928057142857
      vertex 36.87061482943142 -30.502025279145364 -36.70928057142857
      vertex 122.75099408559086 -101.54845374724266 36.70928057142857
    endloop
  endfacet
  facet normal -0.45512503490442585 0.3093026543254593 0.8349808803981505
    outer loop
      vertex 40.40279647727796 -25.640394319229298 -36.70928057142857
      vertex 38.71309710733015 -28.12671143927667 -36.70928057142857
      vertex 128.88505320674818 -93.6404723789363 36.70928057142857
    endloop
  endfacet
  facet normal -0.4736482239683574 0.28011477879817415 0.8349808803981505
    outer loop
      vertex 41.93304446781187 -23.052886276785884 -36.70928057142857
      vertex 40.40279647727796 -25.640394319229298 -36.70928057142857
      vertex 134.51046190487838 -85.36293484641273 36.70928057142857
    endloop
  endfacet
  facet normal -0.49030213988157695 0.24982141821124113 0.8349808803981507
    outer loop
      vertex 43.297801889217084 -20.37439902406989 -36.70928057142857
      vertex 41.93304446781187 -23.052886276785884 -36.70928057142857
      vertex 139.60501926185458 -76.74850880866585 36.70928057142857
    endloop
  endfacet
  facet normal -0.5050210572464247 0.21854212661917802 0.8349808803981505
    outer loop
      vertex 44.49168266744964 -17.615503326583443 -36.70928057142857
      vertex 43.297801889217084 -20.37439902406989 -36.70928057142857
      vertex 144.14861938727077 -67.83119146970945 36.70928057142857
    endloop
  endfacet
  facet normal -0.5177468872204953 0.18640034909574882 0.8349808803981505
    outer loop
      vertex 45.509975100510125 -14.78708728522488 -36.70928057142857
      vertex 44.49168266744964 -17.615503326583443 -36.70928057142857
      vertex 148.12333076720532 -58.646175407145925 36.70928057142857
    endloop
  endfacet
  facet normal -0.5284294067667601 0.15352293455265678 0.8349808803981507
    outer loop
      vertex 46.34866045337879 -11.900313365929117 -36.70928057142857
      vertex 45.509975100510125 -14.78708728522488 -36.70928057142857
      vertex 151.5134670317146 -49.22970968313918 36.70928057142857
    endloop
  endfacet
  facet normal -0.5370264568609477 0.12003963512484525 0.8349808803981505
    outer loop
      vertex 47.00442881812676 -8.966574346514097 -36.70928057142857
      vertex 46.34866045337879 -11.900313365929117 -36.70928057142857
      vertex 154.30564886176853 -39.61895678592809 36.70928057142857
    endloop
  endfacet
  facet normal -0.5435041088739564 0.08608259409808694 0.8349808803981507
    outer loop
      vertex 156.48885679131033 -29.85184596646272 36.70928057142857
      vertex 47.47469217661046 -5.997448354591505 -36.70928057142857
      vertex 47.00442881812676 -8.966574346514097 -36.70928057142857
    endloop
  endfacet
  facet normal -0.5478367984726474 0.0517858243998205 0.8349808803981507
    outer loop
      vertex 158.05447469605497 -19.966923548978727 36.70928057142857
      vertex 47.757594614196826 -3.0046531739869073 -36.70928057142857
      vertex 47.47469217661046 -5.997448354591505 -36.70928057142857
    endloop
  endfacet
  facet normal -0.5500074265105932 0.017284679711340435 0.8349808803981507
    outer loop
      vertex 47.757594614196826 -3.0046531739869073 -36.70928057142857
      vertex 158.99632379739523 -10.003200806266737 36.70928057142857
      vertex 47.852019644210536 0 -36.70928057142857
    endloop
  endfacet
  facet normal -0.01728467971134117 0.5500074265105932 0.8349808803981505
    outer loop
      vertex 3.0046531739869073 -47.757594614196826 -36.70928057142857
      vertex 0 -159.31068704721804 36.70928057142857
      vertex 10.003200806266737 -158.99632379739523 36.70928057142857
    endloop
  endfacet
  facet normal -0.05178582439982162 0.5478367984726475 0.8349808803981507
    outer loop
      vertex 10.003200806266737 -158.99632379739523 36.70928057142857
      vertex 19.966923548978727 -158.05447469605497 36.70928057142857
      vertex 5.997448354591505 -47.47469217661046 -36.70928057142857
    endloop
  endfacet
  facet normal -0.08608259409808615 0.5435041088739563 0.8349808803981505
    outer loop
      vertex 19.966923548978727 -158.05447469605497 36.70928057142857
      vertex 29.85184596646272 -156.48885679131033 36.70928057142857
      vertex 8.966574346514097 -47.00442881812676 -36.70928057142857
    endloop
  endfacet
  facet normal -0.12003963512484561 0.5370264568609476 0.8349808803981507
    outer loop
      vertex 29.85184596646272 -156.48885679131033 36.70928057142857
      vertex 39.61895678592809 -154.30564886176853 36.70928057142857
      vertex 11.900313365929117 -46.34866045337879 -36.70928057142857
    endloop
  endfacet
  facet normal -0.15352293455265925 0.5284294067667594 0.8349808803981507
    outer loop
      vertex 39.61895678592809 -154.30564886176853 36.70928057142857
      vertex 49.22970968313918 -151.5134670317146 36.70928057142857
      vertex 14.78708728522488 -45.509975100510125 -36.70928057142857
    endloop
  endfacet
  facet normal -0.18640034909574826 0.5177468872204956 0.8349808803981507
    outer loop
      vertex 49.22970968313918 -151.5134670317146 36.70928057142857
      vertex 58.646175407145925 -148.12333076720532 36.70928057142857
      vertex 17.615503326583443 -44.49168266744964 -36.70928057142857
    endloop
  endfacet
  facet normal -0.21854212661917785 0.5050210572464248 0.8349808803981505
    outer loop
      vertex 58.646175407145925 -148.12333076720532 36.70928057142857
      vertex 67.83119146970945 -144.14861938727077 36.70928057142857
      vertex 20.37439902406989 -43.297801889217084 -36.70928057142857
    endloop
  endfacet
  facet normal -0.24982141821123954 0.49030213988157767 0.8349808803981505
    outer loop
      vertex 67.83119146970945 -144.14861938727077 36.70928057142857
      vertex 76.74850880866585 -139.60501926185458 36.70928057142857
      vertex 23.052886276785884 -41.93304446781187 -36.70928057142857
    endloop
  endfacet
  facet normal -0.2801147787981746 0.47364822396835715 0.8349808803981507
    outer loop
      vertex 76.74850880866585 -139.60501926185458 36.70928057142857
      vertex 85.36293484641273 -134.51046190487838 36.70928057142857
      vertex 25.640394319229298 -40.40279647727796 -36.70928057142857
    endloop
  endfacet
  facet normal -0.3093026543254606 0.45512503490442485 0.8349808803981505
    outer loop
      vertex 85.36293484641273 -134.51046190487838 36.70928057142857
      vertex 93.6404723789363 -128.88505320674818 36.70928057142857
      vertex 28.12671143927667 -38.71309710733015 -36.70928057142857
    endloop
  endfacet
  facet normal -0.3372698535830652 0.4348056752545753 0.8349808803981507
    outer loop
      vertex 93.6404723789363 -128.88505320674818 36.70928057142857
      vertex 101.54845374724266 -122.75099408559086 36.70928057142857
      vertex 30.502025279145364 -36.87061482943142 -36.70928057142857
    endloop
  endfacet
  facet normal -0.36390600281251795 0.41277033624831244 0.8349808803981507
    outer loop
      vertex 101.54845374724266 -122.75099408559086 36.70928057142857
      vertex 109.05566976168411 -116.13249287037259 36.70928057142857
      vertex 32.756961560287074 -34.882621079382574 -36.70928057142857
    endloop
  endfacet
  facet normal -0.3891059813017074 0.3891059813017074 0.8349808803981507
    outer loop
      vertex 109.05566976168411 -116.13249287037259 36.70928057142857
      vertex 116.13249287037259 -109.05566976168411 36.70928057142857
      vertex 34.882621079382574 -32.756961560287074 -36.70928057142857
    endloop
  endfacet
  facet normal -0.4127703362483125 0.363906002812518 0.8349808803981505
    outer loop
      vertex 116.13249287037259 -109.05566976168411 36.70928057142857
      vertex 122.75099408559086 -101.54845374724266 36.70928057142857
      vertex 36.87061482943142 -30.502025279145364 -36.70928057142857
    endloop
  endfacet
  facet normal -0.4348056752545753 0.3372698535830652 0.8349808803981507
    outer loop
      vertex 122.75099408559086 -101.54845374724266 36.70928057142857
      vertex 128.88505320674818 -93.6404723789363 36.70928057142857
      vertex 38.71309710733015 -28.12671143927667 -36.70928057142857
    endloop
  endfacet
  facet normal -0.45512503490442485 0.3093026543254606 0.8349808803981505
    outer loop
      vertex 128.88505320674818 -93.6404723789363 36.70928057142857
      vertex 134.51046190487838 -85.36293484641273 36.70928057142857
      vertex 40.40279647727796 -25.640394319229298 -36.70928057142857
    endloop
  endfacet
  facet normal -0.47364822396835715 0.2801147787981746 0.8349808803981507
    outer loop
      vertex 134.51046190487838 -85.36293484641273 36.70928057142857
      vertex 139.60501926185458 -76.74850880866585 36.70928057142857
      vertex 41.93304446781187 -23.052886276785884 -36.70928057142857
    endloop
  endfacet
  facet normal -0.49030213988157784 0.24982141821123963 0.8349808803981507
    outer loop
      vertex 139.60501926185458 -76.74850880866585 36.70928057142857
      vertex 144.14861938727077 -67.83119146970945 36.70928057142857
      vertex 43.297801889217084 -20.37439902406989 -36.70928057142857
    endloop
  endfacet
  facet normal -0.5050210572464249 0.21854212661917824 0.8349808803981504
    outer loop
      vertex 44.49168266744964 -17.615503326583443 -36.70928057142857
      vertex 144.14861938727077 -67.83119146970945 36.70928057142857
      vertex 148.12333076720532 -58.646175407145925 36.70928057142857
    endloop
  endfacet
  facet normal -0.5177468872204956 0.18640034909574826 0.8349808803981504
    outer loop
      vertex 148.12333076720532 -58.646175407145925 36.70928057142857
      vertex 151.5134670317146 -49.22970968313918 36.70928057142857
      vertex 45.509975100510125 -14.78708728522488 -36.70928057142857
    endloop
  endfacet
  facet normal -0.5284294067667593 0.15352293455265922 0.8349808803981507
    outer loop
      vertex 151.5134670317146 -49.22970968313918 36.70928057142857
      vertex 154.30564886176853 -39.61895678592809 36.70928057142857
      vertex 46.34866045337879 -11.900313365929117 -36.70928057142857
    endloop
  endfacet
  facet normal -0.5370264568609476 0.12003963512484561 0.8349808803981507
    outer loop
      vertex 154.30564886176853 -39.61895678592809 36.70928057142857
      vertex 156.48885679131033 -29.85184596646272 36.70928057142857
      vertex 47.00442881812676 -8.966574346514097 -36.70928057142857
    endloop
  endfacet
  facet normal -0.5435041088739565 0.08608259409808618 0.8349808803981507
    outer loop
      vertex 156.48885679131033 -29.85184596646272 36.70928057142857
      vertex 158.05447469605497 -19.966923548978727 36.70928057142857
      vertex 47.47469217661046 -5.997448354591505 -36.70928057142857
    endloop
  endfacet
  facet normal -0.5478367984726474 0.05178582439982161 0.8349808803981507
    outer loop
      vertex 158.05447469605497 -19.966923548978727 36.70928057142857
      vertex 158.99632379739523 -10.003200806266737 36.70928057142857
      vertex 47.757594614196826 -3.0046531739869073 -36.70928057142857
    endloop
  endfacet
  facet normal -0.5500074265105933 0.017284679711340876 0.8349808803981505
    outer loop
      vertex 158.99632379739523 -10.003200806266737 36.70928057142857
      vertex 159.31068704721804 0 36.70928057142857
      vertex 47.852019644210536 0 -36.70928057142857
    endloop
  endfacet
  facet normal -0.1535229345526542 -0.5284294067667609 0.8349808803981505
    outer loop
      vertex 49.22970968313918 151.5134670317146 36.70928057142857
      vertex 11.900313365929136 46.348660453378784 -36.70928057142857
      vertex 14.78708728522488 45.509975100510125 -36.70928057142857
    endloop
  endfacet
  facet normal -0.18640034909574954 -0.5177468872204947 0.8349808803981508
    outer loop
      vertex 58.64617540714584 148.12333076720535 36.70928057142857
      vertex 14.78708728522488 45.509975100510125 -36.70928057142857
      vertex 17.61550332658342 44.49168266744965 -36.70928057142857
    endloop
  endfacet
  facet normal -0.21854212661917782 -0.5050210572464243 0.8349808803981509
    outer loop
      vertex 67.8311914697095 144.14861938727077 36.70928057142857
      vertex 17.61550332658342 44.49168266744965 -36.70928057142857
      vertex 20.374399024069902 43.297801889217084 -36.70928057142857
    endloop
  endfacet
  facet normal -0.24982141821124193 -0.49030213988157606 0.834980880398151
    outer loop
      vertex 76.74850880866582 139.60501926185458 36.70928057142857
      vertex 20.374399024069902 43.297801889217084 -36.70928057142857
      vertex 23.052886276785877 41.93304446781187 -36.70928057142857
    endloop
  endfacet
  facet normal -0.5284294067667609 -0.15352293455265403 0.8349808803981507
    outer loop
      vertex 154.3056488617685 39.61895678592815 36.70928057142857
      vertex 45.509975100510125 14.78708728522488 -36.70928057142857
      vertex 46.34866045337879 11.900313365929133 -36.70928057142857
    endloop
  endfacet
  facet normal -0.5177468872204949 -0.18640034909574882 0.8349808803981509
    outer loop
      vertex 151.5134670317146 49.22970968313918 36.70928057142857
      vertex 44.491682667449645 17.615503326583426 -36.70928057142857
      vertex 45.509975100510125 14.78708728522488 -36.70928057142857
    endloop
  endfacet
  facet normal -0.4903021398815775 -0.2498214182112438 0.8349808803981495
    outer loop
      vertex 144.14861938727077 67.8311914697095 36.70928057142857
      vertex 41.93304446781187 23.05288627678588 -36.70928057142857
      vertex 43.297801889217084 20.374399024069902 -36.70928057142857
    endloop
  endfacet
  facet normal -0.505021057246425 -0.21854212661917718 0.8349808803981505
    outer loop
      vertex 44.491682667449645 17.615503326583426 -36.70928057142857
      vertex 148.12333076720535 58.64617540714586 36.70928057142857
      vertex 43.297801889217084 20.374399024069902 -36.70928057142857
    endloop
  endfacet
  facet normal -0.38910598130170787 -0.38910598130170787 0.8349808803981501
    outer loop
      vertex 116.13249287037257 109.05566976168414 36.70928057142857
      vertex 32.75696156028708 34.882621079382574 -36.70928057142857
      vertex 34.882621079382574 32.75696156028708 -36.70928057142857
    endloop
  endfacet
  facet normal -0.3093026543254563 -0.4551250349044272 0.834980880398151
    outer loop
      vertex 93.6404723789363 128.88505320674818 36.70928057142857
      vertex 25.64039431922932 40.40279647727795 -36.70928057142857
      vertex 28.12671143927667 38.71309710733015 -36.70928057142857
    endloop
  endfacet
  facet normal -0.280114778798174 -0.47364822396835765 0.8349808803981507
    outer loop
      vertex 85.3629348464128 134.51046190487835 36.70928057142857
      vertex 23.052886276785877 41.93304446781187 -36.70928057142857
      vertex 25.64039431922932 40.40279647727795 -36.70928057142857
    endloop
  endfacet
  facet normal -0.33726985358306455 -0.4348056752545763 0.8349808803981502
    outer loop
      vertex 101.54845374724263 122.75099408559088 36.70928057142857
      vertex 28.12671143927667 38.71309710733015 -36.70928057142857
      vertex 30.502025279145354 36.870614829431425 -36.70928057142857
    endloop
  endfacet
  facet normal -0.36390600281251734 -0.41277033624831305 0.8349808803981505
    outer loop
      vertex 109.05566976168414 116.13249287037257 36.70928057142857
      vertex 30.502025279145354 36.870614829431425 -36.70928057142857
      vertex 32.75696156028708 34.882621079382574 -36.70928057142857
    endloop
  endfacet
  facet normal -0.4348056752545737 -0.3372698535830693 0.8349808803981498
    outer loop
      vertex 128.88505320674818 93.6404723789363 36.70928057142857
      vertex 36.870614829431425 30.502025279145354 -36.70928057142857
      vertex 38.71309710733015 28.12671143927667 -36.70928057142857
    endloop
  endfacet
  facet normal -0.45512503490442624 -0.30930265432545717 0.8349808803981511
    outer loop
      vertex 134.51046190487835 85.3629348464128 36.70928057142857
      vertex 38.71309710733015 28.12671143927667 -36.70928057142857
      vertex 40.40279647727795 25.64039431922932 -36.70928057142857
    endloop
  endfacet
  facet normal -0.41277033624831194 -0.3639060028125186 0.8349808803981507
    outer loop
      vertex 122.75099408559088 101.54845374724263 36.70928057142857
      vertex 34.882621079382574 32.75696156028708 -36.70928057142857
      vertex 36.870614829431425 30.502025279145354 -36.70928057142857
    endloop
  endfacet
  facet normal -0.4736482239683565 -0.2801147787981762 0.8349808803981504
    outer loop
      vertex 139.60501926185458 76.74850880866583 36.70928057142857
      vertex 40.40279647727795 25.64039431922932 -36.70928057142857
      vertex 41.93304446781187 23.05288627678588 -36.70928057142857
    endloop
  endfacet
  facet normal -0.01728467971134057 -0.5500074265105933 0.8349808803981505
    outer loop
      vertex 0 47.852019644210536 -36.70928057142857
      vertex 3.004653173986884 47.757594614196826 -36.70928057142857
      vertex 10.003200806266658 158.99632379739523 36.70928057142857
    endloop
  endfacet
  facet normal -0.051785824399819956 -0.5478367984726479 0.8349808803981504
    outer loop
      vertex 19.966923548978762 158.05447469605497 36.70928057142857
      vertex 3.004653173986884 47.757594614196826 -36.70928057142857
      vertex 5.997448354591516 47.47469217661046 -36.70928057142857
    endloop
  endfacet
  facet normal -0.08608259409808752 -0.5435041088739562 0.8349808803981507
    outer loop
      vertex 29.85184596646268 156.48885679131033 36.70928057142857
      vertex 5.997448354591516 47.47469217661046 -36.70928057142857
      vertex 8.966574346514086 47.00442881812677 -36.70928057142857
    endloop
  endfacet
  facet normal -0.12003963512484668 -0.5370264568609474 0.8349808803981505
    outer loop
      vertex 39.618956785928155 154.3056488617685 36.70928057142857
      vertex 8.966574346514086 47.00442881812677 -36.70928057142857
      vertex 11.900313365929136 46.348660453378784 -36.70928057142857
    endloop
  endfacet
  facet normal -0.5500074265105932 -0.017284679711344265 0.8349808803981504
    outer loop
      vertex 159.31068704721804 0 36.70928057142857
      vertex 47.757594614196826 3.0046531739868887 -36.70928057142857
      vertex 47.852019644210536 0 -36.70928057142857
    endloop
  endfacet
  facet normal -0.5478367984726474 -0.05178582439982121 0.8349808803981505
    outer loop
      vertex 47.757594614196826 3.0046531739868887 -36.70928057142857
      vertex 158.99632379739523 10.003200806266674 36.70928057142857
      vertex 47.47469217661046 5.997448354591515 -36.70928057142857
    endloop
  endfacet
  facet normal -0.5435041088739561 -0.08608259409808747 0.8349808803981508
    outer loop
      vertex 158.05447469605497 19.96692354897876 36.70928057142857
      vertex 47.00442881812677 8.966574346514088 -36.70928057142857
      vertex 47.47469217661046 5.997448354591515 -36.70928057142857
    endloop
  endfacet
  facet normal -0.5370264568609473 -0.12003963512484703 0.8349808803981507
    outer loop
      vertex 156.48885679131033 29.851845966462687 36.70928057142857
      vertex 46.34866045337879 11.900313365929133 -36.70928057142857
      vertex 47.00442881812677 8.966574346514088 -36.70928057142857
    endloop
  endfacet
  facet normal -0.01728467971134101 -0.5500074265105933 0.8349808803981507
    outer loop
      vertex 10.003200806266658 158.99632379739523 36.70928057142857
      vertex 0 159.31068704721804 36.70928057142857
      vertex 0 47.852019644210536 -36.70928057142857
    endloop
  endfacet
  facet normal -0.051785824399821045 -0.5478367984726475 0.8349808803981505
    outer loop
      vertex 3.004653173986884 47.757594614196826 -36.70928057142857
      vertex 19.966923548978762 158.05447469605497 36.70928057142857
      vertex 10.003200806266658 158.99632379739523 36.70928057142857
    endloop
  endfacet
  facet normal -0.08608259409808701 -0.5435041088739565 0.8349808803981505
    outer loop
      vertex 5.997448354591516 47.47469217661046 -36.70928057142857
      vertex 29.85184596646268 156.48885679131033 36.70928057142857
      vertex 19.966923548978762 158.05447469605497 36.70928057142857
    endloop
  endfacet
  facet normal -0.12003963512484543 -0.5370264568609476 0.8349808803981508
    outer loop
      vertex 8.966574346514086 47.00442881812677 -36.70928057142857
      vertex 39.618956785928155 154.3056488617685 36.70928057142857
      vertex 29.85184596646268 156.48885679131033 36.70928057142857
    endloop
  endfacet
  facet normal -0.15352293455265886 -0.5284294067667596 0.8349808803981505
    outer loop
      vertex 11.900313365929136 46.348660453378784 -36.70928057142857
      vertex 49.22970968313918 151.5134670317146 36.70928057142857
      vertex 39.618956785928155 154.3056488617685 36.70928057142857
    endloop
  endfacet
  facet normal -0.1864003490957484 -0.5177468872204956 0.8349808803981504
    outer loop
      vertex 14.78708728522488 45.509975100510125 -36.70928057142857
      vertex 58.64617540714584 148.12333076720535 36.70928057142857
      vertex 49.22970968313918 151.5134670317146 36.70928057142857
    endloop
  endfacet
  facet normal -0.21854212661917696 -0.5050210572464252 0.8349808803981505
    outer loop
      vertex 17.61550332658342 44.49168266744965 -36.70928057142857
      vertex 67.8311914697095 144.14861938727077 36.70928057142857
      vertex 58.64617540714584 148.12333076720535 36.70928057142857
    endloop
  endfacet
  facet normal -0.24982141821124096 -0.49030213988157667 0.8349808803981509
    outer loop
      vertex 20.374399024069902 43.297801889217084 -36.70928057142857
      vertex 76.74850880866582 139.60501926185458 36.70928057142857
      vertex 67.8311914697095 144.14861938727077 36.70928057142857
    endloop
  endfacet
  facet normal -0.3093026543254614 -0.45512503490442485 0.8349808803981502
    outer loop
      vertex 25.64039431922932 40.40279647727795 -36.70928057142857
      vertex 93.6404723789363 128.88505320674818 36.70928057142857
      vertex 85.3629348464128 134.51046190487835 36.70928057142857
    endloop
  endfacet
  facet normal -0.363906002812517 -0.41277033624831366 0.8349808803981503
    outer loop
      vertex 30.502025279145354 36.870614829431425 -36.70928057142857
      vertex 109.05566976168414 116.13249287037257 36.70928057142857
      vertex 101.54845374724263 122.75099408559088 36.70928057142857
    endloop
  endfacet
  facet normal -0.33726985358306455 -0.4348056752545755 0.8349808803981508
    outer loop
      vertex 28.12671143927667 38.71309710733015 -36.70928057142857
      vertex 101.54845374724263 122.75099408559088 36.70928057142857
      vertex 93.6404723789363 128.88505320674818 36.70928057142857
    endloop
  endfacet
  facet normal -0.28011477879817287 -0.47364822396835776 0.8349808803981508
    outer loop
      vertex 23.052886276785877 41.93304446781187 -36.70928057142857
      vertex 85.3629348464128 134.51046190487835 36.70928057142857
      vertex 76.74850880866582 139.60501926185458 36.70928057142857
    endloop
  endfacet
  facet normal -0.5500074265105933 -0.017284679711341278 0.8349808803981505
    outer loop
      vertex 47.757594614196826 3.0046531739868887 -36.70928057142857
      vertex 159.31068704721804 0 36.70928057142857
      vertex 158.99632379739523 10.003200806266674 36.70928057142857
    endloop
  endfacet
  facet normal -0.5478367984726475 -0.05178582439982114 0.8349808803981504
    outer loop
      vertex 47.47469217661046 5.997448354591515 -36.70928057142857
      vertex 158.99632379739523 10.003200806266674 36.70928057142857
      vertex 158.05447469605497 19.96692354897876 36.70928057142857
    endloop
  endfacet
  facet normal -0.5435041088739563 -0.0860825940980867 0.8349808803981507
    outer loop
      vertex 156.48885679131033 29.851845966462687 36.70928057142857
      vertex 47.00442881812677 8.966574346514088 -36.70928057142857
      vertex 158.05447469605497 19.96692354897876 36.70928057142857
    endloop
  endfacet
  facet normal -0.5370264568609474 -0.12003963512484557 0.8349808803981507
    outer loop
      vertex 46.34866045337879 11.900313365929133 -36.70928057142857
      vertex 156.48885679131033 29.851845966462687 36.70928057142857
      vertex 154.3056488617685 39.61895678592815 36.70928057142857
    endloop
  endfacet
  facet normal -0.5284294067667595 -0.15352293455265872 0.8349808803981504
    outer loop
      vertex 45.509975100510125 14.78708728522488 -36.70928057142857
      vertex 154.3056488617685 39.61895678592815 36.70928057142857
      vertex 151.5134670317146 49.22970968313918 36.70928057142857
    endloop
  endfacet
  facet normal -0.4127703362483134 -0.36390600281251745 0.8349808803981504
    outer loop
      vertex 34.882621079382574 32.75696156028708 -36.70928057142857
      vertex 122.75099408559088 101.54845374724263 36.70928057142857
      vertex 116.13249287037257 109.05566976168414 36.70928057142857
    endloop
  endfacet
  facet normal -0.45512503490442435 -0.3093026543254615 0.8349808803981504
    outer loop
      vertex 38.71309710733015 28.12671143927667 -36.70928057142857
      vertex 134.51046190487835 85.3629348464128 36.70928057142857
      vertex 128.88505320674818 93.6404723789363 36.70928057142857
    endloop
  endfacet
  facet normal -0.4348056752545749 -0.33726985358306616 0.8349808803981504
    outer loop
      vertex 36.870614829431425 30.502025279145354 -36.70928057142857
      vertex 128.88505320674818 93.6404723789363 36.70928057142857
      vertex 122.75099408559088 101.54845374724263 36.70928057142857
    endloop
  endfacet
  facet normal -0.505021057246425 -0.21854212661917702 0.8349808803981505
    outer loop
      vertex 144.14861938727077 67.8311914697095 36.70928057142857
      vertex 43.297801889217084 20.374399024069902 -36.70928057142857
      vertex 148.12333076720535 58.64617540714586 36.70928057142857
    endloop
  endfacet
  facet normal -0.4903021398815771 -0.24982141821124132 0.8349808803981505
    outer loop
      vertex 41.93304446781187 23.05288627678588 -36.70928057142857
      vertex 144.14861938727077 67.8311914697095 36.70928057142857
      vertex 139.60501926185458 76.74850880866583 36.70928057142857
    endloop
  endfacet
  facet normal -0.5177468872204956 -0.1864003490957479 0.8349808803981505
    outer loop
      vertex 44.491682667449645 17.615503326583426 -36.70928057142857
      vertex 151.5134670317146 49.22970968313918 36.70928057142857
      vertex 148.12333076720535 58.64617540714586 36.70928057142857
    endloop
  endfacet
  facet normal -0.4736482239683577 -0.2801147787981739 0.8349808803981505
    outer loop
      vertex 40.40279647727795 25.64039431922932 -36.70928057142857
      vertex 139.60501926185458 76.74850880866583 36.70928057142857
      vertex 134.51046190487835 85.3629348464128 36.70928057142857
    endloop
  endfacet
  facet normal -0.38910598130170726 -0.38910598130170726 0.8349808803981505
    outer loop
      vertex 32.75696156028708 34.882621079382574 -36.70928057142857
      vertex 116.13249287037257 109.05566976168414 36.70928057142857
      vertex 109.05566976168414 116.13249287037257 36.70928057142857
    endloop
  endfacet
endsolid OpenSCAD_Model
