solid OpenSCAD_Model
  facet normal 0.7457232508018737 0.21896410283554968 0.6292468155524578
    outer loop
      vertex 69.15320023814037 20.25310080557846 8.74344213247748
      vertex 69.50954017261068 18.273297418378057 9.01007025676618
      vertex 69.71666535182322 18.334114858349466 8.74344213247748
    endloop
  endfacet
  facet normal 0.8491817104189573 0.2493422474977192 0.46553073615253404
    outer loop
      vertex 68.94607505892783 20.19228336560705 9.01007025676618
      vertex 69.35630437582738 18.22830332877596 9.313689228530588
      vertex 69.50954017261068 18.273297418378057 9.01007025676618
    endloop
  endfacet
  facet normal 0.61360706486287 0.18017129049788733 0.7687812927164002
    outer loop
      vertex 69.15320023814037 20.25310080557846 8.74344213247748
      vertex 69.71666535182322 18.334114858349466 8.74344213247748
      vertex 69.40625509530216 20.32740441580789 8.52405122495413
    endloop
  endfacet
  facet normal 0.7457232508018735 0.21896410283554965 0.6292468155524578
    outer loop
      vertex 68.94607505892783 20.19228336560705 9.01007025676618
      vertex 69.50954017261068 18.273297418378057 9.01007025676618
      vertex 69.15320023814037 20.25310080557846 8.74344213247748
    endloop
  endfacet
  facet normal 0.61360706486287 0.18017129049788733 0.7687812927164002
    outer loop
      vertex 69.96972020898501 18.408418468578898 8.52405122495413
      vertex 69.40625509530216 20.32740441580789 8.52405122495413
      vertex 69.71666535182322 18.334114858349466 8.74344213247748
    endloop
  endfacet
  facet normal 0.4579103035360349 0.13445459650762734 0.8787719359387324
    outer loop
      vertex 69.96972020898501 18.408418468578898 8.52405122495413
      vertex 70.25897998785008 18.49335280299518 8.360328603736413
      vertex 69.69551487416723 20.412338750224173 8.360328603736413
    endloop
  endfacet
  facet normal 0.28461630604332766 0.08357088777657419 0.9549918664839435
    outer loop
      vertex 70.57332859733545 18.58565388275842 8.258566037341021
      vertex 70.0098634836526 20.504639829987415 8.258566037341021
      vertex 70.25897998785008 18.49335280299518 8.360328603736413
    endloop
  endfacet
  facet normal 0.45791030353603496 0.13445459650762734 0.8787719359387322
    outer loop
      vertex 69.96972020898501 18.408418468578898 8.52405122495413
      vertex 69.69551487416723 20.412338750224173 8.360328603736413
      vertex 69.40625509530216 20.32740441580789 8.52405122495413
    endloop
  endfacet
  facet normal 0.28461630604332766 0.08357088777657419 0.9549918664839435
    outer loop
      vertex 70.25897998785008 18.49335280299518 8.360328603736413
      vertex 70.0098634836526 20.504639829987415 8.258566037341021
      vertex 69.69551487416723 20.412338750224173 8.360328603736413
    endloop
  endfacet
  facet normal 0.10038466352405982 0.02947559669536733 0.9945119951657764
    outer loop
      vertex 70.57332859733545 18.58565388275842 8.258566037341021
      vertex 70.33722068298444 20.600760576365346 8.222674204125425
      vertex 70.0098634836526 20.504639829987415 8.258566037341021
    endloop
  endfacet
  facet normal 0.10038466352405982 0.029475596695367326 0.9945119951657764
    outer loop
      vertex 70.57332859733545 18.58565388275842 8.258566037341021
      vertex 70.90068579666729 18.681774629136353 8.222674204125425
      vertex 70.33722068298444 20.600760576365346 8.222674204125425
    endloop
  endfacet
  facet normal -0.08770470531807847 -0.025752425036740002 0.9958135856021428
    outer loop
      vertex 70.90068579666729 18.681774629136353 8.222674204125425
      vertex 71.22847143225931 18.778021175750816 8.25403240711173
      vertex 70.66500631857646 20.69700712297981 8.25403240711173
    endloop
  endfacet
  facet normal -0.27242363152020027 -0.07999079551680935 0.9588466184025128
    outer loop
      vertex 71.22847143225931 18.778021175750816 8.25403240711173
      vertex 71.54408888596005 18.870694821791098 8.351435568145055
      vertex 70.9806237722772 20.78968076902009 8.351435568145055
    endloop
  endfacet
  facet normal -0.08770470531807847 -0.025752425036740006 0.9958135856021428
    outer loop
      vertex 70.90068579666729 18.681774629136353 8.222674204125425
      vertex 70.66500631857646 20.69700712297981 8.25403240711173
      vertex 70.33722068298444 20.600760576365346 8.222674204125425
    endloop
  endfacet
  facet normal -0.2724236315202003 -0.07999079551680939 0.958846618402513
    outer loop
      vertex 71.22847143225931 18.778021175750816 8.25403240711173
      vertex 70.9806237722772 20.78968076902009 8.351435568145055
      vertex 70.66500631857646 20.69700712297981 8.25403240711173
    endloop
  endfacet
  facet normal -0.4466734703399626 -0.13115516458453125 0.8850317133850397
    outer loop
      vertex 71.54408888596005 18.870694821791098 8.351435568145055
      vertex 71.27194404234119 20.87522011824084 8.511140538371208
      vertex 70.9806237722772 20.78968076902009 8.351435568145055
    endloop
  endfacet
  facet normal 0.9200065931312273 0.27013830942129397 0.2839245716349283
    outer loop
      vertex 69.26284672720806 18.200861687173603 9.642631140957281
      vertex 69.35630437582738 18.22830332877596 9.313689228530588
      vertex 68.79283926214453 20.147289276004955 9.313689228530588
    endloop
  endfacet
  facet normal 0.9554761384151202 0.28055310760912194 0.09140734505604262
    outer loop
      vertex 69.26284672720806 18.200861687173603 9.642631140957281
      vertex 68.6993816135252 20.119847634402596 9.642631140957281
      vertex 69.23275875177754 18.19202706046832 9.98425494082445
    endloop
  endfacet
  facet normal 0.9542272715369012 0.2801864072075236 -0.1046226145313765
    outer loop
      vertex 69.23275875177754 18.19202706046832 9.98425494082445
      vertex 68.66929363809469 20.111013007697313 9.98425494082445
      vertex 69.26719671355804 18.202138958409876 10.325432217088034
    endloop
  endfacet
  facet normal 0.9554761384151202 0.28055310760912194 0.09140734505604264
    outer loop
      vertex 69.23275875177754 18.19202706046832 9.98425494082445
      vertex 68.6993816135252 20.119847634402596 9.642631140957281
      vertex 68.66929363809469 20.111013007697313 9.98425494082445
    endloop
  endfacet
  facet normal 0.954227271536901 0.2801864072075235 -0.10462261453137654
    outer loop
      vertex 69.26719671355804 18.202138958409876 10.325432217088034
      vertex 68.66929363809469 20.111013007697313 9.98425494082445
      vertex 68.70373159987518 20.12112490563887 10.325432217088034
    endloop
  endfacet
  facet normal 0.8491817104189573 0.24934224749771924 0.46553073615253404
    outer loop
      vertex 68.94607505892783 20.19228336560705 9.01007025676618
      vertex 68.79283926214453 20.147289276004955 9.313689228530588
      vertex 69.35630437582738 18.22830332877596 9.313689228530588
    endloop
  endfacet
  facet normal 0.9200065931312273 0.27013830942129397 0.2839245716349284
    outer loop
      vertex 69.26284672720806 18.200861687173603 9.642631140957281
      vertex 68.79283926214453 20.147289276004955 9.313689228530588
      vertex 68.6993816135252 20.119847634402596 9.642631140957281
    endloop
  endfacet
  facet normal 0.9163079857503423 0.2690523003072888 -0.2966319857154769
    outer loop
      vertex 69.26719671355804 18.202138958409876 10.325432217088034
      vertex 68.70373159987518 20.12112490563887 10.325432217088034
      vertex 69.36483718099139 18.230808786431194 10.653051718355645
    endloop
  endfacet
  facet normal 0.843175497942833 0.24757866439251217 -0.4772419560416661
    outer loop
      vertex 68.80137206730853 20.149794733660187 10.653051718355645
      vertex 69.52192788567153 18.276934779119642 10.954523210924698
      vertex 69.36483718099139 18.230808786431194 10.653051718355645
    endloop
  endfacet
  facet normal 0.7376402486076353 0.21659071924884235 -0.6395117856375558
    outer loop
      vertex 68.95846277198868 20.195920726348636 10.954523210924698
      vertex 69.7324319199151 18.338744340443956 11.218261314402929
      vertex 69.52192788567153 18.276934779119642 10.954523210924698
    endloop
  endfacet
  facet normal 0.9163079857503423 0.2690523003072888 -0.2966319857154769
    outer loop
      vertex 68.70373159987518 20.12112490563887 10.325432217088034
      vertex 68.80137206730853 20.149794733660187 10.653051718355645
      vertex 69.36483718099139 18.230808786431194 10.653051718355645
    endloop
  endfacet
  facet normal 0.843175497942833 0.24757866439251217 -0.4772419560416661
    outer loop
      vertex 68.80137206730853 20.149794733660187 10.653051718355645
      vertex 68.95846277198868 20.195920726348636 10.954523210924698
      vertex 69.52192788567153 18.276934779119642 10.954523210924698
    endloop
  endfacet
  facet normal 0.7376402486076353 0.21659071924884238 -0.6395117856375558
    outer loop
      vertex 68.95846277198868 20.195920726348636 10.954523210924698
      vertex 69.16896680623225 20.25773028767295 11.218261314402929
      vertex 69.7324319199151 18.338744340443956 11.218261314402929
    endloop
  endfacet
  facet normal 0.6037578981918945 0.17727931422992338 -0.7772055359536973
    outer loop
      vertex 69.16896680623225 20.25773028767295 11.218261314402929
      vertex 69.98825973173811 18.413862163625648 11.434130721379699
      vertex 69.7324319199151 18.338744340443956 11.218261314402929
    endloop
  endfacet
  facet normal 0.6037578981918945 0.17727931422992338 -0.7772055359536973
    outer loop
      vertex 69.16896680623225 20.25773028767295 11.218261314402929
      vertex 69.42479461805526 20.33284811085464 11.434130721379699
      vertex 69.98825973173811 18.413862163625648 11.434130721379699
    endloop
  endfacet
  facet normal 0.44667347033993277 0.13115516458452248 -0.8850317133850562
    outer loop
      vertex 69.98825973173811 18.413862163625648 11.434130721379699
      vertex 69.42479461805526 20.33284811085464 11.434130721379699
      vertex 70.27958000180213 18.499401512846404 11.593835691605854
    endloop
  endfacet
  facet normal 0.2724236315202069 0.0799907955168113 -0.958846618402511
    outer loop
      vertex 70.27958000180213 18.499401512846404 11.593835691605854
      vertex 69.71611488811928 20.418387460075397 11.593835691605854
      vertex 70.59519745550286 18.592075158886683 11.691238852639177
    endloop
  endfacet
  facet normal 0.44667347033993277 0.13115516458452248 -0.8850317133850562
    outer loop
      vertex 70.27958000180213 18.499401512846404 11.593835691605854
      vertex 69.42479461805526 20.33284811085464 11.434130721379699
      vertex 69.71611488811928 20.418387460075397 11.593835691605854
    endloop
  endfacet
  facet normal 0.27242363152020693 0.07999079551681132 -0.9588466184025108
    outer loop
      vertex 70.59519745550286 18.592075158886683 11.691238852639177
      vertex 69.71611488811928 20.418387460075397 11.593835691605854
      vertex 70.03173234182 20.511061106115676 11.691238852639177
    endloop
  endfacet
  facet normal 0.087704705318075 0.025752425036738986 -0.9958135856021431
    outer loop
      vertex 70.59519745550286 18.592075158886683 11.691238852639177
      vertex 70.03173234182 20.511061106115676 11.691238852639177
      vertex 70.92298309109489 18.688321705501146 11.722597055625481
    endloop
  endfacet
  facet normal -0.10038466352406378 -0.02947559669536849 -0.994511995165776
    outer loop
      vertex 70.92298309109489 18.688321705501146 11.722597055625481
      vertex 70.35951797741204 20.60730765273014 11.722597055625481
      vertex 71.25034029042672 18.784442451879077 11.686705222409886
    endloop
  endfacet
  facet normal -0.28461630604332766 -0.08357088777657419 -0.9549918664839435
    outer loop
      vertex 71.25034029042672 18.784442451879077 11.686705222409886
      vertex 70.68687517674387 20.70342839910807 11.686705222409886
      vertex 71.56468889991208 18.87674353164232 11.584942656014494
    endloop
  endfacet
  facet normal 0.087704705318075 0.025752425036738986 -0.9958135856021431
    outer loop
      vertex 70.92298309109489 18.688321705501146 11.722597055625481
      vertex 70.03173234182 20.511061106115676 11.691238852639177
      vertex 70.35951797741204 20.60730765273014 11.722597055625481
    endloop
  endfacet
  facet normal -0.10038466352406376 -0.029475596695368488 -0.994511995165776
    outer loop
      vertex 71.25034029042672 18.784442451879077 11.686705222409886
      vertex 70.35951797741204 20.60730765273014 11.722597055625481
      vertex 70.68687517674387 20.70342839910807 11.686705222409886
    endloop
  endfacet
  facet normal -0.28461630604332766 -0.08357088777657419 -0.9549918664839435
    outer loop
      vertex 71.56468889991208 18.87674353164232 11.584942656014494
      vertex 70.68687517674387 20.70342839910807 11.686705222409886
      vertex 71.00122378622923 20.795729478871312 11.584942656014494
    endloop
  endfacet
  facet normal -0.4466734703399626 -0.13115516458453122 0.8850317133850397
    outer loop
      vertex 71.54408888596005 18.870694821791098 8.351435568145055
      vertex 71.83540915602404 18.956234171011847 8.511140538371208
      vertex 71.27194404234119 20.87522011824084 8.511140538371208
    endloop
  endfacet
  facet normal -0.6037578981918803 -0.1772793142299192 0.7772055359537094
    outer loop
      vertex 71.83540915602404 18.956234171011847 8.511140538371208
      vertex 72.09123696784707 19.031351994193535 8.72700994534798
      vertex 71.52777185416421 20.95033794142253 8.72700994534798
    endloop
  endfacet
  facet normal -0.7376402486076326 -0.21659071924884157 0.6395117856375594
    outer loop
      vertex 72.09123696784707 19.031351994193535 8.72700994534798
      vertex 72.30174100209064 19.093161555517856 8.99074804882621
      vertex 71.73827588840778 21.01214750274685 8.99074804882621
    endloop
  endfacet
  facet normal -0.6037578981918803 -0.1772793142299192 0.7772055359537093
    outer loop
      vertex 71.83540915602404 18.956234171011847 8.511140538371208
      vertex 71.52777185416421 20.95033794142253 8.72700994534798
      vertex 71.27194404234119 20.87522011824084 8.511140538371208
    endloop
  endfacet
  facet normal -0.7376402486076327 -0.21659071924884155 0.6395117856375593
    outer loop
      vertex 72.09123696784707 19.031351994193535 8.72700994534798
      vertex 71.73827588840778 21.01214750274685 8.99074804882621
      vertex 71.52777185416421 20.95033794142253 8.72700994534798
    endloop
  endfacet
  facet normal -0.843175497942834 -0.2475786643925125 0.4772419560416641
    outer loop
      vertex 72.30174100209064 19.093161555517856 8.99074804882621
      vertex 71.89536659308793 21.058273495435298 9.292219541395266
      vertex 71.73827588840778 21.01214750274685 8.99074804882621
    endloop
  endfacet
  facet normal -0.843175497942834 -0.2475786643925125 0.4772419560416639
    outer loop
      vertex 72.30174100209064 19.093161555517856 8.99074804882621
      vertex 72.45883170677078 19.139287548206305 9.292219541395266
      vertex 71.89536659308793 21.058273495435298 9.292219541395266
    endloop
  endfacet
  facet normal -0.9163079857503423 -0.26905230030728877 0.29663198571547716
    outer loop
      vertex 72.45883170677078 19.139287548206305 9.292219541395266
      vertex 72.55647217420413 19.16795737622762 9.619839042662873
      vertex 71.99300706052128 21.086943323456612 9.619839042662873
    endloop
  endfacet
  facet normal -0.9542272715368971 -0.2801864072075224 0.1046226145314158
    outer loop
      vertex 72.55647217420413 19.16795737622762 9.619839042662873
      vertex 72.59091013598464 19.178069274169175 9.961016318926458
      vertex 72.02744502230179 21.09705522139817 9.961016318926458
    endloop
  endfacet
  facet normal -0.9554761384151171 -0.280553107609121 -0.09140734505607961
    outer loop
      vertex 72.59091013598464 19.178069274169175 9.961016318926458
      vertex 72.56082216055411 19.169234647463895 10.302640118793624
      vertex 71.99735704687126 21.08822059469289 10.302640118793624
    endloop
  endfacet
  facet normal -0.8491817104189562 -0.24934224749771897 -0.4655307361525364
    outer loop
      vertex 72.46736451193479 19.141793005861537 10.631582031220319
      vertex 72.31412871515148 19.096798916259438 10.935201002984726
      vertex 71.75066360146863 21.01578486348843 10.935201002984726
    endloop
  endfacet
  facet normal -0.6136070648628859 -0.180171290497892 -0.7687812927163865
    outer loop
      vertex 71.85394867877717 18.961677866058597 11.421220034796775
      vertex 71.29048356509432 20.88066381328759 11.421220034796775
      vertex 72.10700353593894 19.03598147628803 11.201829127273427
    endloop
  endfacet
  facet normal -0.7457232508018735 -0.21896410283554965 -0.6292468155524579
    outer loop
      vertex 72.31412871515148 19.096798916259438 10.935201002984726
      vertex 72.10700353593894 19.03598147628803 11.201829127273427
      vertex 71.54353842225609 20.954967423517022 11.201829127273427
    endloop
  endfacet
  facet normal -0.9200065931312277 -0.2701383094212941 -0.28392457163492685
    outer loop
      vertex 72.56082216055411 19.169234647463895 10.302640118793624
      vertex 72.46736451193479 19.141793005861537 10.631582031220319
      vertex 71.90389939825194 21.06077895309053 10.631582031220319
    endloop
  endfacet
  facet normal -0.45791030353602397 -0.13445459650762415 -0.8787719359387385
    outer loop
      vertex 71.85394867877717 18.961677866058597 11.421220034796775
      vertex 71.56468889991208 18.87674353164232 11.584942656014494
      vertex 71.00122378622923 20.795729478871312 11.584942656014494
    endloop
  endfacet
  facet normal -0.9163079857503423 -0.26905230030728877 0.296631985715477
    outer loop
      vertex 72.45883170677078 19.139287548206305 9.292219541395266
      vertex 71.99300706052128 21.086943323456612 9.619839042662873
      vertex 71.89536659308793 21.058273495435298 9.292219541395266
    endloop
  endfacet
  facet normal -0.9542272715368971 -0.2801864072075224 0.10462261453141593
    outer loop
      vertex 72.55647217420413 19.16795737622762 9.619839042662873
      vertex 72.02744502230179 21.09705522139817 9.961016318926458
      vertex 71.99300706052128 21.086943323456612 9.619839042662873
    endloop
  endfacet
  facet normal -0.9554761384151169 -0.28055310760912094 -0.09140734505607968
    outer loop
      vertex 72.59091013598464 19.178069274169175 9.961016318926458
      vertex 71.99735704687126 21.08822059469289 10.302640118793624
      vertex 72.02744502230179 21.09705522139817 9.961016318926458
    endloop
  endfacet
  facet normal -0.9200065931312277 -0.2701383094212941 -0.2839245716349268
    outer loop
      vertex 72.56082216055411 19.169234647463895 10.302640118793624
      vertex 71.90389939825194 21.06077895309053 10.631582031220319
      vertex 71.99735704687126 21.08822059469289 10.302640118793624
    endloop
  endfacet
  facet normal -0.8491817104189561 -0.24934224749771883 -0.4655307361525363
    outer loop
      vertex 72.46736451193479 19.141793005861537 10.631582031220319
      vertex 71.75066360146863 21.01578486348843 10.935201002984726
      vertex 71.90389939825194 21.06077895309053 10.631582031220319
    endloop
  endfacet
  facet normal -0.6136070648628859 -0.180171290497892 -0.7687812927163865
    outer loop
      vertex 72.10700353593894 19.03598147628803 11.201829127273427
      vertex 71.29048356509432 20.88066381328759 11.421220034796775
      vertex 71.54353842225609 20.954967423517022 11.201829127273427
    endloop
  endfacet
  facet normal -0.7457232508018734 -0.2189641028355496 -0.6292468155524579
    outer loop
      vertex 72.31412871515148 19.096798916259438 10.935201002984726
      vertex 71.54353842225609 20.954967423517022 11.201829127273427
      vertex 71.75066360146863 21.01578486348843 10.935201002984726
    endloop
  endfacet
  facet normal -0.4579103035360239 -0.13445459650762412 -0.8787719359387385
    outer loop
      vertex 71.85394867877717 18.961677866058597 11.421220034796775
      vertex 71.00122378622923 20.795729478871312 11.584942656014494
      vertex 71.29048356509432 20.88066381328759 11.421220034796775
    endloop
  endfacet
  facet normal 0.9200065931312401 0.27013830942129774 0.2839245716348836
    outer loop
      vertex 100.30532565651168 27.315755907298172 30.950865742637482
      vertex 100.39878330513099 27.343197548900523 30.621923830210786
      vertex 99.83531819144814 29.262183496129516 30.621923830210786
    endloop
  endfacet
  facet normal 0.8491817104189561 0.24934224749771883 0.4655307361525363
    outer loop
      vertex 100.39878330513099 27.343197548900523 30.621923830210786
      vertex 99.98855398823144 29.307177585731615 30.31830485844638
      vertex 99.83531819144814 29.262183496129516 30.621923830210786
    endloop
  endfacet
  facet normal 0.92000659313124 0.27013830942129774 0.28392457163488366
    outer loop
      vertex 100.30532565651168 27.315755907298172 30.950865742637482
      vertex 99.83531819144814 29.262183496129516 30.621923830210786
      vertex 99.74186054282883 29.234741854527165 30.950865742637482
    endloop
  endfacet
  facet normal 0.9554761384151129 0.2805531076091197 0.0914073450561262
    outer loop
      vertex 100.30532565651168 27.315755907298172 30.950865742637482
      vertex 99.74186054282883 29.234741854527165 30.950865742637482
      vertex 100.27523768108114 27.306921280592885 31.292489542504644
    endloop
  endfacet
  facet normal 0.9542272715368973 0.28018640720752247 -0.1046226145314142
    outer loop
      vertex 100.27523768108114 27.306921280592885 31.292489542504644
      vertex 99.71177256739828 29.225907227821878 31.292489542504644
      vertex 100.30967564286165 27.31703317853444 31.633666818768233
    endloop
  endfacet
  facet normal 0.9163079857503286 0.2690523003072848 -0.2966319857155232
    outer loop
      vertex 100.30967564286165 27.31703317853444 31.633666818768233
      vertex 99.7462105291788 29.236019125763434 31.633666818768233
      vertex 100.40731611029501 27.345703006555762 31.961286320035835
    endloop
  endfacet
  facet normal 0.9554761384151129 0.2805531076091197 0.09140734505612634
    outer loop
      vertex 100.27523768108114 27.306921280592885 31.292489542504644
      vertex 99.74186054282883 29.234741854527165 30.950865742637482
      vertex 99.71177256739828 29.225907227821878 31.292489542504644
    endloop
  endfacet
  facet normal 0.9542272715368973 0.28018640720752247 -0.10462261453141432
    outer loop
      vertex 100.30967564286165 27.31703317853444 31.633666818768233
      vertex 99.71177256739828 29.225907227821878 31.292489542504644
      vertex 99.7462105291788 29.236019125763434 31.633666818768233
    endloop
  endfacet
  facet normal 0.9163079857503286 0.2690523003072848 -0.2966319857155233
    outer loop
      vertex 100.40731611029501 27.345703006555762 31.961286320035835
      vertex 99.7462105291788 29.236019125763434 31.633666818768233
      vertex 99.84385099661216 29.264688953784756 31.961286320035835
    endloop
  endfacet
  facet normal 0.8431754979428374 0.24757866439251347 -0.4772419560416573
    outer loop
      vertex 100.56440681497516 27.39182899924421 32.262757812604896
      vertex 99.84385099661216 29.264688953784756 31.961286320035835
      vertex 100.0009417012923 29.310814946473204 32.262757812604896
    endloop
  endfacet
  facet normal 0.4579103035360382 0.1344545965076283 0.8787719359387305
    outer loop
      vertex 101.01219913828861 27.523312688703463 29.832285826634333
      vertex 101.3014589171537 27.608247023119745 29.668563205416607
      vertex 100.73799380347084 29.527232970348738 29.668563205416607
    endloop
  endfacet
  facet normal 0.4579103035360382 0.13445459650762828 0.8787719359387305
    outer loop
      vertex 101.01219913828861 27.523312688703463 29.832285826634333
      vertex 100.73799380347084 29.527232970348738 29.668563205416607
      vertex 100.44873402460576 29.442298635932456 29.832285826634333
    endloop
  endfacet
  facet normal 0.28461630604332394 0.0835708877765731 0.9549918664839447
    outer loop
      vertex 101.05234241295621 29.619534050111977 29.566800639021217
      vertex 101.3014589171537 27.608247023119745 29.668563205416607
      vertex 101.61580752663906 27.700548102882983 29.566800639021217
    endloop
  endfacet
  facet normal 0.10038466352406444 0.02947559669536868 0.9945119951657759
    outer loop
      vertex 101.61580752663906 27.700548102882983 29.566800639021217
      vertex 101.9431647259709 27.796668849260918 29.53090880580562
      vertex 101.37969961228805 29.71565479648991 29.53090880580562
    endloop
  endfacet
  facet normal -0.08770470531809471 -0.02575242503674477 0.9958135856021412
    outer loop
      vertex 101.9431647259709 27.796668849260918 29.53090880580562
      vertex 102.27095036156294 27.89291539587538 29.56226700879193
      vertex 101.70748524788009 29.811901343104374 29.56226700879193
    endloop
  endfacet
  facet normal -0.272423631520197 -0.0799907955168084 0.9588466184025138
    outer loop
      vertex 102.27095036156294 27.89291539587538 29.56226700879193
      vertex 102.58656781526366 27.985589041915663 29.65967016982525
      vertex 102.02310270158081 29.904574989144656 29.65967016982525
    endloop
  endfacet
  facet normal -0.4466734703399418 -0.13115516458452514 0.8850317133850512
    outer loop
      vertex 102.58656781526366 27.985589041915663 29.65967016982525
      vertex 102.87788808532767 28.071128391136416 29.819375140051402
      vertex 102.31442297164482 29.99011433836541 29.819375140051402
    endloop
  endfacet
  facet normal 0.7457232508018536 0.2189641028355438 0.6292468155524836
    outer loop
      vertex 100.5520191019143 27.388191638502622 30.31830485844638
      vertex 100.75914428112685 27.449009078474035 30.051676734157677
      vertex 100.195679167444 29.367995025703028 30.051676734157677
    endloop
  endfacet
  facet normal 0.6136070648629001 0.18017129049789612 0.7687812927163742
    outer loop
      vertex 100.75914428112685 27.449009078474035 30.051676734157677
      vertex 101.01219913828861 27.523312688703463 29.832285826634333
      vertex 100.44873402460576 29.442298635932456 29.832285826634333
    endloop
  endfacet
  facet normal 0.8491817104189561 0.24934224749771883 0.4655307361525363
    outer loop
      vertex 100.5520191019143 27.388191638502622 30.31830485844638
      vertex 99.98855398823144 29.307177585731615 30.31830485844638
      vertex 100.39878330513099 27.343197548900523 30.621923830210786
    endloop
  endfacet
  facet normal 0.6136070648629001 0.18017129049789615 0.7687812927163742
    outer loop
      vertex 100.75914428112685 27.449009078474035 30.051676734157677
      vertex 100.44873402460576 29.442298635932456 29.832285826634333
      vertex 100.195679167444 29.367995025703028 30.051676734157677
    endloop
  endfacet
  facet normal 0.7457232508018536 0.2189641028355438 0.6292468155524836
    outer loop
      vertex 100.5520191019143 27.388191638502622 30.31830485844638
      vertex 100.195679167444 29.367995025703028 30.051676734157677
      vertex 99.98855398823144 29.307177585731615 30.31830485844638
    endloop
  endfacet
  facet normal 0.8431754979428374 0.24757866439251347 -0.4772419560416574
    outer loop
      vertex 100.40731611029501 27.345703006555762 31.961286320035835
      vertex 99.84385099661216 29.264688953784756 31.961286320035835
      vertex 100.56440681497516 27.39182899924421 32.262757812604896
    endloop
  endfacet
  facet normal -0.6037578981918803 -0.1772793142299192 0.7772055359537094
    outer loop
      vertex 102.87788808532767 28.071128391136416 29.819375140051402
      vertex 103.1337158971507 28.146246214318104 30.035244547028174
      vertex 102.57025078346784 30.065232161547097 30.035244547028174
    endloop
  endfacet
  facet normal -0.7376402486076481 -0.21659071924884607 0.63951178563754
    outer loop
      vertex 103.1337158971507 28.146246214318104 30.035244547028174
      vertex 103.34421993139425 28.208055775642418 30.2989826505064
      vertex 102.7807548177114 30.12704172287141 30.2989826505064
    endloop
  endfacet
  facet normal 0.7376402486076479 0.21659071924884607 -0.6395117856375401
    outer loop
      vertex 100.56440681497516 27.39182899924421 32.262757812604896
      vertex 100.0009417012923 29.310814946473204 32.262757812604896
      vertex 100.77491084921871 27.453638560568525 32.52649591608312
    endloop
  endfacet
  facet normal 0.6037578981918803 0.1772793142299192 -0.7772055359537094
    outer loop
      vertex 100.77491084921871 27.453638560568525 32.52649591608312
      vertex 100.21144573553586 29.372624507797518 32.52649591608312
      vertex 101.03073866104174 27.528756383750213 32.74236532305989
    endloop
  endfacet
  facet normal 0.7376402486076479 0.21659071924884607 -0.6395117856375402
    outer loop
      vertex 100.77491084921871 27.453638560568525 32.52649591608312
      vertex 100.0009417012923 29.310814946473204 32.262757812604896
      vertex 100.21144573553586 29.372624507797518 32.52649591608312
    endloop
  endfacet
  facet normal 0.6037578981918803 0.1772793142299192 -0.7772055359537094
    outer loop
      vertex 101.03073866104174 27.528756383750213 32.74236532305989
      vertex 100.21144573553586 29.372624507797518 32.52649591608312
      vertex 100.46727354735889 29.447742330979207 32.74236532305989
    endloop
  endfacet
  facet normal 0.44667347033995863 0.13115516458453008 -0.8850317133850418
    outer loop
      vertex 101.03073866104174 27.528756383750213 32.74236532305989
      vertex 100.46727354735889 29.447742330979207 32.74236532305989
      vertex 101.32205893110573 27.614295732970962 32.902070293286044
    endloop
  endfacet
  facet normal 0.4466734703399587 0.1311551645845301 -0.8850317133850418
    outer loop
      vertex 100.46727354735889 29.447742330979207 32.74236532305989
      vertex 100.75859381742288 29.533281680199956 32.902070293286044
      vertex 101.32205893110573 27.614295732970962 32.902070293286044
    endloop
  endfacet
  facet normal 0.27242363152018584 0.07999079551680514 -0.9588466184025174
    outer loop
      vertex 100.75859381742288 29.533281680199956 32.902070293286044
      vertex 101.63767638480647 27.706969379011248 32.999473454319364
      vertex 101.32205893110573 27.614295732970962 32.902070293286044
    endloop
  endfacet
  facet normal 0.08770470531811095 0.02575242503674954 -0.9958135856021397
    outer loop
      vertex 101.07421127112362 29.62595532624024 32.999473454319364
      vertex 101.96546202039852 27.80321592562571 33.03083165730568
      vertex 101.63767638480647 27.706969379011248 32.999473454319364
    endloop
  endfacet
  facet normal -0.10038466352408248 -0.029475596695373984 -0.9945119951657739
    outer loop
      vertex 101.96546202039852 27.80321592562571 33.03083165730568
      vertex 101.40199690671567 29.722201872854704 33.03083165730568
      vertex 102.29281921973033 27.899336672003642 32.99493982409008
    endloop
  endfacet
  facet normal -0.6136070648628942 -0.18017129049789443 -0.7687812927163793
    outer loop
      vertex 102.89642760808078 28.076572086183162 32.729454636476966
      vertex 102.33296249439793 29.995558033412156 32.729454636476966
      vertex 103.14948246524254 28.15087569641259 32.510063728953625
    endloop
  endfacet
  facet normal -0.2846163060433033 -0.08357088777656704 -0.9549918664839513
    outer loop
      vertex 102.29281921973033 27.899336672003642 32.99493982409008
      vertex 101.72935410604748 29.818322619232635 32.99493982409008
      vertex 102.60716782921571 27.991637751766884 32.893177257694695
    endloop
  endfacet
  facet normal -0.45791030353606293 -0.13445459650763558 -0.8787719359387165
    outer loop
      vertex 102.60716782921571 27.991637751766884 32.893177257694695
      vertex 102.04370271553286 29.910623698995877 32.893177257694695
      vertex 102.89642760808078 28.076572086183162 32.729454636476966
    endloop
  endfacet
  facet normal -0.8491817104189752 -0.24934224749772446 -0.4655307361524986
    outer loop
      vertex 103.5098434412384 28.256687225986102 31.939816632900513
      vertex 103.35660764445511 28.211693136384007 32.243435604664924
      vertex 102.79314253077226 30.130679083613 32.243435604664924
    endloop
  endfacet
  facet normal -0.7457232508018337 -0.2189641028355379 -0.6292468155525094
    outer loop
      vertex 103.14948246524254 28.15087569641259 32.510063728953625
      vertex 102.58601735155969 30.069861643641584 32.510063728953625
      vertex 103.35660764445511 28.211693136384007 32.243435604664924
    endloop
  endfacet
  facet normal 0.28461630604332394 0.0835708877765731 0.9549918664839447
    outer loop
      vertex 100.73799380347084 29.527232970348738 29.668563205416607
      vertex 101.3014589171537 27.608247023119745 29.668563205416607
      vertex 101.05234241295621 29.619534050111977 29.566800639021217
    endloop
  endfacet
  facet normal 0.10038466352406444 0.02947559669536868 0.9945119951657759
    outer loop
      vertex 101.05234241295621 29.619534050111977 29.566800639021217
      vertex 101.61580752663906 27.700548102882983 29.566800639021217
      vertex 101.37969961228805 29.71565479648991 29.53090880580562
    endloop
  endfacet
  facet normal -0.08770470531809471 -0.02575242503674477 0.9958135856021412
    outer loop
      vertex 101.9431647259709 27.796668849260918 29.53090880580562
      vertex 101.70748524788009 29.811901343104374 29.56226700879193
      vertex 101.37969961228805 29.71565479648991 29.53090880580562
    endloop
  endfacet
  facet normal -0.27242363152019694 -0.0799907955168084 0.958846618402514
    outer loop
      vertex 102.27095036156294 27.89291539587538 29.56226700879193
      vertex 102.02310270158081 29.904574989144656 29.65967016982525
      vertex 101.70748524788009 29.811901343104374 29.56226700879193
    endloop
  endfacet
  facet normal -0.44667347033994187 -0.13115516458452517 0.8850317133850512
    outer loop
      vertex 102.58656781526366 27.985589041915663 29.65967016982525
      vertex 102.31442297164482 29.99011433836541 29.819375140051402
      vertex 102.02310270158081 29.904574989144656 29.65967016982525
    endloop
  endfacet
  facet normal -0.6037578981918803 -0.1772793142299192 0.7772055359537093
    outer loop
      vertex 102.87788808532767 28.071128391136416 29.819375140051402
      vertex 102.57025078346784 30.065232161547097 30.035244547028174
      vertex 102.31442297164482 29.99011433836541 29.819375140051402
    endloop
  endfacet
  facet normal -0.737640248607648 -0.2165907192488461 0.63951178563754
    outer loop
      vertex 103.1337158971507 28.146246214318104 30.035244547028174
      vertex 102.7807548177114 30.12704172287141 30.2989826505064
      vertex 102.57025078346784 30.065232161547097 30.035244547028174
    endloop
  endfacet
  facet normal -0.8431754979428396 -0.24757866439251416 0.47724195604165315
    outer loop
      vertex 103.34421993139425 28.208055775642418 30.2989826505064
      vertex 102.93784552239154 30.17316771555986 30.600454143075464
      vertex 102.7807548177114 30.12704172287141 30.2989826505064
    endloop
  endfacet
  facet normal -0.8431754979428396 -0.24757866439251416 0.477241956041653
    outer loop
      vertex 103.34421993139425 28.208055775642418 30.2989826505064
      vertex 103.5013106360744 28.254181768330866 30.600454143075464
      vertex 102.93784552239154 30.17316771555986 30.600454143075464
    endloop
  endfacet
  facet normal -0.9163079857503286 -0.2690523003072848 0.2966319857155231
    outer loop
      vertex 103.5013106360744 28.254181768330866 30.600454143075464
      vertex 103.59895110350776 28.282851596352188 30.928073644343065
      vertex 103.0354859898249 30.20183754358118 30.928073644343065
    endloop
  endfacet
  facet normal -0.9163079857503286 -0.2690523003072848 0.296631985715523
    outer loop
      vertex 103.5013106360744 28.254181768330866 30.600454143075464
      vertex 103.0354859898249 30.20183754358118 30.928073644343065
      vertex 102.93784552239154 30.17316771555986 30.600454143075464
    endloop
  endfacet
  facet normal -0.9542272715368973 -0.28018640720752247 0.10462261453141432
    outer loop
      vertex 103.59895110350776 28.282851596352188 30.928073644343065
      vertex 103.06992395160542 30.211949441522737 31.269250920606655
      vertex 103.0354859898249 30.20183754358118 30.928073644343065
    endloop
  endfacet
  facet normal -0.9554761384151091 -0.28055310760911867 -0.09140734505616839
    outer loop
      vertex 103.63338906528827 28.292963494293744 31.269250920606655
      vertex 103.03983597617486 30.203114814817447 31.610874720473817
      vertex 103.06992395160542 30.211949441522737 31.269250920606655
    endloop
  endfacet
  facet normal -0.9542272715368973 -0.28018640720752247 0.1046226145314142
    outer loop
      vertex 103.59895110350776 28.282851596352188 30.928073644343065
      vertex 103.63338906528827 28.292963494293744 31.269250920606655
      vertex 103.06992395160542 30.211949441522737 31.269250920606655
    endloop
  endfacet
  facet normal -0.9554761384151091 -0.28055310760911867 -0.09140734505616853
    outer loop
      vertex 103.63338906528827 28.292963494293744 31.269250920606655
      vertex 103.60330108985771 28.284128867588453 31.610874720473817
      vertex 103.03983597617486 30.203114814817447 31.610874720473817
    endloop
  endfacet
  facet normal -0.92000659313124 -0.2701383094212977 -0.28392457163488355
    outer loop
      vertex 103.60330108985771 28.284128867588453 31.610874720473817
      vertex 103.5098434412384 28.256687225986102 31.939816632900513
      vertex 102.94637832755555 30.175673173215095 31.939816632900513
    endloop
  endfacet
  facet normal -0.92000659313124 -0.27013830942129774 -0.2839245716348835
    outer loop
      vertex 103.60330108985771 28.284128867588453 31.610874720473817
      vertex 102.94637832755555 30.175673173215095 31.939816632900513
      vertex 103.03983597617486 30.203114814817447 31.610874720473817
    endloop
  endfacet
  facet normal -0.8491817104189752 -0.2493422474977245 -0.4655307361524986
    outer loop
      vertex 103.5098434412384 28.256687225986102 31.939816632900513
      vertex 102.79314253077226 30.130679083613 32.243435604664924
      vertex 102.94637832755555 30.175673173215095 31.939816632900513
    endloop
  endfacet
  facet normal 0.27242363152018584 0.07999079551680514 -0.9588466184025174
    outer loop
      vertex 100.75859381742288 29.533281680199956 32.902070293286044
      vertex 101.07421127112362 29.62595532624024 32.999473454319364
      vertex 101.63767638480647 27.706969379011248 32.999473454319364
    endloop
  endfacet
  facet normal 0.08770470531811096 0.025752425036749543 -0.9958135856021397
    outer loop
      vertex 101.07421127112362 29.62595532624024 32.999473454319364
      vertex 101.40199690671567 29.722201872854704 33.03083165730568
      vertex 101.96546202039852 27.80321592562571 33.03083165730568
    endloop
  endfacet
  facet normal -0.10038466352408247 -0.029475596695373977 -0.9945119951657739
    outer loop
      vertex 102.29281921973033 27.899336672003642 32.99493982409008
      vertex 101.40199690671567 29.722201872854704 33.03083165730568
      vertex 101.72935410604748 29.818322619232635 32.99493982409008
    endloop
  endfacet
  facet normal -0.7457232508018337 -0.2189641028355379 -0.6292468155525094
    outer loop
      vertex 103.35660764445511 28.211693136384007 32.243435604664924
      vertex 102.58601735155969 30.069861643641584 32.510063728953625
      vertex 102.79314253077226 30.130679083613 32.243435604664924
    endloop
  endfacet
  facet normal -0.6136070648628942 -0.18017129049789443 -0.7687812927163791
    outer loop
      vertex 103.14948246524254 28.15087569641259 32.510063728953625
      vertex 102.33296249439793 29.995558033412156 32.729454636476966
      vertex 102.58601735155969 30.069861643641584 32.510063728953625
    endloop
  endfacet
  facet normal -0.28461630604330324 -0.08357088777656703 -0.9549918664839514
    outer loop
      vertex 102.60716782921571 27.991637751766884 32.893177257694695
      vertex 101.72935410604748 29.818322619232635 32.99493982409008
      vertex 102.04370271553286 29.910623698995877 32.893177257694695
    endloop
  endfacet
  facet normal -0.45791030353606293 -0.13445459650763558 -0.8787719359387165
    outer loop
      vertex 102.89642760808078 28.076572086183162 32.729454636476966
      vertex 102.04370271553286 29.910623698995877 32.893177257694695
      vertex 102.33296249439793 29.995558033412156 32.729454636476966
    endloop
  endfacet
  facet normal 0.6136070648628459 0.18017129049788444 0.7687812927164202
    outer loop
      vertex 131.80162321043045 36.563903298598596 51.35991133583788
      vertex 132.05467806759225 36.63820690882803 51.14052042831453
      vertex 131.49121295390938 38.55719285605703 51.14052042831453
    endloop
  endfacet
  facet normal 0.7457232508018695 0.21896410283555356 0.6292468155524612
    outer loop
      vertex 131.80162321043045 36.563903298598596 51.35991133583788
      vertex 131.23815809674758 38.48288924582759 51.35991133583788
      vertex 131.5944980312179 36.50308585862718 51.62653946012658
    endloop
  endfacet
  facet normal 0.4579103035360977 0.1344545965076489 0.8787719359386964
    outer loop
      vertex 132.05467806759225 36.63820690882803 51.14052042831453
      vertex 132.3439378464573 36.7231412432443 50.9767978070968
      vertex 131.78047273277443 38.642127190473296 50.9767978070968
    endloop
  endfacet
  facet normal 0.2846163060433128 0.08357088777657178 0.9549918664839482
    outer loop
      vertex 132.3439378464573 36.7231412432443 50.9767978070968
      vertex 132.65828645594266 36.815442323007545 50.875035240701415
      vertex 132.0948213422598 38.73442827023654 50.875035240701415
    endloop
  endfacet
  facet normal 0.1003846635240701 0.02947559669537103 0.9945119951657753
    outer loop
      vertex 132.65828645594266 36.815442323007545 50.875035240701415
      vertex 132.98564365527452 36.91156306938548 50.839143407485814
      vertex 132.42217854159165 38.830549016614476 50.839143407485814
    endloop
  endfacet
  facet normal 0.8491817104189725 0.24934224749772954 0.46553073615250057
    outer loop
      vertex 131.44126223443462 36.45809176902509 51.93015843189099
      vertex 131.5944980312179 36.50308585862718 51.62653946012658
      vertex 131.03103291753504 38.42207180585618 51.62653946012658
    endloop
  endfacet
  facet normal 0.9200065931312376 0.27013830942130335 0.2839245716348864
    outer loop
      vertex 131.44126223443462 36.45809176902509 51.93015843189099
      vertex 130.87779712075175 38.377077716254085 51.93015843189099
      vertex 131.3478045858153 36.43065012742274 52.25910034431768
    endloop
  endfacet
  facet normal 0.9554761384151111 0.2805531076091258 0.09140734505612526
    outer loop
      vertex 131.3478045858153 36.43065012742274 52.25910034431768
      vertex 130.78433947213244 38.349636074651734 52.25910034431768
      vertex 131.31771661038476 36.42181550071745 52.600724144184845
    endloop
  endfacet
  facet normal 0.9542272715368908 0.2801864072075271 -0.10462261453146034
    outer loop
      vertex 131.31771661038476 36.42181550071745 52.600724144184845
      vertex 130.7542514967019 38.34080144794645 52.600724144184845
      vertex 131.3521545721653 36.43192739865901 52.94190142044843
    endloop
  endfacet
  facet normal 0.9163079857503742 0.2690523003073044 -0.2966319857153646
    outer loop
      vertex 131.3521545721653 36.43192739865901 52.94190142044843
      vertex 130.78868945848242 38.35091334588801 52.94190142044843
      vertex 131.4497950395986 36.46059722668032 53.26952092171604
    endloop
  endfacet
  facet normal 0.8431754979428006 0.24757866439250845 -0.4772419560417254
    outer loop
      vertex 131.4497950395986 36.46059722668032 53.26952092171604
      vertex 130.88632992591573 38.37958317390932 53.26952092171604
      vertex 131.60688574427877 36.50672321936877 53.570992414285094
    endloop
  endfacet
  facet normal 0.7376402486076264 0.2165907192488448 -0.6395117856375652
    outer loop
      vertex 131.60688574427877 36.50672321936877 53.570992414285094
      vertex 131.0434206305959 38.42570916659777 53.570992414285094
      vertex 131.81738977852234 36.56853278069309 53.83473051776332
    endloop
  endfacet
  facet normal 0.6037578981918779 0.17727931422992263 -0.7772055359537106
    outer loop
      vertex 131.81738977852234 36.56853278069309 53.83473051776332
      vertex 131.25392466483947 38.48751872792209 53.83473051776332
      vertex 132.07321759034537 36.64365060387478 54.05059992474009
    endloop
  endfacet
  facet normal 0.44667347033994326 0.13115516458452864 -0.8850317133850499
    outer loop
      vertex 132.07321759034537 36.64365060387478 54.05059992474009
      vertex 131.5097524766625 38.56263655110378 54.05059992474009
      vertex 132.36453786040937 36.72918995309553 54.21030489496624
    endloop
  endfacet
  facet normal 0.27242363152019494 0.07999079551680967 -0.9588466184025144
    outer loop
      vertex 132.36453786040937 36.72918995309553 54.21030489496624
      vertex 131.8010727467265 38.648175900324524 54.21030489496624
      vertex 132.6801553141101 36.82186359913582 54.30770805599956
    endloop
  endfacet
  facet normal 0.08770470531811798 0.0257524250367522 -0.995813585602139
    outer loop
      vertex 132.6801553141101 36.82186359913582 54.30770805599956
      vertex 132.11669020042723 38.740849546364814 54.30770805599956
      vertex 133.00794094970212 36.918110145750276 54.33906625898588
    endloop
  endfacet
  facet normal 0.9554761384151111 0.2805531076091258 0.09140734505612538
    outer loop
      vertex 131.31771661038476 36.42181550071745 52.600724144184845
      vertex 130.78433947213244 38.349636074651734 52.25910034431768
      vertex 130.7542514967019 38.34080144794645 52.600724144184845
    endloop
  endfacet
  facet normal 0.7457232508018695 0.21896410283555356 0.6292468155524612
    outer loop
      vertex 131.5944980312179 36.50308585862718 51.62653946012658
      vertex 131.23815809674758 38.48288924582759 51.35991133583788
      vertex 131.03103291753504 38.42207180585618 51.62653946012658
    endloop
  endfacet
  facet normal 0.6136070648628459 0.18017129049788447 0.7687812927164203
    outer loop
      vertex 131.80162321043045 36.563903298598596 51.35991133583788
      vertex 131.49121295390938 38.55719285605703 51.14052042831453
      vertex 131.23815809674758 38.48288924582759 51.35991133583788
    endloop
  endfacet
  facet normal 0.45791030353609774 0.13445459650764893 0.8787719359386963
    outer loop
      vertex 132.05467806759225 36.63820690882803 51.14052042831453
      vertex 131.78047273277443 38.642127190473296 50.9767978070968
      vertex 131.49121295390938 38.55719285605703 51.14052042831453
    endloop
  endfacet
  facet normal 0.2846163060433128 0.08357088777657176 0.9549918664839482
    outer loop
      vertex 132.3439378464573 36.7231412432443 50.9767978070968
      vertex 132.0948213422598 38.73442827023654 50.875035240701415
      vertex 131.78047273277443 38.642127190473296 50.9767978070968
    endloop
  endfacet
  facet normal 0.10038466352407013 0.029475596695371045 0.9945119951657754
    outer loop
      vertex 132.65828645594266 36.815442323007545 50.875035240701415
      vertex 132.42217854159165 38.830549016614476 50.839143407485814
      vertex 132.0948213422598 38.73442827023654 50.875035240701415
    endloop
  endfacet
  facet normal -0.08770470531811053 -0.025752425036750015 0.9958135856021396
    outer loop
      vertex 132.98564365527452 36.91156306938548 50.839143407485814
      vertex 132.7499641771837 38.92679556322894 50.87050161047213
      vertex 132.42217854159165 38.830549016614476 50.839143407485814
    endloop
  endfacet
  facet normal 0.8491817104189727 0.2493422474977296 0.46553073615250057
    outer loop
      vertex 131.44126223443462 36.45809176902509 51.93015843189099
      vertex 131.03103291753504 38.42207180585618 51.62653946012658
      vertex 130.87779712075175 38.377077716254085 51.93015843189099
    endloop
  endfacet
  facet normal 0.9200065931312376 0.27013830942130335 0.2839245716348862
    outer loop
      vertex 131.3478045858153 36.43065012742274 52.25910034431768
      vertex 130.87779712075175 38.377077716254085 51.93015843189099
      vertex 130.78433947213244 38.349636074651734 52.25910034431768
    endloop
  endfacet
  facet normal 0.954227271536891 0.28018640720752713 -0.10462261453146014
    outer loop
      vertex 131.3521545721653 36.43192739865901 52.94190142044843
      vertex 130.7542514967019 38.34080144794645 52.600724144184845
      vertex 130.78868945848242 38.35091334588801 52.94190142044843
    endloop
  endfacet
  facet normal 0.9163079857503741 0.26905230030730437 -0.2966319857153647
    outer loop
      vertex 131.4497950395986 36.46059722668032 53.26952092171604
      vertex 130.78868945848242 38.35091334588801 52.94190142044843
      vertex 130.88632992591573 38.37958317390932 53.26952092171604
    endloop
  endfacet
  facet normal 0.8431754979428006 0.24757866439250845 -0.4772419560417253
    outer loop
      vertex 131.60688574427877 36.50672321936877 53.570992414285094
      vertex 130.88632992591573 38.37958317390932 53.26952092171604
      vertex 131.0434206305959 38.42570916659777 53.570992414285094
    endloop
  endfacet
  facet normal 0.7376402486076264 0.2165907192488448 -0.6395117856375653
    outer loop
      vertex 131.81738977852234 36.56853278069309 53.83473051776332
      vertex 131.0434206305959 38.42570916659777 53.570992414285094
      vertex 131.25392466483947 38.48751872792209 53.83473051776332
    endloop
  endfacet
  facet normal 0.6037578981918778 0.1772793142299226 -0.7772055359537107
    outer loop
      vertex 132.07321759034537 36.64365060387478 54.05059992474009
      vertex 131.25392466483947 38.48751872792209 53.83473051776332
      vertex 131.5097524766625 38.56263655110378 54.05059992474009
    endloop
  endfacet
  facet normal 0.4466734703399433 0.13115516458452867 -0.8850317133850499
    outer loop
      vertex 132.36453786040937 36.72918995309553 54.21030489496624
      vertex 131.5097524766625 38.56263655110378 54.05059992474009
      vertex 131.8010727467265 38.648175900324524 54.21030489496624
    endloop
  endfacet
  facet normal 0.272423631520195 0.07999079551680968 -0.9588466184025144
    outer loop
      vertex 132.6801553141101 36.82186359913582 54.30770805599956
      vertex 131.8010727467265 38.648175900324524 54.21030489496624
      vertex 132.11669020042723 38.740849546364814 54.30770805599956
    endloop
  endfacet
  facet normal 0.08770470531811797 0.025752425036752197 -0.995813585602139
    outer loop
      vertex 133.00794094970212 36.918110145750276 54.33906625898588
      vertex 132.11669020042723 38.740849546364814 54.30770805599956
      vertex 132.44447583601925 38.83709609297927 54.33906625898588
    endloop
  endfacet
  facet normal -0.08770470531811052 -0.025752425036750015 0.9958135856021396
    outer loop
      vertex 132.98564365527452 36.91156306938548 50.839143407485814
      vertex 133.31342929086657 37.007809615999946 50.87050161047213
      vertex 132.7499641771837 38.92679556322894 50.87050161047213
    endloop
  endfacet
  facet normal -0.27242363152019905 -0.07999079551681086 0.9588466184025132
    outer loop
      vertex 133.0655816308844 39.019469209269225 50.967904771505445
      vertex 133.31342929086657 37.007809615999946 50.87050161047213
      vertex 133.62904674456726 37.10048326204023 50.967904771505445
    endloop
  endfacet
  facet normal -0.44667347033992516 -0.1311551645845233 0.8850317133850598
    outer loop
      vertex 133.62904674456726 37.10048326204023 50.967904771505445
      vertex 133.9203670146313 37.18602261126098 51.127609741731604
      vertex 133.35690190094843 39.10500855848998 51.127609741731604
    endloop
  endfacet
  facet normal -0.27242363152019894 -0.07999079551681085 0.9588466184025132
    outer loop
      vertex 132.7499641771837 38.92679556322894 50.87050161047213
      vertex 133.31342929086657 37.007809615999946 50.87050161047213
      vertex 133.0655816308844 39.019469209269225 50.967904771505445
    endloop
  endfacet
  facet normal -0.44667347033992516 -0.1311551645845233 0.8850317133850598
    outer loop
      vertex 133.0655816308844 39.019469209269225 50.967904771505445
      vertex 133.62904674456726 37.10048326204023 50.967904771505445
      vertex 133.35690190094843 39.10500855848998 51.127609741731604
    endloop
  endfacet
  facet normal -0.603757898191906 -0.17727931422993085 0.7772055359536869
    outer loop
      vertex 133.9203670146313 37.18602261126098 51.127609741731604
      vertex 133.61272971277143 39.18012638167166 51.34347914870837
      vertex 133.35690190094843 39.10500855848998 51.127609741731604
    endloop
  endfacet
  facet normal -0.603757898191906 -0.17727931422993085 0.7772055359536869
    outer loop
      vertex 133.9203670146313 37.18602261126098 51.127609741731604
      vertex 134.1761948264543 37.261140434442666 51.34347914870837
      vertex 133.61272971277143 39.18012638167166 51.34347914870837
    endloop
  endfacet
  facet normal -0.7376402486076749 -0.2165907192488591 0.6395117856375047
    outer loop
      vertex 134.1761948264543 37.261140434442666 51.34347914870837
      vertex 134.38669886069783 37.322949995766976 51.6072172521866
      vertex 133.82323374701497 39.24193594299597 51.6072172521866
    endloop
  endfacet
  facet normal -0.7376402486076749 -0.21659071924885906 0.6395117856375047
    outer loop
      vertex 134.1761948264543 37.261140434442666 51.34347914870837
      vertex 133.82323374701497 39.24193594299597 51.6072172521866
      vertex 133.61272971277143 39.18012638167166 51.34347914870837
    endloop
  endfacet
  facet normal -0.843175497942798 -0.24757866439250772 0.4772419560417299
    outer loop
      vertex 134.38669886069783 37.322949995766976 51.6072172521866
      vertex 134.543789565378 37.369075988455435 51.90868874475566
      vertex 133.98032445169514 39.28806193568443 51.90868874475566
    endloop
  endfacet
  facet normal -0.9163079857503278 -0.2690523003072908 0.29663198571552024
    outer loop
      vertex 134.543789565378 37.369075988455435 51.90868874475566
      vertex 134.64143003281137 37.39774581647676 52.23630824602326
      vertex 134.0779649191285 39.316731763705754 52.23630824602326
    endloop
  endfacet
  facet normal -0.9542272715368915 -0.28018640720752724 0.10462261453145456
    outer loop
      vertex 134.64143003281137 37.39774581647676 52.23630824602326
      vertex 134.6758679945919 37.40785771441831 52.57748552228685
      vertex 134.11240288090903 39.32684366164731 52.57748552228685
    endloop
  endfacet
  facet normal -0.8431754979427982 -0.24757866439250778 0.47724195604172986
    outer loop
      vertex 134.38669886069783 37.322949995766976 51.6072172521866
      vertex 133.98032445169514 39.28806193568443 51.90868874475566
      vertex 133.82323374701497 39.24193594299597 51.6072172521866
    endloop
  endfacet
  facet normal -0.9163079857503278 -0.2690523003072908 0.2966319857155201
    outer loop
      vertex 134.543789565378 37.369075988455435 51.90868874475566
      vertex 134.0779649191285 39.316731763705754 52.23630824602326
      vertex 133.98032445169514 39.28806193568443 51.90868874475566
    endloop
  endfacet
  facet normal -0.9542272715368915 -0.28018640720752724 0.10462261453145469
    outer loop
      vertex 134.64143003281137 37.39774581647676 52.23630824602326
      vertex 134.11240288090903 39.32684366164731 52.57748552228685
      vertex 134.0779649191285 39.316731763705754 52.23630824602326
    endloop
  endfacet
  facet normal -0.9554761384151037 -0.2805531076091236 -0.09140734505620979
    outer loop
      vertex 134.6758679945919 37.40785771441831 52.57748552228685
      vertex 134.08231490547846 39.318009034942015 52.919109322154014
      vertex 134.11240288090903 39.32684366164731 52.57748552228685
    endloop
  endfacet
  facet normal -0.9554761384151037 -0.2805531076091236 -0.09140734505620988
    outer loop
      vertex 134.6758679945919 37.40785771441831 52.57748552228685
      vertex 134.64578001916132 37.39902308771302 52.919109322154014
      vertex 134.08231490547846 39.318009034942015 52.919109322154014
    endloop
  endfacet
  facet normal -0.9200065931312391 -0.2701383094213038 -0.2839245716348808
    outer loop
      vertex 134.64578001916132 37.39902308771302 52.919109322154014
      vertex 134.55232237054202 37.37158144611067 53.248051234580714
      vertex 133.98885725685915 39.290567393339664 53.248051234580714
    endloop
  endfacet
  facet normal -0.7457232508019122 -0.21896410283556605 -0.6292468155524061
    outer loop
      vertex 134.3990865737587 37.32658735650856 53.55167020634512
      vertex 134.19196139454618 37.26576991653716 53.81829833063382
      vertex 133.62849628086332 39.184755863766156 53.81829833063382
    endloop
  endfacet
  facet normal -0.8491817104189365 -0.24934224749771894 -0.46553073615257196
    outer loop
      vertex 134.55232237054202 37.37158144611067 53.248051234580714
      vertex 134.3990865737587 37.32658735650856 53.55167020634512
      vertex 133.83562146007583 39.24557330373756 53.55167020634512
    endloop
  endfacet
  facet normal -0.9200065931312391 -0.2701383094213038 -0.2839245716348806
    outer loop
      vertex 134.64578001916132 37.39902308771302 52.919109322154014
      vertex 133.98885725685915 39.290567393339664 53.248051234580714
      vertex 134.08231490547846 39.318009034942015 52.919109322154014
    endloop
  endfacet
  facet normal -0.6136070648628341 -0.18017129049788097 -0.7687812927164305
    outer loop
      vertex 134.19196139454618 37.26576991653716 53.81829833063382
      vertex 133.37544142370152 39.11045225353672 54.037689238157164
      vertex 133.62849628086332 39.184755863766156 53.81829833063382
    endloop
  endfacet
  facet normal -0.7457232508019122 -0.2189641028355661 -0.6292468155524061
    outer loop
      vertex 134.3990865737587 37.32658735650856 53.55167020634512
      vertex 133.62849628086332 39.184755863766156 53.81829833063382
      vertex 133.83562146007583 39.24557330373756 53.55167020634512
    endloop
  endfacet
  facet normal -0.8491817104189365 -0.24934224749771897 -0.465530736152572
    outer loop
      vertex 134.55232237054202 37.37158144611067 53.248051234580714
      vertex 133.83562146007583 39.24557330373756 53.55167020634512
      vertex 133.98885725685915 39.290567393339664 53.248051234580714
    endloop
  endfacet
  facet normal -0.10038466352407008 -0.02947559669537103 -0.9945119951657753
    outer loop
      vertex 133.00794094970212 36.918110145750276 54.33906625898588
      vertex 132.44447583601925 38.83709609297927 54.33906625898588
      vertex 133.33529814903397 37.01423089212821 54.30317442577028
    endloop
  endfacet
  facet normal -0.45791030353606094 -0.1344545965076381 -0.878771935938717
    outer loop
      vertex 133.08618164483644 39.02551791912044 54.20141185937489
      vertex 133.93890653738438 37.191466306307724 54.037689238157164
      vertex 133.6496467585193 37.10653197189144 54.20141185937489
    endloop
  endfacet
  facet normal -0.28461630604333754 -0.08357088777657903 -0.9549918664839401
    outer loop
      vertex 132.7718330353511 38.93321683935721 54.30317442577028
      vertex 133.6496467585193 37.10653197189144 54.20141185937489
      vertex 133.33529814903397 37.01423089212821 54.30317442577028
    endloop
  endfacet
  facet normal -0.1003846635240701 -0.02947559669537103 -0.9945119951657753
    outer loop
      vertex 132.44447583601925 38.83709609297927 54.33906625898588
      vertex 132.7718330353511 38.93321683935721 54.30317442577028
      vertex 133.33529814903397 37.01423089212821 54.30317442577028
    endloop
  endfacet
  facet normal -0.28461630604333754 -0.08357088777657905 -0.9549918664839401
    outer loop
      vertex 132.7718330353511 38.93321683935721 54.30317442577028
      vertex 133.08618164483644 39.02551791912044 54.20141185937489
      vertex 133.6496467585193 37.10653197189144 54.20141185937489
    endloop
  endfacet
  facet normal -0.45791030353606094 -0.1344545965076381 -0.878771935938717
    outer loop
      vertex 133.08618164483644 39.02551791912044 54.20141185937489
      vertex 133.37544142370152 39.11045225353672 54.037689238157164
      vertex 133.93890653738438 37.191466306307724 54.037689238157164
    endloop
  endfacet
  facet normal -0.6136070648628341 -0.18017129049788097 -0.7687812927164304
    outer loop
      vertex 134.19196139454618 37.26576991653716 53.81829833063382
      vertex 133.93890653738438 37.191466306307724 54.037689238157164
      vertex 133.37544142370152 39.11045225353672 54.037689238157164
    endloop
  endfacet
  facet normal 0.2817325568414296 -0.9594929736144974 -3.5318676662011327e-14
    outer loop
      vertex 45.01831789524814 11.082025713302093 0.04175700261440704
      vertex 45.04470574416651 11.089773884836182 0
      vertex 45.85842310092816 11.328702858545183 0
    endloop
  endfacet
  facet normal 0.2817325568414296 -0.9594929736144974 -3.5318676662011327e-14
    outer loop
      vertex 45.01831789524814 11.082025713302093 0.04175700261440704
      vertex 45.04470574416651 11.089773884836182 0
      vertex 45.85842310092816 11.328702858545183 0
    endloop
  endfacet
  facet normal -0.8013110121545316 -0.23528614225182812 -0.5500373560624158
    outer loop
      vertex 45.01831789524814 11.082025713302093 0.04175700261440704
      vertex 44.48124063048365 13.008759832065177 0
      vertex 45.04470574416651 11.089773884836182 0
    endloop
  endfacet
  facet normal -0.8013110121545316 -0.23528614225182812 -0.5500373560624158
    outer loop
      vertex 45.01831789524814 11.082025713302093 0.04175700261440704
      vertex 44.48124063048365 13.008759832065177 0
      vertex 45.04470574416651 11.089773884836182 0
    endloop
  endfacet
  facet normal -0.8013110121545314 -0.235286142251828 -0.5500373560624161
    outer loop
      vertex 45.01831789524814 11.082025713302093 0.04175700261440704
      vertex 44.45485278156528 13.001011660531088 0.04175700261440704
      vertex 44.48124063048365 13.008759832065177 0
    endloop
  endfacet
  facet normal -0.8013110121545314 -0.235286142251828 -0.5500373560624161
    outer loop
      vertex 45.01831789524814 11.082025713302093 0.04175700261440704
      vertex 44.45485278156528 13.001011660531088 0.04175700261440704
      vertex 44.48124063048365 13.008759832065177 0
    endloop
  endfacet
  facet normal -0.2817325568414294 0.9594929736144975 3.548474771411543e-14
    outer loop
      vertex 44.45485278156528 13.001011660531088 0.04175700261440704
      vertex 45.85842310092816 13.413137090997994 0
      vertex 44.48124063048365 13.008759832065177 0
    endloop
  endfacet
  facet normal -0.2817325568414294 0.9594929736144975 3.548474771411543e-14
    outer loop
      vertex 44.45485278156528 13.001011660531088 0.04175700261440704
      vertex 45.85842310092816 13.413137090997994 0
      vertex 44.48124063048365 13.008759832065177 0
    endloop
  endfacet
  facet normal -0.5003371206696514 -0.14691223402911013 0.8532757826005486
    outer loop
      vertex 45.01831789524814 11.082025713302093 0.04175700261440704
      vertex 57.51306550983202 14.750814635522381 8
      vertex 44.45485278156528 13.001011660531088 0.04175700261440704
    endloop
  endfacet
  facet normal 0.2817325568414312 -0.9594929736144969 -2.364760073836961e-15
    outer loop
      vertex 45.01831789524814 11.082025713302093 0.04175700261440704
      vertex 45.85842310092816 11.328702858545183 0
      vertex 57.51306550983202 14.750814635522381 8
    endloop
  endfacet
  facet normal -0.2817325568414298 0.9594929736144975 1.0946362034712391e-15
    outer loop
      vertex 57.51306550983202 16.835248867975192 8
      vertex 68.6993816135252 20.119847634402596 9.642631140957281
      vertex 65.09625902012594 19.06187538367578 8
    endloop
  endfacet
  facet normal 0.2817325568414297 -0.9594929736144974 -6.983908934748433e-16
    outer loop
      vertex 57.51306550983202 14.750814635522381 8
      vertex 65.09625902012594 16.97744115122297 8
      vertex 69.7324319199151 18.338744340443956 11.218261314402929
    endloop
  endfacet
  facet normal 0.28173255684147974 -0.9594929736144828 -4.198099284473895e-14
    outer loop
      vertex 65.10546902678634 16.9801454531786 0
      vertex 71.54408888596005 18.870694821791098 8.351435568145055
      vertex 65.09625902012594 16.97744115122297 0
    endloop
  endfacet
  facet normal 0.28173255684143006 -0.9594929736144973 0
    outer loop
      vertex 65.09625902012594 16.97744115122297 0
      vertex 69.26284672720806 18.200861687173603 9.642631140957281
      vertex 65.09625902012594 16.97744115122297 8
    endloop
  endfacet
  facet normal -0.2817325568414284 0.9594929736144977 0
    outer loop
      vertex 65.09625902012594 19.06187538367578 0.3804527942665533
      vertex 65.09625902012594 19.06187538367578 8
      vertex 69.40625509530216 20.32740441580789 8.52405122495413
    endloop
  endfacet
  facet normal -0.28173255684142684 0.9594929736144981 -7.725882407120022e-15
    outer loop
      vertex 65.09625902012594 19.06187538367578 8
      vertex 68.79283926214453 20.147289276004955 9.313689228530588
      vertex 68.94607505892783 20.19228336560705 9.01007025676618
    endloop
  endfacet
  facet normal -0.28173255684143056 0.9594929736144971 2.86457422607706e-15
    outer loop
      vertex 65.09625902012594 19.06187538367578 8
      vertex 68.6993816135252 20.119847634402596 9.642631140957281
      vertex 68.79283926214453 20.147289276004955 9.313689228530588
    endloop
  endfacet
  facet normal 0.2817325568414359 -0.9594929736144956 -4.439143667099849e-15
    outer loop
      vertex 65.09625902012594 16.97744115122297 0
      vertex 70.25897998785008 18.49335280299518 8.360328603736413
      vertex 69.96972020898501 18.408418468578898 8.52405122495413
    endloop
  endfacet
  facet normal 0.2817325568414356 -0.9594929736144957 -3.783440757217206e-15
    outer loop
      vertex 65.09625902012594 16.97744115122297 0
      vertex 70.57332859733545 18.58565388275842 8.258566037341021
      vertex 70.25897998785008 18.49335280299518 8.360328603736413
    endloop
  endfacet
  facet normal 0.28173255684141985 -0.9594929736145004 7.640203363232338e-15
    outer loop
      vertex 65.09625902012594 16.97744115122297 0
      vertex 70.90068579666729 18.681774629136353 8.222674204125425
      vertex 70.57332859733545 18.58565388275842 8.258566037341021
    endloop
  endfacet
  facet normal 0.2817325568414415 -0.9594929736144939 -8.816135837091888e-15
    outer loop
      vertex 65.09625902012594 16.97744115122297 0
      vertex 71.22847143225931 18.778021175750816 8.25403240711173
      vertex 70.90068579666729 18.681774629136353 8.222674204125425
    endloop
  endfacet
  facet normal 0.28173255684141835 -0.9594929736145007 1.0186582824221492e-14
    outer loop
      vertex 65.09625902012594 16.97744115122297 0
      vertex 71.54408888596005 18.870694821791098 8.351435568145055
      vertex 71.22847143225931 18.778021175750816 8.25403240711173
    endloop
  endfacet
  facet normal 0.2817325568414385 -0.9594929736144948 -7.280331557425524e-15
    outer loop
      vertex 65.10546902678634 16.9801454531786 0
      vertex 71.83540915602404 18.956234171011847 8.511140538371208
      vertex 71.54408888596005 18.870694821791098 8.351435568145055
    endloop
  endfacet
  facet normal 0.28173255684143006 -0.9594929736144973 -2.8006050482407107e-16
    outer loop
      vertex 65.09625902012594 16.97744115122297 0
      vertex 69.71666535182322 18.334114858349466 8.74344213247748
      vertex 69.50954017261068 18.273297418378057 9.01007025676618
    endloop
  endfacet
  facet normal 0.28173255684142073 -0.9594929736145 4.698564573019456e-15
    outer loop
      vertex 65.09625902012594 16.97744115122297 0
      vertex 69.50954017261068 18.273297418378057 9.01007025676618
      vertex 69.35630437582738 18.22830332877596 9.313689228530588
    endloop
  endfacet
  facet normal 0.2817325568414232 -0.9594929736144993 3.698048654785122e-15
    outer loop
      vertex 65.09625902012594 16.97744115122297 0
      vertex 69.96972020898501 18.408418468578898 8.52405122495413
      vertex 69.71666535182322 18.334114858349466 8.74344213247748
    endloop
  endfacet
  facet normal 0.28173255684143356 -0.9594929736144963 -1.5005235494048497e-15
    outer loop
      vertex 65.09625902012594 16.97744115122297 0
      vertex 69.35630437582738 18.22830332877596 9.313689228530588
      vertex 69.26284672720806 18.200861687173603 9.642631140957281
    endloop
  endfacet
  facet normal -0.28173255684143517 0.9594929736144958 4.008343225024418e-15
    outer loop
      vertex 65.09625902012594 19.06187538367578 0.3804527942665533
      vertex 69.69551487416723 20.412338750224173 8.360328603736413
      vertex 70.0098634836526 20.504639829987415 8.258566037341021
    endloop
  endfacet
  facet normal -0.2817325568414207 0.9594929736145001 -6.4951621431866155e-15
    outer loop
      vertex 65.09625902012594 19.06187538367578 0.3804527942665533
      vertex 70.0098634836526 20.504639829987415 8.258566037341021
      vertex 70.33722068298444 20.600760576365346 8.222674204125425
    endloop
  endfacet
  facet normal -0.28173255684144166 0.9594929736144937 9.208310624450408e-15
    outer loop
      vertex 65.09625902012594 19.06187538367578 0.3804527942665533
      vertex 70.33722068298444 20.600760576365346 8.222674204125425
      vertex 70.66500631857646 20.69700712297981 8.25403240711173
    endloop
  endfacet
  facet normal -0.2817325568414182 0.9594929736145007 -8.77370267314356e-15
    outer loop
      vertex 65.09625902012594 19.06187538367578 0.3804527942665533
      vertex 70.66500631857646 20.69700712297981 8.25403240711173
      vertex 70.9806237722772 20.78968076902009 8.351435568145055
    endloop
  endfacet
  facet normal -0.28173255684143644 0.9594929736144954 4.454119612648339e-15
    outer loop
      vertex 65.09625902012594 19.06187538367578 0.3804527942665533
      vertex 69.40625509530216 20.32740441580789 8.52405122495413
      vertex 69.69551487416723 20.412338750224173 8.360328603736413
    endloop
  endfacet
  facet normal -0.28173255684142906 0.9594929736144976 6.896614063915435e-16
    outer loop
      vertex 65.09625902012594 19.06187538367578 8
      vertex 68.94607505892783 20.19228336560705 9.01007025676618
      vertex 69.15320023814037 20.25310080557846 8.74344213247748
    endloop
  endfacet
  facet normal -0.28173255684142756 0.959492973614498 -8.694414568406278e-15
    outer loop
      vertex 65.09625902012594 19.06187538367578 8
      vertex 69.15320023814037 20.25310080557846 8.74344213247748
      vertex 69.40625509530216 20.32740441580789 8.52405122495413
    endloop
  endfacet
  facet normal -0.2817325568414368 0.9594929736144954 6.164886430353582e-15
    outer loop
      vertex 65.09625902012594 19.06187538367578 0.3804527942665533
      vertex 70.9806237722772 20.78968076902009 8.351435568145055
      vertex 71.27194404234119 20.87522011824084 8.511140538371208
    endloop
  endfacet
  facet normal -0.2817325568414058 0.9594929736145045 -1.825538745232272e-14
    outer loop
      vertex 65.09625902012594 19.06187538367578 0.3804527942665533
      vertex 71.27194404234119 20.87522011824084 8.511140538371208
      vertex 71.52777185416421 20.95033794142253 8.72700994534798
    endloop
  endfacet
  facet normal 0.28173255684142084 -0.9594929736144999 3.3816256293309466e-14
    outer loop
      vertex 57.51306550983202 14.750814635522381 8
      vertex 69.7324319199151 18.338744340443956 11.218261314402929
      vertex 69.98825973173811 18.413862163625648 11.434130721379699
    endloop
  endfacet
  facet normal -0.2817325568414311 0.959492973614497 1.2328610574084064e-14
    outer loop
      vertex 57.51306550983202 16.835248867975192 8
      vertex 68.66929363809469 20.111013007697313 9.98425494082445
      vertex 68.6993816135252 20.119847634402596 9.642631140957281
    endloop
  endfacet
  facet normal -0.28173255684142795 0.959492973614498 -7.29562064609432e-15
    outer loop
      vertex 57.51306550983202 16.835248867975192 8
      vertex 68.70373159987518 20.12112490563887 10.325432217088034
      vertex 68.66929363809469 20.111013007697313 9.98425494082445
    endloop
  endfacet
  facet normal -0.28173255684142934 0.9594929736144976 -1.9823097645454277e-15
    outer loop
      vertex 57.51306550983202 16.835248867975192 8
      vertex 68.80137206730853 20.149794733660187 10.653051718355645
      vertex 68.70373159987518 20.12112490563887 10.325432217088034
    endloop
  endfacet
  facet normal -0.28173255684142817 0.9594929736144978 -6.848808828203349e-15
    outer loop
      vertex 57.51306550983202 16.835248867975192 8
      vertex 68.95846277198868 20.195920726348636 10.954523210924698
      vertex 68.80137206730853 20.149794733660187 10.653051718355645
    endloop
  endfacet
  facet normal -0.28173255684143367 0.9594929736144961 1.7067854943409657e-14
    outer loop
      vertex 57.51306550983202 16.835248867975192 8
      vertex 69.16896680623225 20.25773028767295 11.218261314402929
      vertex 68.95846277198868 20.195920726348636 10.954523210924698
    endloop
  endfacet
  facet normal -0.28173255684141973 0.9594929736145004 -3.624605256376738e-14
    outer loop
      vertex 57.51306550983202 16.835248867975192 8
      vertex 69.42479461805526 20.33284811085464 11.434130721379699
      vertex 69.16896680623225 20.25773028767295 11.218261314402929
    endloop
  endfacet
  facet normal 0.28173255684143456 -0.959492973614496 -1.2729530273645802e-14
    outer loop
      vertex 65.09625902012594 16.97744115122297 8
      vertex 69.26284672720806 18.200861687173603 9.642631140957281
      vertex 69.23275875177754 18.19202706046832 9.98425494082445
    endloop
  endfacet
  facet normal 0.28173255684142506 -0.9594929736144987 8.884060268278458e-15
    outer loop
      vertex 65.09625902012594 16.97744115122297 8
      vertex 69.23275875177754 18.19202706046832 9.98425494082445
      vertex 69.26719671355804 18.202138958409876 10.325432217088034
    endloop
  endfacet
  facet normal 0.28173255684142895 -0.9594929736144975 1.49584487390778e-15
    outer loop
      vertex 65.09625902012594 16.97744115122297 8
      vertex 69.26719671355804 18.202138958409876 10.325432217088034
      vertex 69.36483718099139 18.230808786431194 10.653051718355645
    endloop
  endfacet
  facet normal 0.2817325568414256 -0.9594929736144986 6.856120487709462e-15
    outer loop
      vertex 65.09625902012594 16.97744115122297 8
      vertex 69.36483718099139 18.230808786431194 10.653051718355645
      vertex 69.52192788567153 18.276934779119642 10.954523210924698
    endloop
  endfacet
  facet normal 0.2817325568414502 -0.9594929736144915 -2.969458607457529e-14
    outer loop
      vertex 65.09625902012594 16.97744115122297 8
      vertex 69.52192788567153 18.276934779119642 10.954523210924698
      vertex 69.7324319199151 18.338744340443956 11.218261314402929
    endloop
  endfacet
  facet normal 0.2817325568414302 -0.9594929736144971 -7.589484696113317e-16
    outer loop
      vertex 57.51306550983202 14.750814635522381 8
      vertex 69.98825973173811 18.413862163625648 11.434130721379699
      vertex 100.27523768108114 27.306921280592885 31.292489542504644
    endloop
  endfacet
  facet normal -0.2817325568414308 0.959492973614497 1.5713194735428035e-15
    outer loop
      vertex 65.09625902012594 19.06187538367578 0.3804527942665533
      vertex 71.52777185416421 20.95033794142253 8.72700994534798
      vertex 99.83531819144814 29.262183496129516 30.621923830210786
    endloop
  endfacet
  facet normal 0.28173255684143234 -0.9594929736144967 -4.0445684770217855e-15
    outer loop
      vertex 69.98825973173811 18.413862163625648 11.434130721379699
      vertex 70.27958000180213 18.499401512846404 11.593835691605854
      vertex 100.27523768108114 27.306921280592885 31.292489542504644
    endloop
  endfacet
  facet normal 0.2817325568414167 -0.9594929736145013 2.1462976499004427e-14
    outer loop
      vertex 70.27958000180213 18.499401512846404 11.593835691605854
      vertex 70.59519745550286 18.592075158886683 11.691238852639177
      vertex 100.27523768108114 27.306921280592885 31.292489542504644
    endloop
  endfacet
  facet normal 0.28173255684142895 -0.9594929736144977 1.3184052169199797e-15
    outer loop
      vertex 70.59519745550286 18.592075158886683 11.691238852639177
      vertex 70.92298309109489 18.688321705501146 11.722597055625481
      vertex 100.27523768108114 27.306921280592885 31.292489542504644
    endloop
  endfacet
  facet normal 0.28173255684143056 -0.9594929736144971 -1.2566216071792955e-15
    outer loop
      vertex 70.92298309109489 18.688321705501146 11.722597055625481
      vertex 71.25034029042672 18.784442451879077 11.686705222409886
      vertex 100.27523768108114 27.306921280592885 31.292489542504644
    endloop
  endfacet
  facet normal 0.281732556841432 -0.9594929736144966 -3.5988614277036464e-15
    outer loop
      vertex 72.55647217420413 19.16795737622762 9.619839042662873
      vertex 101.3014589171537 27.608247023119745 29.668563205416607
      vertex 72.59091013598464 19.178069274169175 9.961016318926458
    endloop
  endfacet
  facet normal 0.2817325568414244 -0.9594929736144989 8.417812603670325e-15
    outer loop
      vertex 72.59091013598464 19.178069274169175 9.961016318926458
      vertex 101.01219913828861 27.523312688703463 29.832285826634333
      vertex 72.56082216055411 19.169234647463895 10.302640118793624
    endloop
  endfacet
  facet normal 0.2817325568414313 -0.959492973614497 -2.547872996336799e-15
    outer loop
      vertex 72.56082216055411 19.169234647463895 10.302640118793624
      vertex 100.75914428112685 27.449009078474035 30.051676734157677
      vertex 72.46736451193479 19.141793005861537 10.631582031220319
    endloop
  endfacet
  facet normal 0.28173255684143444 -0.959492973614496 -7.618368996307543e-15
    outer loop
      vertex 71.25034029042672 18.784442451879077 11.686705222409886
      vertex 71.56468889991208 18.87674353164232 11.584942656014494
      vertex 100.27523768108114 27.306921280592885 31.292489542504644
    endloop
  endfacet
  facet normal 0.28173255684142157 -0.9594929736144998 1.2781580106847726e-14
    outer loop
      vertex 71.85394867877717 18.961677866058597 11.421220034796775
      vertex 100.27523768108114 27.306921280592885 31.292489542504644
      vertex 71.56468889991208 18.87674353164232 11.584942656014494
    endloop
  endfacet
  facet normal 0.28173255684142984 -0.9594929736144974 -2.3946974178470863e-16
    outer loop
      vertex 72.31412871515148 19.096798916259438 10.935201002984726
      vertex 100.39878330513099 27.343197548900523 30.621923830210786
      vertex 72.10700353593894 19.03598147628803 11.201829127273427
    endloop
  endfacet
  facet normal 0.2817325568414305 -0.9594929736144973 -1.2365455446618206e-15
    outer loop
      vertex 72.46736451193479 19.141793005861537 10.631582031220319
      vertex 100.5520191019143 27.388191638502622 30.31830485844638
      vertex 72.31412871515148 19.096798916259438 10.935201002984726
    endloop
  endfacet
  facet normal 0.28173255684143217 -0.9594929736144966 -3.809895900097547e-15
    outer loop
      vertex 71.85394867877717 18.961677866058597 11.421220034796775
      vertex 72.10700353593894 19.03598147628803 11.201829127273427
      vertex 100.30532565651168 27.315755907298172 30.950865742637482
    endloop
  endfacet
  facet normal 0.2817325568414129 -0.9594929736145024 2.6470054587104982e-14
    outer loop
      vertex 72.09123696784707 19.031351994193535 8.72700994534798
      vertex 102.27095036156294 27.89291539587538 29.56226700879193
      vertex 72.30174100209064 19.093161555517856 8.99074804882621
    endloop
  endfacet
  facet normal 0.2817325568414249 -0.9594929736144988 7.3885390861154e-15
    outer loop
      vertex 72.30174100209064 19.093161555517856 8.99074804882621
      vertex 101.9431647259709 27.796668849260918 29.53090880580562
      vertex 72.45883170677078 19.139287548206305 9.292219541395266
    endloop
  endfacet
  facet normal 0.28173255684143705 -0.9594929736144953 -1.1633289203460123e-14
    outer loop
      vertex 72.45883170677078 19.139287548206305 9.292219541395266
      vertex 101.61580752663906 27.700548102882983 29.566800639021217
      vertex 72.55647217420413 19.16795737622762 9.619839042662873
    endloop
  endfacet
  facet normal 0.2817325568414312 -0.959492973614497 -2.2172605636500416e-15
    outer loop
      vertex 45.01831789524814 11.082025713302093 0.04175700261440704
      vertex 45.85842310092816 11.328702858545183 0
      vertex 151.91585957350216 42.46997598002071 73.41856114285714
    endloop
  endfacet
  facet normal -0.5277569783674083 -0.1549634306817716 0.8351400522881408
    outer loop
      vertex 45.01831789524814 11.082025713302093 0.04175700261440704
      vertex 151.91585957350216 42.46997598002071 73.41856114285714
      vertex 44.45485278156528 13.001011660531088 0.04175700261440704
    endloop
  endfacet
  facet normal 0.28173255684141885 -0.9594929736145005 1.513429662176843e-14
    outer loop
      vertex 57.51306550983202 14.750814635522381 8
      vertex 151.91585957350216 42.46997598002071 73.41856114285714
      vertex 45.85842310092816 11.328702858545183 0
    endloop
  endfacet
  facet normal -0.2817325568414305 0.959492973614497 1.3504180937511696e-15
    outer loop
      vertex 70.35951797741204 20.60730765273014 11.722597055625481
      vertex 99.7462105291788 29.236019125763434 31.633666818768233
      vertex 70.68687517674387 20.70342839910807 11.686705222409886
    endloop
  endfacet
  facet normal -0.28173255684140763 0.9594929736145038 -3.102371936596282e-14
    outer loop
      vertex 71.52777185416421 20.95033794142253 8.72700994534798
      vertex 71.73827588840778 21.01214750274685 8.99074804882621
      vertex 99.83531819144814 29.262183496129516 30.621923830210786
    endloop
  endfacet
  facet normal -0.28173255684142406 0.9594929736144989 -7.854346971714434e-15
    outer loop
      vertex 71.73827588840778 21.01214750274685 8.99074804882621
      vertex 71.89536659308793 21.058273495435298 9.292219541395266
      vertex 99.83531819144814 29.262183496129516 30.621923830210786
    endloop
  endfacet
  facet normal -0.28173255684143794 0.9594929736144949 1.1946549650121564e-14
    outer loop
      vertex 71.89536659308793 21.058273495435298 9.292219541395266
      vertex 71.99300706052128 21.086943323456612 9.619839042662873
      vertex 99.83531819144814 29.262183496129516 30.621923830210786
    endloop
  endfacet
  facet normal -0.2817325568414313 0.9594929736144969 2.5340034819436617e-15
    outer loop
      vertex 71.99735704687126 21.08822059469289 10.302640118793624
      vertex 71.90389939825194 21.06077895309053 10.631582031220319
      vertex 99.83531819144814 29.262183496129516 30.621923830210786
    endloop
  endfacet
  facet normal -0.2817325568414321 0.9594929736144966 3.6172362957889945e-15
    outer loop
      vertex 71.99300706052128 21.086943323456612 9.619839042662873
      vertex 72.02744502230179 21.09705522139817 9.961016318926458
      vertex 99.83531819144814 29.262183496129516 30.621923830210786
    endloop
  endfacet
  facet normal -0.281732556841424 0.959492973614499 -8.380262387770027e-15
    outer loop
      vertex 72.02744502230179 21.09705522139817 9.961016318926458
      vertex 71.99735704687126 21.08822059469289 10.302640118793624
      vertex 99.83531819144814 29.262183496129516 30.621923830210786
    endloop
  endfacet
  facet normal -0.2817325568414305 0.9594929736144973 1.2365455446618206e-15
    outer loop
      vertex 71.90389939825194 21.06077895309053 10.631582031220319
      vertex 71.75066360146863 21.01578486348843 10.935201002984726
      vertex 99.83531819144814 29.262183496129516 30.621923830210786
    endloop
  endfacet
  facet normal -0.28173255684142984 0.9594929736144974 2.3946974178470863e-16
    outer loop
      vertex 71.75066360146863 21.01578486348843 10.935201002984726
      vertex 71.54353842225609 20.954967423517022 11.201829127273427
      vertex 99.83531819144814 29.262183496129516 30.621923830210786
    endloop
  endfacet
  facet normal -0.28173255684143217 0.9594929736144967 3.90801572370468e-15
    outer loop
      vertex 71.29048356509432 20.88066381328759 11.421220034796775
      vertex 99.83531819144814 29.262183496129516 30.621923830210786
      vertex 71.54353842225609 20.954967423517022 11.201829127273427
    endloop
  endfacet
  facet normal -0.2817325568414217 0.9594929736144997 -1.2856671429055399e-14
    outer loop
      vertex 71.29048356509432 20.88066381328759 11.421220034796775
      vertex 71.00122378622923 20.795729478871312 11.584942656014494
      vertex 99.74186054282883 29.234741854527165 30.950865742637482
    endloop
  endfacet
  facet normal -0.28173255684143444 0.959492973614496 7.618368996307543e-15
    outer loop
      vertex 70.68687517674387 20.70342839910807 11.686705222409886
      vertex 99.71177256739828 29.225907227821878 31.292489542504644
      vertex 71.00122378622923 20.795729478871312 11.584942656014494
    endloop
  endfacet
  facet normal -0.28173255684141707 0.9594929736145011 -2.0031392660511248e-14
    outer loop
      vertex 69.71611488811928 20.418387460075397 11.593835691605854
      vertex 100.0009417012923 29.310814946473204 32.262757812604896
      vertex 70.03173234182 20.511061106115676 11.691238852639177
    endloop
  endfacet
  facet normal -0.2817325568414289 0.9594929736144977 -1.1941073270489631e-15
    outer loop
      vertex 70.03173234182 20.511061106115676 11.691238852639177
      vertex 99.84385099661216 29.264688953784756 31.961286320035835
      vertex 70.35951797741204 20.60730765273014 11.722597055625481
    endloop
  endfacet
  facet normal -0.28173255684143034 0.9594929736144971 9.517081877322386e-16
    outer loop
      vertex 44.45485278156528 13.001011660531088 0.04175700261440704
      vertex 151.3523944598193 44.38896192724971 73.41856114285714
      vertex 45.85842310092816 13.413137090997994 0
    endloop
  endfacet
  facet normal -0.28173255684143034 0.9594929736144971 9.517081877322386e-16
    outer loop
      vertex 44.45485278156528 13.001011660531088 0.04175700261440704
      vertex 151.3523944598193 44.38896192724971 73.41856114285714
      vertex 45.85842310092816 13.413137090997994 0
    endloop
  endfacet
  facet normal -0.4405514872317458 -0.38994645059891153 0.80861372283879
    outer loop
      vertex 44.45485278156528 13.001011660531088 0.04175700261440704
      vertex 57.51306550983202 14.750814635522381 8
      vertex 151.3523944598193 44.38896192724971 73.41856114285714
    endloop
  endfacet
  facet normal -0.28173255684142295 0.9594929736144995 -9.311043803646571e-15
    outer loop
      vertex 45.85842310092816 13.413137090997994 0
      vertex 151.3523944598193 44.38896192724971 73.41856114285714
      vertex 57.51306550983202 16.835248867975192 8
    endloop
  endfacet
  facet normal -0.28173255684142046 0.9594929736145 -1.396656570546973e-14
    outer loop
      vertex 57.51306550983202 16.835248867975192 8
      vertex 45.85842310092816 13.413137090997994 0
      vertex 151.3523944598193 44.38896192724971 73.41856114285714
    endloop
  endfacet
  facet normal -0.28173255684142673 0.9594929736144983 0
    outer loop
      vertex 65.09625902012594 19.06187538367578 0.3804527942665533
      vertex 99.98855398823144 29.307177585731615 30.31830485844638
      vertex 100.195679167444 29.367995025703028 30.051676734157677
    endloop
  endfacet
  facet normal -0.2817325568414298 0.9594929736144974 0
    outer loop
      vertex 65.09625902012594 19.06187538367578 0.3804527942665533
      vertex 99.83531819144814 29.262183496129516 30.621923830210786
      vertex 99.98855398823144 29.307177585731615 30.31830485844638
    endloop
  endfacet
  facet normal -0.2817325568414345 0.9594929736144959 7.172210225645488e-15
    outer loop
      vertex 65.09625902012594 19.06187538367578 0.3804527942665533
      vertex 100.195679167444 29.367995025703028 30.051676734157677
      vertex 100.44873402460576 29.442298635932456 29.832285826634333
    endloop
  endfacet
  facet normal -0.2817325568414267 0.9594929736144981 -3.8121186816342645e-15
    outer loop
      vertex 65.09625902012594 19.06187538367578 0.3804527942665533
      vertex 100.44873402460576 29.442298635932456 29.832285826634333
      vertex 100.73799380347084 29.527232970348738 29.668563205416607
    endloop
  endfacet
  facet normal -0.28173255684142556 0.9594929736144986 0
    outer loop
      vertex 65.09625902012594 19.06187538367578 0.3804527942665533
      vertex 100.73799380347084 29.527232970348738 29.668563205416607
      vertex 101.05234241295621 29.619534050111977 29.566800639021217
    endloop
  endfacet
  facet normal -0.2817325568414273 0.9594929736144981 -5.029175656158041e-15
    outer loop
      vertex 65.09625902012594 19.06187538367578 0.3804527942665533
      vertex 101.05234241295621 29.619534050111977 29.566800639021217
      vertex 101.37969961228805 29.71565479648991 29.53090880580562
    endloop
  endfacet
  facet normal -0.28173255684143017 0.9594929736144974 0
    outer loop
      vertex 65.09625902012594 19.06187538367578 0.3804527942665533
      vertex 101.37969961228805 29.71565479648991 29.53090880580562
      vertex 101.70748524788009 29.811901343104374 29.56226700879193
    endloop
  endfacet
  facet normal 0.2817325568414274 -0.9594929736144981 0
    outer loop
      vertex 72.45883170677078 19.139287548206305 9.292219541395266
      vertex 101.9431647259709 27.796668849260918 29.53090880580562
      vertex 101.61580752663906 27.700548102882983 29.566800639021217
    endloop
  endfacet
  facet normal 0.28173255684143855 -0.9594929736144948 -1.499870517186145e-14
    outer loop
      vertex 72.09123696784707 19.031351994193535 8.72700994534798
      vertex 102.58656781526366 27.985589041915663 29.65967016982525
      vertex 102.27095036156294 27.89291539587538 29.56226700879193
    endloop
  endfacet
  facet normal 0.2817325568414298 -0.9594929736144974 0
    outer loop
      vertex 72.30174100209064 19.093161555517856 8.99074804882621
      vertex 102.27095036156294 27.89291539587538 29.56226700879193
      vertex 101.9431647259709 27.796668849260918 29.53090880580562
    endloop
  endfacet
  facet normal 0.2817325568414707 -0.9594929736144853 0
    outer loop
      vertex 72.09123696784707 19.031351994193535 8.72700994534798
      vertex 102.87788808532767 28.071128391136416 29.819375140051402
      vertex 102.58656781526366 27.985589041915663 29.65967016982525
    endloop
  endfacet
  facet normal -0.281732556841436 0.9594929736144955 9.663099710750398e-15
    outer loop
      vertex 65.09625902012594 19.06187538367578 0.3804527942665533
      vertex 101.70748524788009 29.811901343104374 29.56226700879193
      vertex 102.02310270158081 29.904574989144656 29.65967016982525
    endloop
  endfacet
  facet normal -0.28173255684144066 0.9594929736144941 2.0720408488111454e-14
    outer loop
      vertex 65.09625902012594 19.06187538367578 0.3804527942665533
      vertex 102.02310270158081 29.904574989144656 29.65967016982525
      vertex 102.31442297164482 29.99011433836541 29.819375140051402
    endloop
  endfacet
  facet normal 0.2817325568414293 -0.9594929736144975 -7.911733306342574e-15
    outer loop
      vertex 57.51306550983202 14.750814635522381 8
      vertex 100.27523768108114 27.306921280592885 31.292489542504644
      vertex 100.30967564286165 27.31703317853444 31.633666818768233
    endloop
  endfacet
  facet normal 0.28173255684142795 -0.9594929736144979 0
    outer loop
      vertex 57.51306550983202 14.750814635522381 8
      vertex 100.30967564286165 27.31703317853444 31.633666818768233
      vertex 100.40731611029501 27.345703006555762 31.961286320035835
    endloop
  endfacet
  facet normal 0.281732556841425 -0.9594929736144988 1.1899004183064645e-14
    outer loop
      vertex 57.51306550983202 14.750814635522381 8
      vertex 100.40731611029501 27.345703006555762 31.961286320035835
      vertex 100.56440681497516 27.39182899924421 32.262757812604896
    endloop
  endfacet
  facet normal 0.28173255684142684 -0.9594929736144983 0
    outer loop
      vertex 57.51306550983202 14.750814635522381 8
      vertex 100.56440681497516 27.39182899924421 32.262757812604896
      vertex 100.77491084921871 27.453638560568525 32.52649591608312
    endloop
  endfacet
  facet normal 0.2817325568414647 -0.9594929736144873 -3.5597028226445394e-14
    outer loop
      vertex 57.51306550983202 14.750814635522381 8
      vertex 100.77491084921871 27.453638560568525 32.52649591608312
      vertex 101.03073866104174 27.528756383750213 32.74236532305989
    endloop
  endfacet
  facet normal 0.28173255684142956 -0.9594929736144974 0
    outer loop
      vertex 71.85394867877717 18.961677866058597 11.421220034796775
      vertex 100.30532565651168 27.315755907298172 30.950865742637482
      vertex 100.27523768108114 27.306921280592885 31.292489542504644
    endloop
  endfacet
  facet normal 0.2817325568414299 -0.9594929736144973 -2.362355667413631e-15
    outer loop
      vertex 72.31412871515148 19.096798916259438 10.935201002984726
      vertex 100.5520191019143 27.388191638502622 30.31830485844638
      vertex 100.39878330513099 27.343197548900523 30.621923830210786
    endloop
  endfacet
  facet normal 0.28173255684142584 -0.9594929736144986 4.904176594452874e-15
    outer loop
      vertex 72.10700353593894 19.03598147628803 11.201829127273427
      vertex 100.39878330513099 27.343197548900523 30.621923830210786
      vertex 100.30532565651168 27.315755907298172 30.950865742637482
    endloop
  endfacet
  facet normal 0.28173255684142817 -0.9594929736144978 2.6218625860199888e-15
    outer loop
      vertex 72.59091013598464 19.178069274169175 9.961016318926458
      vertex 101.3014589171537 27.608247023119745 29.668563205416607
      vertex 101.01219913828861 27.523312688703463 29.832285826634333
    endloop
  endfacet
  facet normal 0.2817325568414339 -0.9594929736144961 -4.876666752124985e-15
    outer loop
      vertex 72.56082216055411 19.169234647463895 10.302640118793624
      vertex 101.01219913828861 27.523312688703463 29.832285826634333
      vertex 100.75914428112685 27.449009078474035 30.051676734157677
    endloop
  endfacet
  facet normal 0.2817325568414284 -0.9594929736144978 2.9553586354474808e-15
    outer loop
      vertex 72.55647217420413 19.16795737622762 9.619839042662873
      vertex 101.61580752663906 27.700548102882983 29.566800639021217
      vertex 101.3014589171537 27.608247023119745 29.668563205416607
    endloop
  endfacet
  facet normal 0.2817325568414281 -0.9594929736144978 0
    outer loop
      vertex 72.46736451193479 19.141793005861537 10.631582031220319
      vertex 100.75914428112685 27.449009078474035 30.051676734157677
      vertex 100.5520191019143 27.388191638502622 30.31830485844638
    endloop
  endfacet
  facet normal -0.2817325568414256 0.9594929736144986 -2.4383333760623997e-15
    outer loop
      vertex 71.29048356509432 20.88066381328759 11.421220034796775
      vertex 99.74186054282883 29.234741854527165 30.950865742637482
      vertex 99.83531819144814 29.262183496129516 30.621923830210786
    endloop
  endfacet
  facet normal -0.28173255684142945 0.9594929736144975 0
    outer loop
      vertex 71.00122378622923 20.795729478871312 11.584942656014494
      vertex 99.71177256739828 29.225907227821878 31.292489542504644
      vertex 99.74186054282883 29.234741854527165 30.950865742637482
    endloop
  endfacet
  facet normal -0.28173255684143067 0.9594929736144971 2.9553586354474425e-15
    outer loop
      vertex 70.68687517674387 20.70342839910807 11.686705222409886
      vertex 99.7462105291788 29.236019125763434 31.633666818768233
      vertex 99.71177256739828 29.225907227821878 31.292489542504644
    endloop
  endfacet
  facet normal -0.2817325568414296 0.9594929736144974 0
    outer loop
      vertex 70.35951797741204 20.60730765273014 11.722597055625481
      vertex 99.84385099661216 29.264688953784756 31.961286320035835
      vertex 99.7462105291788 29.236019125763434 31.633666818768233
    endloop
  endfacet
  facet normal -0.28173255684142745 0.959492973614498 -9.398301481783933e-15
    outer loop
      vertex 70.03173234182 20.511061106115676 11.691238852639177
      vertex 100.0009417012923 29.310814946473204 32.262757812604896
      vertex 99.84385099661216 29.264688953784756 31.961286320035835
    endloop
  endfacet
  facet normal -0.28173255684141785 0.9594929736145009 0
    outer loop
      vertex 69.71611488811928 20.418387460075397 11.593835691605854
      vertex 100.21144573553586 29.372624507797518 32.52649591608312
      vertex 100.0009417012923 29.310814946473204 32.262757812604896
    endloop
  endfacet
  facet normal -0.2817325568414707 0.9594929736144853 8.883944737440819e-14
    outer loop
      vertex 69.71611488811928 20.418387460075397 11.593835691605854
      vertex 100.46727354735889 29.447742330979207 32.74236532305989
      vertex 100.21144573553586 29.372624507797518 32.52649591608312
    endloop
  endfacet
  facet normal 0.5277569783674071 0.15496343068177612 -0.8351400522881408
    outer loop
      vertex 65.10546902678634 16.9801454531786 0
      vertex 65.09625902012594 17.011511855331996 0
      vertex 157.5088204209689 46.196651691256776 63.81445054154351
    endloop
  endfacet
  facet normal 0.5277569783674078 0.1549634306817736 -0.8351400522881409
    outer loop
      vertex 65.09625902012594 17.011511855331996 0
      vertex 65.09625902012594 19.06187538367578 0.3804527942665533
      vertex 157.5088204209689 46.196651691256776 63.81445054154351
    endloop
  endfacet
  facet normal 0.2817325568414295 -0.9594929736144974 2.261315921231381e-16
    outer loop
      vertex 65.10546902678634 16.9801454531786 0
      vertex 158.07228553465177 44.27766574402778 63.81445054154351
      vertex 71.83540915602404 18.956234171011847 8.511140538371208
    endloop
  endfacet
  facet normal -0.2817325568414327 0.9594929736144964 4.6153977708358246e-15
    outer loop
      vertex 65.09625902012594 19.06187538367578 0.3804527942665533
      vertex 102.31442297164482 29.99011433836541 29.819375140051402
      vertex 133.0655816308844 39.019469209269225 50.967904771505445
    endloop
  endfacet
  facet normal 0.2817325568414173 -0.9594929736145011 1.9606872613445903e-14
    outer loop
      vertex 57.51306550983202 14.750814635522381 8
      vertex 57.561039073597506 14.764900944804596 8
      vertex 152.26377752599495 42.57213390824146 73.00602522630055
    endloop
  endfacet
  facet normal -0.28173255684144993 0.9594929736144914 3.143113368495334e-14
    outer loop
      vertex 57.51306550983202 16.835248867975192 8
      vertex 151.3523944598193 44.38896192724971 73.41856114285714
      vertex 57.561039073597506 16.84933517725741 8
    endloop
  endfacet
  facet normal -0.2817325568414297 0.9594929736144975 -1.193476077953173e-16
    outer loop
      vertex 57.51306550983202 16.835248867975192 8
      vertex 151.3523944598193 44.38896192724971 73.41856114285714
      vertex 69.42479461805526 20.33284811085464 11.434130721379699
    endloop
  endfacet
  facet normal 0.28173255684142945 -0.9594929736144975 0
    outer loop
      vertex 57.51306550983202 14.750814635522381 8
      vertex 101.03073866104174 27.528756383750213 32.74236532305989
      vertex 131.81738977852234 36.56853278069309 53.83473051776332
    endloop
  endfacet
  facet normal -0.2817325568414307 0.9594929736144971 1.370903534177749e-15
    outer loop
      vertex 69.42479461805526 20.33284811085464 11.434130721379699
      vertex 151.3523944598193 44.38896192724971 73.41856114285714
      vertex 69.71611488811928 20.418387460075397 11.593835691605854
    endloop
  endfacet
  facet normal 0.281732556841457 -0.9594929736144894 -4.635073738225117e-14
    outer loop
      vertex 71.83540915602404 18.956234171011847 8.511140538371208
      vertex 158.07228553465177 44.27766574402778 63.81445054154351
      vertex 72.09123696784707 19.031351994193535 8.72700994534798
    endloop
  endfacet
  facet normal 0.2817325568414281 -0.9594929736144978 2.7830315778909684e-15
    outer loop
      vertex 72.09123696784707 19.031351994193535 8.72700994534798
      vertex 158.07228553465177 44.27766574402778 63.81445054154351
      vertex 102.87788808532767 28.071128391136416 29.819375140051402
    endloop
  endfacet
  facet normal -0.28173255684133225 0.9594929736145259 -1.1239421763037364e-13
    outer loop
      vertex 65.09625902012594 19.06187538367578 0.3804527942665533
      vertex 133.0655816308844 39.019469209269225 50.967904771505445
      vertex 133.35690190094843 39.10500855848998 51.127609741731604
    endloop
  endfacet
  facet normal 0.2817325568414149 -0.9594929736145018 5.0568319948308866e-14
    outer loop
      vertex 57.51306550983202 14.750814635522381 8
      vertex 131.81738977852234 36.56853278069309 53.83473051776332
      vertex 132.07321759034537 36.64365060387478 54.05059992474009
    endloop
  endfacet
  facet normal -0.28173255684142756 0.959492973614498 -2.4976543543203516e-15
    outer loop
      vertex 69.71611488811928 20.418387460075397 11.593835691605854
      vertex 151.3523944598193 44.38896192724971 73.41856114285714
      vertex 100.46727354735889 29.447742330979207 32.74236532305989
    endloop
  endfacet
  facet normal 0.2817325568414504 -0.9594929736144914 -3.2967763674102384e-14
    outer loop
      vertex 101.03073866104174 27.528756383750213 32.74236532305989
      vertex 101.32205893110573 27.614295732970962 32.902070293286044
      vertex 131.81738977852234 36.56853278069309 53.83473051776332
    endloop
  endfacet
  facet normal 0.28173255684143206 -0.9594929736144967 -3.866853677120201e-15
    outer loop
      vertex 101.32205893110573 27.614295732970962 32.902070293286044
      vertex 101.63767638480647 27.706969379011248 32.999473454319364
      vertex 131.81738977852234 36.56853278069309 53.83473051776332
    endloop
  endfacet
  facet normal 0.2817325568414158 -0.9594929736145014 2.173357217662644e-14
    outer loop
      vertex 101.63767638480647 27.706969379011248 32.999473454319364
      vertex 101.96546202039852 27.80321592562571 33.03083165730568
      vertex 131.60688574427877 36.50672321936877 53.570992414285094
    endloop
  endfacet
  facet normal 0.2817325568414403 -0.9594929736144943 -1.6470539499948026e-14
    outer loop
      vertex 101.96546202039852 27.80321592562571 33.03083165730568
      vertex 102.29281921973033 27.899336672003642 32.99493982409008
      vertex 131.4497950395986 36.46059722668032 53.26952092171604
    endloop
  endfacet
  facet normal 0.28173255684142856 -0.9594929736144977 1.7205973220756475e-15
    outer loop
      vertex 102.60716782921571 27.991637751766884 32.893177257694695
      vertex 102.89642760808078 28.076572086183162 32.729454636476966
      vertex 131.31771661038476 36.42181550071745 52.600724144184845
    endloop
  endfacet
  facet normal 0.2817325568414331 -0.9594929736144964 -5.448151137139723e-15
    outer loop
      vertex 102.89642760808078 28.076572086183162 32.729454636476966
      vertex 103.14948246524254 28.15087569641259 32.510063728953625
      vertex 131.3478045858153 36.43065012742274 52.25910034431768
    endloop
  endfacet
  facet normal 0.28173255684142645 -0.9594929736144983 4.987167697317545e-15
    outer loop
      vertex 102.29281921973033 27.899336672003642 32.99493982409008
      vertex 102.60716782921571 27.991637751766884 32.893177257694695
      vertex 131.3521545721653 36.43192739865901 52.94190142044843
    endloop
  endfacet
  facet normal -0.28173255684146975 0.9594929736144856 6.281226552643706e-14
    outer loop
      vertex 102.31442297164482 29.99011433836541 29.819375140051402
      vertex 102.57025078346784 30.065232161547097 30.035244547028174
      vertex 133.0655816308844 39.019469209269225 50.967904771505445
    endloop
  endfacet
  facet normal -0.2817325568414288 0.9594929736144976 -1.9334268385603085e-15
    outer loop
      vertex 102.57025078346784 30.065232161547097 30.035244547028174
      vertex 102.7807548177114 30.12704172287141 30.2989826505064
      vertex 133.0655816308844 39.019469209269225 50.967904771505445
    endloop
  endfacet
  facet normal -0.2817325568414253 0.9594929736144987 -7.195574571990615e-15
    outer loop
      vertex 102.7807548177114 30.12704172287141 30.2989826505064
      vertex 102.93784552239154 30.17316771555986 30.600454143075464
      vertex 132.7499641771837 38.92679556322894 50.87050161047213
    endloop
  endfacet
  facet normal -0.2817325568414304 0.9594929736144971 9.01165881731168e-16
    outer loop
      vertex 102.93784552239154 30.17316771555986 30.600454143075464
      vertex 103.0354859898249 30.20183754358118 30.928073644343065
      vertex 132.42217854159165 38.830549016614476 50.839143407485814
    endloop
  endfacet
  facet normal -0.2817325568414322 0.9594929736144967 3.619159891456208e-15
    outer loop
      vertex 103.0354859898249 30.20183754358118 30.928073644343065
      vertex 103.06992395160542 30.211949441522737 31.269250920606655
      vertex 132.0948213422598 38.73442827023654 50.875035240701415
    endloop
  endfacet
  facet normal -0.28173255684142834 0.9594929736144978 -2.3043714134941475e-15
    outer loop
      vertex 103.06992395160542 30.211949441522737 31.269250920606655
      vertex 103.03983597617486 30.203114814817447 31.610874720473817
      vertex 131.78047273277443 38.642127190473296 50.9767978070968
    endloop
  endfacet
  facet normal -0.28173255684142695 0.9594929736144981 -4.667122477619456e-15
    outer loop
      vertex 102.94637832755555 30.175673173215095 31.939816632900513
      vertex 131.49121295390938 38.55719285605703 51.14052042831453
      vertex 103.03983597617486 30.203114814817447 31.610874720473817
    endloop
  endfacet
  facet normal -0.28173255684143156 0.9594929736144968 2.5789049115276797e-15
    outer loop
      vertex 102.94637832755555 30.175673173215095 31.939816632900513
      vertex 102.79314253077226 30.130679083613 32.243435604664924
      vertex 131.23815809674758 38.48288924582759 51.35991133583788
    endloop
  endfacet
  facet normal -0.28173255684142806 0.9594929736144979 -2.7130178367952013e-15
    outer loop
      vertex 102.58601735155969 30.069861643641584 32.510063728953625
      vertex 131.03103291753504 38.42207180585618 51.62653946012658
      vertex 102.79314253077226 30.130679083613 32.243435604664924
    endloop
  endfacet
  facet normal -0.28173255684143317 0.9594929736144964 5.363943150183121e-15
    outer loop
      vertex 102.58601735155969 30.069861643641584 32.510063728953625
      vertex 102.33296249439793 29.995558033412156 32.729454636476966
      vertex 130.87779712075175 38.377077716254085 51.93015843189099
    endloop
  endfacet
  facet normal -0.2817325568414286 0.9594929736144976 -1.9016298576737795e-15
    outer loop
      vertex 102.04370271553286 29.910623698995877 32.893177257694695
      vertex 130.78433947213244 38.349636074651734 52.25910034431768
      vertex 102.33296249439793 29.995558033412156 32.729454636476966
    endloop
  endfacet
  facet normal 0.2817325568414294 -0.9594929736144975 0
    outer loop
      vertex 57.51306550983202 14.750814635522381 8
      vertex 132.07321759034537 36.64365060387478 54.05059992474009
      vertex 151.91585957350216 42.46997598002071 73.41856114285714
    endloop
  endfacet
  facet normal 0.2817325568414529 -0.9594929736144906 -4.1048916402532047e-14
    outer loop
      vertex 102.87788808532767 28.071128391136416 29.819375140051402
      vertex 158.07228553465177 44.27766574402778 63.81445054154351
      vertex 103.1337158971507 28.146246214318104 30.035244547028174
    endloop
  endfacet
  facet normal 0.2817325568414283 -0.9594929736144979 2.483124874229506e-15
    outer loop
      vertex 103.1337158971507 28.146246214318104 30.035244547028174
      vertex 158.07228553465177 44.27766574402778 63.81445054154351
      vertex 103.34421993139425 28.208055775642418 30.2989826505064
    endloop
  endfacet
  facet normal 0.28173255684142573 -0.9594929736144985 6.903187022855627e-15
    outer loop
      vertex 103.34421993139425 28.208055775642418 30.2989826505064
      vertex 158.07228553465177 44.27766574402778 63.81445054154351
      vertex 103.5013106360744 28.254181768330866 30.600454143075464
    endloop
  endfacet
  facet normal 0.28173255684143 -0.9594929736144974 -8.006405490962517e-16
    outer loop
      vertex 103.5013106360744 28.254181768330866 30.600454143075464
      vertex 158.07228553465177 44.27766574402778 63.81445054154351
      vertex 103.59895110350776 28.282851596352188 30.928073644343065
    endloop
  endfacet
  facet normal 0.2817325568414316 -0.9594929736144968 -3.5523583322142425e-15
    outer loop
      vertex 103.59895110350776 28.282851596352188 30.928073644343065
      vertex 158.07228553465177 44.27766574402778 63.81445054154351
      vertex 103.63338906528827 28.292963494293744 31.269250920606655
    endloop
  endfacet
  facet normal 0.28173255684142834 -0.9594929736144978 2.301705543794008e-15
    outer loop
      vertex 103.63338906528827 28.292963494293744 31.269250920606655
      vertex 158.07228553465177 44.27766574402778 63.81445054154351
      vertex 103.60330108985771 28.284128867588453 31.610874720473817
    endloop
  endfacet
  facet normal 0.28173255684142817 -0.9594929736144979 2.7831394347928745e-15
    outer loop
      vertex 103.14948246524254 28.15087569641259 32.510063728953625
      vertex 103.35660764445511 28.211693136384007 32.243435604664924
      vertex 158.07228553465177 44.27766574402778 63.81445054154351
    endloop
  endfacet
  facet normal 0.2817325568414311 -0.9594929736144969 -2.8405999885348396e-15
    outer loop
      vertex 103.5098434412384 28.256687225986102 31.939816632900513
      vertex 158.07228553465177 44.27766574402778 63.81445054154351
      vertex 103.35660764445511 28.211693136384007 32.243435604664924
    endloop
  endfacet
  facet normal 0.28173255684142706 -0.9594929736144981 4.713680499250431e-15
    outer loop
      vertex 103.60330108985771 28.284128867588453 31.610874720473817
      vertex 158.07228553465177 44.27766574402778 63.81445054154351
      vertex 103.5098434412384 28.256687225986102 31.939816632900513
    endloop
  endfacet
  facet normal 0.28173255684142917 -0.9594929736144975 0
    outer loop
      vertex 102.89642760808078 28.076572086183162 32.729454636476966
      vertex 131.3478045858153 36.43065012742274 52.25910034431768
      vertex 131.31771661038476 36.42181550071745 52.600724144184845
    endloop
  endfacet
  facet normal 0.28173255684142484 -0.9594929736144989 9.866234089392665e-15
    outer loop
      vertex 103.14948246524254 28.15087569641259 32.510063728953625
      vertex 132.05467806759225 36.63820690882803 51.14052042831453
      vertex 131.80162321043045 36.563903298598596 51.35991133583788
    endloop
  endfacet
  facet normal 0.28173255684144083 -0.9594929736144941 -1.6536489671895365e-14
    outer loop
      vertex 103.14948246524254 28.15087569641259 32.510063728953625
      vertex 131.80162321043045 36.563903298598596 51.35991133583788
      vertex 131.5944980312179 36.50308585862718 51.62653946012658
    endloop
  endfacet
  facet normal 0.28173255684142356 -0.9594929736144993 8.082940676681265e-15
    outer loop
      vertex 103.14948246524254 28.15087569641259 32.510063728953625
      vertex 132.3439378464573 36.7231412432443 50.9767978070968
      vertex 132.05467806759225 36.63820690882803 51.14052042831453
    endloop
  endfacet
  facet normal 0.2817325568414405 -0.9594929736144941 -2.175197128205986e-14
    outer loop
      vertex 103.14948246524254 28.15087569641259 32.510063728953625
      vertex 132.65828645594266 36.815442323007545 50.875035240701415
      vertex 132.3439378464573 36.7231412432443 50.9767978070968
    endloop
  endfacet
  facet normal 0.28173255684142606 -0.9594929736144985 7.073567757333138e-15
    outer loop
      vertex 103.14948246524254 28.15087569641259 32.510063728953625
      vertex 131.5944980312179 36.50308585862718 51.62653946012658
      vertex 131.44126223443462 36.45809176902509 51.93015843189099
    endloop
  endfacet
  facet normal 0.2817325568414262 -0.9594929736144984 4.904176594452923e-15
    outer loop
      vertex 103.14948246524254 28.15087569641259 32.510063728953625
      vertex 131.44126223443462 36.45809176902509 51.93015843189099
      vertex 131.3478045858153 36.43065012742274 52.25910034431768
    endloop
  endfacet
  facet normal 0.28173255684141596 -0.9594929736145014 2.313984900704365e-14
    outer loop
      vertex 103.14948246524254 28.15087569641259 32.510063728953625
      vertex 132.98564365527452 36.91156306938548 50.839143407485814
      vertex 132.65828645594266 36.815442323007545 50.875035240701415
    endloop
  endfacet
  facet normal 0.2817325568414267 -0.9594929736144984 0
    outer loop
      vertex 103.14948246524254 28.15087569641259 32.510063728953625
      vertex 133.31342929086657 37.007809615999946 50.87050161047213
      vertex 132.98564365527452 36.91156306938548 50.839143407485814
    endloop
  endfacet
  facet normal 0.28173255684148424 -0.9594929736144813 -9.545759804911678e-14
    outer loop
      vertex 103.14948246524254 28.15087569641259 32.510063728953625
      vertex 133.62904674456726 37.10048326204023 50.967904771505445
      vertex 133.31342929086657 37.007809615999946 50.87050161047213
    endloop
  endfacet
  facet normal -0.28173255684144227 0.9594929736144936 1.693784336013019e-14
    outer loop
      vertex 100.46727354735889 29.447742330979207 32.74236532305989
      vertex 151.3523944598193 44.38896192724971 73.41856114285714
      vertex 100.75859381742288 29.533281680199956 32.902070293286044
    endloop
  endfacet
  facet normal -0.2817325568414316 0.9594929736144968 2.3853816101561608e-15
    outer loop
      vertex 100.75859381742288 29.533281680199956 32.902070293286044
      vertex 151.3523944598193 44.38896192724971 73.41856114285714
      vertex 101.07421127112362 29.62595532624024 32.999473454319364
    endloop
  endfacet
  facet normal -0.2817325568414162 0.9594929736145015 -1.8471884212407186e-14
    outer loop
      vertex 101.07421127112362 29.62595532624024 32.999473454319364
      vertex 151.3523944598193 44.38896192724971 73.41856114285714
      vertex 101.40199690671567 29.722201872854704 33.03083165730568
    endloop
  endfacet
  facet normal -0.2817325568414405 0.9594929736144943 1.4190081160183571e-14
    outer loop
      vertex 101.40199690671567 29.722201872854704 33.03083165730568
      vertex 151.3523944598193 44.38896192724971 73.41856114285714
      vertex 101.72935410604748 29.818322619232635 32.99493982409008
    endloop
  endfacet
  facet normal -0.5277569783674081 -0.1549634306817743 0.8351400522881405
    outer loop
      vertex 44.45485278156528 13.001011660531088 0.04175700261440704
      vertex 151.91585957350216 42.46997598002071 73.41856114285714
      vertex 151.3523944598193 44.38896192724971 73.41856114285714
    endloop
  endfacet
  facet normal 0.28173255684142384 -0.959492973614499 5.982522892806174e-15
    outer loop
      vertex 102.60716782921571 27.991637751766884 32.893177257694695
      vertex 131.31771661038476 36.42181550071745 52.600724144184845
      vertex 131.3521545721653 36.43192739865901 52.94190142044843
    endloop
  endfacet
  facet normal 0.2817325568414228 -0.9594929736144995 7.202229833338525e-15
    outer loop
      vertex 102.29281921973033 27.899336672003642 32.99493982409008
      vertex 131.3521545721653 36.43192739865901 52.94190142044843
      vertex 131.4497950395986 36.46059722668032 53.26952092171604
    endloop
  endfacet
  facet normal 0.2817325568414411 -0.9594929736144939 -9.55285861639248e-15
    outer loop
      vertex 101.96546202039852 27.80321592562571 33.03083165730568
      vertex 131.4497950395986 36.46059722668032 53.26952092171604
      vertex 131.60688574427877 36.50672321936877 53.570992414285094
    endloop
  endfacet
  facet normal 0.2817325568414291 -0.9594929736144976 -1.5262013455628704e-14
    outer loop
      vertex 101.63767638480647 27.706969379011248 32.999473454319364
      vertex 131.60688574427877 36.50672321936877 53.570992414285094
      vertex 131.81738977852234 36.56853278069309 53.83473051776332
    endloop
  endfacet
  facet normal 0.28173255684142 -0.9594929736145003 7.786689984932812e-15
    outer loop
      vertex 57.51306550983202 14.750814635522381 8
      vertex 152.26377752599495 42.57213390824146 73.00602522630055
      vertex 152.00308028342656 42.49558629118741 73.41856114285714
    endloop
  endfacet
  facet normal -0.2817325568414298 0.9594929736144975 0
    outer loop
      vertex 65.09625902012594 19.06187538367578 0.3804527942665533
      vertex 133.35690190094843 39.10500855848998 51.127609741731604
      vertex 157.5088204209689 46.196651691256776 63.81445054154351
    endloop
  endfacet
  facet normal -0.28173255684144083 0.9594929736144941 1.6536489671895365e-14
    outer loop
      vertex 102.79314253077226 30.130679083613 32.243435604664924
      vertex 131.03103291753504 38.42207180585618 51.62653946012658
      vertex 131.23815809674758 38.48288924582759 51.35991133583788
    endloop
  endfacet
  facet normal -0.2817325568414269 0.9594929736144981 -7.356264891679083e-15
    outer loop
      vertex 102.94637832755555 30.175673173215095 31.939816632900513
      vertex 131.23815809674758 38.48288924582759 51.35991133583788
      vertex 131.49121295390938 38.55719285605703 51.14052042831453
    endloop
  endfacet
  facet normal -0.2817325568414286 0.9594929736144977 -4.876666752124893e-15
    outer loop
      vertex 102.33296249439793 29.995558033412156 32.729454636476966
      vertex 130.78433947213244 38.349636074651734 52.25910034431768
      vertex 130.87779712075175 38.377077716254085 51.93015843189099
    endloop
  endfacet
  facet normal -0.28173255684142606 0.9594929736144985 -4.715711838222092e-15
    outer loop
      vertex 102.58601735155969 30.069861643641584 32.510063728953625
      vertex 130.87779712075175 38.377077716254085 51.93015843189099
      vertex 131.03103291753504 38.42207180585618 51.62653946012658
    endloop
  endfacet
  facet normal -0.28173255684142046 0.9594929736145001 -9.552858616391781e-15
    outer loop
      vertex 102.93784552239154 30.17316771555986 30.600454143075464
      vertex 132.42217854159165 38.830549016614476 50.839143407485814
      vertex 132.7499641771837 38.92679556322894 50.87050161047213
    endloop
  endfacet
  facet normal -0.2817325568414394 0.9594929736144945 1.794756867841799e-14
    outer loop
      vertex 103.06992395160542 30.211949441522737 31.269250920606655
      vertex 131.78047273277443 38.642127190473296 50.9767978070968
      vertex 132.0948213422598 38.73442827023654 50.875035240701415
    endloop
  endfacet
  facet normal -0.2817325568414264 0.9594929736144984 -7.937237666812741e-15
    outer loop
      vertex 103.03983597617486 30.203114814817447 31.610874720473817
      vertex 131.49121295390938 38.55719285605703 51.14052042831453
      vertex 131.78047273277443 38.642127190473296 50.9767978070968
    endloop
  endfacet
  facet normal -0.28173255684142173 0.9594929736144997 -1.4404459666677918e-14
    outer loop
      vertex 103.0354859898249 30.20183754358118 30.928073644343065
      vertex 132.0948213422598 38.73442827023654 50.875035240701415
      vertex 132.42217854159165 38.830549016614476 50.839143407485814
    endloop
  endfacet
  facet normal -0.28173255684147824 0.9594929736144832 7.631006727814236e-14
    outer loop
      vertex 102.7807548177114 30.12704172287141 30.2989826505064
      vertex 132.7499641771837 38.92679556322894 50.87050161047213
      vertex 133.0655816308844 39.019469209269225 50.967904771505445
    endloop
  endfacet
  facet normal 0.5277569783674088 0.1549634306817713 -0.8351400522881407
    outer loop
      vertex 65.10546902678634 16.9801454531786 0
      vertex 157.5088204209689 46.196651691256776 63.81445054154351
      vertex 158.07228553465177 44.27766574402778 63.81445054154351
    endloop
  endfacet
  facet normal -0.28173255684142634 0.9594929736144984 -4.607301783532132e-15
    outer loop
      vertex 102.04370271553286 29.910623698995877 32.893177257694695
      vertex 101.72935410604748 29.818322619232635 32.99493982409008
      vertex 151.3523944598193 44.38896192724971 73.41856114285714
    endloop
  endfacet
  facet normal -0.28173255684142906 0.9594929736144977 0
    outer loop
      vertex 102.04370271553286 29.910623698995877 32.893177257694695
      vertex 130.7542514967019 38.34080144794645 52.600724144184845
      vertex 130.78433947213244 38.349636074651734 52.25910034431768
    endloop
  endfacet
  facet normal -0.28173255684142984 0.9594929736144974 -5.982522892806238e-15
    outer loop
      vertex 102.04370271553286 29.910623698995877 32.893177257694695
      vertex 130.78868945848242 38.35091334588801 52.94190142044843
      vertex 130.7542514967019 38.34080144794645 52.600724144184845
    endloop
  endfacet
  facet normal -0.2817325568414257 0.9594929736144986 -7.311252987223982e-15
    outer loop
      vertex 102.04370271553286 29.910623698995877 32.893177257694695
      vertex 130.88632992591573 38.37958317390932 53.26952092171604
      vertex 130.78868945848242 38.35091334588801 52.94190142044843
    endloop
  endfacet
  facet normal -0.2817325568414405 0.9594929736144943 1.4890223626391724e-14
    outer loop
      vertex 102.04370271553286 29.910623698995877 32.893177257694695
      vertex 131.0434206305959 38.42570916659777 53.570992414285094
      vertex 130.88632992591573 38.37958317390932 53.26952092171604
    endloop
  endfacet
  facet normal -0.28173255684143766 0.959492973614495 0
    outer loop
      vertex 102.04370271553286 29.910623698995877 32.893177257694695
      vertex 131.25392466483947 38.48751872792209 53.83473051776332
      vertex 131.0434206305959 38.42570916659777 53.570992414285094
    endloop
  endfacet
  facet normal -0.28173255684141096 0.9594929736145029 -2.876137583660844e-14
    outer loop
      vertex 102.04370271553286 29.910623698995877 32.893177257694695
      vertex 131.5097524766625 38.56263655110378 54.05059992474009
      vertex 131.25392466483947 38.48751872792209 53.83473051776332
    endloop
  endfacet
  facet normal -0.28173255684142773 0.959492973614498 -3.136466875496181e-15
    outer loop
      vertex 151.3523944598193 44.38896192724971 73.41856114285714
      vertex 151.4396151697437 44.414572238416405 73.41856114285714
      vertex 57.561039073597506 16.84933517725741 8
    endloop
  endfacet
  facet normal -0.28173255684143206 0.9594929736144968 3.5654875836651234e-15
    outer loop
      vertex 151.4396151697437 44.414572238416405 73.41856114285714
      vertex 151.8707837637092 44.54117476052767 72.73626573631742
      vertex 57.561039073597506 16.84933517725741 8
    endloop
  endfacet
  facet normal -0.2817325568414301 0.9594929736144973 3.6148947032605655e-16
    outer loop
      vertex 102.04370271553286 29.910623698995877 32.893177257694695
      vertex 151.3523944598193 44.38896192724971 73.41856114285714
      vertex 131.5097524766625 38.56263655110378 54.05059992474009
    endloop
  endfacet
  facet normal 0.28173255684142673 -0.9594929736144983 5.4895579220031304e-15
    outer loop
      vertex 103.14948246524254 28.15087569641259 32.510063728953625
      vertex 158.07228553465177 44.27766574402778 63.81445054154351
      vertex 133.62904674456726 37.10048326204023 50.967904771505445
    endloop
  endfacet
  facet normal 0.2817325568419576 -0.9594929736143424 -1.0913623656318698e-12
    outer loop
      vertex 133.62904674456726 37.10048326204023 50.967904771505445
      vertex 158.07228553465177 44.27766574402778 63.81445054154351
      vertex 133.9203670146313 37.18602261126098 51.127609741731604
    endloop
  endfacet
  facet normal 0.2817325568414166 -0.9594929736145014 2.7064121589666663e-14
    outer loop
      vertex 133.9203670146313 37.18602261126098 51.127609741731604
      vertex 158.07228553465177 44.27766574402778 63.81445054154351
      vertex 134.1761948264543 37.261140434442666 51.34347914870837
    endloop
  endfacet
  facet normal 0.2817325568414266 -0.9594929736144984 6.199519295925391e-15
    outer loop
      vertex 134.1761948264543 37.261140434442666 51.34347914870837
      vertex 158.07228553465177 44.27766574402778 63.81445054154351
      vertex 134.38669886069783 37.322949995766976 51.6072172521866
    endloop
  endfacet
  facet normal 0.2817325568414216 -0.9594929736144998 1.660220847228181e-14
    outer loop
      vertex 134.38669886069783 37.322949995766976 51.6072172521866
      vertex 158.07228553465177 44.27766574402778 63.81445054154351
      vertex 134.543789565378 37.369075988455435 51.90868874475566
    endloop
  endfacet
  facet normal 0.28173255684142967 -0.9594929736144974 -6.672150862969178e-16
    outer loop
      vertex 134.543789565378 37.369075988455435 51.90868874475566
      vertex 158.07228553465177 44.27766574402778 63.81445054154351
      vertex 134.64143003281137 37.39774581647676 52.23630824602326
    endloop
  endfacet
  facet normal 0.28173255684143655 -0.9594929736144954 -1.5834279357245313e-14
    outer loop
      vertex 134.64143003281137 37.39774581647676 52.23630824602326
      vertex 158.07228553465177 44.27766574402778 63.81445054154351
      vertex 134.6758679945919 37.40785771441831 52.57748552228685
    endloop
  endfacet
  facet normal 0.2817325568414278 -0.9594929736144979 3.9926761657439376e-15
    outer loop
      vertex 134.6758679945919 37.40785771441831 52.57748552228685
      vertex 158.07228553465177 44.27766574402778 63.81445054154351
      vertex 134.64578001916132 37.39902308771302 52.919109322154014
    endloop
  endfacet
  facet normal 0.28173255684142745 -0.959492973614498 4.823062490706555e-15
    outer loop
      vertex 134.64578001916132 37.39902308771302 52.919109322154014
      vertex 158.07228553465177 44.27766574402778 63.81445054154351
      vertex 134.55232237054202 37.37158144611067 53.248051234580714
    endloop
  endfacet
  facet normal 0.2817325568413852 -0.9594929736145104 4.989747788588406e-14
    outer loop
      vertex 132.07321759034537 36.64365060387478 54.05059992474009
      vertex 132.36453786040937 36.72918995309553 54.21030489496624
      vertex 152.00308028342656 42.49558629118741 73.41856114285714
    endloop
  endfacet
  facet normal 0.281732556841463 -0.9594929736144876 -3.6504372363850447e-14
    outer loop
      vertex 132.36453786040937 36.72918995309553 54.21030489496624
      vertex 132.6801553141101 36.82186359913582 54.30770805599956
      vertex 152.00308028342656 42.49558629118741 73.41856114285714
    endloop
  endfacet
  facet normal 0.28173255684143084 -0.959492973614497 -1.1672271340401473e-15
    outer loop
      vertex 132.6801553141101 36.82186359913582 54.30770805599956
      vertex 133.00794094970212 36.918110145750276 54.33906625898588
      vertex 152.00308028342656 42.49558629118741 73.41856114285714
    endloop
  endfacet
  facet normal 0.2817325568414189 -0.9594929736145006 1.1717242715425355e-14
    outer loop
      vertex 133.00794094970212 36.918110145750276 54.33906625898588
      vertex 133.33529814903397 37.01423089212821 54.30317442577028
      vertex 152.00308028342656 42.49558629118741 73.41856114285714
    endloop
  endfacet
  facet normal 0.2817325568414302 -0.9594929736144974 -2.155131044152831e-16
    outer loop
      vertex 133.6496467585193 37.10653197189144 54.20141185937489
      vertex 152.00308028342656 42.49558629118741 73.41856114285714
      vertex 133.33529814903397 37.01423089212821 54.30317442577028
    endloop
  endfacet
  facet normal 0.28173255684143556 -0.9594929736144957 -5.796696029427615e-15
    outer loop
      vertex 133.6496467585193 37.10653197189144 54.20141185937489
      vertex 133.93890653738438 37.191466306307724 54.037689238157164
      vertex 152.00308028342656 42.49558629118741 73.41856114285714
    endloop
  endfacet
  facet normal 0.28173255684143705 -0.9594929736144953 -6.8822343287524905e-15
    outer loop
      vertex 134.55232237054202 37.37158144611067 53.248051234580714
      vertex 152.00308028342656 42.49558629118741 73.41856114285714
      vertex 134.3990865737587 37.32658735650856 53.55167020634512
    endloop
  endfacet
  facet normal 0.2817325568414324 -0.9594929736144965 -2.4670200865527106e-15
    outer loop
      vertex 134.3990865737587 37.32658735650856 53.55167020634512
      vertex 152.00308028342656 42.49558629118741 73.41856114285714
      vertex 134.19196139454618 37.26576991653716 53.81829833063382
    endloop
  endfacet
  facet normal 0.2817325568414236 -0.9594929736144993 6.294774783743669e-15
    outer loop
      vertex 134.19196139454618 37.26576991653716 53.81829833063382
      vertex 152.00308028342656 42.49558629118741 73.41856114285714
      vertex 133.93890653738438 37.191466306307724 54.037689238157164
    endloop
  endfacet
  facet normal -0.2817325568414166 0.9594929736145014 -2.7064121589666663e-14
    outer loop
      vertex 133.35690190094843 39.10500855848998 51.127609741731604
      vertex 133.61272971277143 39.18012638167166 51.34347914870837
      vertex 157.5088204209689 46.196651691256776 63.81445054154351
    endloop
  endfacet
  facet normal -0.2817325568414266 0.9594929736144984 -6.199519295925391e-15
    outer loop
      vertex 133.61272971277143 39.18012638167166 51.34347914870837
      vertex 133.82323374701497 39.24193594299597 51.6072172521866
      vertex 157.5088204209689 46.196651691256776 63.81445054154351
    endloop
  endfacet
  facet normal -0.2817325568414216 0.9594929736144998 -1.660220847228181e-14
    outer loop
      vertex 133.82323374701497 39.24193594299597 51.6072172521866
      vertex 133.98032445169514 39.28806193568443 51.90868874475566
      vertex 157.5088204209689 46.196651691256776 63.81445054154351
    endloop
  endfacet
  facet normal -0.28173255684143317 0.9594929736144964 8.998432616348706e-15
    outer loop
      vertex 133.98885725685915 39.290567393339664 53.248051234580714
      vertex 133.83562146007583 39.24557330373756 53.55167020634512
      vertex 157.5088204209689 46.196651691256776 63.81445054154351
    endloop
  endfacet
  facet normal -0.28173255684142967 0.9594929736144974 6.672150862969178e-16
    outer loop
      vertex 133.98032445169514 39.28806193568443 51.90868874475566
      vertex 134.0779649191285 39.316731763705754 52.23630824602326
      vertex 157.5088204209689 46.196651691256776 63.81445054154351
    endloop
  endfacet
  facet normal -0.28173255684143655 0.9594929736144954 1.5834279357245313e-14
    outer loop
      vertex 134.0779649191285 39.316731763705754 52.23630824602326
      vertex 134.11240288090903 39.32684366164731 52.57748552228685
      vertex 157.5088204209689 46.196651691256776 63.81445054154351
    endloop
  endfacet
  facet normal -0.2817325568414278 0.9594929736144979 -3.9926761657439376e-15
    outer loop
      vertex 134.11240288090903 39.32684366164731 52.57748552228685
      vertex 134.08231490547846 39.318009034942015 52.919109322154014
      vertex 157.5088204209689 46.196651691256776 63.81445054154351
    endloop
  endfacet
  facet normal -0.28173255684142745 0.959492973614498 -4.823062490706555e-15
    outer loop
      vertex 134.08231490547846 39.318009034942015 52.919109322154014
      vertex 133.98885725685915 39.290567393339664 53.248051234580714
      vertex 157.5088204209689 46.196651691256776 63.81445054154351
    endloop
  endfacet
  facet normal -0.28173255684138543 0.9594929736145105 -4.93580384097077e-14
    outer loop
      vertex 131.5097524766625 38.56263655110378 54.05059992474009
      vertex 151.3523944598193 44.38896192724971 73.41856114285714
      vertex 131.8010727467265 38.648175900324524 54.21030489496624
    endloop
  endfacet
  facet normal -0.2817325568414629 0.9594929736144876 3.6224839308132006e-14
    outer loop
      vertex 131.8010727467265 38.648175900324524 54.21030489496624
      vertex 151.3523944598193 44.38896192724971 73.41856114285714
      vertex 132.11669020042723 38.740849546364814 54.30770805599956
    endloop
  endfacet
  facet normal -0.28173255684143084 0.959492973614497 1.129028903690493e-15
    outer loop
      vertex 132.11669020042723 38.740849546364814 54.30770805599956
      vertex 151.3523944598193 44.38896192724971 73.41856114285714
      vertex 132.44447583601925 38.83709609297927 54.33906625898588
    endloop
  endfacet
  facet normal -0.2817325568414189 0.9594929736145006 -1.1691772204080427e-14
    outer loop
      vertex 132.44447583601925 38.83709609297927 54.33906625898588
      vertex 151.3523944598193 44.38896192724971 73.41856114285714
      vertex 132.7718330353511 38.93321683935721 54.30317442577028
    endloop
  endfacet
  facet normal -0.28173255684143017 0.9594929736144973 2.1575524673895016e-16
    outer loop
      vertex 132.7718330353511 38.93321683935721 54.30317442577028
      vertex 151.3523944598193 44.38896192724971 73.41856114285714
      vertex 133.08618164483644 39.02551791912044 54.20141185937489
    endloop
  endfacet
  facet normal -0.28173255684142356 0.9594929736144993 -6.308387773072558e-15
    outer loop
      vertex 133.62849628086332 39.184755863766156 53.81829833063382
      vertex 133.37544142370152 39.11045225353672 54.037689238157164
      vertex 151.3523944598193 44.38896192724971 73.41856114285714
    endloop
  endfacet
  facet normal -0.28173255684143556 0.9594929736144957 5.756538120805558e-15
    outer loop
      vertex 133.08618164483644 39.02551791912044 54.20141185937489
      vertex 151.3523944598193 44.38896192724971 73.41856114285714
      vertex 133.37544142370152 39.11045225353672 54.037689238157164
    endloop
  endfacet
  facet normal -0.2817325568414325 0.9594929736144966 2.4492999476925205e-15
    outer loop
      vertex 133.62849628086332 39.184755863766156 53.81829833063382
      vertex 151.3523944598193 44.38896192724971 73.41856114285714
      vertex 133.83562146007583 39.24557330373756 53.55167020634512
    endloop
  endfacet
  facet normal 0.28173255684142917 -0.9594929736144975 4.231356272767656e-16
    outer loop
      vertex 134.55232237054202 37.37158144611067 53.248051234580714
      vertex 158.07228553465177 44.27766574402778 63.81445054154351
      vertex 152.00308028342656 42.49558629118741 73.41856114285714
    endloop
  endfacet
  facet normal -0.28173255684142934 0.9594929736144974 -5.162328765641208e-16
    outer loop
      vertex 133.83562146007583 39.24557330373756 53.55167020634512
      vertex 151.3523944598193 44.38896192724971 73.41856114285714
      vertex 157.5088204209689 46.196651691256776 63.81445054154351
    endloop
  endfacet
  facet normal 0.28173255684143167 -0.9594929736144968 0
    outer loop
      vertex 132.07321759034537 36.64365060387478 54.05059992474009
      vertex 152.00308028342656 42.49558629118741 73.41856114285714
      vertex 151.91585957350216 42.46997598002071 73.41856114285714
    endloop
  endfacet
  facet normal 0.8013110121545141 0.2352861422518257 0.5500373560624422
    outer loop
      vertex 158.07228553465177 44.27766574402778 63.81445054154351
      vertex 157.5088204209689 46.196651691256776 63.81445054154351
      vertex 151.4396151697437 44.414572238416405 73.41856114285714
    endloop
  endfacet
  facet normal 0.801311012154506 0.23528614225182326 0.5500373560624552
    outer loop
      vertex 152.00308028342656 42.49558629118741 73.41856114285714
      vertex 152.26377752599495 42.57213390824146 73.00602522630055
      vertex 151.4396151697437 44.414572238416405 73.41856114285714
    endloop
  endfacet
  facet normal 0.8013110121545141 0.2352861422518256 0.5500373560624422
    outer loop
      vertex 158.07228553465177 44.27766574402778 63.81445054154351
      vertex 151.4396151697437 44.414572238416405 73.41856114285714
      vertex 152.00308028342656 42.49558629118741 73.41856114285714
    endloop
  endfacet
  facet normal -0.2817325568414252 0.9594929736144987 0
    outer loop
      vertex 157.5088204209689 46.196651691256776 63.81445054154351
      vertex 151.3523944598193 44.38896192724971 73.41856114285714
      vertex 151.4396151697437 44.414572238416405 73.41856114285714
    endloop
  endfacet
  facet normal 0.8013110121545168 0.2352861422518326 0.5500373560624352
    outer loop
      vertex 151.4396151697437 44.414572238416405 73.41856114285714
      vertex 152.26377752599495 42.57213390824146 73.00602522630055
      vertex 151.8707837637092 44.54117476052767 72.73626573631742
    endloop
  endfacet
  facet normal 0 0 -1
    outer loop
      vertex 45.04470574416651 11.089773884836182 0
      vertex 45.85842310092816 11.415696466545562 0
      vertex 45.85842310092816 11.328702858545183 0
    endloop
  endfacet
  facet normal 0 0 -1
    outer loop
      vertex 45.04470574416651 11.089773884836182 0
      vertex 44.48124063048365 13.008759832065177 0
      vertex 45.85842310092816 11.415696466545562 0
    endloop
  endfacet
  facet normal 0 0 -1
    outer loop
      vertex 45.85842310092816 11.415696466545562 0
      vertex 44.48124063048365 13.008759832065177 0
      vertex 45.85842310092816 13.413137090997994 0
    endloop
  endfacet
  facet normal 0 0 -1
    outer loop
      vertex 45.85842310092816 11.328702858545183 0
      vertex 45.85842310092816 11.415696466545562 0
      vertex 63.57002907148671 16.529299603986527 0
    endloop
  endfacet
  facet normal 0 0 -1
    outer loop
      vertex 65.10546902678634 16.9801454531786 0
      vertex 65.09625902012594 16.97744115122297 0
      vertex 65.09625902012594 17.011511855331996 0
    endloop
  endfacet
  facet normal -0.5236634385247729 -0.1799644873946665 0.8327000579015148
    outer loop
      vertex 57.51306550983202 14.750814635522381 8
      vertex 152.00308028342656 42.49558629118741 73.41856114285714
      vertex 151.3523944598193 44.38896192724971 73.41856114285714
    endloop
  endfacet
  facet normal 0 0 1
    outer loop
      vertex 152.00308028342656 42.49558629118741 73.41856114285714
      vertex 151.4396151697437 44.414572238416405 73.41856114285714
      vertex 151.3523944598193 44.38896192724971 73.41856114285714
    endloop
  endfacet
  facet normal 0.61360706486287 -0.18017129049788733 0.7687812927164002
    outer loop
      vertex 69.15320023814037 -20.253100805578473 8.74344213247748
      vertex 69.40625509530216 -20.327404415807905 8.52405122495413
      vertex 69.96972020898501 -18.408418468578912 8.52405122495413
    endloop
  endfacet
  facet normal 0.7457232508018723 -0.21896410283554926 0.6292468155524595
    outer loop
      vertex 69.15320023814037 -20.253100805578473 8.74344213247748
      vertex 69.71666535182322 -18.33411485834948 8.74344213247748
      vertex 68.94607505892783 -20.19228336560706 9.01007025676618
    endloop
  endfacet
  facet normal 0.8491817104189573 -0.2493422474977192 0.465530736152534
    outer loop
      vertex 68.94607505892783 -20.19228336560706 9.01007025676618
      vertex 69.50954017261068 -18.273297418378068 9.01007025676618
      vertex 68.79283926214453 -20.147289276004965 9.313689228530588
    endloop
  endfacet
  facet normal 0.7457232508018721 -0.2189641028355492 0.6292468155524596
    outer loop
      vertex 68.94607505892783 -20.19228336560706 9.01007025676618
      vertex 69.71666535182322 -18.33411485834948 8.74344213247748
      vertex 69.50954017261068 -18.273297418378068 9.01007025676618
    endloop
  endfacet
  facet normal 0.45791030353603607 -0.13445459650762767 0.8787719359387317
    outer loop
      vertex 69.40625509530216 -20.327404415807905 8.52405122495413
      vertex 69.69551487416723 -20.412338750224183 8.360328603736413
      vertex 70.25897998785008 -18.49335280299519 8.360328603736413
    endloop
  endfacet
  facet normal 0.10038466352405953 -0.02947559669536724 0.9945119951657765
    outer loop
      vertex 70.0098634836526 -20.504639829987426 8.258566037341021
      vertex 70.33722068298444 -20.60076057636536 8.222674204125425
      vertex 70.90068579666729 -18.681774629136367 8.222674204125425
    endloop
  endfacet
  facet normal 0.28461630604332766 -0.0835708877765742 0.9549918664839435
    outer loop
      vertex 69.69551487416723 -20.412338750224183 8.360328603736413
      vertex 70.0098634836526 -20.504639829987426 8.258566037341021
      vertex 70.57332859733545 -18.585653882758432 8.258566037341021
    endloop
  endfacet
  facet normal 0.4579103035360361 -0.1344545965076277 0.8787719359387317
    outer loop
      vertex 69.40625509530216 -20.327404415807905 8.52405122495413
      vertex 70.25897998785008 -18.49335280299519 8.360328603736413
      vertex 69.96972020898501 -18.408418468578912 8.52405122495413
    endloop
  endfacet
  facet normal 0.28461630604332766 -0.08357088777657419 0.9549918664839435
    outer loop
      vertex 69.69551487416723 -20.412338750224183 8.360328603736413
      vertex 70.57332859733545 -18.585653882758432 8.258566037341021
      vertex 70.25897998785008 -18.49335280299519 8.360328603736413
    endloop
  endfacet
  facet normal 0.61360706486287 -0.18017129049788733 0.7687812927164002
    outer loop
      vertex 69.15320023814037 -20.253100805578473 8.74344213247748
      vertex 69.96972020898501 -18.408418468578912 8.52405122495413
      vertex 69.71666535182322 -18.33411485834948 8.74344213247748
    endloop
  endfacet
  facet normal -0.08770470531807875 0.025752425036740082 0.9958135856021427
    outer loop
      vertex 70.33722068298444 -20.60076057636536 8.222674204125425
      vertex 70.66500631857646 -20.69700712297982 8.25403240711173
      vertex 71.22847143225931 -18.778021175750826 8.25403240711173
    endloop
  endfacet
  facet normal -0.27242363152019955 0.07999079551680915 0.9588466184025131
    outer loop
      vertex 70.66500631857646 -20.69700712297982 8.25403240711173
      vertex 70.9806237722772 -20.789680769020105 8.351435568145055
      vertex 71.54408888596005 -18.870694821791112 8.351435568145055
    endloop
  endfacet
  facet normal 0.10038466352405949 -0.029475596695367232 0.9945119951657765
    outer loop
      vertex 70.0098634836526 -20.504639829987426 8.258566037341021
      vertex 70.90068579666729 -18.681774629136367 8.222674204125425
      vertex 70.57332859733545 -18.585653882758432 8.258566037341021
    endloop
  endfacet
  facet normal -0.08770470531807874 0.025752425036740082 0.9958135856021427
    outer loop
      vertex 70.33722068298444 -20.60076057636536 8.222674204125425
      vertex 71.22847143225931 -18.778021175750826 8.25403240711173
      vertex 70.90068579666729 -18.681774629136367 8.222674204125425
    endloop
  endfacet
  facet normal -0.27242363152019955 0.07999079551680915 0.9588466184025131
    outer loop
      vertex 70.66500631857646 -20.69700712297982 8.25403240711173
      vertex 71.54408888596005 -18.870694821791112 8.351435568145055
      vertex 71.22847143225931 -18.778021175750826 8.25403240711173
    endloop
  endfacet
  facet normal 0.9200065931312273 -0.27013830942129397 0.2839245716349283
    outer loop
      vertex 68.79283926214453 -20.147289276004965 9.313689228530588
      vertex 69.35630437582738 -18.228303328775972 9.313689228530588
      vertex 68.6993816135252 -20.119847634402607 9.642631140957281
    endloop
  endfacet
  facet normal 0.8491817104189573 -0.24934224749771924 0.465530736152534
    outer loop
      vertex 69.50954017261068 -18.273297418378068 9.01007025676618
      vertex 69.35630437582738 -18.228303328775972 9.313689228530588
      vertex 68.79283926214453 -20.147289276004965 9.313689228530588
    endloop
  endfacet
  facet normal 0.9200065931312273 -0.27013830942129397 0.28392457163492824
    outer loop
      vertex 68.6993816135252 -20.119847634402607 9.642631140957281
      vertex 69.35630437582738 -18.228303328775972 9.313689228530588
      vertex 69.26284672720806 -18.200861687173614 9.642631140957281
    endloop
  endfacet
  facet normal 0.9554761384151205 -0.280553107609122 0.09140734505603972
    outer loop
      vertex 68.6993816135252 -20.119847634402607 9.642631140957281
      vertex 69.26284672720806 -18.200861687173614 9.642631140957281
      vertex 68.66929363809469 -20.111013007697327 9.98425494082445
    endloop
  endfacet
  facet normal 0.9542272715369013 -0.28018640720752364 -0.10462261453137359
    outer loop
      vertex 68.66929363809469 -20.111013007697327 9.98425494082445
      vertex 69.23275875177754 -18.192027060468334 9.98425494082445
      vertex 68.70373159987518 -20.12112490563888 10.325432217088034
    endloop
  endfacet
  facet normal 0.9554761384151205 -0.280553107609122 0.09140734505603974
    outer loop
      vertex 68.66929363809469 -20.111013007697327 9.98425494082445
      vertex 69.26284672720806 -18.200861687173614 9.642631140957281
      vertex 69.23275875177754 -18.192027060468334 9.98425494082445
    endloop
  endfacet
  facet normal 0.9542272715369013 -0.28018640720752364 -0.10462261453137367
    outer loop
      vertex 68.70373159987518 -20.12112490563888 10.325432217088034
      vertex 69.23275875177754 -18.192027060468334 9.98425494082445
      vertex 69.26719671355804 -18.202138958409886 10.325432217088034
    endloop
  endfacet
  facet normal 0.9163079857503417 -0.2690523003072886 -0.29663198571547955
    outer loop
      vertex 68.70373159987518 -20.12112490563888 10.325432217088034
      vertex 69.26719671355804 -18.202138958409886 10.325432217088034
      vertex 68.80137206730853 -20.1497947336602 10.653051718355645
    endloop
  endfacet
  facet normal 0.8431754979428341 -0.2475786643925125 -0.47724195604166386
    outer loop
      vertex 68.80137206730853 -20.1497947336602 10.653051718355645
      vertex 69.36483718099139 -18.230808786431208 10.653051718355645
      vertex 68.95846277198868 -20.195920726348646 10.954523210924698
    endloop
  endfacet
  facet normal 0.737640248607634 -0.21659071924884196 -0.6395117856375576
    outer loop
      vertex 69.16896680623225 -20.257730287672963 11.218261314402929
      vertex 68.95846277198868 -20.195920726348646 10.954523210924698
      vertex 69.52192788567153 -18.276934779119653 10.954523210924698
    endloop
  endfacet
  facet normal 0.603757898191896 -0.1772793142299238 -0.7772055359536961
    outer loop
      vertex 69.16896680623225 -20.257730287672963 11.218261314402929
      vertex 69.7324319199151 -18.33874434044397 11.218261314402929
      vertex 69.42479461805526 -20.332848110854652 11.434130721379699
    endloop
  endfacet
  facet normal 0.9163079857503417 -0.2690523003072886 -0.2966319857154794
    outer loop
      vertex 68.80137206730853 -20.1497947336602 10.653051718355645
      vertex 69.26719671355804 -18.202138958409886 10.325432217088034
      vertex 69.36483718099139 -18.230808786431208 10.653051718355645
    endloop
  endfacet
  facet normal 0.8431754979428342 -0.24757866439251253 -0.4772419560416637
    outer loop
      vertex 68.95846277198868 -20.195920726348646 10.954523210924698
      vertex 69.36483718099139 -18.230808786431208 10.653051718355645
      vertex 69.52192788567153 -18.276934779119653 10.954523210924698
    endloop
  endfacet
  facet normal 0.737640248607634 -0.21659071924884196 -0.6395117856375576
    outer loop
      vertex 69.16896680623225 -20.257730287672963 11.218261314402929
      vertex 69.52192788567153 -18.276934779119653 10.954523210924698
      vertex 69.7324319199151 -18.33874434044397 11.218261314402929
    endloop
  endfacet
  facet normal 0.6037578981918961 -0.17727931422992382 -0.7772055359536961
    outer loop
      vertex 69.42479461805526 -20.332848110854652 11.434130721379699
      vertex 69.7324319199151 -18.33874434044397 11.218261314402929
      vertex 69.98825973173811 -18.41386216362566 11.434130721379699
    endloop
  endfacet
  facet normal 0.44667347033993277 -0.13115516458452248 -0.8850317133850562
    outer loop
      vertex 69.42479461805526 -20.332848110854652 11.434130721379699
      vertex 69.98825973173811 -18.41386216362566 11.434130721379699
      vertex 69.71611488811928 -20.418387460075408 11.593835691605854
    endloop
  endfacet
  facet normal 0.08770470531807525 -0.02575242503673906 -0.9958135856021431
    outer loop
      vertex 70.03173234182 -20.51106110611569 11.691238852639177
      vertex 70.59519745550286 -18.592075158886697 11.691238852639177
      vertex 70.35951797741204 -20.60730765273015 11.722597055625481
    endloop
  endfacet
  facet normal 0.2724236315202061 -0.07999079551681108 -0.9588466184025112
    outer loop
      vertex 69.71611488811928 -20.418387460075408 11.593835691605854
      vertex 70.27958000180213 -18.499401512846415 11.593835691605854
      vertex 70.03173234182 -20.51106110611569 11.691238852639177
    endloop
  endfacet
  facet normal 0.2724236315202061 -0.07999079551681108 -0.9588466184025112
    outer loop
      vertex 70.03173234182 -20.51106110611569 11.691238852639177
      vertex 70.27958000180213 -18.499401512846415 11.593835691605854
      vertex 70.59519745550286 -18.592075158886697 11.691238852639177
    endloop
  endfacet
  facet normal 0.44667347033993277 -0.13115516458452248 -0.8850317133850562
    outer loop
      vertex 69.71611488811928 -20.418387460075408 11.593835691605854
      vertex 69.98825973173811 -18.41386216362566 11.434130721379699
      vertex 70.27958000180213 -18.499401512846415 11.593835691605854
    endloop
  endfacet
  facet normal -0.10038466352406349 0.02947559669536841 -0.994511995165776
    outer loop
      vertex 70.35951797741204 -20.60730765273015 11.722597055625481
      vertex 70.92298309109489 -18.688321705501156 11.722597055625481
      vertex 70.68687517674387 -20.703428399108084 11.686705222409886
    endloop
  endfacet
  facet normal -0.28461630604332844 0.08357088777657443 -0.9549918664839433
    outer loop
      vertex 70.68687517674387 -20.703428399108084 11.686705222409886
      vertex 71.25034029042672 -18.78444245187909 11.686705222409886
      vertex 71.00122378622923 -20.795729478871323 11.584942656014494
    endloop
  endfacet
  facet normal -0.4579103035360228 0.13445459650762379 -0.8787719359387391
    outer loop
      vertex 71.29048356509432 -20.880663813287605 11.421220034796775
      vertex 71.00122378622923 -20.795729478871323 11.584942656014494
      vertex 71.56468889991208 -18.87674353164233 11.584942656014494
    endloop
  endfacet
  facet normal 0.08770470531807525 -0.02575242503673906 -0.9958135856021431
    outer loop
      vertex 70.35951797741204 -20.60730765273015 11.722597055625481
      vertex 70.59519745550286 -18.592075158886697 11.691238852639177
      vertex 70.92298309109489 -18.688321705501156 11.722597055625481
    endloop
  endfacet
  facet normal -0.1003846635240635 0.029475596695368412 -0.994511995165776
    outer loop
      vertex 70.68687517674387 -20.703428399108084 11.686705222409886
      vertex 70.92298309109489 -18.688321705501156 11.722597055625481
      vertex 71.25034029042672 -18.78444245187909 11.686705222409886
    endloop
  endfacet
  facet normal -0.28461630604332844 0.08357088777657443 -0.9549918664839433
    outer loop
      vertex 71.00122378622923 -20.795729478871323 11.584942656014494
      vertex 71.25034029042672 -18.78444245187909 11.686705222409886
      vertex 71.56468889991208 -18.87674353164233 11.584942656014494
    endloop
  endfacet
  facet normal -0.603757898191879 0.1772793142299188 0.7772055359537106
    outer loop
      vertex 71.52777185416421 -20.950337941422543 8.72700994534798
      vertex 72.09123696784707 -19.03135199419355 8.72700994534798
      vertex 71.27194404234119 -20.87522011824085 8.511140538371208
    endloop
  endfacet
  facet normal -0.7376402486076339 0.216590719248842 0.6395117856375576
    outer loop
      vertex 71.52777185416421 -20.950337941422543 8.72700994534798
      vertex 71.73827588840778 -21.01214750274686 8.99074804882621
      vertex 72.30174100209064 -19.093161555517867 8.99074804882621
    endloop
  endfacet
  facet normal -0.44667347033996363 0.13115516458453158 0.885031713385039
    outer loop
      vertex 70.9806237722772 -20.789680769020105 8.351435568145055
      vertex 71.27194404234119 -20.87522011824085 8.511140538371208
      vertex 71.83540915602404 -18.956234171011857 8.511140538371208
    endloop
  endfacet
  facet normal -0.4466734703399636 0.13115516458453155 0.885031713385039
    outer loop
      vertex 70.9806237722772 -20.789680769020105 8.351435568145055
      vertex 71.83540915602404 -18.956234171011857 8.511140538371208
      vertex 71.54408888596005 -18.870694821791112 8.351435568145055
    endloop
  endfacet
  facet normal -0.603757898191879 0.1772793142299188 0.7772055359537106
    outer loop
      vertex 71.27194404234119 -20.87522011824085 8.511140538371208
      vertex 72.09123696784707 -19.03135199419355 8.72700994534798
      vertex 71.83540915602404 -18.956234171011857 8.511140538371208
    endloop
  endfacet
  facet normal -0.737640248607634 0.21659071924884196 0.6395117856375576
    outer loop
      vertex 71.52777185416421 -20.950337941422543 8.72700994534798
      vertex 72.30174100209064 -19.093161555517867 8.99074804882621
      vertex 72.09123696784707 -19.03135199419355 8.72700994534798
    endloop
  endfacet
  facet normal -0.843175497942834 0.2475786643925125 0.4772419560416639
    outer loop
      vertex 71.73827588840778 -21.01214750274686 8.99074804882621
      vertex 72.45883170677078 -19.139287548206315 9.292219541395266
      vertex 72.30174100209064 -19.093161555517867 8.99074804882621
    endloop
  endfacet
  facet normal -0.843175497942834 0.24757866439251255 0.4772419560416639
    outer loop
      vertex 71.73827588840778 -21.01214750274686 8.99074804882621
      vertex 71.89536659308793 -21.05827349543531 9.292219541395266
      vertex 72.45883170677078 -19.139287548206315 9.292219541395266
    endloop
  endfacet
  facet normal -0.9163079857503423 0.26905230030728877 0.29663198571547716
    outer loop
      vertex 71.89536659308793 -21.05827349543531 9.292219541395266
      vertex 71.99300706052128 -21.086943323456623 9.619839042662873
      vertex 72.55647217420413 -19.16795737622763 9.619839042662873
    endloop
  endfacet
  facet normal -0.9542272715368969 0.2801864072075223 0.10462261453141869
    outer loop
      vertex 71.99300706052128 -21.086943323456623 9.619839042662873
      vertex 72.02744502230179 -21.097055221398183 9.961016318926458
      vertex 72.59091013598464 -19.17806927416919 9.961016318926458
    endloop
  endfacet
  facet normal -0.9554761384151168 0.2805531076091209 -0.0914073450560825
    outer loop
      vertex 72.02744502230179 -21.097055221398183 9.961016318926458
      vertex 71.99735704687126 -21.0882205946929 10.302640118793624
      vertex 72.56082216055411 -19.169234647463906 10.302640118793624
    endloop
  endfacet
  facet normal -0.9200065931312285 0.2701383094212943 -0.2839245716349242
    outer loop
      vertex 71.99735704687126 -21.0882205946929 10.302640118793624
      vertex 71.90389939825194 -21.060778953090544 10.631582031220319
      vertex 72.46736451193479 -19.14179300586155 10.631582031220319
    endloop
  endfacet
  facet normal -0.849181710418955 0.24934224749771852 -0.46553073615253854
    outer loop
      vertex 71.90389939825194 -21.060778953090544 10.631582031220319
      vertex 71.75066360146863 -21.01578486348844 10.935201002984726
      vertex 72.31412871515148 -19.09679891625945 10.935201002984726
    endloop
  endfacet
  facet normal -0.613607064862886 0.18017129049789196 -0.7687812927163865
    outer loop
      vertex 71.54353842225609 -20.954967423517036 11.201829127273427
      vertex 71.29048356509432 -20.880663813287605 11.421220034796775
      vertex 71.85394867877717 -18.96167786605861 11.421220034796775
    endloop
  endfacet
  facet normal -0.7457232508018751 0.21896410283555007 -0.6292468155524561
    outer loop
      vertex 71.75066360146863 -21.01578486348844 10.935201002984726
      vertex 71.54353842225609 -20.954967423517036 11.201829127273427
      vertex 72.10700353593894 -19.035981476288043 11.201829127273427
    endloop
  endfacet
  facet normal -0.9163079857503421 0.2690523003072887 0.2966319857154773
    outer loop
      vertex 71.89536659308793 -21.05827349543531 9.292219541395266
      vertex 72.55647217420413 -19.16795737622763 9.619839042662873
      vertex 72.45883170677078 -19.139287548206315 9.292219541395266
    endloop
  endfacet
  facet normal -0.9542272715368969 0.2801864072075223 0.10462261453141881
    outer loop
      vertex 71.99300706052128 -21.086943323456623 9.619839042662873
      vertex 72.59091013598464 -19.17806927416919 9.961016318926458
      vertex 72.55647217420413 -19.16795737622763 9.619839042662873
    endloop
  endfacet
  facet normal -0.9554761384151168 0.2805531076091209 -0.09140734505608257
    outer loop
      vertex 72.02744502230179 -21.097055221398183 9.961016318926458
      vertex 72.56082216055411 -19.169234647463906 10.302640118793624
      vertex 72.59091013598464 -19.17806927416919 9.961016318926458
    endloop
  endfacet
  facet normal -0.849181710418955 0.24934224749771852 -0.4655307361525386
    outer loop
      vertex 71.90389939825194 -21.060778953090544 10.631582031220319
      vertex 72.31412871515148 -19.09679891625945 10.935201002984726
      vertex 72.46736451193479 -19.14179300586155 10.631582031220319
    endloop
  endfacet
  facet normal -0.7457232508018751 0.21896410283555007 -0.629246815552456
    outer loop
      vertex 71.75066360146863 -21.01578486348844 10.935201002984726
      vertex 72.10700353593894 -19.035981476288043 11.201829127273427
      vertex 72.31412871515148 -19.09679891625945 10.935201002984726
    endloop
  endfacet
  facet normal -0.6136070648628859 0.180171290497892 -0.7687812927163866
    outer loop
      vertex 71.54353842225609 -20.954967423517036 11.201829127273427
      vertex 71.85394867877717 -18.96167786605861 11.421220034796775
      vertex 72.10700353593894 -19.035981476288043 11.201829127273427
    endloop
  endfacet
  facet normal -0.9200065931312285 0.2701383094212943 -0.2839245716349243
    outer loop
      vertex 71.99735704687126 -21.0882205946929 10.302640118793624
      vertex 72.46736451193479 -19.14179300586155 10.631582031220319
      vertex 72.56082216055411 -19.169234647463906 10.302640118793624
    endloop
  endfacet
  facet normal -0.4579103035360228 0.13445459650762379 -0.8787719359387391
    outer loop
      vertex 71.29048356509432 -20.880663813287605 11.421220034796775
      vertex 71.56468889991208 -18.87674353164233 11.584942656014494
      vertex 71.85394867877717 -18.96167786605861 11.421220034796775
    endloop
  endfacet
  facet normal 0.8491817104189561 -0.24934224749771883 0.4655307361525363
    outer loop
      vertex 99.98855398823144 -29.307177585731633 30.31830485844638
      vertex 100.5520191019143 -27.38819163850264 30.31830485844638
      vertex 99.83531819144814 -29.262183496129534 30.621923830210786
    endloop
  endfacet
  facet normal 0.92000659313124 -0.27013830942129774 0.28392457163488355
    outer loop
      vertex 99.83531819144814 -29.262183496129534 30.621923830210786
      vertex 100.39878330513099 -27.34319754890054 30.621923830210786
      vertex 99.74186054282883 -29.234741854527183 30.950865742637482
    endloop
  endfacet
  facet normal 0.92000659313124 -0.27013830942129774 0.2839245716348835
    outer loop
      vertex 99.74186054282883 -29.234741854527183 30.950865742637482
      vertex 100.39878330513099 -27.34319754890054 30.621923830210786
      vertex 100.30532565651168 -27.31575590729819 30.950865742637482
    endloop
  endfacet
  facet normal 0.9554761384151129 -0.2805531076091197 0.0914073450561262
    outer loop
      vertex 99.74186054282883 -29.234741854527183 30.950865742637482
      vertex 100.30532565651168 -27.31575590729819 30.950865742637482
      vertex 99.71177256739828 -29.225907227821896 31.292489542504644
    endloop
  endfacet
  facet normal 0.9542272715368973 -0.28018640720752247 -0.1046226145314142
    outer loop
      vertex 99.71177256739828 -29.225907227821896 31.292489542504644
      vertex 100.27523768108114 -27.306921280592903 31.292489542504644
      vertex 99.7462105291788 -29.236019125763452 31.633666818768233
    endloop
  endfacet
  facet normal 0.9163079857503286 -0.2690523003072848 -0.2966319857155232
    outer loop
      vertex 99.7462105291788 -29.236019125763452 31.633666818768233
      vertex 100.30967564286165 -27.31703317853446 31.633666818768233
      vertex 99.84385099661216 -29.264688953784773 31.961286320035835
    endloop
  endfacet
  facet normal 0.8431754979428374 -0.24757866439251347 -0.4772419560416574
    outer loop
      vertex 99.84385099661216 -29.264688953784773 31.961286320035835
      vertex 100.40731611029501 -27.34570300655578 31.961286320035835
      vertex 100.0009417012923 -29.310814946473222 32.262757812604896
    endloop
  endfacet
  facet normal 0.9554761384151129 -0.2805531076091197 0.09140734505612602
    outer loop
      vertex 99.71177256739828 -29.225907227821896 31.292489542504644
      vertex 100.30532565651168 -27.31575590729819 30.950865742637482
      vertex 100.27523768108114 -27.306921280592903 31.292489542504644
    endloop
  endfacet
  facet normal 0.9542272715368973 -0.28018640720752247 -0.10462261453141432
    outer loop
      vertex 99.7462105291788 -29.236019125763452 31.633666818768233
      vertex 100.27523768108114 -27.306921280592903 31.292489542504644
      vertex 100.30967564286165 -27.31703317853446 31.633666818768233
    endloop
  endfacet
  facet normal 0.9163079857503286 -0.2690523003072848 -0.296631985715523
    outer loop
      vertex 99.84385099661216 -29.264688953784773 31.961286320035835
      vertex 100.30967564286165 -27.31703317853446 31.633666818768233
      vertex 100.40731611029501 -27.34570300655578 31.961286320035835
    endloop
  endfacet
  facet normal 0.2846163060433231 -0.08357088777657286 0.954991866483945
    outer loop
      vertex 101.05234241295621 -29.619534050111994 29.566800639021217
      vertex 101.61580752663906 -27.700548102883 29.566800639021217
      vertex 100.73799380347084 -29.527232970348752 29.668563205416607
    endloop
  endfacet
  facet normal 0.10038466352406444 -0.02947559669536868 0.9945119951657759
    outer loop
      vertex 101.05234241295621 -29.619534050111994 29.566800639021217
      vertex 101.37969961228805 -29.71565479648993 29.53090880580562
      vertex 101.9431647259709 -27.796668849260936 29.53090880580562
    endloop
  endfacet
  facet normal -0.08770470531809471 0.02575242503674477 0.9958135856021412
    outer loop
      vertex 101.37969961228805 -29.71565479648993 29.53090880580562
      vertex 101.70748524788009 -29.81190134310439 29.56226700879193
      vertex 102.27095036156294 -27.8929153958754 29.56226700879193
    endloop
  endfacet
  facet normal -0.272423631520197 0.07999079551680842 0.958846618402514
    outer loop
      vertex 101.70748524788009 -29.81190134310439 29.56226700879193
      vertex 102.02310270158081 -29.904574989144674 29.65967016982525
      vertex 102.58656781526366 -27.98558904191568 29.65967016982525
    endloop
  endfacet
  facet normal -0.4466734703399418 0.13115516458452514 0.8850317133850512
    outer loop
      vertex 102.02310270158081 -29.904574989144674 29.65967016982525
      vertex 102.31442297164482 -29.990114338365427 29.819375140051402
      vertex 102.87788808532767 -28.071128391136433 29.819375140051402
    endloop
  endfacet
  facet normal -0.6037578981918803 0.17727931422991924 0.7772055359537094
    outer loop
      vertex 102.31442297164482 -29.990114338365427 29.819375140051402
      vertex 102.57025078346784 -30.065232161547115 30.035244547028174
      vertex 103.1337158971507 -28.146246214318122 30.035244547028174
    endloop
  endfacet
  facet normal -0.7376402486076481 0.21659071924884607 0.63951178563754
    outer loop
      vertex 102.57025078346784 -30.065232161547115 30.035244547028174
      vertex 102.7807548177114 -30.12704172287143 30.2989826505064
      vertex 103.34421993139425 -28.208055775642435 30.2989826505064
    endloop
  endfacet
  facet normal -0.8431754979428396 0.24757866439251416 0.477241956041653
    outer loop
      vertex 102.7807548177114 -30.12704172287143 30.2989826505064
      vertex 102.93784552239154 -30.173167715559877 30.600454143075464
      vertex 103.5013106360744 -28.254181768330884 30.600454143075464
    endloop
  endfacet
  facet normal -0.9163079857503286 0.2690523003072848 0.2966319857155232
    outer loop
      vertex 102.93784552239154 -30.173167715559877 30.600454143075464
      vertex 103.0354859898249 -30.2018375435812 30.928073644343065
      vertex 103.59895110350776 -28.282851596352206 30.928073644343065
    endloop
  endfacet
  facet normal -0.9163079857503286 0.2690523003072848 0.2966319857155233
    outer loop
      vertex 102.93784552239154 -30.173167715559877 30.600454143075464
      vertex 103.59895110350776 -28.282851596352206 30.928073644343065
      vertex 103.5013106360744 -28.254181768330884 30.600454143075464
    endloop
  endfacet
  facet normal -0.9542272715368973 0.28018640720752247 0.1046226145314142
    outer loop
      vertex 103.0354859898249 -30.2018375435812 30.928073644343065
      vertex 103.06992395160542 -30.211949441522755 31.269250920606655
      vertex 103.63338906528827 -28.292963494293762 31.269250920606655
    endloop
  endfacet
  facet normal -0.955476138415109 0.28055310760911867 -0.09140734505616853
    outer loop
      vertex 103.06992395160542 -30.211949441522755 31.269250920606655
      vertex 103.03983597617486 -30.203114814817464 31.610874720473817
      vertex 103.60330108985771 -28.28412886758847 31.610874720473817
    endloop
  endfacet
  facet normal -0.9542272715368973 0.28018640720752247 0.10462261453141432
    outer loop
      vertex 103.0354859898249 -30.2018375435812 30.928073644343065
      vertex 103.63338906528827 -28.292963494293762 31.269250920606655
      vertex 103.59895110350776 -28.282851596352206 30.928073644343065
    endloop
  endfacet
  facet normal -0.955476138415109 0.2805531076091186 -0.0914073450561687
    outer loop
      vertex 103.06992395160542 -30.211949441522755 31.269250920606655
      vertex 103.60330108985771 -28.28412886758847 31.610874720473817
      vertex 103.63338906528827 -28.292963494293762 31.269250920606655
    endloop
  endfacet
  facet normal -0.92000659313124 0.27013830942129774 -0.28392457163488355
    outer loop
      vertex 102.94637832755555 -30.175673173215113 31.939816632900513
      vertex 103.5098434412384 -28.25668722598612 31.939816632900513
      vertex 103.03983597617486 -30.203114814817464 31.610874720473817
    endloop
  endfacet
  facet normal -0.92000659313124 0.27013830942129774 -0.28392457163488366
    outer loop
      vertex 103.03983597617486 -30.203114814817464 31.610874720473817
      vertex 103.5098434412384 -28.25668722598612 31.939816632900513
      vertex 103.60330108985771 -28.28412886758847 31.610874720473817
    endloop
  endfacet
  facet normal -0.849181710418975 0.24934224749772446 -0.4655307361524987
    outer loop
      vertex 102.94637832755555 -30.175673173215113 31.939816632900513
      vertex 103.35660764445511 -28.211693136384024 32.243435604664924
      vertex 103.5098434412384 -28.25668722598612 31.939816632900513
    endloop
  endfacet
  facet normal 0.27242363152018584 -0.07999079551680514 -0.9588466184025174
    outer loop
      vertex 101.07421127112362 -29.62595532624026 32.999473454319364
      vertex 100.75859381742288 -29.533281680199973 32.902070293286044
      vertex 101.32205893110573 -27.61429573297098 32.902070293286044
    endloop
  endfacet
  facet normal 0.08770470531811096 -0.025752425036749543 -0.9958135856021397
    outer loop
      vertex 101.07421127112362 -29.62595532624026 32.999473454319364
      vertex 101.63767638480647 -27.706969379011266 32.999473454319364
      vertex 101.40199690671567 -29.722201872854722 33.03083165730568
    endloop
  endfacet
  facet normal -0.2846163060433033 0.08357088777656703 -0.9549918664839513
    outer loop
      vertex 102.04370271553286 -29.910623698995895 32.893177257694695
      vertex 101.72935410604748 -29.818322619232653 32.99493982409008
      vertex 102.29281921973033 -27.89933667200366 32.99493982409008
    endloop
  endfacet
  facet normal -0.10038466352408248 0.029475596695373984 -0.9945119951657739
    outer loop
      vertex 101.40199690671567 -29.722201872854722 33.03083165730568
      vertex 101.96546202039852 -27.80321592562573 33.03083165730568
      vertex 101.72935410604748 -29.818322619232653 32.99493982409008
    endloop
  endfacet
  facet normal -0.6136070648628942 0.18017129049789443 -0.7687812927163793
    outer loop
      vertex 102.58601735155969 -30.0698616436416 32.510063728953625
      vertex 102.33296249439793 -29.995558033412173 32.729454636476966
      vertex 102.89642760808078 -28.07657208618318 32.729454636476966
    endloop
  endfacet
  facet normal -0.7457232508018337 0.2189641028355379 -0.6292468155525094
    outer loop
      vertex 102.58601735155969 -30.0698616436416 32.510063728953625
      vertex 103.14948246524254 -28.15087569641261 32.510063728953625
      vertex 102.79314253077226 -30.130679083613018 32.243435604664924
    endloop
  endfacet
  facet normal -0.45791030353606293 0.13445459650763558 -0.8787719359387165
    outer loop
      vertex 102.04370271553286 -29.910623698995895 32.893177257694695
      vertex 102.60716782921571 -27.991637751766902 32.893177257694695
      vertex 102.33296249439793 -29.995558033412173 32.729454636476966
    endloop
  endfacet
  facet normal -0.8491817104189752 0.24934224749772446 -0.4655307361524985
    outer loop
      vertex 102.94637832755555 -30.175673173215113 31.939816632900513
      vertex 102.79314253077226 -30.130679083613018 32.243435604664924
      vertex 103.35660764445511 -28.211693136384024 32.243435604664924
    endloop
  endfacet
  facet normal 0.45791030353603934 -0.13445459650762862 0.8787719359387298
    outer loop
      vertex 100.73799380347084 -29.527232970348752 29.668563205416607
      vertex 101.3014589171537 -27.60824702311976 29.668563205416607
      vertex 100.44873402460576 -29.442298635932474 29.832285826634333
    endloop
  endfacet
  facet normal 0.4579103035360393 -0.13445459650762862 0.8787719359387298
    outer loop
      vertex 100.44873402460576 -29.442298635932474 29.832285826634333
      vertex 101.3014589171537 -27.60824702311976 29.668563205416607
      vertex 101.01219913828861 -27.52331268870348 29.832285826634333
    endloop
  endfacet
  facet normal 0.2846163060433231 -0.08357088777657286 0.954991866483945
    outer loop
      vertex 100.73799380347084 -29.527232970348752 29.668563205416607
      vertex 101.61580752663906 -27.700548102883 29.566800639021217
      vertex 101.3014589171537 -27.60824702311976 29.668563205416607
    endloop
  endfacet
  facet normal 0.10038466352406442 -0.029475596695368676 0.9945119951657759
    outer loop
      vertex 101.05234241295621 -29.619534050111994 29.566800639021217
      vertex 101.9431647259709 -27.796668849260936 29.53090880580562
      vertex 101.61580752663906 -27.700548102883 29.566800639021217
    endloop
  endfacet
  facet normal -0.08770470531809471 0.02575242503674477 0.9958135856021412
    outer loop
      vertex 101.37969961228805 -29.71565479648993 29.53090880580562
      vertex 102.27095036156294 -27.8929153958754 29.56226700879193
      vertex 101.9431647259709 -27.796668849260936 29.53090880580562
    endloop
  endfacet
  facet normal -0.272423631520197 0.07999079551680842 0.958846618402514
    outer loop
      vertex 101.70748524788009 -29.81190134310439 29.56226700879193
      vertex 102.58656781526366 -27.98558904191568 29.65967016982525
      vertex 102.27095036156294 -27.8929153958754 29.56226700879193
    endloop
  endfacet
  facet normal -0.44667347033994165 0.13115516458452509 0.885031713385051
    outer loop
      vertex 102.02310270158081 -29.904574989144674 29.65967016982525
      vertex 102.87788808532767 -28.071128391136433 29.819375140051402
      vertex 102.58656781526366 -27.98558904191568 29.65967016982525
    endloop
  endfacet
  facet normal 0.6136070648629001 -0.18017129049789612 0.7687812927163742
    outer loop
      vertex 100.195679167444 -29.367995025703046 30.051676734157677
      vertex 100.44873402460576 -29.442298635932474 29.832285826634333
      vertex 101.01219913828861 -27.52331268870348 29.832285826634333
    endloop
  endfacet
  facet normal 0.7457232508018536 -0.2189641028355438 0.6292468155524836
    outer loop
      vertex 100.195679167444 -29.367995025703046 30.051676734157677
      vertex 100.75914428112685 -27.449009078474052 30.051676734157677
      vertex 99.98855398823144 -29.307177585731633 30.31830485844638
    endloop
  endfacet
  facet normal 0.6136070648629002 -0.18017129049789618 0.7687812927163742
    outer loop
      vertex 100.195679167444 -29.367995025703046 30.051676734157677
      vertex 101.01219913828861 -27.52331268870348 29.832285826634333
      vertex 100.75914428112685 -27.449009078474052 30.051676734157677
    endloop
  endfacet
  facet normal 0.7457232508018534 -0.21896410283554374 0.6292468155524837
    outer loop
      vertex 99.98855398823144 -29.307177585731633 30.31830485844638
      vertex 100.75914428112685 -27.449009078474052 30.051676734157677
      vertex 100.5520191019143 -27.38819163850264 30.31830485844638
    endloop
  endfacet
  facet normal 0.8491817104189561 -0.24934224749771883 0.4655307361525363
    outer loop
      vertex 99.83531819144814 -29.262183496129534 30.621923830210786
      vertex 100.5520191019143 -27.38819163850264 30.31830485844638
      vertex 100.39878330513099 -27.34319754890054 30.621923830210786
    endloop
  endfacet
  facet normal -0.6037578981918803 0.1772793142299192 0.7772055359537094
    outer loop
      vertex 102.31442297164482 -29.990114338365427 29.819375140051402
      vertex 103.1337158971507 -28.146246214318122 30.035244547028174
      vertex 102.87788808532767 -28.071128391136433 29.819375140051402
    endloop
  endfacet
  facet normal -0.7376402486076479 0.21659071924884607 0.6395117856375402
    outer loop
      vertex 102.57025078346784 -30.065232161547115 30.035244547028174
      vertex 103.34421993139425 -28.208055775642435 30.2989826505064
      vertex 103.1337158971507 -28.146246214318122 30.035244547028174
    endloop
  endfacet
  facet normal -0.8431754979428396 0.24757866439251416 0.477241956041653
    outer loop
      vertex 102.7807548177114 -30.12704172287143 30.2989826505064
      vertex 103.5013106360744 -28.254181768330884 30.600454143075464
      vertex 103.34421993139425 -28.208055775642435 30.2989826505064
    endloop
  endfacet
  facet normal 0.7376402486076479 -0.21659071924884607 -0.6395117856375401
    outer loop
      vertex 100.0009417012923 -29.310814946473222 32.262757812604896
      vertex 100.56440681497516 -27.39182899924423 32.262757812604896
      vertex 100.21144573553586 -29.372624507797536 32.52649591608312
    endloop
  endfacet
  facet normal 0.6037578981918803 -0.1772793142299192 -0.7772055359537094
    outer loop
      vertex 100.21144573553586 -29.372624507797536 32.52649591608312
      vertex 100.77491084921871 -27.453638560568542 32.52649591608312
      vertex 100.46727354735889 -29.447742330979224 32.74236532305989
    endloop
  endfacet
  facet normal 0.44667347033995863 -0.13115516458453008 -0.8850317133850418
    outer loop
      vertex 100.46727354735889 -29.447742330979224 32.74236532305989
      vertex 101.03073866104174 -27.52875638375023 32.74236532305989
      vertex 100.75859381742288 -29.533281680199973 32.902070293286044
    endloop
  endfacet
  facet normal 0.4466734703399587 -0.1311551645845301 -0.8850317133850418
    outer loop
      vertex 100.75859381742288 -29.533281680199973 32.902070293286044
      vertex 101.03073866104174 -27.52875638375023 32.74236532305989
      vertex 101.32205893110573 -27.61429573297098 32.902070293286044
    endloop
  endfacet
  facet normal 0.8431754979428374 -0.24757866439251347 -0.4772419560416575
    outer loop
      vertex 100.0009417012923 -29.310814946473222 32.262757812604896
      vertex 100.40731611029501 -27.34570300655578 31.961286320035835
      vertex 100.56440681497516 -27.39182899924423 32.262757812604896
    endloop
  endfacet
  facet normal 0.737640248607648 -0.2165907192488461 -0.63951178563754
    outer loop
      vertex 100.21144573553586 -29.372624507797536 32.52649591608312
      vertex 100.56440681497516 -27.39182899924423 32.262757812604896
      vertex 100.77491084921871 -27.453638560568542 32.52649591608312
    endloop
  endfacet
  facet normal 0.6037578981918803 -0.1772793142299192 -0.7772055359537093
    outer loop
      vertex 100.46727354735889 -29.447742330979224 32.74236532305989
      vertex 100.77491084921871 -27.453638560568542 32.52649591608312
      vertex 101.03073866104174 -27.52875638375023 32.74236532305989
    endloop
  endfacet
  facet normal 0.27242363152018584 -0.07999079551680514 -0.9588466184025174
    outer loop
      vertex 101.07421127112362 -29.62595532624026 32.999473454319364
      vertex 101.32205893110573 -27.61429573297098 32.902070293286044
      vertex 101.63767638480647 -27.706969379011266 32.999473454319364
    endloop
  endfacet
  facet normal 0.08770470531811095 -0.02575242503674954 -0.9958135856021397
    outer loop
      vertex 101.40199690671567 -29.722201872854722 33.03083165730568
      vertex 101.63767638480647 -27.706969379011266 32.999473454319364
      vertex 101.96546202039852 -27.80321592562573 33.03083165730568
    endloop
  endfacet
  facet normal -0.10038466352408251 0.029475596695373987 -0.9945119951657739
    outer loop
      vertex 101.72935410604748 -29.818322619232653 32.99493982409008
      vertex 101.96546202039852 -27.80321592562573 33.03083165730568
      vertex 102.29281921973033 -27.89933667200366 32.99493982409008
    endloop
  endfacet
  facet normal -0.6136070648628942 0.18017129049789443 -0.7687812927163793
    outer loop
      vertex 102.58601735155969 -30.0698616436416 32.510063728953625
      vertex 102.89642760808078 -28.07657208618318 32.729454636476966
      vertex 103.14948246524254 -28.15087569641261 32.510063728953625
    endloop
  endfacet
  facet normal -0.2846163060433033 0.08357088777656704 -0.9549918664839513
    outer loop
      vertex 102.04370271553286 -29.910623698995895 32.893177257694695
      vertex 102.29281921973033 -27.89933667200366 32.99493982409008
      vertex 102.60716782921571 -27.991637751766902 32.893177257694695
    endloop
  endfacet
  facet normal -0.457910303536063 0.1344545965076356 -0.8787719359387165
    outer loop
      vertex 102.33296249439793 -29.995558033412173 32.729454636476966
      vertex 102.60716782921571 -27.991637751766902 32.893177257694695
      vertex 102.89642760808078 -28.07657208618318 32.729454636476966
    endloop
  endfacet
  facet normal -0.7457232508018337 0.2189641028355379 -0.6292468155525094
    outer loop
      vertex 102.79314253077226 -30.130679083613018 32.243435604664924
      vertex 103.14948246524254 -28.15087569641261 32.510063728953625
      vertex 103.35660764445511 -28.211693136384024 32.243435604664924
    endloop
  endfacet
  facet normal 0.9554761384151117 -0.280553107609126 0.09140734505611947
    outer loop
      vertex 130.78433947213244 -38.349636074651755 52.25910034431768
      vertex 131.3478045858153 -36.43065012742276 52.25910034431768
      vertex 130.7542514967019 -38.340801447946475 52.600724144184845
    endloop
  endfacet
  facet normal 0.9542272715368915 -0.28018640720752724 -0.10462261453145456
    outer loop
      vertex 130.7542514967019 -38.340801447946475 52.600724144184845
      vertex 131.31771661038476 -36.42181550071748 52.600724144184845
      vertex 130.78868945848242 -38.35091334588803 52.94190142044843
    endloop
  endfacet
  facet normal 0.7457232508018695 -0.21896410283555356 0.6292468155524612
    outer loop
      vertex 131.23815809674758 -38.48288924582762 51.35991133583788
      vertex 131.80162321043045 -36.563903298598625 51.35991133583788
      vertex 131.03103291753504 -38.422071805856206 51.62653946012658
    endloop
  endfacet
  facet normal 0.6136070648628486 -0.18017129049788524 0.7687812927164179
    outer loop
      vertex 131.23815809674758 -38.48288924582762 51.35991133583788
      vertex 131.49121295390938 -38.55719285605705 51.14052042831453
      vertex 132.05467806759225 -36.63820690882805 51.14052042831453
    endloop
  endfacet
  facet normal 0.45791030353609524 -0.13445459650764818 0.8787719359386976
    outer loop
      vertex 131.78047273277443 -38.642127190473325 50.9767978070968
      vertex 132.3439378464573 -36.72314124324433 50.9767978070968
      vertex 131.49121295390938 -38.55719285605705 51.14052042831453
    endloop
  endfacet
  facet normal 0.28461630604331273 -0.08357088777657176 0.9549918664839482
    outer loop
      vertex 131.78047273277443 -38.642127190473325 50.9767978070968
      vertex 132.0948213422598 -38.73442827023657 50.875035240701415
      vertex 132.65828645594266 -36.815442323007574 50.875035240701415
    endloop
  endfacet
  facet normal 0.10038466352407069 -0.029475596695371205 0.9945119951657752
    outer loop
      vertex 132.0948213422598 -38.73442827023657 50.875035240701415
      vertex 132.42217854159165 -38.8305490166145 50.839143407485814
      vertex 132.98564365527452 -36.9115630693855 50.839143407485814
    endloop
  endfacet
  facet normal 0.8491817104189725 -0.24934224749772954 0.46553073615250057
    outer loop
      vertex 130.87779712075175 -38.377077716254114 51.93015843189099
      vertex 131.03103291753504 -38.422071805856206 51.62653946012658
      vertex 131.5944980312179 -36.50308585862721 51.62653946012658
    endloop
  endfacet
  facet normal 0.920006593131236 -0.2701383094213029 0.2839245716348918
    outer loop
      vertex 130.87779712075175 -38.377077716254114 51.93015843189099
      vertex 131.44126223443462 -36.45809176902512 51.93015843189099
      vertex 130.78433947213244 -38.349636074651755 52.25910034431768
    endloop
  endfacet
  facet normal 0.9163079857503742 -0.2690523003073044 -0.2966319857153646
    outer loop
      vertex 130.78868945848242 -38.35091334588803 52.94190142044843
      vertex 131.3521545721653 -36.431927398659035 52.94190142044843
      vertex 130.88632992591573 -38.37958317390934 53.26952092171604
    endloop
  endfacet
  facet normal 0.8431754979428006 -0.24757866439250845 -0.4772419560417254
    outer loop
      vertex 130.88632992591573 -38.37958317390934 53.26952092171604
      vertex 131.4497950395986 -36.46059722668034 53.26952092171604
      vertex 131.0434206305959 -38.42570916659779 53.570992414285094
    endloop
  endfacet
  facet normal 0.7376402486076237 -0.216590719248844 -0.6395117856375686
    outer loop
      vertex 131.0434206305959 -38.42570916659779 53.570992414285094
      vertex 131.60688574427877 -36.506723219368794 53.570992414285094
      vertex 131.25392466483947 -38.487518727922115 53.83473051776332
    endloop
  endfacet
  facet normal 0.6037578981918806 -0.17727931422992343 -0.7772055359537082
    outer loop
      vertex 131.25392466483947 -38.487518727922115 53.83473051776332
      vertex 131.81738977852234 -36.56853278069312 53.83473051776332
      vertex 131.5097524766625 -38.5626365511038 54.05059992474009
    endloop
  endfacet
  facet normal 0.4466734703399409 -0.13115516458452797 -0.8850317133850512
    outer loop
      vertex 131.8010727467265 -38.64817590032455 54.21030489496624
      vertex 131.5097524766625 -38.5626365511038 54.05059992474009
      vertex 132.07321759034537 -36.6436506038748 54.05059992474009
    endloop
  endfacet
  facet normal 0.2724236315201965 -0.07999079551681011 -0.958846618402514
    outer loop
      vertex 131.8010727467265 -38.64817590032455 54.21030489496624
      vertex 132.36453786040937 -36.729189953095556 54.21030489496624
      vertex 132.11669020042723 -38.740849546364835 54.30770805599956
    endloop
  endfacet
  facet normal 0.08770470531811798 -0.0257524250367522 -0.995813585602139
    outer loop
      vertex 132.11669020042723 -38.740849546364835 54.30770805599956
      vertex 132.6801553141101 -36.82186359913584 54.30770805599956
      vertex 132.44447583601925 -38.837096092979294 54.33906625898588
    endloop
  endfacet
  facet normal -0.10038466352407008 0.02947559669537103 -0.9945119951657753
    outer loop
      vertex 132.44447583601925 -38.837096092979294 54.33906625898588
      vertex 133.00794094970212 -36.9181101457503 54.33906625898588
      vertex 132.7718330353511 -38.93321683935723 54.30317442577028
    endloop
  endfacet
  facet normal 0.6136070648628486 -0.18017129049788524 0.7687812927164179
    outer loop
      vertex 131.23815809674758 -38.48288924582762 51.35991133583788
      vertex 132.05467806759225 -36.63820690882805 51.14052042831453
      vertex 131.80162321043045 -36.563903298598625 51.35991133583788
    endloop
  endfacet
  facet normal 0.7457232508018695 -0.21896410283555356 0.6292468155524614
    outer loop
      vertex 131.03103291753504 -38.422071805856206 51.62653946012658
      vertex 131.80162321043045 -36.563903298598625 51.35991133583788
      vertex 131.5944980312179 -36.50308585862721 51.62653946012658
    endloop
  endfacet
  facet normal 0.2846163060433128 -0.08357088777657176 0.9549918664839482
    outer loop
      vertex 131.78047273277443 -38.642127190473325 50.9767978070968
      vertex 132.65828645594266 -36.815442323007574 50.875035240701415
      vertex 132.3439378464573 -36.72314124324433 50.9767978070968
    endloop
  endfacet
  facet normal 0.1003846635240707 -0.029475596695371212 0.9945119951657752
    outer loop
      vertex 132.0948213422598 -38.73442827023657 50.875035240701415
      vertex 132.98564365527452 -36.9115630693855 50.839143407485814
      vertex 132.65828645594266 -36.815442323007574 50.875035240701415
    endloop
  endfacet
  facet normal 0.4579103035360953 -0.1344545965076482 0.8787719359386976
    outer loop
      vertex 131.49121295390938 -38.55719285605705 51.14052042831453
      vertex 132.3439378464573 -36.72314124324433 50.9767978070968
      vertex 132.05467806759225 -36.63820690882805 51.14052042831453
    endloop
  endfacet
  facet normal 0.8491817104189727 -0.2493422474977296 0.46553073615250057
    outer loop
      vertex 130.87779712075175 -38.377077716254114 51.93015843189099
      vertex 131.5944980312179 -36.50308585862721 51.62653946012658
      vertex 131.44126223443462 -36.45809176902512 51.93015843189099
    endloop
  endfacet
  facet normal 0.920006593131236 -0.2701383094213029 0.2839245716348916
    outer loop
      vertex 130.78433947213244 -38.349636074651755 52.25910034431768
      vertex 131.44126223443462 -36.45809176902512 51.93015843189099
      vertex 131.3478045858153 -36.43065012742276 52.25910034431768
    endloop
  endfacet
  facet normal 0.9554761384151117 -0.280553107609126 0.09140734505611961
    outer loop
      vertex 130.7542514967019 -38.340801447946475 52.600724144184845
      vertex 131.3478045858153 -36.43065012742276 52.25910034431768
      vertex 131.31771661038476 -36.42181550071748 52.600724144184845
    endloop
  endfacet
  facet normal 0.9542272715368915 -0.28018640720752724 -0.10462261453145469
    outer loop
      vertex 130.78868945848242 -38.35091334588803 52.94190142044843
      vertex 131.31771661038476 -36.42181550071748 52.600724144184845
      vertex 131.3521545721653 -36.431927398659035 52.94190142044843
    endloop
  endfacet
  facet normal 0.9163079857503742 -0.2690523003073044 -0.2966319857153646
    outer loop
      vertex 130.88632992591573 -38.37958317390934 53.26952092171604
      vertex 131.3521545721653 -36.431927398659035 52.94190142044843
      vertex 131.4497950395986 -36.46059722668034 53.26952092171604
    endloop
  endfacet
  facet normal 0.8431754979428006 -0.24757866439250845 -0.4772419560417253
    outer loop
      vertex 131.0434206305959 -38.42570916659779 53.570992414285094
      vertex 131.4497950395986 -36.46059722668034 53.26952092171604
      vertex 131.60688574427877 -36.506723219368794 53.570992414285094
    endloop
  endfacet
  facet normal 0.7376402486076237 -0.216590719248844 -0.6395117856375686
    outer loop
      vertex 131.25392466483947 -38.487518727922115 53.83473051776332
      vertex 131.60688574427877 -36.506723219368794 53.570992414285094
      vertex 131.81738977852234 -36.56853278069312 53.83473051776332
    endloop
  endfacet
  facet normal 0.6037578981918806 -0.17727931422992343 -0.7772055359537082
    outer loop
      vertex 131.5097524766625 -38.5626365511038 54.05059992474009
      vertex 131.81738977852234 -36.56853278069312 53.83473051776332
      vertex 132.07321759034537 -36.6436506038748 54.05059992474009
    endloop
  endfacet
  facet normal 0.44667347033994087 -0.13115516458452794 -0.8850317133850512
    outer loop
      vertex 131.8010727467265 -38.64817590032455 54.21030489496624
      vertex 132.07321759034537 -36.6436506038748 54.05059992474009
      vertex 132.36453786040937 -36.729189953095556 54.21030489496624
    endloop
  endfacet
  facet normal 0.2724236315201965 -0.07999079551681011 -0.9588466184025138
    outer loop
      vertex 132.11669020042723 -38.740849546364835 54.30770805599956
      vertex 132.36453786040937 -36.729189953095556 54.21030489496624
      vertex 132.6801553141101 -36.82186359913584 54.30770805599956
    endloop
  endfacet
  facet normal 0.08770470531811797 -0.025752425036752197 -0.995813585602139
    outer loop
      vertex 132.44447583601925 -38.837096092979294 54.33906625898588
      vertex 132.6801553141101 -36.82186359913584 54.30770805599956
      vertex 133.00794094970212 -36.9181101457503 54.33906625898588
    endloop
  endfacet
  facet normal -0.27242363152020044 0.07999079551681128 0.9588466184025126
    outer loop
      vertex 133.0655816308844 -39.019469209269246 50.967904771505445
      vertex 133.62904674456726 -37.10048326204025 50.967904771505445
      vertex 132.7499641771837 -38.92679556322897 50.87050161047213
    endloop
  endfacet
  facet normal -0.44667347033992516 0.1311551645845233 0.8850317133850598
    outer loop
      vertex 133.0655816308844 -39.019469209269246 50.967904771505445
      vertex 133.35690190094843 -39.10500855849 51.127609741731604
      vertex 133.9203670146313 -37.186022611261 51.127609741731604
    endloop
  endfacet
  facet normal -0.08770470531811002 0.025752425036749866 0.9958135856021396
    outer loop
      vertex 132.42217854159165 -38.8305490166145 50.839143407485814
      vertex 132.7499641771837 -38.92679556322897 50.87050161047213
      vertex 133.31342929086657 -37.007809615999975 50.87050161047213
    endloop
  endfacet
  facet normal -0.08770470531811 0.02575242503674986 0.9958135856021398
    outer loop
      vertex 132.42217854159165 -38.8305490166145 50.839143407485814
      vertex 133.31342929086657 -37.007809615999975 50.87050161047213
      vertex 132.98564365527452 -36.9115630693855 50.839143407485814
    endloop
  endfacet
  facet normal -0.27242363152020055 0.0799907955168113 0.9588466184025126
    outer loop
      vertex 132.7499641771837 -38.92679556322897 50.87050161047213
      vertex 133.62904674456726 -37.10048326204025 50.967904771505445
      vertex 133.31342929086657 -37.007809615999975 50.87050161047213
    endloop
  endfacet
  facet normal -0.44667347033992516 0.1311551645845233 0.8850317133850598
    outer loop
      vertex 133.0655816308844 -39.019469209269246 50.967904771505445
      vertex 133.9203670146313 -37.186022611261 51.127609741731604
      vertex 133.62904674456726 -37.10048326204025 50.967904771505445
    endloop
  endfacet
  facet normal -0.603757898191906 0.17727931422993085 0.7772055359536869
    outer loop
      vertex 133.35690190094843 -39.10500855849 51.127609741731604
      vertex 133.61272971277143 -39.180126381671684 51.34347914870837
      vertex 134.1761948264543 -37.26114043444269 51.34347914870837
    endloop
  endfacet
  facet normal -0.7376402486076721 0.21659071924885825 0.6395117856375081
    outer loop
      vertex 133.61272971277143 -39.180126381671684 51.34347914870837
      vertex 133.82323374701497 -39.241935942996 51.6072172521866
      vertex 134.38669886069783 -37.322949995767004 51.6072172521866
    endloop
  endfacet
  facet normal -0.7376402486076721 0.21659071924885825 0.6395117856375081
    outer loop
      vertex 133.61272971277143 -39.180126381671684 51.34347914870837
      vertex 134.38669886069783 -37.322949995767004 51.6072172521866
      vertex 134.1761948264543 -37.26114043444269 51.34347914870837
    endloop
  endfacet
  facet normal -0.603757898191906 0.17727931422993085 0.7772055359536869
    outer loop
      vertex 133.35690190094843 -39.10500855849 51.127609741731604
      vertex 134.1761948264543 -37.26114043444269 51.34347914870837
      vertex 133.9203670146313 -37.186022611261 51.127609741731604
    endloop
  endfacet
  facet normal -0.8431754979428004 0.2475786643925085 0.4772419560417255
    outer loop
      vertex 133.82323374701497 -39.241935942996 51.6072172521866
      vertex 133.98032445169514 -39.28806193568445 51.90868874475566
      vertex 134.543789565378 -37.36907598845546 51.90868874475566
    endloop
  endfacet
  facet normal -0.9163079857503278 0.26905230030729077 0.2966319857155202
    outer loop
      vertex 133.98032445169514 -39.28806193568445 51.90868874475566
      vertex 134.0779649191285 -39.316731763705775 52.23630824602326
      vertex 134.64143003281137 -37.39774581647678 52.23630824602326
    endloop
  endfacet
  facet normal -0.9542272715368915 0.2801864072075273 0.10462261453145458
    outer loop
      vertex 134.0779649191285 -39.316731763705775 52.23630824602326
      vertex 134.11240288090903 -39.32684366164733 52.57748552228685
      vertex 134.6758679945919 -37.407857714418334 52.57748552228685
    endloop
  endfacet
  facet normal -0.8431754979428006 0.24757866439250845 0.4772419560417253
    outer loop
      vertex 133.82323374701497 -39.241935942996 51.6072172521866
      vertex 134.543789565378 -37.36907598845546 51.90868874475566
      vertex 134.38669886069783 -37.322949995767004 51.6072172521866
    endloop
  endfacet
  facet normal -0.9163079857503278 0.2690523003072908 0.29663198571552024
    outer loop
      vertex 133.98032445169514 -39.28806193568445 51.90868874475566
      vertex 134.64143003281137 -37.39774581647678 52.23630824602326
      vertex 134.543789565378 -37.36907598845546 51.90868874475566
    endloop
  endfacet
  facet normal -0.9542272715368915 0.28018640720752724 0.10462261453145437
    outer loop
      vertex 134.0779649191285 -39.316731763705775 52.23630824602326
      vertex 134.6758679945919 -37.407857714418334 52.57748552228685
      vertex 134.64143003281137 -37.39774581647678 52.23630824602326
    endloop
  endfacet
  facet normal -0.9554761384151043 0.2805531076091238 -0.09140734505620401
    outer loop
      vertex 134.11240288090903 -39.32684366164733 52.57748552228685
      vertex 134.64578001916132 -37.39902308771305 52.919109322154014
      vertex 134.6758679945919 -37.407857714418334 52.57748552228685
    endloop
  endfacet
  facet normal -0.9554761384151043 0.2805531076091238 -0.0914073450562041
    outer loop
      vertex 134.11240288090903 -39.32684366164733 52.57748552228685
      vertex 134.08231490547846 -39.318009034942044 52.919109322154014
      vertex 134.64578001916132 -37.39902308771305 52.919109322154014
    endloop
  endfacet
  facet normal -0.9200065931312377 0.2701383094213034 -0.2839245716348861
    outer loop
      vertex 134.08231490547846 -39.318009034942044 52.919109322154014
      vertex 133.98885725685915 -39.290567393339686 53.248051234580714
      vertex 134.55232237054202 -37.37158144611069 53.248051234580714
    endloop
  endfacet
  facet normal -0.8491817104189389 0.24934224749771963 -0.4655307361525674
    outer loop
      vertex 133.98885725685915 -39.290567393339686 53.248051234580714
      vertex 133.83562146007583 -39.24557330373759 53.55167020634512
      vertex 134.3990865737587 -37.32658735650859 53.55167020634512
    endloop
  endfacet
  facet normal -0.7457232508019095 0.2189641028355653 -0.6292468155524098
    outer loop
      vertex 133.62849628086332 -39.18475586376618 53.81829833063382
      vertex 134.19196139454618 -37.26576991653718 53.81829833063382
      vertex 133.83562146007583 -39.24557330373759 53.55167020634512
    endloop
  endfacet
  facet normal -0.9200065931312377 0.27013830942130335 -0.28392457163488594
    outer loop
      vertex 134.08231490547846 -39.318009034942044 52.919109322154014
      vertex 134.55232237054202 -37.37158144611069 53.248051234580714
      vertex 134.64578001916132 -37.39902308771305 52.919109322154014
    endloop
  endfacet
  facet normal -0.6136070648628341 0.18017129049788097 -0.7687812927164304
    outer loop
      vertex 133.62849628086332 -39.18475586376618 53.81829833063382
      vertex 133.93890653738438 -37.191466306307746 54.037689238157164
      vertex 134.19196139454618 -37.26576991653718 53.81829833063382
    endloop
  endfacet
  facet normal -0.8491817104189389 0.24934224749771966 -0.4655307361525673
    outer loop
      vertex 133.98885725685915 -39.290567393339686 53.248051234580714
      vertex 134.3990865737587 -37.32658735650859 53.55167020634512
      vertex 134.55232237054202 -37.37158144611069 53.248051234580714
    endloop
  endfacet
  facet normal -0.7457232508019095 0.2189641028355653 -0.6292468155524098
    outer loop
      vertex 133.83562146007583 -39.24557330373759 53.55167020634512
      vertex 134.19196139454618 -37.26576991653718 53.81829833063382
      vertex 134.3990865737587 -37.32658735650859 53.55167020634512
    endloop
  endfacet
  facet normal -0.284616306043336 0.08357088777657858 -0.9549918664839406
    outer loop
      vertex 133.08618164483644 -39.02551791912047 54.20141185937489
      vertex 132.7718330353511 -38.93321683935723 54.30317442577028
      vertex 133.33529814903397 -37.01423089212823 54.30317442577028
    endloop
  endfacet
  facet normal -0.4579103035360633 0.1344545965076388 -0.8787719359387158
    outer loop
      vertex 133.08618164483644 -39.02551791912047 54.20141185937489
      vertex 133.6496467585193 -37.10653197189147 54.20141185937489
      vertex 133.37544142370152 -39.11045225353674 54.037689238157164
    endloop
  endfacet
  facet normal -0.6136070648628341 0.180171290497881 -0.7687812927164304
    outer loop
      vertex 133.62849628086332 -39.18475586376618 53.81829833063382
      vertex 133.37544142370152 -39.11045225353674 54.037689238157164
      vertex 133.93890653738438 -37.191466306307746 54.037689238157164
    endloop
  endfacet
  facet normal -0.10038466352407013 0.029475596695371045 -0.9945119951657754
    outer loop
      vertex 132.7718330353511 -38.93321683935723 54.30317442577028
      vertex 133.00794094970212 -36.9181101457503 54.33906625898588
      vertex 133.33529814903397 -37.01423089212823 54.30317442577028
    endloop
  endfacet
  facet normal -0.4579103035360633 0.1344545965076388 -0.8787719359387156
    outer loop
      vertex 133.37544142370152 -39.11045225353674 54.037689238157164
      vertex 133.6496467585193 -37.10653197189147 54.20141185937489
      vertex 133.93890653738438 -37.191466306307746 54.037689238157164
    endloop
  endfacet
  facet normal -0.284616306043336 0.08357088777657858 -0.9549918664839406
    outer loop
      vertex 133.08618164483644 -39.02551791912047 54.20141185937489
      vertex 133.33529814903397 -37.01423089212823 54.30317442577028
      vertex 133.6496467585193 -37.10653197189147 54.20141185937489
    endloop
  endfacet
  facet normal 0 0 0
    outer loop
      vertex 44.45485278156528 -13.001011660531097 0.04175700261440704
      vertex 44.45485278156528 -13.001011660531097 0.04175700261440704
      vertex 44.48124063048365 -13.008759832065186 0
    endloop
  endfacet
  facet normal -0.8013110121545316 0.23528614225182806 -0.5500373560624157
    outer loop
      vertex 44.48124063048365 -13.008759832065186 0
      vertex 44.45485278156528 -13.001011660531097 0.04175700261440704
      vertex 45.04470574416651 -11.089773884836191 0
    endloop
  endfacet
  facet normal 0 0 0
    outer loop
      vertex 44.45485278156528 -13.001011660531097 0.04175700261440704
      vertex 45.04470574416651 -11.089773884836191 0
      vertex 44.45485278156528 -13.001011660531097 0.04175700261440704
    endloop
  endfacet
  facet normal -0.8013110121545316 0.2352861422518281 -0.5500373560624158
    outer loop
      vertex 44.45485278156528 -13.001011660531097 0.04175700261440704
      vertex 45.04470574416651 -11.089773884836191 0
      vertex 44.48124063048365 -13.008759832065186 0
    endloop
  endfacet
  facet normal -0.8013110121545324 0.23528614225182828 -0.5500373560624146
    outer loop
      vertex 44.45485278156528 -13.001011660531097 0.04175700261440704
      vertex 45.01831789524814 -11.082025713302102 0.04175700261440704
      vertex 45.04470574416651 -11.089773884836191 0
    endloop
  endfacet
  facet normal -0.8013110121545324 0.23528614225182828 -0.5500373560624146
    outer loop
      vertex 44.45485278156528 -13.001011660531097 0.04175700261440704
      vertex 45.01831789524814 -11.082025713302102 0.04175700261440704
      vertex 45.04470574416651 -11.089773884836191 0
    endloop
  endfacet
  facet normal -0.2817325568414441 -0.9594929736144931 2.538754612208242e-14
    outer loop
      vertex 44.48124063048365 -13.008759832065186 0
      vertex 57.51306550983202 -16.835248867975203 8
      vertex 44.45485278156528 -13.001011660531097 0.04175700261440704
    endloop
  endfacet
  facet normal -0.28173255684144416 -0.9594929736144931 2.538754612208242e-14
    outer loop
      vertex 44.45485278156528 -13.001011660531097 0.04175700261440704
      vertex 44.48124063048365 -13.008759832065186 0
      vertex 57.51306550983202 -16.835248867975203 8
    endloop
  endfacet
  facet normal -0.28173255684142945 -0.9594929736144976 -6.188003197159747e-16
    outer loop
      vertex 44.48124063048365 -13.008759832065186 0
      vertex 45.85842310092816 -13.413137090998003 0
      vertex 57.51306550983202 -16.835248867975203 8
    endloop
  endfacet
  facet normal -0.28173255684142945 -0.9594929736144976 -6.188003197159747e-16
    outer loop
      vertex 57.51306550983202 -16.835248867975203 8
      vertex 44.48124063048365 -13.008759832065186 0
      vertex 45.85842310092816 -13.413137090998003 0
    endloop
  endfacet
  facet normal 0.2817325568414296 0.9594929736144974 -3.5318676662011327e-14
    outer loop
      vertex 45.01831789524814 -11.082025713302102 0.04175700261440704
      vertex 45.85842310092816 -11.328702858545192 0
      vertex 45.04470574416651 -11.089773884836191 0
    endloop
  endfacet
  facet normal 0.2817325568414296 0.9594929736144974 -3.5318676662011327e-14
    outer loop
      vertex 45.01831789524814 -11.082025713302102 0.04175700261440704
      vertex 45.85842310092816 -11.328702858545192 0
      vertex 45.04470574416651 -11.089773884836191 0
    endloop
  endfacet
  facet normal -0.2817325568414297 -0.9594929736144974 5.587127147798746e-16
    outer loop
      vertex 57.51306550983202 -16.835248867975203 8
      vertex 65.09625902012594 -19.06187538367579 8
      vertex 69.16896680623225 -20.257730287672963 11.218261314402929
    endloop
  endfacet
  facet normal -0.28173255684142956 -0.9594929736144975 0
    outer loop
      vertex 65.09625902012594 -19.06187538367579 0.3804527942665533
      vertex 68.79283926214453 -20.147289276004965 9.313689228530588
      vertex 65.09625902012594 -19.06187538367579 8
    endloop
  endfacet
  facet normal -0.2817325568414199 -0.9594929736145004 -4.104942554514754e-15
    outer loop
      vertex 65.09625902012594 -19.06187538367579 0.3804527942665533
      vertex 68.94607505892783 -20.19228336560706 9.01007025676618
      vertex 68.79283926214453 -20.147289276004965 9.313689228530588
    endloop
  endfacet
  facet normal 0.2817325568414304 0.9594929736144973 -6.17246889928071e-17
    outer loop
      vertex 65.10546902678634 -16.98014545317861 0
      vertex 65.09625902012594 -16.97744115122298 8
      vertex 69.71666535182322 -18.33411485834948 8.74344213247748
    endloop
  endfacet
  facet normal -0.28173255684143056 -0.9594929736144971 2.86457422607706e-15
    outer loop
      vertex 65.09625902012594 -19.06187538367579 8
      vertex 68.79283926214453 -20.147289276004965 9.313689228530588
      vertex 68.6993816135252 -20.119847634402607 9.642631140957281
    endloop
  endfacet
  facet normal -0.2817325568414186 -0.9594929736145007 -8.630841002495063e-15
    outer loop
      vertex 65.09625902012594 -19.06187538367579 0.3804527942665533
      vertex 71.27194404234119 -20.87522011824085 8.511140538371208
      vertex 70.9806237722772 -20.789680769020105 8.351435568145055
    endloop
  endfacet
  facet normal -0.28173255684143517 -0.9594929736144958 4.008343225024418e-15
    outer loop
      vertex 65.09625902012594 -19.06187538367579 0.3804527942665533
      vertex 70.0098634836526 -20.504639829987426 8.258566037341021
      vertex 69.69551487416723 -20.412338750224183 8.360328603736413
    endloop
  endfacet
  facet normal -0.28173255684142917 -0.9594929736144975 -6.185868707796759e-16
    outer loop
      vertex 65.09625902012594 -19.06187538367579 0.3804527942665533
      vertex 70.33722068298444 -20.60076057636536 8.222674204125425
      vertex 70.0098634836526 -20.504639829987426 8.258566037341021
    endloop
  endfacet
  facet normal -0.2817325568414313 -0.9594929736144969 1.4166631729923753e-15
    outer loop
      vertex 65.09625902012594 -19.06187538367579 0.3804527942665533
      vertex 70.66500631857646 -20.69700712297982 8.25403240711173
      vertex 70.33722068298444 -20.60076057636536 8.222674204125425
    endloop
  endfacet
  facet normal -0.2817325568414311 -0.9594929736144969 8.773702673143525e-16
    outer loop
      vertex 65.09625902012594 -19.06187538367579 0.3804527942665533
      vertex 70.9806237722772 -20.789680769020105 8.351435568145055
      vertex 70.66500631857646 -20.69700712297982 8.25403240711173
    endloop
  endfacet
  facet normal -0.281732556841423 -0.9594929736144993 -3.401602519740913e-15
    outer loop
      vertex 65.09625902012594 -19.06187538367579 0.3804527942665533
      vertex 69.40625509530216 -20.327404415807905 8.52405122495413
      vertex 69.15320023814037 -20.253100805578473 8.74344213247748
    endloop
  endfacet
  facet normal -0.2817325568414283 -0.9594929736144978 -5.567649515810438e-16
    outer loop
      vertex 65.09625902012594 -19.06187538367579 0.3804527942665533
      vertex 69.69551487416723 -20.412338750224183 8.360328603736413
      vertex 69.40625509530216 -20.327404415807905 8.52405122495413
    endloop
  endfacet
  facet normal -0.28173255684143866 -0.9594929736144948 5.148554556033809e-15
    outer loop
      vertex 65.09625902012594 -19.06187538367579 0.3804527942665533
      vertex 69.15320023814037 -20.253100805578473 8.74344213247748
      vertex 68.94607505892783 -20.19228336560706 9.01007025676618
    endloop
  endfacet
  facet normal 0.28173255684142806 0.9594929736144978 1.044987215174359e-15
    outer loop
      vertex 65.10546902678634 -16.98014545317861 0
      vertex 69.96972020898501 -18.408418468578912 8.52405122495413
      vertex 70.25897998785008 -18.49335280299519 8.360328603736413
    endloop
  endfacet
  facet normal 0.2817325568414287 0.9594929736144976 5.87774948149908e-16
    outer loop
      vertex 65.10546902678634 -16.98014545317861 0
      vertex 70.57332859733545 -18.585653882758432 8.258566037341021
      vertex 70.90068579666729 -18.681774629136367 8.222674204125425
    endloop
  endfacet
  facet normal 0.2817325568414308 0.959492973614497 -6.780863733498566e-16
    outer loop
      vertex 65.10546902678634 -16.98014545317861 0
      vertex 70.90068579666729 -18.681774629136367 8.222674204125425
      vertex 71.22847143225931 -18.778021175750826 8.25403240711173
    endloop
  endfacet
  facet normal 0.2817325568414312 0.9594929736144969 -8.485027952516607e-16
    outer loop
      vertex 65.10546902678634 -16.98014545317861 0
      vertex 71.22847143225931 -18.778021175750826 8.25403240711173
      vertex 71.54408888596005 -18.870694821791112 8.351435568145055
    endloop
  endfacet
  facet normal 0.2817325568414184 0.9594929736145007 9.707108743234093e-15
    outer loop
      vertex 65.10546902678634 -16.98014545317861 0
      vertex 71.54408888596005 -18.870694821791112 8.351435568145055
      vertex 71.83540915602404 -18.956234171011857 8.511140538371208
    endloop
  endfacet
  facet normal 0.2817325568414353 0.9594929736144958 -3.7845655717436176e-15
    outer loop
      vertex 65.10546902678634 -16.98014545317861 0
      vertex 70.25897998785008 -18.49335280299519 8.360328603736413
      vertex 70.57332859733545 -18.585653882758432 8.258566037341021
    endloop
  endfacet
  facet normal 0.28173255684142434 0.9594929736144989 3.964678057857924e-15
    outer loop
      vertex 65.10546902678634 -16.98014545317861 0
      vertex 69.71666535182322 -18.33411485834948 8.74344213247748
      vertex 69.96972020898501 -18.408418468578912 8.52405122495413
    endloop
  endfacet
  facet normal 0.28173255684144305 0.9594929736144935 -9.408810172423034e-15
    outer loop
      vertex 65.10546902678634 -16.98014545317861 0
      vertex 71.83540915602404 -18.956234171011857 8.511140538371208
      vertex 72.09123696784707 -19.03135199419355 8.72700994534798
    endloop
  endfacet
  facet normal 0.28173255684143206 0.9594929736144968 -1.16831177065504e-14
    outer loop
      vertex 65.09625902012594 -16.97744115122298 8
      vertex 69.50954017261068 -18.273297418378068 9.01007025676618
      vertex 69.71666535182322 -18.33411485834948 8.74344213247748
    endloop
  endfacet
  facet normal 0.2817325568414279 0.9594929736144979 8.552028254121112e-15
    outer loop
      vertex 65.09625902012594 -16.97744115122298 8
      vertex 69.35630437582738 -18.228303328775972 9.313689228530588
      vertex 69.50954017261068 -18.273297418378068 9.01007025676618
    endloop
  endfacet
  facet normal 0.2817325568414311 0.959492973614497 -2.2366278983573287e-15
    outer loop
      vertex 65.09625902012594 -16.97744115122298 8
      vertex 69.26284672720806 -18.200861687173614 9.642631140957281
      vertex 69.35630437582738 -18.228303328775972 9.313689228530588
    endloop
  endfacet
  facet normal 0.28173255684147974 0.9594929736144827 0
    outer loop
      vertex 65.10546902678634 -16.98014545317861 0
      vertex 65.09625902012594 -16.97744115122298 0
      vertex 65.09625902012594 -16.97744115122298 8
    endloop
  endfacet
  facet normal -0.28173255684142623 -0.9594929736144985 -1.2082017521255767e-14
    outer loop
      vertex 57.51306550983202 -16.835248867975203 8
      vertex 69.16896680623225 -20.257730287672963 11.218261314402929
      vertex 69.42479461805526 -20.332848110854652 11.434130721379699
    endloop
  endfacet
  facet normal -0.28173255684143034 -0.9594929736144973 2.6624293459996275e-15
    outer loop
      vertex 65.09625902012594 -19.06187538367579 8
      vertex 68.6993816135252 -20.119847634402607 9.642631140957281
      vertex 68.66929363809469 -20.111013007697327 9.98425494082445
    endloop
  endfacet
  facet normal -0.28173255684143006 -0.9594929736144973 1.481181199659211e-15
    outer loop
      vertex 65.09625902012594 -19.06187538367579 8
      vertex 68.66929363809469 -20.111013007697327 9.98425494082445
      vertex 68.70373159987518 -20.12112490563888 10.325432217088034
    endloop
  endfacet
  facet normal -0.2817325568414203 -0.9594929736145003 -1.4280372806314588e-14
    outer loop
      vertex 65.09625902012594 -19.06187538367579 8
      vertex 68.70373159987518 -20.12112490563888 10.325432217088034
      vertex 68.80137206730853 -20.1497947336602 10.653051718355645
    endloop
  endfacet
  facet normal -0.28173255684143755 -0.959492973614495 1.0953486388490625e-14
    outer loop
      vertex 65.09625902012594 -19.06187538367579 8
      vertex 68.80137206730853 -20.1497947336602 10.653051718355645
      vertex 68.95846277198868 -20.195920726348646 10.954523210924698
    endloop
  endfacet
  facet normal -0.2817325568414316 -0.9594929736144968 2.1483810073579848e-15
    outer loop
      vertex 65.09625902012594 -19.06187538367579 8
      vertex 68.95846277198868 -20.195920726348646 10.954523210924698
      vertex 69.16896680623225 -20.257730287672963 11.218261314402929
    endloop
  endfacet
  facet normal 0.28173255684143106 0.959492973614497 -2.893075062192231e-15
    outer loop
      vertex 65.09625902012594 -16.97744115122298 8
      vertex 69.23275875177754 -18.192027060468334 9.98425494082445
      vertex 69.26284672720806 -18.200861687173614 9.642631140957281
    endloop
  endfacet
  facet normal 0.2817325568414306 0.9594929736144971 -1.9037272003453806e-15
    outer loop
      vertex 65.09625902012594 -16.97744115122298 8
      vertex 69.26719671355804 -18.202138958409886 10.325432217088034
      vertex 69.23275875177754 -18.192027060468334 9.98425494082445
    endloop
  endfacet
  facet normal 0.2817325568414224 0.9594929736144995 1.4210526302123939e-14
    outer loop
      vertex 65.09625902012594 -16.97744115122298 8
      vertex 69.36483718099139 -18.230808786431208 10.653051718355645
      vertex 69.26719671355804 -18.202138958409886 10.325432217088034
    endloop
  endfacet
  facet normal 0.28173255684143644 0.9594929736144954 -1.0773903623543404e-14
    outer loop
      vertex 65.09625902012594 -16.97744115122298 8
      vertex 69.52192788567153 -18.276934779119653 10.954523210924698
      vertex 69.36483718099139 -18.230808786431208 10.653051718355645
    endloop
  endfacet
  facet normal 0.28173255684143295 0.9594929736144965 -3.1257459025868894e-15
    outer loop
      vertex 65.09625902012594 -16.97744115122298 8
      vertex 69.7324319199151 -18.33874434044397 11.218261314402929
      vertex 69.52192788567153 -18.276934779119653 10.954523210924698
    endloop
  endfacet
  facet normal 0.28173255684140686 0.9594929736145041 3.8411839010901036e-14
    outer loop
      vertex 65.09625902012594 -16.97744115122298 8
      vertex 69.98825973173811 -18.41386216362566 11.434130721379699
      vertex 69.7324319199151 -18.33874434044397 11.218261314402929
    endloop
  endfacet
  facet normal -0.2817325568414315 -0.9594929736144968 2.5039240825639706e-15
    outer loop
      vertex 71.52777185416421 -20.950337941422543 8.72700994534798
      vertex 101.70748524788009 -29.81190134310439 29.56226700879193
      vertex 71.73827588840778 -21.01214750274686 8.99074804882621
    endloop
  endfacet
  facet normal -0.28173255684142523 -0.9594929736144986 -7.201959816264e-15
    outer loop
      vertex 71.73827588840778 -21.01214750274686 8.99074804882621
      vertex 101.37969961228805 -29.71565479648993 29.53090880580562
      vertex 71.89536659308793 -21.05827349543531 9.292219541395266
    endloop
  endfacet
  facet normal -0.2817325568414311 -0.959492973614497 2.2469824872343263e-15
    outer loop
      vertex 69.42479461805526 -20.332848110854652 11.434130721379699
      vertex 69.71611488811928 -20.418387460075408 11.593835691605854
      vertex 99.71177256739828 -29.225907227821896 31.292489542504644
    endloop
  endfacet
  facet normal -0.2817325568414353 -0.9594929736144958 8.921357701393355e-15
    outer loop
      vertex 69.71611488811928 -20.418387460075408 11.593835691605854
      vertex 70.03173234182 -20.51106110611569 11.691238852639177
      vertex 99.71177256739828 -29.225907227821896 31.292489542504644
    endloop
  endfacet
  facet normal -0.2817325568414388 -0.9594929736144947 1.4394029318599165e-14
    outer loop
      vertex 70.35951797741204 -20.60730765273015 11.722597055625481
      vertex 70.68687517674387 -20.703428399108084 11.686705222409886
      vertex 99.71177256739828 -29.225907227821896 31.292489542504644
    endloop
  endfacet
  facet normal -0.28173255684141774 -0.9594929736145008 -1.9931184749907993e-14
    outer loop
      vertex 70.03173234182 -20.51106110611569 11.691238852639177
      vertex 70.35951797741204 -20.60730765273015 11.722597055625481
      vertex 99.71177256739828 -29.225907227821896 31.292489542504644
    endloop
  endfacet
  facet normal -0.28173255684143733 -0.9594929736144951 1.1731757189462808e-14
    outer loop
      vertex 71.89536659308793 -21.05827349543531 9.292219541395266
      vertex 101.05234241295621 -29.619534050111994 29.566800639021217
      vertex 71.99300706052128 -21.086943323456623 9.619839042662873
    endloop
  endfacet
  facet normal -0.2817325568414252 -0.9594929736144986 -7.133457472769742e-15
    outer loop
      vertex 71.99300706052128 -21.086943323456623 9.619839042662873
      vertex 100.73799380347084 -29.527232970348752 29.668563205416607
      vertex 72.02744502230179 -21.097055221398183 9.961016318926458
    endloop
  endfacet
  facet normal -0.28173255684143056 -0.9594929736144971 9.714848185942407e-16
    outer loop
      vertex 72.02744502230179 -21.097055221398183 9.961016318926458
      vertex 100.44873402460576 -29.442298635932474 29.832285826634333
      vertex 71.99735704687126 -21.0882205946929 10.302640118793624
    endloop
  endfacet
  facet normal -0.2817325568414259 -0.9594929736144985 -6.149377682888073e-15
    outer loop
      vertex 71.99735704687126 -21.0882205946929 10.302640118793624
      vertex 100.195679167444 -29.367995025703046 30.051676734157677
      vertex 71.90389939825194 -21.060778953090544 10.631582031220319
    endloop
  endfacet
  facet normal -0.28173255684143594 -0.9594929736144957 9.467878573306163e-15
    outer loop
      vertex 71.90389939825194 -21.060778953090544 10.631582031220319
      vertex 99.98855398823144 -29.307177585731633 30.31830485844638
      vertex 71.75066360146863 -21.01578486348844 10.935201002984726
    endloop
  endfacet
  facet normal -0.2817325568414246 -0.9594929736144989 -8.160391970048162e-15
    outer loop
      vertex 71.75066360146863 -21.01578486348844 10.935201002984726
      vertex 99.83531819144814 -29.262183496129534 30.621923830210786
      vertex 71.54353842225609 -20.954967423517036 11.201829127273427
    endloop
  endfacet
  facet normal -0.28173255684142773 -0.959492973614498 -3.3651691272033386e-15
    outer loop
      vertex 70.68687517674387 -20.703428399108084 11.686705222409886
      vertex 71.00122378622923 -20.795729478871323 11.584942656014494
      vertex 99.71177256739828 -29.225907227821896 31.292489542504644
    endloop
  endfacet
  facet normal -0.28173255684142756 -0.9594929736144979 -3.5231278499644304e-15
    outer loop
      vertex 71.29048356509432 -20.880663813287605 11.421220034796775
      vertex 99.71177256739828 -29.225907227821896 31.292489542504644
      vertex 71.00122378622923 -20.795729478871323 11.584942656014494
    endloop
  endfacet
  facet normal -0.2817325568414323 -0.9594929736144966 3.733697982095597e-15
    outer loop
      vertex 71.54353842225609 -20.954967423517036 11.201829127273427
      vertex 99.74186054282883 -29.234741854527183 30.950865742637482
      vertex 71.29048356509432 -20.880663813287605 11.421220034796775
    endloop
  endfacet
  facet normal -0.28173255684143156 -0.9594929736144968 0
    outer loop
      vertex 57.51306550983202 -16.835248867975203 8
      vertex 99.71177256739828 -29.225907227821896 31.292489542504644
      vertex 99.7462105291788 -29.236019125763452 31.633666818768233
    endloop
  endfacet
  facet normal -0.28173255684143156 -0.9594929736144969 0
    outer loop
      vertex 57.51306550983202 -16.835248867975203 8
      vertex 99.7462105291788 -29.236019125763452 31.633666818768233
      vertex 99.84385099661216 -29.264688953784773 31.961286320035835
    endloop
  endfacet
  facet normal -0.2817325568414291 -0.9594929736144975 -1.2123653673177917e-14
    outer loop
      vertex 57.51306550983202 -16.835248867975203 8
      vertex 99.84385099661216 -29.264688953784773 31.961286320035835
      vertex 100.0009417012923 -29.310814946473222 32.262757812604896
    endloop
  endfacet
  facet normal -0.2817325568414302 -0.9594929736144973 6.040326813615502e-16
    outer loop
      vertex 44.45485278156528 -13.001011660531097 0.04175700261440704
      vertex 57.51306550983202 -16.835248867975203 8
      vertex 147.76838663070254 -43.33660227772253 69.9202908672213
    endloop
  endfacet
  facet normal 0.2817325568414371 0.9594929736144951 -8.384665813081675e-15
    outer loop
      vertex 65.10546902678634 -16.98014545317861 0
      vertex 101.3014589171537 -27.60824702311976 29.668563205416607
      vertex 101.61580752663906 -27.700548102883 29.566800639021217
    endloop
  endfacet
  facet normal 0.28173255684141535 0.9594929736145016 1.1278074723082114e-14
    outer loop
      vertex 65.10546902678634 -16.98014545317861 0
      vertex 101.01219913828861 -27.52331268870348 29.832285826634333
      vertex 101.3014589171537 -27.60824702311976 29.668563205416607
    endloop
  endfacet
  facet normal 0.28173255684143284 0.9594929736144964 -7.070916611940892e-15
    outer loop
      vertex 65.10546902678634 -16.98014545317861 0
      vertex 100.75914428112685 -27.449009078474052 30.051676734157677
      vertex 101.01219913828861 -27.52331268870348 29.832285826634333
    endloop
  endfacet
  facet normal 0.2817325568414314 0.9594929736144969 0
    outer loop
      vertex 65.10546902678634 -16.98014545317861 0
      vertex 100.39878330513099 -27.34319754890054 30.621923830210786
      vertex 100.5520191019143 -27.38819163850264 30.31830485844638
    endloop
  endfacet
  facet normal 0.2817325568414284 0.9594929736144978 0
    outer loop
      vertex 65.10546902678634 -16.98014545317861 0
      vertex 100.5520191019143 -27.38819163850264 30.31830485844638
      vertex 100.75914428112685 -27.449009078474052 30.051676734157677
    endloop
  endfacet
  facet normal -0.2817325568414274 -0.9594929736144981 -3.549207164971765e-15
    outer loop
      vertex 71.89536659308793 -21.05827349543531 9.292219541395266
      vertex 101.37969961228805 -29.71565479648993 29.53090880580562
      vertex 101.05234241295621 -29.619534050111994 29.566800639021217
    endloop
  endfacet
  facet normal -0.2817325568414298 -0.9594929736144974 -9.398301481784479e-15
    outer loop
      vertex 71.73827588840778 -21.01214750274686 8.99074804882621
      vertex 101.70748524788009 -29.81190134310439 29.56226700879193
      vertex 101.37969961228805 -29.71565479648993 29.53090880580562
    endloop
  endfacet
  facet normal -0.28173255684143855 -0.9594929736144948 1.499870517186145e-14
    outer loop
      vertex 71.52777185416421 -20.950337941422543 8.72700994534798
      vertex 102.02310270158081 -29.904574989144674 29.65967016982525
      vertex 101.70748524788009 -29.81190134310439 29.56226700879193
    endloop
  endfacet
  facet normal -0.2817325568414707 -0.9594929736144853 0
    outer loop
      vertex 71.52777185416421 -20.950337941422543 8.72700994534798
      vertex 102.31442297164482 -29.990114338365427 29.819375140051402
      vertex 102.02310270158081 -29.904574989144674 29.65967016982525
    endloop
  endfacet
  facet normal 0.28173255684142273 0.9594929736144995 0
    outer loop
      vertex 65.10546902678634 -16.98014545317861 0
      vertex 101.9431647259709 -27.796668849260936 29.53090880580562
      vertex 102.27095036156294 -27.8929153958754 29.56226700879193
    endloop
  endfacet
  facet normal 0.28173255684142656 0.9594929736144984 0
    outer loop
      vertex 65.10546902678634 -16.98014545317861 0
      vertex 101.61580752663906 -27.700548102883 29.566800639021217
      vertex 101.9431647259709 -27.796668849260936 29.53090880580562
    endloop
  endfacet
  facet normal 0.28173255684143794 0.959492973614495 -9.551259063581712e-15
    outer loop
      vertex 65.10546902678634 -16.98014545317861 0
      vertex 102.27095036156294 -27.8929153958754 29.56226700879193
      vertex 102.58656781526366 -27.98558904191568 29.65967016982525
    endloop
  endfacet
  facet normal 0.2817325568414391 0.9594929736144946 -2.054621550631463e-14
    outer loop
      vertex 65.10546902678634 -16.98014545317861 0
      vertex 102.58656781526366 -27.98558904191568 29.65967016982525
      vertex 102.87788808532767 -28.071128391136433 29.819375140051402
    endloop
  endfacet
  facet normal -0.2817325568414256 -0.9594929736144985 0
    outer loop
      vertex 57.51306550983202 -16.835248867975203 8
      vertex 100.0009417012923 -29.310814946473222 32.262757812604896
      vertex 100.21144573553586 -29.372624507797536 32.52649591608312
    endloop
  endfacet
  facet normal -0.28173255684146614 -0.9594929736144867 3.7068404618091935e-14
    outer loop
      vertex 57.51306550983202 -16.835248867975203 8
      vertex 100.21144573553586 -29.372624507797536 32.52649591608312
      vertex 100.46727354735889 -29.447742330979224 32.74236532305989
    endloop
  endfacet
  facet normal -0.28173255684142096 -0.9594929736144999 -1.3109312930099973e-14
    outer loop
      vertex 72.02744502230179 -21.097055221398183 9.961016318926458
      vertex 100.73799380347084 -29.527232970348752 29.668563205416607
      vertex 100.44873402460576 -29.442298635932474 29.832285826634333
    endloop
  endfacet
  facet normal -0.2817325568414339 -0.9594929736144961 4.876666752124985e-15
    outer loop
      vertex 71.99735704687126 -21.0882205946929 10.302640118793624
      vertex 100.44873402460576 -29.442298635932474 29.832285826634333
      vertex 100.195679167444 -29.367995025703046 30.051676734157677
    endloop
  endfacet
  facet normal -0.28173255684142595 -0.9594929736144986 -2.3578559191109068e-15
    outer loop
      vertex 71.90389939825194 -21.060778953090544 10.631582031220319
      vertex 100.195679167444 -29.367995025703046 30.051676734157677
      vertex 99.98855398823144 -29.307177585731633 30.31830485844638
    endloop
  endfacet
  facet normal -0.2817325568414299 -0.9594929736144973 2.362355667413631e-15
    outer loop
      vertex 71.75066360146863 -21.01578486348844 10.935201002984726
      vertex 99.98855398823144 -29.307177585731633 30.31830485844638
      vertex 99.83531819144814 -29.262183496129534 30.621923830210786
    endloop
  endfacet
  facet normal -0.2817325568414272 -0.9594929736144981 0
    outer loop
      vertex 71.29048356509432 -20.880663813287605 11.421220034796775
      vertex 99.74186054282883 -29.234741854527183 30.950865742637482
      vertex 99.71177256739828 -29.225907227821896 31.292489542504644
    endloop
  endfacet
  facet normal -0.28173255684142584 -0.9594929736144986 -4.904176594452874e-15
    outer loop
      vertex 71.54353842225609 -20.954967423517036 11.201829127273427
      vertex 99.83531819144814 -29.262183496129534 30.621923830210786
      vertex 99.74186054282883 -29.234741854527183 30.950865742637482
    endloop
  endfacet
  facet normal -0.28173255684143383 -0.9594929736144961 8.866075906342428e-15
    outer loop
      vertex 71.99300706052128 -21.086943323456623 9.619839042662873
      vertex 101.05234241295621 -29.619534050111994 29.566800639021217
      vertex 100.73799380347084 -29.527232970348752 29.668563205416607
    endloop
  endfacet
  facet normal 0.28173255684142945 0.9594929736144975 2.621862586020074e-15
    outer loop
      vertex 71.56468889991208 -18.87674353164233 11.584942656014494
      vertex 100.27523768108114 -27.306921280592903 31.292489542504644
      vertex 100.30532565651168 -27.31575590729819 30.950865742637482
    endloop
  endfacet
  facet normal 0.2817325568414256 0.9594929736144986 4.8766667521247994e-15
    outer loop
      vertex 71.85394867877717 -18.96167786605861 11.421220034796775
      vertex 100.30532565651168 -27.31575590729819 30.950865742637482
      vertex 100.39878330513099 -27.34319754890054 30.621923830210786
    endloop
  endfacet
  facet normal 0.28173255684143067 0.9594929736144971 -2.9553586354474425e-15
    outer loop
      vertex 71.25034029042672 -18.78444245187909 11.686705222409886
      vertex 100.30967564286165 -27.31703317853446 31.633666818768233
      vertex 100.27523768108114 -27.306921280592903 31.292489542504644
    endloop
  endfacet
  facet normal 0.2817325568414296 0.9594929736144974 0
    outer loop
      vertex 70.92298309109489 -18.688321705501156 11.722597055625481
      vertex 100.40731611029501 -27.34570300655578 31.961286320035835
      vertex 100.30967564286165 -27.31703317853446 31.633666818768233
    endloop
  endfacet
  facet normal 0.28173255684142745 0.959492973614498 9.398301481783933e-15
    outer loop
      vertex 70.59519745550286 -18.592075158886697 11.691238852639177
      vertex 100.56440681497516 -27.39182899924423 32.262757812604896
      vertex 100.40731611029501 -27.34570300655578 31.961286320035835
    endloop
  endfacet
  facet normal 0.28173255684142473 0.9594929736144988 0
    outer loop
      vertex 70.27958000180213 -18.499401512846415 11.593835691605854
      vertex 100.77491084921871 -27.453638560568542 32.52649591608312
      vertex 100.56440681497516 -27.39182899924423 32.262757812604896
    endloop
  endfacet
  facet normal 0.2817325568414707 0.9594929736144853 -8.883944737440819e-14
    outer loop
      vertex 70.27958000180213 -18.499401512846415 11.593835691605854
      vertex 101.03073866104174 -27.52875638375023 32.74236532305989
      vertex 100.77491084921871 -27.453638560568542 32.52649591608312
    endloop
  endfacet
  facet normal -0.28173255684141907 -0.9594929736145005 -1.812065864738237e-14
    outer loop
      vertex 71.52777185416421 -20.950337941422543 8.72700994534798
      vertex 71.27194404234119 -20.87522011824085 8.511140538371208
      vertex 157.5088204209689 -46.196651691256804 63.81445054154351
    endloop
  endfacet
  facet normal 0.5277569783674078 -0.1549634306817736 -0.8351400522881409
    outer loop
      vertex 65.09625902012594 -19.06187538367579 0.3804527942665533
      vertex 65.09625902012594 -17.011511855332007 0
      vertex 157.5088204209689 -46.196651691256804 63.81445054154351
    endloop
  endfacet
  facet normal 0.5277569783674071 -0.15496343068177612 -0.8351400522881408
    outer loop
      vertex 65.10546902678634 -16.98014545317861 0
      vertex 158.07228553465177 -44.27766574402781 63.81445054154351
      vertex 65.09625902012594 -17.011511855332007 0
    endloop
  endfacet
  facet normal -0.2817325568414304 -0.959492973614497 8.341220899033423e-16
    outer loop
      vertex 65.09625902012594 -19.06187538367579 0.3804527942665533
      vertex 157.5088204209689 -46.196651691256804 63.81445054154351
      vertex 71.27194404234119 -20.87522011824085 8.511140538371208
    endloop
  endfacet
  facet normal -0.28173255684138454 -0.9594929736145106 -7.172111865816424e-14
    outer loop
      vertex 57.51306550983202 -16.835248867975203 8
      vertex 57.561039073597506 -16.849335177257416 8
      vertex 147.76838663070254 -43.33660227772253 69.9202908672213
    endloop
  endfacet
  facet normal 0.28173255684141724 0.959492973614501 1.968688718927983e-14
    outer loop
      vertex 57.51306550983202 -14.750814635522392 8
      vertex 151.91585957350216 -42.469975980020735 73.41856114285714
      vertex 57.561039073597506 -14.764900944804607 8
    endloop
  endfacet
  facet normal 0.28173255684141724 0.959492973614501 1.968688718927983e-14
    outer loop
      vertex 57.51306550983202 -14.750814635522392 8
      vertex 151.91585957350216 -42.469975980020735 73.41856114285714
      vertex 57.561039073597506 -14.764900944804607 8
    endloop
  endfacet
  facet normal 0.2817325568414298 0.9594929736144974 0
    outer loop
      vertex 65.09625902012594 -16.97744115122298 8
      vertex 57.561039073597506 -14.764900944804607 8
      vertex 151.91585957350216 -42.469975980020735 73.41856114285714
    endloop
  endfacet
  facet normal -0.28173255684142756 -0.959492973614498 -3.780438035197117e-15
    outer loop
      vertex 57.51306550983202 -16.835248867975203 8
      vertex 100.46727354735889 -29.447742330979224 32.74236532305989
      vertex 131.25392466483947 -38.487518727922115 53.83473051776332
    endloop
  endfacet
  facet normal 0.2817325568414376 0.959492973614495 -9.971914079324505e-15
    outer loop
      vertex 65.09625902012594 -16.97744115122298 8
      vertex 151.91585957350216 -42.469975980020735 73.41856114285714
      vertex 69.98825973173811 -18.41386216362566 11.434130721379699
    endloop
  endfacet
  facet normal 0.28173255684143067 0.959492973614497 -1.3709035341777494e-15
    outer loop
      vertex 69.98825973173811 -18.41386216362566 11.434130721379699
      vertex 151.91585957350216 -42.469975980020735 73.41856114285714
      vertex 70.27958000180213 -18.499401512846415 11.593835691605854
    endloop
  endfacet
  facet normal -0.28173255684142967 -0.9594929736144974 -4.1151127846263934e-16
    outer loop
      vertex 57.51306550983202 -16.835248867975203 8
      vertex 69.42479461805526 -20.332848110854652 11.434130721379699
      vertex 99.71177256739828 -29.225907227821896 31.292489542504644
    endloop
  endfacet
  facet normal 0.2817325568414298 0.9594929736144974 1.4492065747644752e-16
    outer loop
      vertex 65.10546902678634 -16.98014545317861 0
      vertex 72.09123696784707 -19.03135199419355 8.72700994534798
      vertex 100.39878330513099 -27.34319754890054 30.621923830210786
    endloop
  endfacet
  facet normal 0.2817325568414244 0.9594929736144989 7.644337694395867e-15
    outer loop
      vertex 72.30174100209064 -19.093161555517867 8.99074804882621
      vertex 72.45883170677078 -19.139287548206315 9.292219541395266
      vertex 100.39878330513099 -27.34319754890054 30.621923830210786
    endloop
  endfacet
  facet normal 0.28173255684143206 0.9594929736144967 -3.0576261875107355e-15
    outer loop
      vertex 72.09123696784707 -19.03135199419355 8.72700994534798
      vertex 72.30174100209064 -19.093161555517867 8.99074804882621
      vertex 100.39878330513099 -27.34319754890054 30.621923830210786
    endloop
  endfacet
  facet normal 0.2817325568414383 0.9594929736144949 -1.2052004691169296e-14
    outer loop
      vertex 72.45883170677078 -19.139287548206315 9.292219541395266
      vertex 72.55647217420413 -19.16795737622763 9.619839042662873
      vertex 100.39878330513099 -27.34319754890054 30.621923830210786
    endloop
  endfacet
  facet normal 0.2817325568414249 0.9594929736144988 7.167711519004719e-15
    outer loop
      vertex 72.55647217420413 -19.16795737622763 9.619839042662873
      vertex 72.59091013598464 -19.17806927416919 9.961016318926458
      vertex 100.39878330513099 -27.34319754890054 30.621923830210786
    endloop
  endfacet
  facet normal 0.2817325568414305 0.9594929736144971 -9.761624319820012e-16
    outer loop
      vertex 72.59091013598464 -19.17806927416919 9.961016318926458
      vertex 72.56082216055411 -19.169234647463906 10.302640118793624
      vertex 100.39878330513099 -27.34319754890054 30.621923830210786
    endloop
  endfacet
  facet normal 0.28173255684142573 0.9594929736144985 6.108586340502982e-15
    outer loop
      vertex 72.56082216055411 -19.169234647463906 10.302640118793624
      vertex 72.46736451193479 -19.14179300586155 10.631582031220319
      vertex 100.39878330513099 -27.34319754890054 30.621923830210786
    endloop
  endfacet
  facet normal 0.2817325568414276 0.959492973614498 3.596560817774333e-15
    outer loop
      vertex 71.85394867877717 -18.96167786605861 11.421220034796775
      vertex 71.56468889991208 -18.87674353164233 11.584942656014494
      vertex 100.30532565651168 -27.31575590729819 30.950865742637482
    endloop
  endfacet
  facet normal 0.28173255684142773 0.959492973614498 3.3651691272033386e-15
    outer loop
      vertex 71.25034029042672 -18.78444245187909 11.686705222409886
      vertex 100.27523768108114 -27.306921280592903 31.292489542504644
      vertex 71.56468889991208 -18.87674353164233 11.584942656014494
    endloop
  endfacet
  facet normal 0.2817325568414322 0.9594929736144967 -3.831387964416353e-15
    outer loop
      vertex 71.85394867877717 -18.96167786605861 11.421220034796775
      vertex 100.39878330513099 -27.34319754890054 30.621923830210786
      vertex 72.10700353593894 -19.035981476288043 11.201829127273427
    endloop
  endfacet
  facet normal 0.2817325568414246 0.9594929736144989 8.160391970048162e-15
    outer loop
      vertex 72.31412871515148 -19.09679891625945 10.935201002984726
      vertex 72.10700353593894 -19.035981476288043 11.201829127273427
      vertex 100.39878330513099 -27.34319754890054 30.621923830210786
    endloop
  endfacet
  facet normal 0.28173255684143605 0.9594929736144957 -9.430966766002825e-15
    outer loop
      vertex 72.46736451193479 -19.14179300586155 10.631582031220319
      vertex 72.31412871515148 -19.09679891625945 10.935201002984726
      vertex 100.39878330513099 -27.34319754890054 30.621923830210786
    endloop
  endfacet
  facet normal 0.2817325568414388 0.9594929736144947 -1.423565740496021e-14
    outer loop
      vertex 70.92298309109489 -18.688321705501156 11.722597055625481
      vertex 100.30967564286165 -27.31703317853446 31.633666818768233
      vertex 71.25034029042672 -18.78444245187909 11.686705222409886
    endloop
  endfacet
  facet normal -0.2817325568414242 -0.9594929736144989 -4.672800631609984e-15
    outer loop
      vertex 44.45485278156528 -13.001011660531097 0.04175700261440704
      vertex 57.51306550983202 -16.835248867975203 8
      vertex 131.25392466483947 -38.487518727922115 53.83473051776332
    endloop
  endfacet
  facet normal 0.2817325568414351 0.9594929736144958 -8.227179128424217e-15
    outer loop
      vertex 70.27958000180213 -18.499401512846415 11.593835691605854
      vertex 100.56440681497516 -27.39182899924423 32.262757812604896
      vertex 70.59519745550286 -18.592075158886697 11.691238852639177
    endloop
  endfacet
  facet normal 0.28173255684141774 0.9594929736145008 1.9180348940724033e-14
    outer loop
      vertex 70.59519745550286 -18.592075158886697 11.691238852639177
      vertex 100.40731611029501 -27.34570300655578 31.961286320035835
      vertex 70.92298309109489 -18.688321705501156 11.722597055625481
    endloop
  endfacet
  facet normal -0.5277569783674083 0.1549634306817716 0.8351400522881408
    outer loop
      vertex 44.45485278156528 -13.001011660531097 0.04175700261440704
      vertex 151.3523944598193 -44.38896192724973 73.41856114285714
      vertex 45.01831789524814 -11.082025713302102 0.04175700261440704
    endloop
  endfacet
  facet normal -0.5277569783674083 0.1549634306817716 0.8351400522881408
    outer loop
      vertex 44.45485278156528 -13.001011660531097 0.04175700261440704
      vertex 151.3523944598193 -44.38896192724973 73.41856114285714
      vertex 45.01831789524814 -11.082025713302102 0.04175700261440704
    endloop
  endfacet
  facet normal 0.2817325568414312 0.959492973614497 -2.0625679661860854e-15
    outer loop
      vertex 45.01831789524814 -11.082025713302102 0.04175700261440704
      vertex 151.91585957350216 -42.469975980020735 73.41856114285714
      vertex 45.85842310092816 -11.328702858545192 0
    endloop
  endfacet
  facet normal 0.2817325568414312 0.959492973614497 -2.0625679661860854e-15
    outer loop
      vertex 45.01831789524814 -11.082025713302102 0.04175700261440704
      vertex 151.91585957350216 -42.469975980020735 73.41856114285714
      vertex 45.85842310092816 -11.328702858545192 0
    endloop
  endfacet
  facet normal 0.2817325568414258 0.9594929736144985 7.567148310884198e-15
    outer loop
      vertex 57.51306550983202 -14.750814635522392 8
      vertex 45.85842310092816 -11.328702858545192 0
      vertex 151.91585957350216 -42.469975980020735 73.41856114285714
    endloop
  endfacet
  facet normal 0.2817325568414258 0.9594929736144985 7.567148310884198e-15
    outer loop
      vertex 57.51306550983202 -14.750814635522392 8
      vertex 45.85842310092816 -11.328702858545192 0
      vertex 151.91585957350216 -42.469975980020735 73.41856114285714
    endloop
  endfacet
  facet normal 0.28173255684143 0.9594929736144973 0
    outer loop
      vertex 65.10546902678634 -16.98014545317861 0
      vertex 102.87788808532767 -28.071128391136433 29.819375140051402
      vertex 133.62904674456726 -37.10048326204025 50.967904771505445
    endloop
  endfacet
  facet normal -0.2817325568414941 -0.9594929736144785 1.7538926924370488e-13
    outer loop
      vertex 44.45485278156528 -13.001011660531097 0.04175700261440704
      vertex 131.25392466483947 -38.487518727922115 53.83473051776332
      vertex 131.5097524766625 -38.5626365511038 54.05059992474009
    endloop
  endfacet
  facet normal -0.28173255684143 -0.9594929736144973 9.276771926303258e-16
    outer loop
      vertex 71.52777185416421 -20.950337941422543 8.72700994534798
      vertex 157.5088204209689 -46.196651691256804 63.81445054154351
      vertex 102.31442297164482 -29.990114338365427 29.819375140051402
    endloop
  endfacet
  facet normal 0.2817325568413039 0.9594929736145342 1.117518124147483e-13
    outer loop
      vertex 65.10546902678634 -16.98014545317861 0
      vertex 133.62904674456726 -37.10048326204025 50.967904771505445
      vertex 133.9203670146313 -37.186022611261 51.127609741731604
    endloop
  endfacet
  facet normal -0.2817325568414484 -0.9594929736144919 2.880341457842627e-14
    outer loop
      vertex 100.46727354735889 -29.447742330979224 32.74236532305989
      vertex 100.75859381742288 -29.533281680199973 32.902070293286044
      vertex 131.25392466483947 -38.487518727922115 53.83473051776332
    endloop
  endfacet
  facet normal -0.2817325568414316 -0.9594929736144968 2.343547683103152e-15
    outer loop
      vertex 101.07421127112362 -29.62595532624026 32.999473454319364
      vertex 131.25392466483947 -38.487518727922115 53.83473051776332
      vertex 100.75859381742288 -29.533281680199973 32.902070293286044
    endloop
  endfacet
  facet normal 0.28173255684142934 0.9594929736144975 0
    outer loop
      vertex 70.27958000180213 -18.499401512846415 11.593835691605854
      vertex 151.91585957350216 -42.469975980020735 73.41856114285714
      vertex 101.03073866104174 -27.52875638375023 32.74236532305989
    endloop
  endfacet
  facet normal -0.2817325568414333 -0.9594929736144964 5.181458424132885e-15
    outer loop
      vertex 102.58601735155969 -30.0698616436416 32.510063728953625
      vertex 130.78433947213244 -38.349636074651755 52.25910034431768
      vertex 102.33296249439793 -29.995558033412173 32.729454636476966
    endloop
  endfacet
  facet normal -0.28173255684142884 -0.9594929736144977 -2.1712299540478413e-15
    outer loop
      vertex 102.04370271553286 -29.910623698995895 32.893177257694695
      vertex 102.33296249439793 -29.995558033412173 32.729454636476966
      vertex 130.7542514967019 -38.340801447946475 52.600724144184845
    endloop
  endfacet
  facet normal -0.2817325568414266 -0.9594929736144984 -5.356587526748477e-15
    outer loop
      vertex 102.04370271553286 -29.910623698995895 32.893177257694695
      vertex 130.78868945848242 -38.35091334588803 52.94190142044843
      vertex 101.72935410604748 -29.818322619232653 32.99493982409008
    endloop
  endfacet
  facet normal -0.2817325568414403 -0.9594929736144941 1.602688860432653e-14
    outer loop
      vertex 101.40199690671567 -29.722201872854722 33.03083165730568
      vertex 101.72935410604748 -29.818322619232653 32.99493982409008
      vertex 130.88632992591573 -38.37958317390934 53.26952092171604
    endloop
  endfacet
  facet normal -0.2817325568414158 -0.9594929736145014 -2.2394390249564403e-14
    outer loop
      vertex 101.07421127112362 -29.62595532624026 32.999473454319364
      vertex 101.40199690671567 -29.722201872854722 33.03083165730568
      vertex 131.0434206305959 -38.42570916659779 53.570992414285094
    endloop
  endfacet
  facet normal 0.2817325568414316 0.9594929736144969 -2.5420634127915692e-15
    outer loop
      vertex 103.5098434412384 -28.25668722598612 31.939816632900513
      vertex 103.35660764445511 -28.211693136384024 32.243435604664924
      vertex 131.80162321043045 -36.563903298598625 51.35991133583788
    endloop
  endfacet
  facet normal 0.28173255684142806 0.9594929736144979 2.7499296440985365e-15
    outer loop
      vertex 103.35660764445511 -28.211693136384024 32.243435604664924
      vertex 103.14948246524254 -28.15087569641261 32.510063728953625
      vertex 131.5944980312179 -36.50308585862721 51.62653946012658
    endloop
  endfacet
  facet normal 0.28173255684146903 0.9594929736144858 -6.177117825251805e-14
    outer loop
      vertex 102.87788808532767 -28.071128391136433 29.819375140051402
      vertex 103.1337158971507 -28.146246214318122 30.035244547028174
      vertex 133.62904674456726 -37.10048326204025 50.967904771505445
    endloop
  endfacet
  facet normal 0.28173255684142867 0.9594929736144977 2.1677816068706476e-15
    outer loop
      vertex 103.34421993139425 -28.208055775642435 30.2989826505064
      vertex 133.62904674456726 -37.10048326204025 50.967904771505445
      vertex 103.1337158971507 -28.146246214318122 30.035244547028174
    endloop
  endfacet
  facet normal 0.28173255684142545 0.9594929736144986 7.0854382265009575e-15
    outer loop
      vertex 103.34421993139425 -28.208055775642435 30.2989826505064
      vertex 103.5013106360744 -28.254181768330884 30.600454143075464
      vertex 133.31342929086657 -37.007809615999975 50.87050161047213
    endloop
  endfacet
  facet normal 0.28173255684143234 0.9594929736144965 -3.6364764459607814e-15
    outer loop
      vertex 103.59895110350776 -28.282851596352206 30.928073644343065
      vertex 103.63338906528827 -28.292963494293762 31.269250920606655
      vertex 132.65828645594266 -36.815442323007574 50.875035240701415
    endloop
  endfacet
  facet normal 0.2817325568414302 0.9594929736144973 -8.457095197784802e-16
    outer loop
      vertex 103.5013106360744 -28.254181768330884 30.600454143075464
      vertex 103.59895110350776 -28.282851596352206 30.928073644343065
      vertex 132.98564365527452 -36.9115630693855 50.839143407485814
    endloop
  endfacet
  facet normal 0.28173255684142845 0.9594929736144978 2.309492238857467e-15
    outer loop
      vertex 103.63338906528827 -28.292963494293762 31.269250920606655
      vertex 103.60330108985771 -28.28412886758847 31.610874720473817
      vertex 132.3439378464573 -36.72314124324433 50.9767978070968
    endloop
  endfacet
  facet normal 0.28173255684142684 0.9594929736144984 4.638548258368725e-15
    outer loop
      vertex 103.60330108985771 -28.28412886758847 31.610874720473817
      vertex 103.5098434412384 -28.25668722598612 31.939816632900513
      vertex 132.05467806759225 -36.63820690882805 51.14052042831453
    endloop
  endfacet
  facet normal 0.2817325568414286 0.9594929736144978 1.7776105191298375e-15
    outer loop
      vertex 102.60716782921571 -27.991637751766902 32.893177257694695
      vertex 131.3478045858153 -36.43065012742276 52.25910034431768
      vertex 102.89642760808078 -28.07657208618318 32.729454636476966
    endloop
  endfacet
  facet normal 0.2817325568414332 0.9594929736144964 -5.2873153908947885e-15
    outer loop
      vertex 102.89642760808078 -28.07657208618318 32.729454636476966
      vertex 131.44126223443462 -36.45809176902512 51.93015843189099
      vertex 103.14948246524254 -28.15087569641261 32.510063728953625
    endloop
  endfacet
  facet normal -0.28173255684142967 -0.9594929736144974 8.667179108736028e-16
    outer loop
      vertex 44.45485278156528 -13.001011660531097 0.04175700261440704
      vertex 131.5097524766625 -38.5626365511038 54.05059992474009
      vertex 147.76838663070254 -43.33660227772253 69.9202908672213
    endloop
  endfacet
  facet normal -0.28173255684142984 -0.9594929736144973 -3.931813238008589e-15
    outer loop
      vertex 44.45485278156528 -13.001011660531097 0.04175700261440704
      vertex 147.76838663070254 -43.33660227772253 69.9202908672213
      vertex 151.3523944598193 -44.38896192724973 73.41856114285714
    endloop
  endfacet
  facet normal -0.28173255684142984 -0.9594929736144973 -3.931813238008589e-15
    outer loop
      vertex 44.45485278156528 -13.001011660531097 0.04175700261440704
      vertex 147.76838663070254 -43.33660227772253 69.9202908672213
      vertex 151.3523944598193 -44.38896192724973 73.41856114285714
    endloop
  endfacet
  facet normal -0.28173255684145404 -0.9594929736144903 4.237307499616214e-14
    outer loop
      vertex 102.31442297164482 -29.990114338365427 29.819375140051402
      vertex 157.5088204209689 -46.196651691256804 63.81445054154351
      vertex 102.57025078346784 -30.065232161547115 30.035244547028174
    endloop
  endfacet
  facet normal -0.28173255684142884 -0.9594929736144977 -1.963401063344261e-15
    outer loop
      vertex 102.57025078346784 -30.065232161547115 30.035244547028174
      vertex 157.5088204209689 -46.196651691256804 63.81445054154351
      vertex 102.7807548177114 -30.12704172287143 30.2989826505064
    endloop
  endfacet
  facet normal -0.2817325568414262 -0.9594929736144984 -6.6376798296688735e-15
    outer loop
      vertex 102.7807548177114 -30.12704172287143 30.2989826505064
      vertex 157.5088204209689 -46.196651691256804 63.81445054154351
      vertex 102.93784552239154 -30.173167715559877 30.600454143075464
    endloop
  endfacet
  facet normal -0.28173255684143045 -0.9594929736144971 9.170973562375249e-16
    outer loop
      vertex 102.93784552239154 -30.173167715559877 30.600454143075464
      vertex 157.5088204209689 -46.196651691256804 63.81445054154351
      vertex 103.0354859898249 -30.2018375435812 30.928073644343065
    endloop
  endfacet
  facet normal -0.28173255684143195 -0.9594929736144968 3.588980583061813e-15
    outer loop
      vertex 103.0354859898249 -30.2018375435812 30.928073644343065
      vertex 157.5088204209689 -46.196651691256804 63.81445054154351
      vertex 103.06992395160542 -30.211949441522755 31.269250920606655
    endloop
  endfacet
  facet normal -0.2817325568414287 -0.9594929736144978 -2.3316331572475955e-15
    outer loop
      vertex 103.06992395160542 -30.211949441522755 31.269250920606655
      vertex 157.5088204209689 -46.196651691256804 63.81445054154351
      vertex 103.03983597617486 -30.203114814817464 31.610874720473817
    endloop
  endfacet
  facet normal -0.28173255684142834 -0.9594929736144977 -2.9646485283663227e-15
    outer loop
      vertex 102.58601735155969 -30.0698616436416 32.510063728953625
      vertex 102.79314253077226 -30.130679083613018 32.243435604664924
      vertex 157.5088204209689 -46.196651691256804 63.81445054154351
    endloop
  endfacet
  facet normal -0.28173255684142734 -0.959492973614498 -4.79512638260681e-15
    outer loop
      vertex 102.94637832755555 -30.175673173215113 31.939816632900513
      vertex 103.03983597617486 -30.203114814817464 31.610874720473817
      vertex 157.5088204209689 -46.196651691256804 63.81445054154351
    endloop
  endfacet
  facet normal -0.28173255684143134 -0.9594929736144969 2.7015496394457222e-15
    outer loop
      vertex 102.94637832755555 -30.175673173215113 31.939816632900513
      vertex 157.5088204209689 -46.196651691256804 63.81445054154351
      vertex 102.79314253077226 -30.130679083613018 32.243435604664924
    endloop
  endfacet
  facet normal -0.28173255684141574 -0.9594929736145016 -2.7132143745829902e-14
    outer loop
      vertex 102.58601735155969 -30.0698616436416 32.510063728953625
      vertex 131.49121295390938 -38.55719285605705 51.14052042831453
      vertex 131.23815809674758 -38.48288924582762 51.35991133583788
    endloop
  endfacet
  facet normal -0.2817325568414383 -0.959492973614495 1.6536489671895217e-14
    outer loop
      vertex 102.58601735155969 -30.0698616436416 32.510063728953625
      vertex 131.23815809674758 -38.48288924582762 51.35991133583788
      vertex 131.03103291753504 -38.422071805856206 51.62653946012658
    endloop
  endfacet
  facet normal -0.2817325568414375 -0.959492973614495 1.2260441486132266e-14
    outer loop
      vertex 102.58601735155969 -30.0698616436416 32.510063728953625
      vertex 130.87779712075175 -38.377077716254114 51.93015843189099
      vertex 130.78433947213244 -38.349636074651755 52.25910034431768
    endloop
  endfacet
  facet normal -0.28173255684141985 -0.9594929736145003 -1.852022122256228e-14
    outer loop
      vertex 102.33296249439793 -29.995558033412173 32.729454636476966
      vertex 130.78433947213244 -38.349636074651755 52.25910034431768
      vertex 130.7542514967019 -38.340801447946475 52.600724144184845
    endloop
  endfacet
  facet normal -0.28173255684142606 -0.9594929736144985 -7.073567757333138e-15
    outer loop
      vertex 102.58601735155969 -30.0698616436416 32.510063728953625
      vertex 131.03103291753504 -38.422071805856206 51.62653946012658
      vertex 130.87779712075175 -38.377077716254114 51.93015843189099
    endloop
  endfacet
  facet normal -0.2817325568414364 -0.9594929736144954 1.0777254235575098e-14
    outer loop
      vertex 102.58601735155969 -30.0698616436416 32.510063728953625
      vertex 131.78047273277443 -38.642127190473325 50.9767978070968
      vertex 131.49121295390938 -38.55719285605705 51.14052042831453
    endloop
  endfacet
  facet normal -0.2817325568414434 -0.9594929736144934 1.8644546813194155e-14
    outer loop
      vertex 102.58601735155969 -30.0698616436416 32.510063728953625
      vertex 132.0948213422598 -38.73442827023657 50.875035240701415
      vertex 131.78047273277443 -38.642127190473325 50.9767978070968
    endloop
  endfacet
  facet normal -0.2817325568414059 -0.9594929736145044 -4.627969801408819e-14
    outer loop
      vertex 102.58601735155969 -30.0698616436416 32.510063728953625
      vertex 132.42217854159165 -38.8305490166145 50.839143407485814
      vertex 132.0948213422598 -38.73442827023657 50.875035240701415
    endloop
  endfacet
  facet normal -0.28173255684145226 -0.9594929736144907 3.2257424996133625e-14
    outer loop
      vertex 102.58601735155969 -30.0698616436416 32.510063728953625
      vertex 132.7499641771837 -38.92679556322897 50.87050161047213
      vertex 132.42217854159165 -38.8305490166145 50.839143407485814
    endloop
  endfacet
  facet normal -0.28173255684144904 -0.9594929736144916 3.8183039219647127e-14
    outer loop
      vertex 102.58601735155969 -30.0698616436416 32.510063728953625
      vertex 133.0655816308844 -39.019469209269246 50.967904771505445
      vertex 132.7499641771837 -38.92679556322897 50.87050161047213
    endloop
  endfacet
  facet normal 0.5277569783674079 -0.154963430681771 -0.8351400522881413
    outer loop
      vertex 65.09625902012594 -17.011511855332007 0
      vertex 158.07228553465177 -44.27766574402781 63.81445054154351
      vertex 157.5088204209689 -46.196651691256804 63.81445054154351
    endloop
  endfacet
  facet normal -0.2817325568414409 -0.959492973614494 1.4956307232015547e-14
    outer loop
      vertex 102.04370271553286 -29.910623698995895 32.893177257694695
      vertex 130.7542514967019 -38.340801447946475 52.600724144184845
      vertex 130.78868945848242 -38.35091334588803 52.94190142044843
    endloop
  endfacet
  facet normal -0.2817325568414228 -0.9594929736144995 -7.202229833338525e-15
    outer loop
      vertex 101.72935410604748 -29.818322619232653 32.99493982409008
      vertex 130.78868945848242 -38.35091334588803 52.94190142044843
      vertex 130.88632992591573 -38.37958317390934 53.26952092171604
    endloop
  endfacet
  facet normal -0.2817325568414411 -0.9594929736144939 1.910571723278496e-14
    outer loop
      vertex 101.40199690671567 -29.722201872854722 33.03083165730568
      vertex 130.88632992591573 -38.37958317390934 53.26952092171604
      vertex 131.0434206305959 -38.42570916659779 53.570992414285094
    endloop
  endfacet
  facet normal -0.2817325568413939 -0.9594929736145078 -6.104805382251546e-14
    outer loop
      vertex 101.07421127112362 -29.62595532624026 32.999473454319364
      vertex 131.0434206305959 -38.42570916659779 53.570992414285094
      vertex 131.25392466483947 -38.487518727922115 53.83473051776332
    endloop
  endfacet
  facet normal 0.28173255684142934 0.9594929736144975 3.614894703260556e-16
    outer loop
      vertex 102.60716782921571 -27.991637751766902 32.893177257694695
      vertex 151.91585957350216 -42.469975980020735 73.41856114285714
      vertex 132.07321759034537 -36.6436506038748 54.05059992474009
    endloop
  endfacet
  facet normal 0.28173255684142984 0.9594929736144974 -6.030175789950362e-16
    outer loop
      vertex 65.10546902678634 -16.98014545317861 0
      vertex 133.9203670146313 -37.186022611261 51.127609741731604
      vertex 158.07228553465177 -44.27766574402781 63.81445054154351
    endloop
  endfacet
  facet normal 0.2817325568414372 0.9594929736144951 -1.2191666880312077e-14
    outer loop
      vertex 102.89642760808078 -28.07657208618318 32.729454636476966
      vertex 131.3478045858153 -36.43065012742276 52.25910034431768
      vertex 131.44126223443462 -36.45809176902512 51.93015843189099
    endloop
  endfacet
  facet normal 0.28173255684143855 0.9594929736144947 -1.058298355575028e-14
    outer loop
      vertex 103.60330108985771 -28.28412886758847 31.610874720473817
      vertex 132.05467806759225 -36.63820690882805 51.14052042831453
      vertex 132.3439378464573 -36.72314124324433 50.9767978070968
    endloop
  endfacet
  facet normal 0.2817325568414476 0.9594929736144922 -2.8658575849175675e-14
    outer loop
      vertex 103.5013106360744 -28.254181768330884 30.600454143075464
      vertex 132.98564365527452 -36.9115630693855 50.839143407485814
      vertex 133.31342929086657 -37.007809615999975 50.87050161047213
    endloop
  endfacet
  facet normal 0.28173255684144316 0.9594929736144935 -1.5262013455628638e-14
    outer loop
      vertex 103.34421993139425 -28.208055775642435 30.2989826505064
      vertex 133.31342929086657 -37.007809615999975 50.87050161047213
      vertex 133.62904674456726 -37.10048326204025 50.967904771505445
    endloop
  endfacet
  facet normal 0.2817325568414394 0.9594929736144945 -1.794756867841799e-14
    outer loop
      vertex 103.63338906528827 -28.292963494293762 31.269250920606655
      vertex 132.3439378464573 -36.72314124324433 50.9767978070968
      vertex 132.65828645594266 -36.815442323007574 50.875035240701415
    endloop
  endfacet
  facet normal 0.28173255684140125 0.9594929736145057 4.3213379000033375e-14
    outer loop
      vertex 103.59895110350776 -28.282851596352206 30.928073644343065
      vertex 132.65828645594266 -36.815442323007574 50.875035240701415
      vertex 132.98564365527452 -36.9115630693855 50.839143407485814
    endloop
  endfacet
  facet normal 0.28173255684144044 0.9594929736144943 -1.6536489671895204e-14
    outer loop
      vertex 103.35660764445511 -28.211693136384024 32.243435604664924
      vertex 131.5944980312179 -36.50308585862721 51.62653946012658
      vertex 131.80162321043045 -36.563903298598625 51.35991133583788
    endloop
  endfacet
  facet normal 0.28173255684141296 0.9594929736145024 2.6972971269489813e-14
    outer loop
      vertex 103.5098434412384 -28.25668722598612 31.939816632900513
      vertex 131.80162321043045 -36.563903298598625 51.35991133583788
      vertex 132.05467806759225 -36.63820690882805 51.14052042831453
    endloop
  endfacet
  facet normal 0.28173255684142606 0.9594929736144985 7.073567757333138e-15
    outer loop
      vertex 103.14948246524254 -28.15087569641261 32.510063728953625
      vertex 131.44126223443462 -36.45809176902512 51.93015843189099
      vertex 131.5944980312179 -36.50308585862721 51.62653946012658
    endloop
  endfacet
  facet normal 0.28173255684144255 0.9594929736144936 -1.71667331352671e-14
    outer loop
      vertex 101.03073866104174 -27.52875638375023 32.74236532305989
      vertex 151.91585957350216 -42.469975980020735 73.41856114285714
      vertex 101.32205893110573 -27.61429573297098 32.902070293286044
    endloop
  endfacet
  facet normal 0.28173255684143167 0.9594929736144968 -2.6022344838067213e-15
    outer loop
      vertex 101.32205893110573 -27.61429573297098 32.902070293286044
      vertex 151.91585957350216 -42.469975980020735 73.41856114285714
      vertex 101.63767638480647 -27.706969379011266 32.999473454319364
    endloop
  endfacet
  facet normal -0.5277569783674081 0.1549634306817743 0.8351400522881405
    outer loop
      vertex 45.01831789524814 -11.082025713302102 0.04175700261440704
      vertex 151.3523944598193 -44.38896192724973 73.41856114285714
      vertex 151.91585957350216 -42.469975980020735 73.41856114285714
    endloop
  endfacet
  facet normal -0.5277569783674081 0.1549634306817743 0.8351400522881405
    outer loop
      vertex 45.01831789524814 -11.082025713302102 0.04175700261440704
      vertex 151.3523944598193 -44.38896192724973 73.41856114285714
      vertex 151.91585957350216 -42.469975980020735 73.41856114285714
    endloop
  endfacet
  facet normal 0.28173255684142634 0.9594929736144984 4.559309056620339e-15
    outer loop
      vertex 102.29281921973033 -27.89933667200366 32.99493982409008
      vertex 151.91585957350216 -42.469975980020735 73.41856114285714
      vertex 102.60716782921571 -27.991637751766902 32.893177257694695
    endloop
  endfacet
  facet normal 0.2817325568414162 0.9594929736145015 1.8325861412309104e-14
    outer loop
      vertex 101.63767638480647 -27.706969379011266 32.999473454319364
      vertex 151.91585957350216 -42.469975980020735 73.41856114285714
      vertex 101.96546202039852 -27.80321592562573 33.03083165730568
    endloop
  endfacet
  facet normal 0.2817325568414405 0.9594929736144943 -1.4246841484824307e-14
    outer loop
      vertex 101.96546202039852 -27.80321592562573 33.03083165730568
      vertex 151.91585957350216 -42.469975980020735 73.41856114285714
      vertex 102.29281921973033 -27.89933667200366 32.99493982409008
    endloop
  endfacet
  facet normal 0.28173255684141935 0.9594929736145004 1.8353038102140373e-14
    outer loop
      vertex 102.60716782921571 -27.991637751766902 32.893177257694695
      vertex 131.31771661038476 -36.42181550071748 52.600724144184845
      vertex 131.3478045858153 -36.43065012742276 52.25910034431768
    endloop
  endfacet
  facet normal 0.2817325568414404 0.9594929736144943 -1.7947568678418433e-14
    outer loop
      vertex 102.60716782921571 -27.991637751766902 32.893177257694695
      vertex 131.3521545721653 -36.431927398659035 52.94190142044843
      vertex 131.31771661038476 -36.42181550071748 52.600724144184845
    endloop
  endfacet
  facet normal 0.28173255684142173 0.9594929736144997 1.0966879480835818e-14
    outer loop
      vertex 102.60716782921571 -27.991637751766902 32.893177257694695
      vertex 131.4497950395986 -36.46059722668034 53.26952092171604
      vertex 131.3521545721653 -36.431927398659035 52.94190142044843
    endloop
  endfacet
  facet normal 0.2817325568414351 0.9594929736144958 -1.489022362639144e-14
    outer loop
      vertex 102.60716782921571 -27.991637751766902 32.893177257694695
      vertex 131.60688574427877 -36.506723219368794 53.570992414285094
      vertex 131.4497950395986 -36.46059722668034 53.26952092171604
    endloop
  endfacet
  facet normal 0.28173255684142773 0.959492973614498 3.21114465824609e-15
    outer loop
      vertex 151.91585957350216 -42.469975980020735 73.41856114285714
      vertex 152.00308028342656 -42.49558629118743 73.41856114285714
      vertex 57.561039073597506 -14.764900944804607 8
    endloop
  endfacet
  facet normal 0.28173255684143056 0.9594929736144971 -1.2323139262262525e-15
    outer loop
      vertex 152.00308028342656 -42.49558629118743 73.41856114285714
      vertex 152.26377752599493 -42.57213390824148 73.00602522630057
      vertex 57.561039073597506 -14.764900944804607 8
    endloop
  endfacet
  facet normal 0.2817325568413996 0.9594929736145061 5.792417753948753e-14
    outer loop
      vertex 102.60716782921571 -27.991637751766902 32.893177257694695
      vertex 131.81738977852234 -36.56853278069312 53.83473051776332
      vertex 131.60688574427877 -36.506723219368794 53.570992414285094
    endloop
  endfacet
  facet normal 0.28173255684154336 0.9594929736144641 -1.7256825501964368e-13
    outer loop
      vertex 102.60716782921571 -27.991637751766902 32.893177257694695
      vertex 132.07321759034537 -36.6436506038748 54.05059992474009
      vertex 131.81738977852234 -36.56853278069312 53.83473051776332
    endloop
  endfacet
  facet normal -0.28173255684142656 -0.9594929736144983 -7.319410562670813e-15
    outer loop
      vertex 102.58601735155969 -30.0698616436416 32.510063728953625
      vertex 157.5088204209689 -46.196651691256804 63.81445054154351
      vertex 133.0655816308844 -39.019469209269246 50.967904771505445
    endloop
  endfacet
  facet normal -0.2817325568419637 -0.9594929736143407 1.1045749850705102e-12
    outer loop
      vertex 133.0655816308844 -39.019469209269246 50.967904771505445
      vertex 157.5088204209689 -46.196651691256804 63.81445054154351
      vertex 133.35690190094843 -39.10500855849 51.127609741731604
    endloop
  endfacet
  facet normal -0.28173255684140575 -0.9594929736145045 -5.011760926145325e-14
    outer loop
      vertex 133.61272971277143 -39.180126381671684 51.34347914870837
      vertex 157.5088204209689 -46.196651691256804 63.81445054154351
      vertex 133.82323374701497 -39.241935942996 51.6072172521866
    endloop
  endfacet
  facet normal -0.2817325568414173 -0.9594929736145011 -2.6089813212438656e-14
    outer loop
      vertex 133.35690190094843 -39.10500855849 51.127609741731604
      vertex 157.5088204209689 -46.196651691256804 63.81445054154351
      vertex 133.61272971277143 -39.180126381671684 51.34347914870837
    endloop
  endfacet
  facet normal -0.2817325568414363 -0.9594929736144956 1.4317875119830196e-14
    outer loop
      vertex 133.82323374701497 -39.241935942996 51.6072172521866
      vertex 157.5088204209689 -46.196651691256804 63.81445054154351
      vertex 133.98032445169514 -39.28806193568445 51.90868874475566
    endloop
  endfacet
  facet normal -0.28173255684143 -0.9594929736144974 7.648563184379302e-16
    outer loop
      vertex 133.98032445169514 -39.28806193568445 51.90868874475566
      vertex 157.5088204209689 -46.196651691256804 63.81445054154351
      vertex 134.0779649191285 -39.316731763705775 52.23630824602326
    endloop
  endfacet
  facet normal -0.28173255684143683 -0.9594929736144953 1.5862329453538038e-14
    outer loop
      vertex 134.0779649191285 -39.316731763705775 52.23630824602326
      vertex 157.5088204209689 -46.196651691256804 63.81445054154351
      vertex 134.11240288090903 -39.32684366164733 52.57748552228685
    endloop
  endfacet
  facet normal -0.2817325568414196 -0.9594929736145005 -2.316327581823911e-14
    outer loop
      vertex 134.11240288090903 -39.32684366164733 52.57748552228685
      vertex 157.5088204209689 -46.196651691256804 63.81445054154351
      vertex 134.08231490547846 -39.318009034942044 52.919109322154014
    endloop
  endfacet
  facet normal -0.2817325568414353 -0.9594929736144958 1.3480154404405124e-14
    outer loop
      vertex 134.08231490547846 -39.318009034942044 52.919109322154014
      vertex 157.5088204209689 -46.196651691256804 63.81445054154351
      vertex 133.98885725685915 -39.290567393339686 53.248051234580714
    endloop
  endfacet
  facet normal -0.28173255684143467 -0.9594929736144959 5.370909077994384e-15
    outer loop
      vertex 131.8010727467265 -38.64817590032455 54.21030489496624
      vertex 151.4396151697437 -44.414572238416426 73.41856114285714
      vertex 131.5097524766625 -38.5626365511038 54.05059992474009
    endloop
  endfacet
  facet normal -0.28173255684143406 -0.9594929736144961 4.72349122007633e-15
    outer loop
      vertex 131.8010727467265 -38.64817590032455 54.21030489496624
      vertex 132.11669020042723 -38.740849546364835 54.30770805599956
      vertex 151.4396151697437 -44.414572238416426 73.41856114285714
    endloop
  endfacet
  facet normal -0.28173255684143084 -0.959492973614497 1.1672271340401473e-15
    outer loop
      vertex 132.11669020042723 -38.740849546364835 54.30770805599956
      vertex 132.44447583601925 -38.837096092979294 54.33906625898588
      vertex 151.4396151697437 -44.414572238416426 73.41856114285714
    endloop
  endfacet
  facet normal -0.2817325568414189 -0.9594929736145006 -1.1717242715425355e-14
    outer loop
      vertex 132.44447583601925 -38.837096092979294 54.33906625898588
      vertex 132.7718330353511 -38.93321683935723 54.30317442577028
      vertex 151.4396151697437 -44.414572238416426 73.41856114285714
    endloop
  endfacet
  facet normal -0.2817325568414219 -0.9594929736144996 -7.301263356148892e-15
    outer loop
      vertex 133.98885725685915 -39.290567393339686 53.248051234580714
      vertex 151.4396151697437 -44.414572238416426 73.41856114285714
      vertex 133.83562146007583 -39.24557330373759 53.55167020634512
    endloop
  endfacet
  facet normal -0.2817325568414236 -0.9594929736144993 -6.294774783743669e-15
    outer loop
      vertex 133.62849628086332 -39.18475586376618 53.81829833063382
      vertex 151.4396151697437 -44.414572238416426 73.41856114285714
      vertex 133.37544142370152 -39.11045225353674 54.037689238157164
    endloop
  endfacet
  facet normal -0.2817325568414454 -0.9594929736144928 1.6325117659457617e-14
    outer loop
      vertex 133.08618164483644 -39.02551791912047 54.20141185937489
      vertex 151.4396151697437 -44.414572238416426 73.41856114285714
      vertex 132.7718330353511 -38.93321683935723 54.30317442577028
    endloop
  endfacet
  facet normal -0.2817325568414213 -0.9594929736144999 -8.607969211081388e-15
    outer loop
      vertex 133.08618164483644 -39.02551791912047 54.20141185937489
      vertex 133.37544142370152 -39.11045225353674 54.037689238157164
      vertex 151.4396151697437 -44.414572238416426 73.41856114285714
    endloop
  endfacet
  facet normal -0.2817325568414464 -0.9594929736144925 1.625330880552367e-14
    outer loop
      vertex 133.62849628086332 -39.18475586376618 53.81829833063382
      vertex 133.83562146007583 -39.24557330373759 53.55167020634512
      vertex 151.4396151697437 -44.414572238416426 73.41856114285714
    endloop
  endfacet
  facet normal 0.2817325568414173 0.9594929736145011 2.6089813212438656e-14
    outer loop
      vertex 133.9203670146313 -37.186022611261 51.127609741731604
      vertex 134.1761948264543 -37.26114043444269 51.34347914870837
      vertex 158.07228553465177 -44.27766574402781 63.81445054154351
    endloop
  endfacet
  facet normal 0.28173255684140575 0.9594929736145045 5.011760926145325e-14
    outer loop
      vertex 134.1761948264543 -37.26114043444269 51.34347914870837
      vertex 134.38669886069783 -37.322949995767004 51.6072172521866
      vertex 158.07228553465177 -44.27766574402781 63.81445054154351
    endloop
  endfacet
  facet normal 0.2817325568414363 0.9594929736144956 -1.4317875119830196e-14
    outer loop
      vertex 134.38669886069783 -37.322949995767004 51.6072172521866
      vertex 134.543789565378 -37.36907598845546 51.90868874475566
      vertex 158.07228553465177 -44.27766574402781 63.81445054154351
    endloop
  endfacet
  facet normal 0.28173255684143 0.9594929736144974 -7.648563184379302e-16
    outer loop
      vertex 134.543789565378 -37.36907598845546 51.90868874475566
      vertex 134.64143003281137 -37.39774581647678 52.23630824602326
      vertex 158.07228553465177 -44.27766574402781 63.81445054154351
    endloop
  endfacet
  facet normal 0.28173255684143683 0.9594929736144953 -1.5862329453538038e-14
    outer loop
      vertex 134.64143003281137 -37.39774581647678 52.23630824602326
      vertex 134.6758679945919 -37.407857714418334 52.57748552228685
      vertex 158.07228553465177 -44.27766574402781 63.81445054154351
    endloop
  endfacet
  facet normal 0.2817325568414196 0.9594929736145005 2.316327581823911e-14
    outer loop
      vertex 134.6758679945919 -37.407857714418334 52.57748552228685
      vertex 134.64578001916132 -37.39902308771305 52.919109322154014
      vertex 158.07228553465177 -44.27766574402781 63.81445054154351
    endloop
  endfacet
  facet normal 0.2817325568414353 0.9594929736144958 -1.3480154404405124e-14
    outer loop
      vertex 134.64578001916132 -37.39902308771305 52.919109322154014
      vertex 134.55232237054202 -37.37158144611069 53.248051234580714
      vertex 158.07228553465177 -44.27766574402781 63.81445054154351
    endloop
  endfacet
  facet normal 0.28173255684142584 0.9594929736144986 9.411874114937721e-15
    outer loop
      vertex 134.55232237054202 -37.37158144611069 53.248051234580714
      vertex 134.3990865737587 -37.32658735650859 53.55167020634512
      vertex 158.07228553465177 -44.27766574402781 63.81445054154351
    endloop
  endfacet
  facet normal 0.28173255684143406 0.959492973614496 -4.662603079264556e-15
    outer loop
      vertex 132.6801553141101 -36.82186359913584 54.30770805599956
      vertex 132.36453786040937 -36.729189953095556 54.21030489496624
      vertex 151.91585957350216 -42.469975980020735 73.41856114285714
    endloop
  endfacet
  facet normal 0.2817325568414346 0.9594929736144959 -5.3406603514866165e-15
    outer loop
      vertex 132.07321759034537 -36.6436506038748 54.05059992474009
      vertex 151.91585957350216 -42.469975980020735 73.41856114285714
      vertex 132.36453786040937 -36.729189953095556 54.21030489496624
    endloop
  endfacet
  facet normal 0.28173255684143084 0.959492973614497 -1.129028903690493e-15
    outer loop
      vertex 132.6801553141101 -36.82186359913584 54.30770805599956
      vertex 151.91585957350216 -42.469975980020735 73.41856114285714
      vertex 133.00794094970212 -36.9181101457503 54.33906625898588
    endloop
  endfacet
  facet normal 0.2817325568414189 0.9594929736145006 1.1691772204080427e-14
    outer loop
      vertex 133.00794094970212 -36.9181101457503 54.33906625898588
      vertex 151.91585957350216 -42.469975980020735 73.41856114285714
      vertex 133.33529814903397 -37.01423089212823 54.30317442577028
    endloop
  endfacet
  facet normal 0.2817325568414453 0.9594929736144928 -1.623558231710592e-14
    outer loop
      vertex 133.6496467585193 -37.10653197189147 54.20141185937489
      vertex 133.33529814903397 -37.01423089212823 54.30317442577028
      vertex 151.91585957350216 -42.469975980020735 73.41856114285714
    endloop
  endfacet
  facet normal 0.28173255684142134 0.9594929736144999 8.597427063540806e-15
    outer loop
      vertex 133.6496467585193 -37.10653197189147 54.20141185937489
      vertex 151.91585957350216 -42.469975980020735 73.41856114285714
      vertex 133.93890653738438 -37.191466306307746 54.037689238157164
    endloop
  endfacet
  facet normal 0.2817325568414465 0.9594929736144924 -1.6199330347114816e-14
    outer loop
      vertex 134.3990865737587 -37.32658735650859 53.55167020634512
      vertex 134.19196139454618 -37.26576991653718 53.81829833063382
      vertex 151.91585957350216 -42.469975980020735 73.41856114285714
    endloop
  endfacet
  facet normal 0.28173255684142356 0.9594929736144993 6.308387773072558e-15
    outer loop
      vertex 134.19196139454618 -37.26576991653718 53.81829833063382
      vertex 133.93890653738438 -37.191466306307746 54.037689238157164
      vertex 151.91585957350216 -42.469975980020735 73.41856114285714
    endloop
  endfacet
  facet normal -0.2817325568414411 -0.959492973614494 1.97017093357939e-14
    outer loop
      vertex 131.5097524766625 -38.5626365511038 54.05059992474009
      vertex 151.4396151697437 -44.414572238416426 73.41856114285714
      vertex 147.76838663070254 -43.33660227772253 69.9202908672213
    endloop
  endfacet
  facet normal -0.28173255684142967 -0.9594929736144975 0
    outer loop
      vertex 133.98885725685915 -39.290567393339686 53.248051234580714
      vertex 157.5088204209689 -46.196651691256804 63.81445054154351
      vertex 151.4396151697437 -44.414572238416426 73.41856114285714
    endloop
  endfacet
  facet normal 0.28173255684142956 0.9594929736144974 -4.693026150582917e-17
    outer loop
      vertex 134.3990865737587 -37.32658735650859 53.55167020634512
      vertex 151.91585957350216 -42.469975980020735 73.41856114285714
      vertex 158.07228553465177 -44.27766574402781 63.81445054154351
    endloop
  endfacet
  facet normal -0.28173255684143256 -0.9594929736144966 2.576322196141267e-15
    outer loop
      vertex 151.3523944598193 -44.38896192724973 73.41856114285714
      vertex 147.76838663070254 -43.33660227772253 69.9202908672213
      vertex 151.8707837637092 -44.54117476052769 72.73626573631743
    endloop
  endfacet
  facet normal -0.28173255684142773 -0.959492973614498 -2.705706929234641e-15
    outer loop
      vertex 151.4396151697437 -44.414572238416426 73.41856114285714
      vertex 151.3523944598193 -44.38896192724973 73.41856114285714
      vertex 147.76838663070254 -43.33660227772253 69.9202908672213
    endloop
  endfacet
  facet normal 0.8013110121545141 -0.2352861422518257 0.5500373560624423
    outer loop
      vertex 157.5088204209689 -46.196651691256804 63.81445054154351
      vertex 158.07228553465177 -44.27766574402781 63.81445054154351
      vertex 152.00308028342656 -42.49558629118743 73.41856114285714
    endloop
  endfacet
  facet normal 0.8013110121545142 -0.23528614225182554 0.5500373560624422
    outer loop
      vertex 157.5088204209689 -46.196651691256804 63.81445054154351
      vertex 152.00308028342656 -42.49558629118743 73.41856114285714
      vertex 151.4396151697437 -44.414572238416426 73.41856114285714
    endloop
  endfacet
  facet normal -0.28173255684142773 -0.9594929736144979 6.516822780390685e-15
    outer loop
      vertex 151.3523944598193 -44.38896192724973 73.41856114285714
      vertex 151.8707837637092 -44.54117476052769 72.73626573631743
      vertex 151.4396151697437 -44.414572238416426 73.41856114285714
    endloop
  endfacet
  facet normal 0.8013110121545146 -0.23528614225182165 0.5500373560624432
    outer loop
      vertex 151.4396151697437 -44.414572238416426 73.41856114285714
      vertex 151.8707837637092 -44.54117476052769 72.73626573631743
      vertex 152.26377752599493 -42.57213390824148 73.00602522630057
    endloop
  endfacet
  facet normal 0.2817325568414289 0.9594929736144977 -2.0346759006168495e-15
    outer loop
      vertex 158.07228553465177 -44.27766574402781 63.81445054154351
      vertex 151.91585957350216 -42.469975980020735 73.41856114285714
      vertex 152.00308028342656 -42.49558629118743 73.41856114285714
    endloop
  endfacet
  facet normal 0.8013110121545219 -0.23528614225182798 0.5500373560624298
    outer loop
      vertex 151.4396151697437 -44.414572238416426 73.41856114285714
      vertex 152.26377752599493 -42.57213390824148 73.00602522630057
      vertex 152.00308028342656 -42.49558629118743 73.41856114285714
    endloop
  endfacet
  facet normal 0 0 -1
    outer loop
      vertex 44.48124063048365 -13.008759832065186 0
      vertex 45.04470574416651 -11.089773884836191 0
      vertex 45.85842310092816 -13.413137090998003 0
    endloop
  endfacet
  facet normal 0 0 -1
    outer loop
      vertex 45.88463940209973 -13.420834891568827 0
      vertex 45.85842310092816 -13.413137090998003 0
      vertex 45.04470574416651 -11.089773884836191 0
    endloop
  endfacet
  facet normal 0 0 -1
    outer loop
      vertex 45.88463940209973 -13.420834891568827 0
      vertex 45.04470574416651 -11.089773884836191 0
      vertex 45.85842310092816 -11.328702858545192 0
    endloop
  endfacet
  facet normal 0 0 -1
    outer loop
      vertex 45.88463940209973 -13.420834891568827 0
      vertex 45.85842310092816 -11.328702858545192 0
      vertex 46.93361064994687 -11.644406407814555 0
    endloop
  endfacet
  facet normal 0 0 -1
    outer loop
      vertex 65.10546902678634 -16.98014545317861 0
      vertex 65.09625902012594 -16.978371981351273 0
      vertex 65.09625902012594 -16.97744115122298 0
    endloop
  endfacet
  facet normal 0 0 -1
    outer loop
      vertex 65.10546902678634 -16.98014545317861 0
      vertex 65.09625902012594 -17.011511855332007 0
      vertex 65.09625902012594 -16.978371981351273 0
    endloop
  endfacet
  facet normal 0 0 1
    outer loop
      vertex 151.3523944598193 -44.38896192724973 73.41856114285714
      vertex 151.4396151697437 -44.414572238416426 73.41856114285714
      vertex 151.91585957350216 -42.469975980020735 73.41856114285714
    endloop
  endfacet
  facet normal 0 0 1
    outer loop
      vertex 151.4396151697437 -44.414572238416426 73.41856114285714
      vertex 152.00308028342656 -42.49558629118743 73.41856114285714
      vertex 151.91585957350216 -42.469975980020735 73.41856114285714
    endloop
  endfacet
  facet normal 0 0 -1
    outer loop
      vertex 45.85842310092816 -13.465232089523909 0
      vertex 45.85842310092816 -13.413137090998003 0
      vertex 45.88463940209973 -13.420834891568827 0
    endloop
  endfacet
  facet normal -0.565925018032519 0 0.8244567144276848
    outer loop
      vertex 45.85842310092816 -13.465232089523909 0
      vertex 57.51306550983202 -16.835248867975203 8
      vertex 45.85842310092816 -13.413137090998003 0
    endloop
  endfacet
  facet normal -0.5659250180325179 0 0.8244567144276855
    outer loop
      vertex 57.51306550983202 -16.835248867975203 8
      vertex 45.85842310092816 -13.413137090998003 0
      vertex 45.85842310092816 -13.465232089523909 0
    endloop
  endfacet
  facet normal -0.281732251394923 -0.9594930633016311 1.776356839400399e-14
    outer loop
      vertex 57.51306550983202 -16.887339836467397 8
      vertex 45.85842310092816 -13.465232089523909 0
      vertex 45.906397754093234 -13.479318702093654 0
    endloop
  endfacet
  facet normal -0.281732251394923 -0.9594930633016311 2.282896094385669e-14
    outer loop
      vertex 45.85842310092816 -13.465232089523909 0
      vertex 45.906397754093234 -13.479318702093654 0
      vertex 57.51306550983202 -16.887339836467397 8
    endloop
  endfacet
  facet normal -0.2817322513949085 -0.9594930633016354 -6.661338147750939e-17
    outer loop
      vertex 57.51306550983202 -16.887339836467397 8
      vertex 45.906397754093234 -13.479318702093654 0
      vertex 65.09625902012594 -19.113963729991823 0
    endloop
  endfacet
  facet normal -0.5659250180325185 0 0.8244567144276851
    outer loop
      vertex 45.85842310092816 -13.465232089523909 0
      vertex 57.51306550983202 -16.887339836467397 8
      vertex 57.51306550983202 -16.835248867975203 8
    endloop
  endfacet
  facet normal -0.5659250180325189 0 0.8244567144276848
    outer loop
      vertex 57.51306550983202 -16.887339836467397 8
      vertex 57.51306550983202 -16.835248867975203 8
      vertex 45.85842310092816 -13.465232089523909 0
    endloop
  endfacet
  facet normal -0.2817322513948638 -0.9594930633016484 -7.04313724673011e-14
    outer loop
      vertex 57.51306550983202 -16.887339836467397 8
      vertex 45.906397754093234 -13.479318702093654 0
      vertex 57.561039073597506 -16.901426129160935 8
    endloop
  endfacet
  facet normal 0 0 -1
    outer loop
      vertex 45.85842310092816 -13.465232089523909 0
      vertex 56.81662408034231 -1.5382187827597087 0
      vertex 45.906397754093234 -13.479318702093654 0
    endloop
  endfacet
  facet normal 0 0 -1
    outer loop
      vertex 45.85842310092816 -13.465232089523909 0
      vertex 45.88463940209973 -13.420834891568827 0
      vertex 56.135251876282695 0.7079643498754161 0
    endloop
  endfacet
  facet normal 0 0 -1
    outer loop
      vertex 46.93361064994687 -11.644406407814555 0
      vertex 45.85842310092816 -11.328702858545192 0
      vertex 45.85842310092816 11.328702858545183 0
    endloop
  endfacet
  facet normal 0 0 -1
    outer loop
      vertex 45.88463940209973 -13.420834891568827 0
      vertex 46.93361064994687 -11.644406407814555 0
      vertex 56.135251876282695 0.7079643498754161 0
    endloop
  endfacet
  facet normal 0 0 -1
    outer loop
      vertex 56.81662408034231 -1.5382187827597087 0
      vertex 65.09625902012594 -19.113963729991823 0
      vertex 45.906397754093234 -13.479318702093654 0
    endloop
  endfacet
  facet normal -0.565925018032519 0 0.8244567144276848
    outer loop
      vertex 57.51306550983202 -14.750814635522392 8
      vertex 57.51306550983202 -1.8173635437064115 8
      vertex 45.85842310092816 -11.328702858545192 0
    endloop
  endfacet
  facet normal -0.565925018032519 0 0.8244567144276848
    outer loop
      vertex 57.51306550983202 -14.750814635522392 8
      vertex 57.51306550983202 -1.8173635437064115 8
      vertex 45.85842310092816 -11.328702858545192 0
    endloop
  endfacet
  facet normal 0 0 -1
    outer loop
      vertex 45.85842310092816 -13.465232089523909 0
      vertex 56.135251876282695 -0.7079643498754161 0
      vertex 56.30621022866887 -1.027804931086264 0
    endloop
  endfacet
  facet normal 0 0 -1
    outer loop
      vertex 45.85842310092816 -13.465232089523909 0
      vertex 56.53628146623346 -1.308147545195113 0
      vertex 56.81662408034231 -1.5382187827597087 0
    endloop
  endfacet
  facet normal 0 0 -1
    outer loop
      vertex 45.85842310092816 -13.465232089523909 0
      vertex 56.30621022866887 -1.027804931086264 0
      vertex 56.53628146623346 -1.308147545195113 0
    endloop
  endfacet
  facet normal 0 0 -1
    outer loop
      vertex 45.85842310092816 -13.465232089523909 0
      vertex 56.029976242682594 -0.36091709572983727 0
      vertex 56.135251876282695 -0.7079643498754161 0
    endloop
  endfacet
  facet normal 0 0 -1
    outer loop
      vertex 45.85842310092816 -13.465232089523909 0
      vertex 55.99442901142857 0 0
      vertex 56.029976242682594 -0.36091709572983727 0
    endloop
  endfacet
  facet normal 0 0 -1
    outer loop
      vertex 45.85842310092816 -13.465232089523909 0
      vertex 56.029976242682594 0.36091709572983727 0
      vertex 55.99442901142857 0 0
    endloop
  endfacet
  facet normal 0 0 -1
    outer loop
      vertex 45.85842310092816 -13.465232089523909 0
      vertex 56.135251876282695 0.7079643498754161 0
      vertex 56.029976242682594 0.36091709572983727 0
    endloop
  endfacet
  facet normal -0.5659250180325197 0 0.8244567144276844
    outer loop
      vertex 45.85842310092816 -11.328702858545192 0
      vertex 56.30621022866887 -1.027804931086264 7.171588289836405
      vertex 56.135251876282695 -0.7079643498754161 7.054238758970961
    endloop
  endfacet
  facet normal -0.5659250180325186 -4.663968244901615e-16 0.824456714427685
    outer loop
      vertex 56.30621022866887 -1.027804931086264 7.171588289836405
      vertex 56.135251876282695 -0.7079643498754161 7.054238758970961
      vertex 45.85842310092816 -11.328702858545192 0
    endloop
  endfacet
  facet normal -0.5659250180325177 0 0.8244567144276856
    outer loop
      vertex 45.85842310092816 -11.328702858545192 0
      vertex 56.81662408034231 -1.5382187827597087 7.5219474574645755
      vertex 56.53628146623346 -1.308147545195113 7.329514190601118
    endloop
  endfacet
  facet normal -0.5659250180325188 -3.4764744613460297e-16 0.8244567144276849
    outer loop
      vertex 56.81662408034231 -1.5382187827597087 7.5219474574645755
      vertex 56.53628146623346 -1.308147545195113 7.329514190601118
      vertex 45.85842310092816 -11.328702858545192 0
    endloop
  endfacet
  facet normal -0.5659250180325202 0 0.8244567144276842
    outer loop
      vertex 45.85842310092816 -11.328702858545192 0
      vertex 56.53628146623346 -1.308147545195113 7.329514190601118
      vertex 56.30621022866887 -1.027804931086264 7.171588289836405
    endloop
  endfacet
  facet normal -0.5659250180325194 4.491234068811926e-16 0.8244567144276846
    outer loop
      vertex 56.30621022866887 -1.027804931086264 7.171588289836405
      vertex 45.85842310092816 -11.328702858545192 0
      vertex 56.53628146623346 -1.308147545195113 7.329514190601118
    endloop
  endfacet
  facet normal -0.5659250180325203 0 0.8244567144276839
    outer loop
      vertex 45.85842310092816 -11.328702858545192 0
      vertex 56.135251876282695 -0.7079643498754161 7.054238758970961
      vertex 56.029976242682594 -0.36091709572983727 6.981975274665567
    endloop
  endfacet
  facet normal -0.565925018032519 -1.953893655424714e-17 0.8244567144276849
    outer loop
      vertex 56.135251876282695 -0.7079643498754161 7.054238758970961
      vertex 56.029976242682594 -0.36091709572983727 6.981975274665567
      vertex 45.85842310092816 -11.328702858545192 0
    endloop
  endfacet
  facet normal -0.5659250180325196 0 0.8244567144276844
    outer loop
      vertex 45.85842310092816 -11.328702858545192 0
      vertex 56.029976242682594 -0.36091709572983727 6.981975274665567
      vertex 55.99442901142857 0 6.9575748820962575
    endloop
  endfacet
  facet normal -0.5659250180325197 8.959552404231858e-16 0.8244567144276844
    outer loop
      vertex 56.029976242682594 -0.36091709572983727 6.981975274665567
      vertex 55.99442901142857 0 6.9575748820962575
      vertex 45.85842310092816 -11.328702858545192 0
    endloop
  endfacet
  facet normal -0.5659250180325183 0 0.8244567144276852
    outer loop
      vertex 45.85842310092816 -11.328702858545192 0
      vertex 57.136464661553156 -1.7091771351458807 7.741492987899038
      vertex 56.81662408034231 -1.5382187827597087 7.5219474574645755
    endloop
  endfacet
  facet normal -0.5659250180325192 2.1946914261718497e-16 0.8244567144276846
    outer loop
      vertex 56.81662408034231 -1.5382187827597087 7.5219474574645755
      vertex 45.85842310092816 -11.328702858545192 0
      vertex 57.136464661553156 -1.7091771351458807 7.741492987899038
    endloop
  endfacet
  facet normal -0.5659250180325172 0 0.8244567144276862
    outer loop
      vertex 45.85842310092816 -11.328702858545192 0
      vertex 57.483511915698735 -1.8144527687459764 7.979713770292459
      vertex 57.136464661553156 -1.7091771351458807 7.741492987899038
    endloop
  endfacet
  facet normal -0.5659250180325183 -1.2944018894196626e-15 0.8244567144276853
    outer loop
      vertex 57.136464661553156 -1.7091771351458807 7.741492987899038
      vertex 45.85842310092816 -11.328702858545192 0
      vertex 57.483511915698735 -1.8144527687459764 7.979713770292459
    endloop
  endfacet
  facet normal 0 0 0
    outer loop
      vertex 45.85842310092816 -11.328702858545192 0
      vertex 57.51306550983202 -1.8173635437064115 8
      vertex 57.51306550983202 -1.8173635437064115 8
    endloop
  endfacet
  facet normal -0.5659250180325252 0 0.8244567144276806
    outer loop
      vertex 45.85842310092816 -11.328702858545192 0
      vertex 57.51306550983202 -1.8173635437064115 8
      vertex 57.483511915698735 -1.8144527687459764 7.979713770292459
    endloop
  endfacet
  facet normal -0.5659250180325249 1.0605598108353296e-14 0.8244567144276808
    outer loop
      vertex 57.483511915698735 -1.8144527687459764 7.979713770292459
      vertex 45.85842310092816 -11.328702858545192 0
      vertex 57.51306550983202 -1.8173635437064115 8
    endloop
  endfacet
  facet normal 0 0 1
    outer loop
      vertex 57.51306550983202 -16.887339836467397 8
      vertex 65.09625902012594 -19.06187538367579 8
      vertex 57.51306550983202 -16.835248867975203 8
    endloop
  endfacet
  facet normal -0.2817322513949085 -0.9594930633016355 0
    outer loop
      vertex 57.51306550983202 -16.887339836467397 8
      vertex 65.09625902012594 -19.113963729991823 0
      vertex 65.09625902012594 -19.113963729991823 8
    endloop
  endfacet
  facet normal 0 0 1
    outer loop
      vertex 57.51306550983202 -16.887339836467397 8
      vertex 65.09625902012594 -19.113963729991823 8
      vertex 65.09625902012594 -19.06187538367579 8
    endloop
  endfacet
  facet normal 0 0 -1
    outer loop
      vertex 65.09625902012594 -19.113963729991823 0
      vertex 59.65888178017455 -0.36091709572983727 0
      vertex 65.09625902012594 -17.011511855332007 0
    endloop
  endfacet
  facet normal 0 0 1
    outer loop
      vertex 57.51306550983202 -16.887339836467397 8
      vertex 57.561039073597506 -16.901426129160935 8
      vertex 57.561039073597506 -16.849335177257416 8
    endloop
  endfacet
  facet normal 0 0 1
    outer loop
      vertex 57.51306550983202 -16.887339836467397 8
      vertex 57.561039073597506 -16.849335177257416 8
      vertex 57.51306550983202 -16.835248867975203 8
    endloop
  endfacet
  facet normal 1 0 0
    outer loop
      vertex 65.09625902012594 -19.113963729991823 0
      vertex 65.09625902012594 -17.011511855332007 0
      vertex 65.09625902012594 -19.06187538367579 0.3804527942665533
    endloop
  endfacet
  facet normal 1 0 0
    outer loop
      vertex 65.09625902012594 -19.113963729991823 0
      vertex 65.09625902012594 -19.06187538367579 0.3804527942665533
      vertex 65.09625902012594 -19.113963729991823 8
    endloop
  endfacet
  facet normal 1 0 0
    outer loop
      vertex 65.09625902012594 -19.06187538367579 0.3804527942665533
      vertex 65.09625902012594 -19.06187538367579 8
      vertex 65.09625902012594 -19.113963729991823 8
    endloop
  endfacet
  facet normal 0 0 -1
    outer loop
      vertex 56.81662408034231 -1.5382187827597087 0
      vertex 57.136464661553156 -1.7091771351458807 0
      vertex 65.09625902012594 -19.113963729991823 0
    endloop
  endfacet
  facet normal 0 0 -1
    outer loop
      vertex 57.136464661553156 -1.7091771351458807 0
      vertex 57.483511915698735 -1.8144527687459764 0
      vertex 65.09625902012594 -19.113963729991823 0
    endloop
  endfacet
  facet normal 0 0 -1
    outer loop
      vertex 57.483511915698735 -1.8144527687459764 0
      vertex 57.84442901142857 -1.85 0
      vertex 65.09625902012594 -19.113963729991823 0
    endloop
  endfacet
  facet normal 0 0 -1
    outer loop
      vertex 57.84442901142857 -1.85 0
      vertex 58.20534610715841 -1.8144527687459764 0
      vertex 65.09625902012594 -19.113963729991823 0
    endloop
  endfacet
  facet normal 0 0 -1
    outer loop
      vertex 65.09625902012594 -16.97744115122298 0
      vertex 65.09625902012594 -16.978371981351273 0
      vertex 59.65888178017455 -0.36091709572983727 0
    endloop
  endfacet
  facet normal 0 0 -1
    outer loop
      vertex 65.09625902012594 -17.011511855332007 0
      vertex 59.65888178017455 -0.36091709572983727 0
      vertex 65.09625902012594 -16.978371981351273 0
    endloop
  endfacet
  facet normal 0 0 -1
    outer loop
      vertex 58.20534610715841 -1.8144527687459764 0
      vertex 58.55239336130399 -1.7091771351458807 0
      vertex 65.09625902012594 -19.113963729991823 0
    endloop
  endfacet
  facet normal 0 0 -1
    outer loop
      vertex 58.55239336130399 -1.7091771351458807 0
      vertex 58.87223394251484 -1.5382187827597087 0
      vertex 65.09625902012594 -19.113963729991823 0
    endloop
  endfacet
  facet normal 0 0 -1
    outer loop
      vertex 65.09625902012594 -19.113963729991823 0
      vertex 58.87223394251484 -1.5382187827597087 0
      vertex 59.152576556623686 -1.308147545195113 0
    endloop
  endfacet
  facet normal 0 0 -1
    outer loop
      vertex 65.09625902012594 -19.113963729991823 0
      vertex 59.152576556623686 -1.308147545195113 0
      vertex 59.38264779418828 -1.027804931086264 0
    endloop
  endfacet
  facet normal 0 0 -1
    outer loop
      vertex 65.09625902012594 -19.113963729991823 0
      vertex 59.38264779418828 -1.027804931086264 0
      vertex 59.55360614657445 -0.7079643498754161 0
    endloop
  endfacet
  facet normal 0 0 -1
    outer loop
      vertex 65.09625902012594 -19.113963729991823 0
      vertex 59.55360614657445 -0.7079643498754161 0
      vertex 59.65888178017455 -0.36091709572983727 0
    endloop
  endfacet
  facet normal 0 0 1
    outer loop
      vertex 57.51306550983202 -14.750814635522392 8
      vertex 57.561039073597506 -14.764900944804607 8
      vertex 57.561039073597506 -1.8220885273257186 8
    endloop
  endfacet
  facet normal 0 0 1
    outer loop
      vertex 57.51306550983202 -14.750814635522392 8
      vertex 57.561039073597506 -14.764900944804607 8
      vertex 58.20534610715841 -1.8144527687459764 8
    endloop
  endfacet
  facet normal 0 0 1
    outer loop
      vertex 57.561039073597506 -14.764900944804607 8
      vertex 65.09625902012594 -16.97744115122298 8
      vertex 58.20534610715841 -1.8144527687459764 8
    endloop
  endfacet
  facet normal 0 0 1
    outer loop
      vertex 57.51306550983202 -14.750814635522392 8
      vertex 57.84442901142857 -1.85 8
      vertex 57.51306550983202 -1.8173635437064115 8
    endloop
  endfacet
  facet normal 0 0 0
    outer loop
      vertex 57.51306550983202 -14.750814635522392 8
      vertex 57.51306550983202 -1.8173635437064115 8
      vertex 57.51306550983202 -1.8173635437064115 8
    endloop
  endfacet
  facet normal 0 0 1
    outer loop
      vertex 57.51306550983202 -14.750814635522392 8
      vertex 57.561039073597506 -1.8220885273257186 8
      vertex 57.51306550983202 -1.8173635437064115 8
    endloop
  endfacet
  facet normal 0 0 1
    outer loop
      vertex 57.51306550983202 -14.750814635522392 8
      vertex 58.20534610715841 -1.8144527687459764 8
      vertex 57.84442901142857 -1.85 8
    endloop
  endfacet
  facet normal 0 0 1
    outer loop
      vertex 58.20534610715841 -1.8144527687459764 8
      vertex 65.09625902012594 -16.97744115122298 8
      vertex 58.55239336130399 -1.7091771351458807 8
    endloop
  endfacet
  facet normal 0 0 1
    outer loop
      vertex 58.55239336130399 -1.7091771351458807 8
      vertex 65.09625902012594 -16.97744115122298 8
      vertex 58.87223394251484 -1.5382187827597087 8
    endloop
  endfacet
  facet normal 0 0 1
    outer loop
      vertex 65.09625902012594 -16.97744115122298 8
      vertex 59.152576556623686 -1.308147545195113 8
      vertex 58.87223394251484 -1.5382187827597087 8
    endloop
  endfacet
  facet normal 0 0 1
    outer loop
      vertex 65.09625902012594 -16.97744115122298 8
      vertex 59.38264779418828 -1.027804931086264 8
      vertex 59.152576556623686 -1.308147545195113 8
    endloop
  endfacet
  facet normal 0 0 1
    outer loop
      vertex 65.09625902012594 -16.97744115122298 8
      vertex 59.55360614657445 -0.7079643498754161 8
      vertex 59.38264779418828 -1.027804931086264 8
    endloop
  endfacet
  facet normal 0 0 1
    outer loop
      vertex 65.09625902012594 -16.97744115122298 8
      vertex 59.65888178017455 -0.36091709572983727 8
      vertex 59.55360614657445 -0.7079643498754161 8
    endloop
  endfacet
  facet normal 0 0 1
    outer loop
      vertex 65.09625902012594 -16.97744115122298 8
      vertex 59.694429011428575 0 8
      vertex 59.65888178017455 -0.36091709572983727 8
    endloop
  endfacet
  facet normal 0 0 -1
    outer loop
      vertex 65.09625902012594 -16.97744115122298 0
      vertex 59.65888178017455 -0.36091709572983727 0
      vertex 65.09625902012594 16.97744115122297 0
    endloop
  endfacet
  facet normal 0 0 1
    outer loop
      vertex 65.09625902012594 -16.97744115122298 8
      vertex 59.65888178017455 0.36091709572983727 8
      vertex 59.694429011428575 0 8
    endloop
  endfacet
  facet normal 0 0 1
    outer loop
      vertex 65.09625902012594 -16.97744115122298 8
      vertex 57.51306550983202 14.750814635522381 8
      vertex 59.65888178017455 0.36091709572983727 8
    endloop
  endfacet
  facet normal 1 0 0
    outer loop
      vertex 65.09625902012594 -16.97744115122298 0
      vertex 65.09625902012594 16.97744115122297 0
      vertex 65.09625902012594 -16.97744115122298 8
    endloop
  endfacet
  facet normal -0.5659250180325189 0 0.8244567144276848
    outer loop
      vertex 45.85842310092816 -11.328702858545192 0
      vertex 55.99442901142857 0 6.9575748820962575
      vertex 45.85842310092816 11.328702858545183 0
    endloop
  endfacet
  facet normal -0.565925018032519 0 0.8244567144276849
    outer loop
      vertex 55.99442901142857 0 6.9575748820962575
      vertex 45.85842310092816 11.328702858545183 0
      vertex 45.85842310092816 -11.328702858545192 0
    endloop
  endfacet
  facet normal 0 0 -1
    outer loop
      vertex 46.93361064994687 -11.644406407814555 0
      vertex 45.85842310092816 11.328702858545183 0
      vertex 63.57002907148671 16.529299603986527 0
    endloop
  endfacet
  facet normal 0 0 -1
    outer loop
      vertex 46.93361064994687 -11.644406407814555 0
      vertex 63.57002907148671 16.529299603986527 0
      vertex 56.135251876282695 0.7079643498754161 0
    endloop
  endfacet
  facet normal -0.5659250180325216 0 0.8244567144276831
    outer loop
      vertex 45.85842310092816 11.328702858545183 0
      vertex 55.99442901142857 0 6.9575748820962575
      vertex 56.029976242682594 0.36091709572983727 6.981975274665567
    endloop
  endfacet
  facet normal -0.5659250180325197 -8.90320301804172e-16 0.8244567144276844
    outer loop
      vertex 55.99442901142857 0 6.9575748820962575
      vertex 56.029976242682594 0.36091709572983727 6.981975274665567
      vertex 45.85842310092816 11.328702858545183 0
    endloop
  endfacet
  facet normal -0.5659250180325192 0 0.8244567144276848
    outer loop
      vertex 45.85842310092816 11.328702858545183 0
      vertex 56.029976242682594 0.36091709572983727 6.981975274665567
      vertex 56.135251876282695 0.7079643498754161 7.054238758970961
    endloop
  endfacet
  facet normal -0.565925018032519 3.907787310849429e-17 0.8244567144276848
    outer loop
      vertex 56.029976242682594 0.36091709572983727 6.981975274665567
      vertex 56.135251876282695 0.7079643498754161 7.054238758970961
      vertex 45.85842310092816 11.328702858545183 0
    endloop
  endfacet
  facet normal -0.5659250180325182 0 0.8244567144276855
    outer loop
      vertex 45.85842310092816 11.328702858545183 0
      vertex 56.135251876282695 0.7079643498754161 7.054238758970961
      vertex 56.30621022866887 1.027804931086264 7.171588289836405
    endloop
  endfacet
  facet normal -0.5659250180325186 5.022735032970972e-16 0.8244567144276851
    outer loop
      vertex 56.135251876282695 0.7079643498754161 7.054238758970961
      vertex 56.30621022866887 1.027804931086264 7.171588289836405
      vertex 45.85842310092816 11.328702858545183 0
    endloop
  endfacet
  facet normal -0.565925018032519 0 0.8244567144276848
    outer loop
      vertex 45.85842310092816 11.328702858545183 0
      vertex 56.30621022866887 1.027804931086264 7.171588289836405
      vertex 56.53628146623346 1.308147545195113 7.329514190601118
    endloop
  endfacet
  facet normal -0.5659250180325194 -4.491234068811928e-16 0.8244567144276848
    outer loop
      vertex 56.30621022866887 1.027804931086264 7.171588289836405
      vertex 56.53628146623346 1.308147545195113 7.329514190601118
      vertex 45.85842310092816 11.328702858545183 0
    endloop
  endfacet
  facet normal -0.5659250180325183 0 0.8244567144276853
    outer loop
      vertex 45.85842310092816 11.328702858545183 0
      vertex 56.53628146623346 1.308147545195113 7.329514190601118
      vertex 56.81662408034231 1.5382187827597087 7.5219474574645755
    endloop
  endfacet
  facet normal -0.5659250180325187 3.476474461346031e-16 0.8244567144276851
    outer loop
      vertex 56.53628146623346 1.308147545195113 7.329514190601118
      vertex 56.81662408034231 1.5382187827597087 7.5219474574645755
      vertex 45.85842310092816 11.328702858545183 0
    endloop
  endfacet
  facet normal -0.5659250180325195 0 0.8244567144276845
    outer loop
      vertex 45.85842310092816 11.328702858545183 0
      vertex 56.81662408034231 1.5382187827597087 7.5219474574645755
      vertex 57.136464661553156 1.7091771351458807 7.741492987899038
    endloop
  endfacet
  facet normal -0.5659250180325192 -2.194691426171851e-16 0.8244567144276846
    outer loop
      vertex 56.81662408034231 1.5382187827597087 7.5219474574645755
      vertex 57.136464661553156 1.7091771351458807 7.741492987899038
      vertex 45.85842310092816 11.328702858545183 0
    endloop
  endfacet
  facet normal -0.5659250180325184 0 0.8244567144276853
    outer loop
      vertex 45.85842310092816 11.328702858545183 0
      vertex 57.136464661553156 1.7091771351458807 7.741492987899038
      vertex 57.483511915698735 1.8144527687459764 7.979713770292459
    endloop
  endfacet
  facet normal -0.5659250180325183 1.2944018894196638e-15 0.8244567144276853
    outer loop
      vertex 57.136464661553156 1.7091771351458807 7.741492987899038
      vertex 57.483511915698735 1.8144527687459764 7.979713770292459
      vertex 45.85842310092816 11.328702858545183 0
    endloop
  endfacet
  facet normal -0.5659250180325252 0 0.8244567144276806
    outer loop
      vertex 45.85842310092816 11.328702858545183 0
      vertex 57.483511915698735 1.8144527687459764 7.979713770292459
      vertex 57.51306550983202 1.8173635437064115 8
    endloop
  endfacet
  facet normal -0.5659250180325248 -1.0605598108353304e-14 0.8244567144276806
    outer loop
      vertex 57.483511915698735 1.8144527687459764 7.979713770292459
      vertex 57.51306550983202 1.8173635437064115 8
      vertex 45.85842310092816 11.328702858545183 0
    endloop
  endfacet
  facet normal -0.565925018032519 0 0.8244567144276849
    outer loop
      vertex 45.85842310092816 11.328702858545183 0
      vertex 57.51306550983202 1.8173635437064115 8
      vertex 57.51306550983202 14.750814635522381 8
    endloop
  endfacet
  facet normal -0.565925018032519 0 0.8244567144276849
    outer loop
      vertex 57.51306550983202 1.8173635437064115 8
      vertex 57.51306550983202 14.750814635522381 8
      vertex 45.85842310092816 11.328702858545183 0
    endloop
  endfacet
  facet normal 0 0 -1
    outer loop
      vertex 45.85842310092816 11.415696466545562 0
      vertex 45.85842310092816 13.413137090997994 0
      vertex 63.57002907148671 16.529299603986527 0
    endloop
  endfacet
  facet normal 0 0 -1
    outer loop
      vertex 45.85842310092816 13.413137090997994 0
      vertex 45.85842310092816 13.465232089523925 0
      vertex 63.57002907148671 16.529299603986527 0
    endloop
  endfacet
  facet normal 0 0 -1
    outer loop
      vertex 45.85842310092816 13.465232089523925 0
      vertex 45.906397754093234 13.47931870209367 0
      vertex 63.57002907148671 16.529299603986527 0
    endloop
  endfacet
  facet normal -0.565925018032519 0 0.8244567144276849
    outer loop
      vertex 45.85842310092816 13.413137090997994 0
      vertex 57.51306550983202 16.88733983646742 8
      vertex 45.85842310092816 13.465232089523925 0
    endloop
  endfacet
  facet normal -0.5659250180325215 0 0.8244567144276832
    outer loop
      vertex 57.51306550983202 16.88733983646742 8
      vertex 45.85842310092816 13.465232089523925 0
      vertex 45.85842310092816 13.413137090997994 0
    endloop
  endfacet
  facet normal -0.281732251394923 0.9594930633016311 2.2204460492504986e-14
    outer loop
      vertex 45.85842310092816 13.465232089523925 0
      vertex 57.51306550983202 16.88733983646742 8
      vertex 45.906397754093234 13.47931870209367 0
    endloop
  endfacet
  facet normal -0.281732251394923 0.9594930633016311 1.776356839400399e-14
    outer loop
      vertex 57.51306550983202 16.88733983646742 8
      vertex 45.906397754093234 13.47931870209367 0
      vertex 45.85842310092816 13.465232089523925 0
    endloop
  endfacet
  facet normal -0.2817322513949089 0.9594930633016352 -6.661338147750938e-17
    outer loop
      vertex 57.51306550983202 16.88733983646742 8
      vertex 65.09625902012594 19.11396372999185 0
      vertex 45.906397754093234 13.47931870209367 0
    endloop
  endfacet
  facet normal -0.5659250180325206 0 0.8244567144276838
    outer loop
      vertex 45.85842310092816 13.413137090997994 0
      vertex 57.51306550983202 16.835248867975192 8
      vertex 57.51306550983202 16.88733983646742 8
    endloop
  endfacet
  facet normal -0.565925018032519 0 0.8244567144276849
    outer loop
      vertex 57.51306550983202 16.835248867975192 8
      vertex 57.51306550983202 16.88733983646742 8
      vertex 45.85842310092816 13.413137090997994 0
    endloop
  endfacet
  facet normal -0.28173225139492925 0.9594930633016293 3.1989027297955815e-14
    outer loop
      vertex 57.51306550983202 16.88733983646742 8
      vertex 57.561039073597506 16.90142612916096 8
      vertex 45.906397754093234 13.47931870209367 0
    endloop
  endfacet
  facet normal 0 0 1
    outer loop
      vertex 57.51306550983202 14.750814635522381 8
      vertex 59.55360614657445 0.7079643498754161 8
      vertex 59.65888178017455 0.36091709572983727 8
    endloop
  endfacet
  facet normal 0 0 1
    outer loop
      vertex 57.51306550983202 14.750814635522381 8
      vertex 59.38264779418828 1.027804931086264 8
      vertex 59.55360614657445 0.7079643498754161 8
    endloop
  endfacet
  facet normal 0 0 1
    outer loop
      vertex 57.51306550983202 14.750814635522381 8
      vertex 59.152576556623686 1.308147545195113 8
      vertex 59.38264779418828 1.027804931086264 8
    endloop
  endfacet
  facet normal 0 0 1
    outer loop
      vertex 65.09625902012594 -16.97744115122298 8
      vertex 65.09625902012594 16.97744115122297 8
      vertex 57.51306550983202 14.750814635522381 8
    endloop
  endfacet
  facet normal 0 0 -1
    outer loop
      vertex 56.135251876282695 0.7079643498754161 0
      vertex 65.09625902012594 19.11396372999185 0
      vertex 56.30621022866887 1.027804931086264 0
    endloop
  endfacet
  facet normal 0 0 -1
    outer loop
      vertex 56.30621022866887 1.027804931086264 0
      vertex 65.09625902012594 19.11396372999185 0
      vertex 56.53628146623346 1.308147545195113 0
    endloop
  endfacet
  facet normal 0 0 -1
    outer loop
      vertex 56.53628146623346 1.308147545195113 0
      vertex 65.09625902012594 19.11396372999185 0
      vertex 56.81662408034231 1.5382187827597087 0
    endloop
  endfacet
  facet normal 0 0 -1
    outer loop
      vertex 56.81662408034231 1.5382187827597087 0
      vertex 65.09625902012594 19.11396372999185 0
      vertex 57.136464661553156 1.7091771351458807 0
    endloop
  endfacet
  facet normal 0 0 -1
    outer loop
      vertex 57.136464661553156 1.7091771351458807 0
      vertex 65.09625902012594 19.11396372999185 0
      vertex 57.483511915698735 1.8144527687459764 0
    endloop
  endfacet
  facet normal 0 0 -1
    outer loop
      vertex 57.483511915698735 1.8144527687459764 0
      vertex 65.09625902012594 19.11396372999185 0
      vertex 57.84442901142857 1.85 0
    endloop
  endfacet
  facet normal 0 0 -1
    outer loop
      vertex 57.84442901142857 1.85 0
      vertex 65.09625902012594 19.11396372999185 0
      vertex 58.20534610715841 1.8144527687459764 0
    endloop
  endfacet
  facet normal 0 0 -1
    outer loop
      vertex 59.38264779418828 1.027804931086264 0
      vertex 65.09625902012594 19.11396372999185 0
      vertex 59.55360614657445 0.7079643498754161 0
    endloop
  endfacet
  facet normal 0 0 -1
    outer loop
      vertex 59.38264779418828 1.027804931086264 0
      vertex 59.152576556623686 1.308147545195113 0
      vertex 65.09625902012594 19.11396372999185 0
    endloop
  endfacet
  facet normal 0 0 -1
    outer loop
      vertex 59.65888178017455 -0.36091709572983727 0
      vertex 59.694429011428575 0 0
      vertex 65.09625902012594 19.11396372999185 0
    endloop
  endfacet
  facet normal 0 0 -1
    outer loop
      vertex 59.694429011428575 0 0
      vertex 59.65888178017455 0.36091709572983727 0
      vertex 65.09625902012594 19.11396372999185 0
    endloop
  endfacet
  facet normal 0 0 -1
    outer loop
      vertex 59.65888178017455 0.36091709572983727 0
      vertex 59.55360614657445 0.7079643498754161 0
      vertex 65.09625902012594 19.11396372999185 0
    endloop
  endfacet
  facet normal 0 0 -1
    outer loop
      vertex 58.20534610715841 1.8144527687459764 0
      vertex 65.09625902012594 19.11396372999185 0
      vertex 58.55239336130399 1.7091771351458807 0
    endloop
  endfacet
  facet normal 0 0 -1
    outer loop
      vertex 58.55239336130399 1.7091771351458807 0
      vertex 65.09625902012594 19.11396372999185 0
      vertex 58.87223394251484 1.5382187827597087 0
    endloop
  endfacet
  facet normal 0 0 -1
    outer loop
      vertex 59.152576556623686 1.308147545195113 0
      vertex 58.87223394251484 1.5382187827597087 0
      vertex 65.09625902012594 19.11396372999185 0
    endloop
  endfacet
  facet normal 0 0 -1
    outer loop
      vertex 59.65888178017455 -0.36091709572983727 0
      vertex 65.09625902012594 17.011511855331996 0
      vertex 65.09625902012594 16.97744115122297 0
    endloop
  endfacet
  facet normal 0 0 1
    outer loop
      vertex 57.51306550983202 1.8173635437064115 8
      vertex 57.561039073597506 1.8220885273257186 8
      vertex 57.561039073597506 14.764900944804596 8
    endloop
  endfacet
  facet normal 0 0 1
    outer loop
      vertex 57.51306550983202 1.8173635437064115 8
      vertex 57.84442901142857 1.85 8
      vertex 57.51306550983202 14.750814635522381 8
    endloop
  endfacet
  facet normal 0 0 1
    outer loop
      vertex 58.20534610715841 1.8144527687459764 8
      vertex 58.55239336130399 1.7091771351458807 8
      vertex 57.51306550983202 14.750814635522381 8
    endloop
  endfacet
  facet normal 0 0 1
    outer loop
      vertex 57.84442901142857 1.85 8
      vertex 58.20534610715841 1.8144527687459764 8
      vertex 57.51306550983202 14.750814635522381 8
    endloop
  endfacet
  facet normal 0 0 1
    outer loop
      vertex 58.55239336130399 1.7091771351458807 8
      vertex 58.87223394251484 1.5382187827597087 8
      vertex 57.51306550983202 14.750814635522381 8
    endloop
  endfacet
  facet normal 0 0 1
    outer loop
      vertex 57.51306550983202 14.750814635522381 8
      vertex 58.87223394251484 1.5382187827597087 8
      vertex 59.152576556623686 1.308147545195113 8
    endloop
  endfacet
  facet normal 0 0 1
    outer loop
      vertex 57.51306550983202 1.8173635437064115 8
      vertex 57.561039073597506 14.764900944804596 8
      vertex 57.51306550983202 14.750814635522381 8
    endloop
  endfacet
  facet normal 1 0 0
    outer loop
      vertex 65.09625902012594 -16.97744115122298 8
      vertex 65.09625902012594 16.97744115122297 0
      vertex 65.09625902012594 16.97744115122297 8
    endloop
  endfacet
  facet normal 0 0 -1
    outer loop
      vertex 45.906397754093234 13.47931870209367 0
      vertex 65.09625902012594 19.11396372999185 0
      vertex 63.57002907148671 16.529299603986527 0
    endloop
  endfacet
  facet normal 0 0 -1
    outer loop
      vertex 56.135251876282695 0.7079643498754161 0
      vertex 63.57002907148671 16.529299603986527 0
      vertex 65.09625902012594 19.11396372999185 0
    endloop
  endfacet
  facet normal 0 0 -1
    outer loop
      vertex 59.65888178017455 -0.36091709572983727 0
      vertex 65.09625902012594 19.11396372999185 0
      vertex 65.09625902012594 17.011511855331996 0
    endloop
  endfacet
  facet normal 0 0 1
    outer loop
      vertex 57.51306550983202 16.835248867975192 8
      vertex 57.561039073597506 16.84933517725741 8
      vertex 57.561039073597506 16.90142612916096 8
    endloop
  endfacet
  facet normal 0 0 1
    outer loop
      vertex 57.51306550983202 16.835248867975192 8
      vertex 57.561039073597506 16.90142612916096 8
      vertex 57.51306550983202 16.88733983646742 8
    endloop
  endfacet
  facet normal 0 0 1
    outer loop
      vertex 57.51306550983202 16.835248867975192 8
      vertex 65.09625902012594 19.11396372999185 8
      vertex 57.51306550983202 16.88733983646742 8
    endloop
  endfacet
  facet normal -0.2817322513949089 0.9594930633016353 0
    outer loop
      vertex 57.51306550983202 16.88733983646742 8
      vertex 65.09625902012594 19.11396372999185 8
      vertex 65.09625902012594 19.11396372999185 0
    endloop
  endfacet
  facet normal 0 0 1
    outer loop
      vertex 57.51306550983202 16.835248867975192 8
      vertex 65.09625902012594 19.06187538367578 8
      vertex 65.09625902012594 19.11396372999185 8
    endloop
  endfacet
  facet normal 1 0 0
    outer loop
      vertex 65.09625902012594 17.011511855331996 0
      vertex 65.09625902012594 19.11396372999185 0
      vertex 65.09625902012594 19.06187538367578 0.3804527942665533
    endloop
  endfacet
  facet normal 1 0 0
    outer loop
      vertex 65.09625902012594 19.11396372999185 0
      vertex 65.09625902012594 19.11396372999185 8
      vertex 65.09625902012594 19.06187538367578 0.3804527942665533
    endloop
  endfacet
  facet normal 1 0 0
    outer loop
      vertex 65.09625902012594 19.06187538367578 0.3804527942665533
      vertex 65.09625902012594 19.11396372999185 8
      vertex 65.09625902012594 19.06187538367578 8
    endloop
  endfacet
  facet normal 0.7730104533627391 0.634393284163643 0
    outer loop
      vertex 56.30621022866887 -1.027804931086264 0
      vertex 56.30621022866887 -1.027804931086264 7.171588289836405
      vertex 56.53628146623346 -1.308147545195113 0
    endloop
  endfacet
  facet normal 0.8819212643483543 0.47139673682599914 0
    outer loop
      vertex 56.30621022866887 -1.027804931086264 0
      vertex 56.135251876282695 -0.7079643498754161 0
      vertex 56.135251876282695 -0.7079643498754161 7.054238758970961
    endloop
  endfacet
  facet normal 0.6343932841636484 0.7730104533627346 0
    outer loop
      vertex 56.81662408034231 -1.5382187827597087 0
      vertex 56.53628146623346 -1.308147545195113 0
      vertex 56.53628146623346 -1.308147545195113 7.329514190601118
    endloop
  endfacet
  facet normal 0.9569403357322048 0.29028467725447554 0
    outer loop
      vertex 56.135251876282695 -0.7079643498754161 0
      vertex 56.029976242682594 -0.36091709572983727 0
      vertex 56.029976242682594 -0.36091709572983727 6.981975274665567
    endloop
  endfacet
  facet normal 0.9951847266721974 0.09801714032955464 0
    outer loop
      vertex 56.029976242682594 -0.36091709572983727 0
      vertex 55.99442901142857 0 0
      vertex 55.99442901142857 0 6.9575748820962575
    endloop
  endfacet
  facet normal 0.6343932841636485 0.7730104533627346 0
    outer loop
      vertex 56.81662408034231 -1.5382187827597087 0
      vertex 56.53628146623346 -1.308147545195113 7.329514190601118
      vertex 56.81662408034231 -1.5382187827597087 7.5219474574645755
    endloop
  endfacet
  facet normal 0.8819212643483544 0.47139673682599914 0
    outer loop
      vertex 56.30621022866887 -1.027804931086264 0
      vertex 56.135251876282695 -0.7079643498754161 7.054238758970961
      vertex 56.30621022866887 -1.027804931086264 7.171588289836405
    endloop
  endfacet
  facet normal 0.773010453362739 0.6343932841636428 0
    outer loop
      vertex 56.53628146623346 -1.308147545195113 0
      vertex 56.30621022866887 -1.027804931086264 7.171588289836405
      vertex 56.53628146623346 -1.308147545195113 7.329514190601118
    endloop
  endfacet
  facet normal 0.9569403357322048 0.2902846772544755 0
    outer loop
      vertex 56.135251876282695 -0.7079643498754161 0
      vertex 56.029976242682594 -0.36091709572983727 6.981975274665567
      vertex 56.135251876282695 -0.7079643498754161 7.054238758970961
    endloop
  endfacet
  facet normal 0.9951847266721975 0.09801714032955464 0
    outer loop
      vertex 56.029976242682594 -0.36091709572983727 0
      vertex 55.99442901142857 0 6.9575748820962575
      vertex 56.029976242682594 -0.36091709572983727 6.981975274665567
    endloop
  endfacet
  facet normal 0.6343932841636485 0.7730104533627347 0
    outer loop
      vertex 56.81662408034231 -1.5382187827597087 7.5219474574645755
      vertex 56.81662408034231 -1.5382187827597087 7.489017312263809
      vertex 56.53628146623346 -1.308147545195113 7.329514190601118
    endloop
  endfacet
  facet normal 0.7730104533627391 0.6343932841636429 0
    outer loop
      vertex 56.30621022866887 -1.027804931086264 7.171588289836405
      vertex 56.53628146623346 -1.308147545195113 7.2965840274129485
      vertex 56.30621022866887 -1.027804931086264 7.138658111886357
    endloop
  endfacet
  facet normal 0.8819212643483543 0.47139673682599914 0
    outer loop
      vertex 56.135251876282695 -0.7079643498754161 7.054238758970961
      vertex 56.30621022866887 -1.027804931086264 7.138658111886357
      vertex 56.135251876282695 -0.7079643498754161 7.021308570051846
    endloop
  endfacet
  facet normal 0.8819212643483543 0.47139673682599914 0
    outer loop
      vertex 56.30621022866887 -1.027804931086264 7.171588289836405
      vertex 56.30621022866887 -1.027804931086264 7.138658111886357
      vertex 56.135251876282695 -0.7079643498754161 7.054238758970961
    endloop
  endfacet
  facet normal 0.6343932841636484 0.7730104533627346 0
    outer loop
      vertex 56.53628146623346 -1.308147545195113 7.329514190601118
      vertex 56.81662408034231 -1.5382187827597087 7.489017312263809
      vertex 56.53628146623346 -1.308147545195113 7.2965840274129485
    endloop
  endfacet
  facet normal 0.7730104533627388 0.6343932841636432 0
    outer loop
      vertex 56.30621022866887 -1.027804931086264 7.171588289836405
      vertex 56.53628146623346 -1.308147545195113 7.329514190601118
      vertex 56.53628146623346 -1.308147545195113 7.2965840274129485
    endloop
  endfacet
  facet normal 0.9569403357322048 0.2902846772544755 0
    outer loop
      vertex 56.135251876282695 -0.7079643498754161 7.054238758970961
      vertex 56.135251876282695 -0.7079643498754161 7.021308570051846
      vertex 56.029976242682594 -0.36091709572983727 6.981975274665567
    endloop
  endfacet
  facet normal 0.9569403357322048 0.2902846772544755 0
    outer loop
      vertex 56.029976242682594 -0.36091709572983727 6.981975274665567
      vertex 56.135251876282695 -0.7079643498754161 7.021308570051846
      vertex 56.029976242682594 -0.36091709572983727 6.949045078991734
    endloop
  endfacet
  facet normal 0.9951847266721974 0.09801714032955462 0
    outer loop
      vertex 56.029976242682594 -0.36091709572983727 6.981975274665567
      vertex 56.029976242682594 -0.36091709572983727 6.949045078991734
      vertex 55.99442901142857 0 6.9575748820962575
    endloop
  endfacet
  facet normal 0.9951847266721975 0.09801714032955465 0
    outer loop
      vertex 55.99442901142857 0 6.9575748820962575
      vertex 56.029976242682594 -0.36091709572983727 6.949045078991734
      vertex 55.99442901142857 0 6.924644684141636
    endloop
  endfacet
  facet normal 0.4713967368259986 0.8819212643483546 0
    outer loop
      vertex 56.81662408034231 -1.5382187827597087 0
      vertex 56.81662408034231 -1.5382187827597087 7.5219474574645755
      vertex 57.136464661553156 -1.7091771351458807 0
    endloop
  endfacet
  facet normal 0.29028467725446183 0.9569403357322092 0
    outer loop
      vertex 57.136464661553156 -1.7091771351458807 0
      vertex 57.136464661553156 -1.7091771351458807 7.741492987899038
      vertex 57.483511915698735 -1.8144527687459764 0
    endloop
  endfacet
  facet normal 0.09801714032956027 0.9951847266721969 0
    outer loop
      vertex 57.483511915698735 -1.8144527687459764 0
      vertex 57.483511915698735 -1.8144527687459764 7.979713770292459
      vertex 57.84442901142857 -1.85 0
    endloop
  endfacet
  facet normal -0.09801714032956027 0.9951847266721969 0
    outer loop
      vertex 57.84442901142857 -1.85 0
      vertex 57.84442901142857 -1.85 8
      vertex 58.20534610715841 -1.8144527687459764 0
    endloop
  endfacet
  facet normal -0.29028467725446183 0.9569403357322089 0
    outer loop
      vertex 58.20534610715841 -1.8144527687459764 0
      vertex 58.20534610715841 -1.8144527687459764 8
      vertex 58.55239336130399 -1.7091771351458807 0
    endloop
  endfacet
  facet normal -0.47139673682599853 0.8819212643483546 0
    outer loop
      vertex 58.55239336130399 -1.7091771351458807 0
      vertex 58.55239336130399 -1.7091771351458807 8
      vertex 58.87223394251484 -1.5382187827597087 0
    endloop
  endfacet
  facet normal -0.6343932841636484 0.7730104533627344 0
    outer loop
      vertex 58.87223394251484 -1.5382187827597087 0
      vertex 58.87223394251484 -1.5382187827597087 8
      vertex 59.152576556623686 -1.308147545195113 0
    endloop
  endfacet
  facet normal -0.7730104533627391 0.6343932841636429 0
    outer loop
      vertex 59.152576556623686 -1.308147545195113 0
      vertex 59.152576556623686 -1.308147545195113 8
      vertex 59.38264779418828 -1.027804931086264 0
    endloop
  endfacet
  facet normal -0.8819212643483543 0.4713967368259991 0
    outer loop
      vertex 59.38264779418828 -1.027804931086264 0
      vertex 59.38264779418828 -1.027804931086264 8
      vertex 59.55360614657445 -0.7079643498754161 0
    endloop
  endfacet
  facet normal -0.9569403357322049 0.29028467725447554 0
    outer loop
      vertex 59.55360614657445 -0.7079643498754161 0
      vertex 59.55360614657445 -0.7079643498754161 8
      vertex 59.65888178017455 -0.36091709572983727 0
    endloop
  endfacet
  facet normal -0.9951847266721974 0.09801714032955464 0
    outer loop
      vertex 59.65888178017455 -0.36091709572983727 0
      vertex 59.65888178017455 -0.36091709572983727 8
      vertex 59.694429011428575 0 0
    endloop
  endfacet
  facet normal 0.47139673682599853 0.8819212643483545 0
    outer loop
      vertex 57.136464661553156 -1.7091771351458807 0
      vertex 56.81662408034231 -1.5382187827597087 7.5219474574645755
      vertex 57.136464661553156 -1.7091771351458807 7.741492987899038
    endloop
  endfacet
  facet normal 0.09801714032956163 0.9951847266721967 5.679997161070439e-17
    outer loop
      vertex 57.84442901142857 -1.85 0
      vertex 57.483511915698735 -1.8144527687459764 7.979713770292459
      vertex 57.51306550983202 -1.8173635437064115 8
    endloop
  endfacet
  facet normal 0.09801714032956016 0.995184726672197 0
    outer loop
      vertex 57.84442901142857 -1.85 0
      vertex 57.51306550983202 -1.8173635437064115 8
      vertex 57.84442901142857 -1.85 8
    endloop
  endfacet
  facet normal 0.29028467725446183 0.956940335732209 0
    outer loop
      vertex 57.483511915698735 -1.8144527687459764 0
      vertex 57.136464661553156 -1.7091771351458807 7.741492987899038
      vertex 57.483511915698735 -1.8144527687459764 7.979713770292459
    endloop
  endfacet
  facet normal -0.09801714032956027 0.9951847266721969 0
    outer loop
      vertex 58.20534610715841 -1.8144527687459764 0
      vertex 57.84442901142857 -1.85 8
      vertex 58.20534610715841 -1.8144527687459764 8
    endloop
  endfacet
  facet normal -0.29028467725446183 0.9569403357322089 0
    outer loop
      vertex 58.55239336130399 -1.7091771351458807 0
      vertex 58.20534610715841 -1.8144527687459764 8
      vertex 58.55239336130399 -1.7091771351458807 8
    endloop
  endfacet
  facet normal -0.47139673682599853 0.8819212643483546 0
    outer loop
      vertex 58.55239336130399 -1.7091771351458807 8
      vertex 58.87223394251484 -1.5382187827597087 8
      vertex 58.87223394251484 -1.5382187827597087 0
    endloop
  endfacet
  facet normal -0.6343932841636484 0.7730104533627344 0
    outer loop
      vertex 59.152576556623686 -1.308147545195113 0
      vertex 58.87223394251484 -1.5382187827597087 8
      vertex 59.152576556623686 -1.308147545195113 8
    endloop
  endfacet
  facet normal -0.7730104533627391 0.6343932841636429 0
    outer loop
      vertex 59.38264779418828 -1.027804931086264 0
      vertex 59.152576556623686 -1.308147545195113 8
      vertex 59.38264779418828 -1.027804931086264 8
    endloop
  endfacet
  facet normal -0.8819212643483543 0.4713967368259991 0
    outer loop
      vertex 59.55360614657445 -0.7079643498754161 0
      vertex 59.38264779418828 -1.027804931086264 8
      vertex 59.55360614657445 -0.7079643498754161 8
    endloop
  endfacet
  facet normal -0.9569403357322049 0.29028467725447554 0
    outer loop
      vertex 59.65888178017455 -0.36091709572983727 0
      vertex 59.55360614657445 -0.7079643498754161 8
      vertex 59.65888178017455 -0.36091709572983727 8
    endloop
  endfacet
  facet normal -0.9951847266721974 0.09801714032955464 0
    outer loop
      vertex 59.65888178017455 -0.36091709572983727 8
      vertex 59.694429011428575 0 8
      vertex 59.694429011428575 0 0
    endloop
  endfacet
  facet normal 0.47139673682599864 0.8819212643483545 0
    outer loop
      vertex 56.81662408034231 -1.5382187827597087 7.5219474574645755
      vertex 57.136464661553156 -1.7091771351458807 7.741492987899038
      vertex 57.136464661553156 -1.7091771351458807 7.70856286321995
    endloop
  endfacet
  facet normal 0.47139673682599853 0.8819212643483546 0
    outer loop
      vertex 56.81662408034231 -1.5382187827597087 7.5219474574645755
      vertex 57.136464661553156 -1.7091771351458807 7.70856286321995
      vertex 56.81662408034231 -1.5382187827597087 7.489017312263809
    endloop
  endfacet
  facet normal 0.2902846772544619 0.956940335732209 0
    outer loop
      vertex 57.136464661553156 -1.7091771351458807 7.741492987899038
      vertex 57.483511915698735 -1.8144527687459764 7.946783667880692
      vertex 57.136464661553156 -1.7091771351458807 7.70856286321995
    endloop
  endfacet
  facet normal 0.09801714032956162 0.9951847266721968 0
    outer loop
      vertex 57.483511915698735 -1.8144527687459764 7.979713770292459
      vertex 57.51306550983202 -1.8173635437064115 8
      vertex 57.483511915698735 -1.8144527687459764 7.946783667880692
    endloop
  endfacet
  facet normal 0.09801714032955473 0.9951847266721975 3.8565585471335895e-15
    outer loop
      vertex 57.51306550983202 -1.8173635437064115 8
      vertex 57.561039073597506 -1.8220885273257186 8
      vertex 57.483511915698735 -1.8144527687459764 7.946783667880692
    endloop
  endfacet
  facet normal 0.2902846772544619 0.9569403357322089 0
    outer loop
      vertex 57.136464661553156 -1.7091771351458807 7.741492987899038
      vertex 57.483511915698735 -1.8144527687459764 7.979713770292459
      vertex 57.483511915698735 -1.8144527687459764 7.946783667880692
    endloop
  endfacet
  facet normal 0.9951847266721975 -0.09801714032955464 0
    outer loop
      vertex 55.99442901142857 0 0
      vertex 56.029976242682594 0.36091709572983727 0
      vertex 56.029976242682594 0.36091709572983727 6.981975274665567
    endloop
  endfacet
  facet normal 0.9569403357322048 -0.2902846772544755 0
    outer loop
      vertex 56.029976242682594 0.36091709572983727 0
      vertex 56.135251876282695 0.7079643498754161 0
      vertex 56.135251876282695 0.7079643498754161 7.054238758970961
    endloop
  endfacet
  facet normal 0.8819212643483544 -0.47139673682599914 0
    outer loop
      vertex 56.135251876282695 0.7079643498754161 0
      vertex 56.30621022866887 1.027804931086264 0
      vertex 56.30621022866887 1.027804931086264 7.171588289836405
    endloop
  endfacet
  facet normal 0.773010453362739 -0.6343932841636428 0
    outer loop
      vertex 56.30621022866887 1.027804931086264 0
      vertex 56.53628146623346 1.308147545195113 0
      vertex 56.53628146623346 1.308147545195113 7.329514190601118
    endloop
  endfacet
  facet normal 0.6343932841636485 -0.7730104533627346 0
    outer loop
      vertex 56.53628146623346 1.308147545195113 0
      vertex 56.81662408034231 1.5382187827597087 0
      vertex 56.81662408034231 1.5382187827597087 7.5219474574645755
    endloop
  endfacet
  facet normal 0.9951847266721974 -0.09801714032955464 0
    outer loop
      vertex 55.99442901142857 0 0
      vertex 56.029976242682594 0.36091709572983727 6.981975274665567
      vertex 55.99442901142857 0 6.9575748820962575
    endloop
  endfacet
  facet normal 0.9569403357322048 -0.29028467725447554 0
    outer loop
      vertex 56.029976242682594 0.36091709572983727 0
      vertex 56.135251876282695 0.7079643498754161 7.054238758970961
      vertex 56.029976242682594 0.36091709572983727 6.981975274665567
    endloop
  endfacet
  facet normal 0.8819212643483543 -0.47139673682599914 0
    outer loop
      vertex 56.135251876282695 0.7079643498754161 0
      vertex 56.30621022866887 1.027804931086264 7.171588289836405
      vertex 56.135251876282695 0.7079643498754161 7.054238758970961
    endloop
  endfacet
  facet normal 0.7730104533627391 -0.634393284163643 0
    outer loop
      vertex 56.30621022866887 1.027804931086264 0
      vertex 56.53628146623346 1.308147545195113 7.329514190601118
      vertex 56.30621022866887 1.027804931086264 7.171588289836405
    endloop
  endfacet
  facet normal 0.6343932841636484 -0.7730104533627346 0
    outer loop
      vertex 56.53628146623346 1.308147545195113 0
      vertex 56.81662408034231 1.5382187827597087 7.5219474574645755
      vertex 56.53628146623346 1.308147545195113 7.329514190601118
    endloop
  endfacet
  facet normal 0.9951847266721975 -0.09801714032955465 0
    outer loop
      vertex 55.99442901142857 0 6.9575748820962575
      vertex 55.99442901142857 0 6.924644684141636
      vertex 56.029976242682594 0.36091709572983727 6.949045078991734
    endloop
  endfacet
  facet normal 0.9951847266721974 -0.09801714032955462 0
    outer loop
      vertex 55.99442901142857 0 6.9575748820962575
      vertex 56.029976242682594 0.36091709572983727 6.949045078991734
      vertex 56.029976242682594 0.36091709572983727 6.981975274665567
    endloop
  endfacet
  facet normal 0.9569403357322048 -0.2902846772544755 0
    outer loop
      vertex 56.029976242682594 0.36091709572983727 6.981975274665567
      vertex 56.029976242682594 0.36091709572983727 6.949045078991734
      vertex 56.135251876282695 0.7079643498754161 7.021308570051846
    endloop
  endfacet
  facet normal 0.9569403357322048 -0.2902846772544755 0
    outer loop
      vertex 56.029976242682594 0.36091709572983727 6.981975274665567
      vertex 56.135251876282695 0.7079643498754161 7.021308570051846
      vertex 56.135251876282695 0.7079643498754161 7.054238758970961
    endloop
  endfacet
  facet normal 0.8819212643483543 -0.47139673682599914 0
    outer loop
      vertex 56.135251876282695 0.7079643498754161 7.054238758970961
      vertex 56.135251876282695 0.7079643498754161 7.021308570051846
      vertex 56.30621022866887 1.027804931086264 7.138658111886357
    endloop
  endfacet
  facet normal 0.8819212643483543 -0.4713967368259992 0
    outer loop
      vertex 56.135251876282695 0.7079643498754161 7.054238758970961
      vertex 56.30621022866887 1.027804931086264 7.138658111886357
      vertex 56.30621022866887 1.027804931086264 7.171588289836405
    endloop
  endfacet
  facet normal 0.7730104533627391 -0.6343932841636429 0
    outer loop
      vertex 56.30621022866887 1.027804931086264 7.171588289836405
      vertex 56.30621022866887 1.027804931086264 7.138658111886357
      vertex 56.53628146623346 1.308147545195113 7.2965840274129485
    endloop
  endfacet
  facet normal 0.7730104533627388 -0.6343932841636432 0
    outer loop
      vertex 56.30621022866887 1.027804931086264 7.171588289836405
      vertex 56.53628146623346 1.308147545195113 7.2965840274129485
      vertex 56.53628146623346 1.308147545195113 7.329514190601118
    endloop
  endfacet
  facet normal 0.6343932841636484 -0.7730104533627346 0
    outer loop
      vertex 56.53628146623346 1.308147545195113 7.329514190601118
      vertex 56.53628146623346 1.308147545195113 7.2965840274129485
      vertex 56.81662408034231 1.5382187827597087 7.489017312263809
    endloop
  endfacet
  facet normal 0.6343932841636483 -0.7730104533627348 0
    outer loop
      vertex 56.53628146623346 1.308147545195113 7.329514190601118
      vertex 56.81662408034231 1.5382187827597087 7.489017312263809
      vertex 56.81662408034231 1.5382187827597087 7.5219474574645755
    endloop
  endfacet
  facet normal 0.47139673682599853 -0.8819212643483545 0
    outer loop
      vertex 56.81662408034231 1.5382187827597087 0
      vertex 57.136464661553156 1.7091771351458807 0
      vertex 57.136464661553156 1.7091771351458807 7.741492987899038
    endloop
  endfacet
  facet normal 0.29028467725446183 -0.956940335732209 0
    outer loop
      vertex 57.136464661553156 1.7091771351458807 0
      vertex 57.483511915698735 1.8144527687459764 0
      vertex 57.483511915698735 1.8144527687459764 7.979713770292459
    endloop
  endfacet
  facet normal 0.09801714032956027 -0.9951847266721969 0
    outer loop
      vertex 57.483511915698735 1.8144527687459764 0
      vertex 57.84442901142857 1.85 0
      vertex 57.84442901142857 1.85 8
    endloop
  endfacet
  facet normal -0.09801714032956027 -0.9951847266721969 0
    outer loop
      vertex 57.84442901142857 1.85 0
      vertex 58.20534610715841 1.8144527687459764 0
      vertex 58.20534610715841 1.8144527687459764 8
    endloop
  endfacet
  facet normal -0.29028467725446183 -0.9569403357322089 0
    outer loop
      vertex 58.20534610715841 1.8144527687459764 0
      vertex 58.55239336130399 1.7091771351458807 0
      vertex 58.55239336130399 1.7091771351458807 8
    endloop
  endfacet
  facet normal -0.6343932841636484 -0.7730104533627344 0
    outer loop
      vertex 59.152576556623686 1.308147545195113 0
      vertex 59.152576556623686 1.308147545195113 8
      vertex 58.87223394251484 1.5382187827597087 0
    endloop
  endfacet
  facet normal -0.8819212643483543 -0.4713967368259991 0
    outer loop
      vertex 59.38264779418828 1.027804931086264 0
      vertex 59.55360614657445 0.7079643498754161 0
      vertex 59.55360614657445 0.7079643498754161 8
    endloop
  endfacet
  facet normal -0.7730104533627391 -0.6343932841636429 0
    outer loop
      vertex 59.38264779418828 1.027804931086264 0
      vertex 59.38264779418828 1.027804931086264 8
      vertex 59.152576556623686 1.308147545195113 0
    endloop
  endfacet
  facet normal -0.9951847266721974 -0.09801714032955464 0
    outer loop
      vertex 59.694429011428575 0 0
      vertex 59.694429011428575 0 8
      vertex 59.65888178017455 0.36091709572983727 0
    endloop
  endfacet
  facet normal -0.9569403357322049 -0.29028467725447554 0
    outer loop
      vertex 59.65888178017455 0.36091709572983727 0
      vertex 59.65888178017455 0.36091709572983727 8
      vertex 59.55360614657445 0.7079643498754161 0
    endloop
  endfacet
  facet normal -0.47139673682599853 -0.8819212643483546 0
    outer loop
      vertex 58.55239336130399 1.7091771351458807 0
      vertex 58.87223394251484 1.5382187827597087 0
      vertex 58.87223394251484 1.5382187827597087 8
    endloop
  endfacet
  facet normal 0.4713967368259986 -0.8819212643483546 0
    outer loop
      vertex 56.81662408034231 1.5382187827597087 0
      vertex 57.136464661553156 1.7091771351458807 7.741492987899038
      vertex 56.81662408034231 1.5382187827597087 7.5219474574645755
    endloop
  endfacet
  facet normal 0.29028467725446183 -0.9569403357322092 0
    outer loop
      vertex 57.136464661553156 1.7091771351458807 0
      vertex 57.483511915698735 1.8144527687459764 7.979713770292459
      vertex 57.136464661553156 1.7091771351458807 7.741492987899038
    endloop
  endfacet
  facet normal 0.09801714032956162 -0.9951847266721968 0
    outer loop
      vertex 57.483511915698735 1.8144527687459764 0
      vertex 57.51306550983202 1.8173635437064115 8
      vertex 57.483511915698735 1.8144527687459764 7.979713770292459
    endloop
  endfacet
  facet normal 0.09801714032956016 -0.995184726672197 5.454112802964736e-18
    outer loop
      vertex 57.483511915698735 1.8144527687459764 0
      vertex 57.84442901142857 1.85 8
      vertex 57.51306550983202 1.8173635437064115 8
    endloop
  endfacet
  facet normal -0.09801714032956027 -0.9951847266721969 0
    outer loop
      vertex 57.84442901142857 1.85 0
      vertex 58.20534610715841 1.8144527687459764 8
      vertex 57.84442901142857 1.85 8
    endloop
  endfacet
  facet normal -0.29028467725446183 -0.9569403357322089 0
    outer loop
      vertex 58.20534610715841 1.8144527687459764 0
      vertex 58.55239336130399 1.7091771351458807 8
      vertex 58.20534610715841 1.8144527687459764 8
    endloop
  endfacet
  facet normal -0.47139673682599853 -0.8819212643483546 0
    outer loop
      vertex 58.55239336130399 1.7091771351458807 0
      vertex 58.87223394251484 1.5382187827597087 8
      vertex 58.55239336130399 1.7091771351458807 8
    endloop
  endfacet
  facet normal -0.8819212643483543 -0.4713967368259991 0
    outer loop
      vertex 59.38264779418828 1.027804931086264 0
      vertex 59.55360614657445 0.7079643498754161 8
      vertex 59.38264779418828 1.027804931086264 8
    endloop
  endfacet
  facet normal -0.7730104533627391 -0.6343932841636429 0
    outer loop
      vertex 59.152576556623686 1.308147545195113 0
      vertex 59.38264779418828 1.027804931086264 8
      vertex 59.152576556623686 1.308147545195113 8
    endloop
  endfacet
  facet normal -0.9951847266721974 -0.09801714032955464 0
    outer loop
      vertex 59.65888178017455 0.36091709572983727 0
      vertex 59.694429011428575 0 8
      vertex 59.65888178017455 0.36091709572983727 8
    endloop
  endfacet
  facet normal -0.9569403357322049 -0.29028467725447554 0
    outer loop
      vertex 59.55360614657445 0.7079643498754161 0
      vertex 59.65888178017455 0.36091709572983727 8
      vertex 59.55360614657445 0.7079643498754161 8
    endloop
  endfacet
  facet normal -0.6343932841636484 -0.7730104533627344 0
    outer loop
      vertex 58.87223394251484 1.5382187827597087 0
      vertex 59.152576556623686 1.308147545195113 8
      vertex 58.87223394251484 1.5382187827597087 8
    endloop
  endfacet
  facet normal 0.47139673682599853 -0.8819212643483546 0
    outer loop
      vertex 56.81662408034231 1.5382187827597087 7.5219474574645755
      vertex 56.81662408034231 1.5382187827597087 7.489017312263809
      vertex 57.136464661553156 1.7091771351458807 7.70856286321995
    endloop
  endfacet
  facet normal 0.47139673682599864 -0.8819212643483545 0
    outer loop
      vertex 56.81662408034231 1.5382187827597087 7.5219474574645755
      vertex 57.136464661553156 1.7091771351458807 7.70856286321995
      vertex 57.136464661553156 1.7091771351458807 7.741492987899038
    endloop
  endfacet
  facet normal 0.2902846772544619 -0.956940335732209 0
    outer loop
      vertex 57.136464661553156 1.7091771351458807 7.741492987899038
      vertex 57.136464661553156 1.7091771351458807 7.70856286321995
      vertex 57.483511915698735 1.8144527687459764 7.946783667880692
    endloop
  endfacet
  facet normal 0.2902846772544619 -0.9569403357322089 0
    outer loop
      vertex 57.136464661553156 1.7091771351458807 7.741492987899038
      vertex 57.483511915698735 1.8144527687459764 7.946783667880692
      vertex 57.483511915698735 1.8144527687459764 7.979713770292459
    endloop
  endfacet
  facet normal 0.09801714032955475 -0.9951847266721975 1.0116808467643965e-14
    outer loop
      vertex 57.483511915698735 1.8144527687459764 7.979713770292459
      vertex 57.561039073597506 1.8220885273257186 8
      vertex 57.51306550983202 1.8173635437064115 8
    endloop
  endfacet
  facet normal 0.09801714032955736 -0.9951847266721972 0
    outer loop
      vertex 57.483511915698735 1.8144527687459764 7.979713770292459
      vertex 57.483511915698735 1.8144527687459764 7.946783667880692
      vertex 57.561039073597506 1.8220885273257186 8
    endloop
  endfacet
  facet normal 0 0 1
    outer loop
      vertex 42.41756903100298 -12.454907366064594 0
      vertex 44.48124063048365 -13.008759832065186 0
      vertex 45.04470574416651 -11.089773884836191 0
    endloop
  endfacet
  facet normal 0 0 1
    outer loop
      vertex 44.48124063048365 -13.008759832065186 0
      vertex 45.85842310092816 -13.465232089523909 0
      vertex 45.85842310092816 -13.413137090998003 0
    endloop
  endfacet
  facet normal 0 0 1
    outer loop
      vertex 42.41756903100298 -12.454907366064594 0
      vertex 45.85842310092816 -13.465232089523909 0
      vertex 44.48124063048365 -13.008759832065186 0
    endloop
  endfacet
  facet normal 0 0 1
    outer loop
      vertex 42.41756903100298 -12.454907366064594 0
      vertex 45.04470574416651 -11.089773884836191 0
      vertex 42.41756903100298 12.454907366064608 0
    endloop
  endfacet
  facet normal 0 0 1
    outer loop
      vertex 45.85842310092816 -11.328702858545192 0
      vertex 45.04470574416651 11.089773884836182 0
      vertex 45.04470574416651 -11.089773884836191 0
    endloop
  endfacet
  facet normal -0.5659250539894732 3.488411199201983e-16 0.8244566897460482
    outer loop
      vertex 56.53628146623346 -1.308147545195113 7.2965840274129485
      vertex 57.483511915698735 1.8144527687459764 7.946783667880692
      vertex 56.30621022866887 -1.027804931086264 7.138658111886357
    endloop
  endfacet
  facet normal -0.5659250539894716 -1.832466346323692e-16 0.8244566897460495
    outer loop
      vertex 57.136464661553156 -1.7091771351458807 7.70856286321995
      vertex 57.483511915698735 1.8144527687459764 7.946783667880692
      vertex 56.81662408034231 -1.5382187827597087 7.489017312263809
    endloop
  endfacet
  facet normal -0.5659250539894728 1.6743931390957775e-16 0.8244566897460487
    outer loop
      vertex 56.81662408034231 -1.5382187827597087 7.489017312263809
      vertex 57.483511915698735 1.8144527687459764 7.946783667880692
      vertex 56.53628146623346 -1.308147545195113 7.2965840274129485
    endloop
  endfacet
  facet normal -0.5659250539894728 0 0.8244566897460487
    outer loop
      vertex 57.483511915698735 -1.8144527687459764 7.946783667880692
      vertex 57.483511915698735 1.8144527687459764 7.946783667880692
      vertex 57.136464661553156 -1.7091771351458807 7.70856286321995
    endloop
  endfacet
  facet normal -0.5659250539894594 0 0.824456689746058
    outer loop
      vertex 57.483511915698735 -1.8144527687459764 7.946783667880692
      vertex 57.561039073597506 -1.8220885273257186 8
      vertex 57.561039073597506 1.8220885273257186 8
    endloop
  endfacet
  facet normal 0.2817322513948772 0.9594930633015283 4.723171769805214e-7
    outer loop
      vertex 42.41756903100298 -12.454907366064594 0
      vertex 149.37594379844344 -43.86071899531013 73.41856114285714
      vertex 45.85842310092816 -13.465232089523909 0
    endloop
  endfacet
  facet normal 0.28173225139485275 0.9594930633015356 4.723172131341431e-7
    outer loop
      vertex 149.37594379844344 -43.86071899531013 73.41856114285714
      vertex 45.906397754093234 -13.479318702093654 0
      vertex 45.85842310092816 -13.465232089523909 0
    endloop
  endfacet
  facet normal -0.5659250542153823 0 0.8244566895909794
    outer loop
      vertex 152.86477229335492 -44.88513110844542 73.41856114285714
      vertex 57.561039073597506 -16.901426129160935 8
      vertex 45.906397754093234 -13.479318702093654 0
    endloop
  endfacet
  facet normal -0.5659250539894725 0 0.8244566897460489
    outer loop
      vertex 57.561039073597506 -16.849335177257416 8
      vertex 57.561039073597506 -16.901426129160935 8
      vertex 147.76838663070254 -43.33660227772253 69.9202908672213
    endloop
  endfacet
  facet normal 0 0 1
    outer loop
      vertex 42.41756903100298 12.454907366064608 0
      vertex 45.04470574416651 -11.089773884836191 0
      vertex 45.04470574416651 11.089773884836182 0
    endloop
  endfacet
  facet normal 0 0 1
    outer loop
      vertex 45.85842310092816 -11.328702858545192 0
      vertex 45.85842310092816 11.328702858545183 0
      vertex 45.04470574416651 11.089773884836182 0
    endloop
  endfacet
  facet normal -0.5659250539894728 1.5919598509871646e-16 0.8244566897460485
    outer loop
      vertex 56.30621022866887 -1.027804931086264 7.138658111886357
      vertex 57.483511915698735 1.8144527687459764 7.946783667880692
      vertex 56.135251876282695 -0.7079643498754161 7.021308570051846
    endloop
  endfacet
  facet normal -0.5659250539894728 1.403960061605201e-16 0.8244566897460487
    outer loop
      vertex 56.135251876282695 -0.7079643498754161 7.021308570051846
      vertex 57.483511915698735 1.8144527687459764 7.946783667880692
      vertex 56.029976242682594 -0.36091709572983727 6.949045078991734
    endloop
  endfacet
  facet normal -0.5659250539894733 6.367718282499788e-16 0.8244566897460482
    outer loop
      vertex 56.029976242682594 -0.36091709572983727 6.949045078991734
      vertex 57.483511915698735 1.8144527687459764 7.946783667880692
      vertex 55.99442901142857 0 6.924644684141636
    endloop
  endfacet
  facet normal -0.5659250539894732 1.5056456562551137e-16 0.8244566897460481
    outer loop
      vertex 56.135251876282695 0.7079643498754161 7.021308570051846
      vertex 56.81662408034231 1.5382187827597087 7.489017312263809
      vertex 56.30621022866887 1.027804931086264 7.138658111886357
    endloop
  endfacet
  facet normal -0.5659250539894721 -7.983604379994806e-16 0.8244566897460491
    outer loop
      vertex 55.99442901142857 0 6.924644684141636
      vertex 57.483511915698735 1.8144527687459764 7.946783667880692
      vertex 56.029976242682594 0.36091709572983727 6.949045078991734
    endloop
  endfacet
  facet normal -0.5659250539894725 -3.3086773680721777e-16 0.8244566897460489
    outer loop
      vertex 56.029976242682594 0.36091709572983727 6.949045078991734
      vertex 57.136464661553156 1.7091771351458807 7.70856286321995
      vertex 56.135251876282695 0.7079643498754161 7.021308570051846
    endloop
  endfacet
  facet normal -0.5659250539894718 -2.6754455103427365e-15 0.8244566897460495
    outer loop
      vertex 56.30621022866887 1.027804931086264 7.138658111886357
      vertex 56.81662408034231 1.5382187827597087 7.489017312263809
      vertex 56.53628146623346 1.308147545195113 7.2965840274129485
    endloop
  endfacet
  facet normal -0.5659250539894702 -3.377314596727383e-15 0.8244566897460504
    outer loop
      vertex 56.81662408034231 1.5382187827597087 7.489017312263809
      vertex 56.135251876282695 0.7079643498754161 7.021308570051846
      vertex 57.136464661553156 1.7091771351458807 7.70856286321995
    endloop
  endfacet
  facet normal 0 0 1
    outer loop
      vertex 42.41756903100298 12.454907366064608 0
      vertex 45.04470574416651 11.089773884836182 0
      vertex 44.48124063048365 13.008759832065177 0
    endloop
  endfacet
  facet normal 0 0 1
    outer loop
      vertex 42.41756903100298 12.454907366064608 0
      vertex 44.48124063048365 13.008759832065177 0
      vertex 45.85842310092816 13.465232089523925 0
    endloop
  endfacet
  facet normal 0 0 1
    outer loop
      vertex 44.48124063048365 13.008759832065177 0
      vertex 45.85842310092816 13.413137090997994 0
      vertex 45.85842310092816 13.465232089523925 0
    endloop
  endfacet
  facet normal -0.5659250539894594 0 0.824456689746058
    outer loop
      vertex 57.483511915698735 -1.8144527687459764 7.946783667880692
      vertex 57.561039073597506 1.8220885273257186 8
      vertex 57.483511915698735 1.8144527687459764 7.946783667880692
    endloop
  endfacet
  facet normal -0.5659250539894728 2.6046361255496205e-16 0.8244566897460487
    outer loop
      vertex 57.136464661553156 1.7091771351458807 7.70856286321995
      vertex 56.029976242682594 0.36091709572983727 6.949045078991734
      vertex 57.483511915698735 1.8144527687459764 7.946783667880692
    endloop
  endfacet
  facet normal 0.5659250531688279 0 -0.8244566903093572
    outer loop
      vertex 42.41756903100298 -12.454907366064594 0
      vertex 42.41756903100298 12.454907366064608 0
      vertex 149.37594379844347 43.86071899531009 73.41856114285714
    endloop
  endfacet
  facet normal -0.5659250539894723 0 0.824456689746049
    outer loop
      vertex 57.561039073597506 -1.8220885273257186 8
      vertex 57.561039073597506 -14.764900944804607 8
      vertex 152.26377752599495 42.57213390824146 73.00602522630055
    endloop
  endfacet
  facet normal -0.5659250539894723 0 0.824456689746049
    outer loop
      vertex 57.561039073597506 -1.8220885273257186 8
      vertex 152.26377752599495 42.57213390824146 73.00602522630055
      vertex 57.561039073597506 1.8220885273257186 8
    endloop
  endfacet
  facet normal -0.5659250539894723 0 0.824456689746049
    outer loop
      vertex 57.561039073597506 1.8220885273257186 8
      vertex 152.26377752599495 42.57213390824146 73.00602522630055
      vertex 57.561039073597506 14.764900944804596 8
    endloop
  endfacet
  facet normal 0.28173225139487756 -0.9594930633015282 4.723171754152561e-7
    outer loop
      vertex 42.41756903100298 12.454907366064608 0
      vertex 45.85842310092816 13.465232089523925 0
      vertex 149.37594379844347 43.86071899531009 73.41856114285714
    endloop
  endfacet
  facet normal 0.28173225139496677 -0.959493063301502 4.7231708925609254e-7
    outer loop
      vertex 149.37594379844347 43.86071899531009 73.41856114285714
      vertex 45.85842310092816 13.465232089523925 0
      vertex 45.906397754093234 13.47931870209367 0
    endloop
  endfacet
  facet normal -0.5659250542504212 0 0.8244566895669279
    outer loop
      vertex 152.86477229335495 44.88513110844538 73.41856114285714
      vertex 45.906397754093234 13.47931870209367 0
      vertex 57.561039073597506 16.90142612916096 8
    endloop
  endfacet
  facet normal -0.5659250539894725 0 0.8244566897460488
    outer loop
      vertex 57.561039073597506 16.90142612916096 8
      vertex 57.561039073597506 16.84933517725741 8
      vertex 151.8707837637092 44.54117476052767 72.73626573631742
    endloop
  endfacet
  facet normal -0.5659250539886005 3.5088760404129222e-12 0.8244566897466474
    outer loop
      vertex 57.561039073597506 -16.901426129160935 8
      vertex 151.8707837637092 -44.54117476052769 72.73626573631743
      vertex 147.76838663070254 -43.33660227772253 69.9202908672213
    endloop
  endfacet
  facet normal -0.5659250539895005 -1.3923057058114122e-13 0.8244566897460296
    outer loop
      vertex 152.86477229335492 -44.88513110844542 73.41856114285714
      vertex 151.8707837637092 -44.54117476052769 72.73626573631743
      vertex 57.561039073597506 -16.901426129160935 8
    endloop
  endfacet
  facet normal 0.281732465113633 0.959493000548193 1.4515308553872992e-7
    outer loop
      vertex 149.37594379844344 -43.86071899531013 73.41856114285714
      vertex 152.86477229335492 -44.88513110844542 73.41856114285714
      vertex 45.906397754093234 -13.479318702093654 0
    endloop
  endfacet
  facet normal 0.565925053168828 -1.5983705834394698e-16 -0.8244566903093572
    outer loop
      vertex 42.41756903100298 -12.454907366064594 0
      vertex 149.37594379844347 43.86071899531009 73.41856114285714
      vertex 149.37594379844344 -43.86071899531013 73.41856114285714
    endloop
  endfacet
  facet normal -0.5659250539894725 3.265139555930276e-16 0.8244566897460488
    outer loop
      vertex 152.26377752599493 -42.57213390824148 73.00602522630057
      vertex 152.26377752599495 42.57213390824146 73.00602522630055
      vertex 57.561039073597506 -14.764900944804607 8
    endloop
  endfacet
  facet normal 0 0 -1
    outer loop
      vertex 149.37594379844344 -43.86071899531013 73.41856114285714
      vertex 151.3523944598193 -44.38896192724973 73.41856114285714
      vertex 152.86477229335492 -44.88513110844542 73.41856114285714
    endloop
  endfacet
  facet normal 0 0 -1
    outer loop
      vertex 149.37594379844344 -43.86071899531013 73.41856114285714
      vertex 151.91585957350216 -42.469975980020735 73.41856114285714
      vertex 151.3523944598193 -44.38896192724973 73.41856114285714
    endloop
  endfacet
  facet normal 0 0 -1
    outer loop
      vertex 152.86477229335492 -44.88513110844542 73.41856114285714
      vertex 151.3523944598193 -44.38896192724973 73.41856114285714
      vertex 151.4396151697437 -44.414572238416426 73.41856114285714
    endloop
  endfacet
  facet normal 0 0 -1
    outer loop
      vertex 152.86477229335492 -44.88513110844542 73.41856114285714
      vertex 151.4396151697437 -44.414572238416426 73.41856114285714
      vertex 152.00308028342656 -42.49558629118743 73.41856114285714
    endloop
  endfacet
  facet normal -0.5659250539894676 -4.812058314959708e-16 0.8244566897460521
    outer loop
      vertex 152.86477229335492 -44.88513110844542 73.41856114285714
      vertex 152.26377752599493 -42.57213390824148 73.00602522630057
      vertex 151.8707837637092 -44.54117476052769 72.73626573631743
    endloop
  endfacet
  facet normal 0 0 -1
    outer loop
      vertex 149.37594379844344 -43.86071899531013 73.41856114285714
      vertex 152.86477229335495 44.88513110844538 73.41856114285714
      vertex 151.91585957350216 -42.469975980020735 73.41856114285714
    endloop
  endfacet
  facet normal 0 0 -1
    outer loop
      vertex 152.86477229335492 -44.88513110844542 73.41856114285714
      vertex 152.00308028342656 -42.49558629118743 73.41856114285714
      vertex 152.86477229335495 44.88513110844538 73.41856114285714
    endloop
  endfacet
  facet normal 0 0 -1
    outer loop
      vertex 152.86477229335495 44.88513110844538 73.41856114285714
      vertex 152.00308028342656 -42.49558629118743 73.41856114285714
      vertex 151.91585957350216 -42.469975980020735 73.41856114285714
    endloop
  endfacet
  facet normal -0.5659250539894659 1.7917467373564045e-16 0.8244566897460535
    outer loop
      vertex 152.86477229335492 -44.88513110844542 73.41856114285714
      vertex 152.86477229335495 44.88513110844538 73.41856114285714
      vertex 152.26377752599493 -42.57213390824148 73.00602522630057
    endloop
  endfacet
  facet normal 0.281732465113633 -0.959493000548193 1.4515308463377813e-7
    outer loop
      vertex 149.37594379844347 43.86071899531009 73.41856114285714
      vertex 45.906397754093234 13.47931870209367 0
      vertex 152.86477229335495 44.88513110844538 73.41856114285714
    endloop
  endfacet
  facet normal -0.565925053989517 2.1946513667886675e-13 0.8244566897460183
    outer loop
      vertex 152.86477229335495 44.88513110844538 73.41856114285714
      vertex 57.561039073597506 16.90142612916096 8
      vertex 151.8707837637092 44.54117476052767 72.73626573631742
    endloop
  endfacet
  facet normal 0 0 -1
    outer loop
      vertex 149.37594379844344 -43.86071899531013 73.41856114285714
      vertex 149.37594379844347 43.86071899531009 73.41856114285714
      vertex 151.91585957350216 42.46997598002071 73.41856114285714
    endloop
  endfacet
  facet normal 0 0 -1
    outer loop
      vertex 149.37594379844344 -43.86071899531013 73.41856114285714
      vertex 151.91585957350216 42.46997598002071 73.41856114285714
      vertex 152.00308028342656 42.49558629118741 73.41856114285714
    endloop
  endfacet
  facet normal 0 0 -1
    outer loop
      vertex 149.37594379844344 -43.86071899531013 73.41856114285714
      vertex 152.00308028342656 42.49558629118741 73.41856114285714
      vertex 152.86477229335495 44.88513110844538 73.41856114285714
    endloop
  endfacet
  facet normal -0.5659250539894805 3.264486213991729e-16 0.8244566897460434
    outer loop
      vertex 152.86477229335495 44.88513110844538 73.41856114285714
      vertex 152.26377752599495 42.57213390824146 73.00602522630055
      vertex 152.26377752599493 -42.57213390824148 73.00602522630057
    endloop
  endfacet
  facet normal 0 0 -1
    outer loop
      vertex 149.37594379844347 43.86071899531009 73.41856114285714
      vertex 151.3523944598193 44.38896192724971 73.41856114285714
      vertex 151.91585957350216 42.46997598002071 73.41856114285714
    endloop
  endfacet
  facet normal 0 0 -1
    outer loop
      vertex 149.37594379844347 43.86071899531009 73.41856114285714
      vertex 152.86477229335495 44.88513110844538 73.41856114285714
      vertex 151.3523944598193 44.38896192724971 73.41856114285714
    endloop
  endfacet
  facet normal 0 0 -1
    outer loop
      vertex 152.86477229335495 44.88513110844538 73.41856114285714
      vertex 152.00308028342656 42.49558629118741 73.41856114285714
      vertex 151.4396151697437 44.414572238416405 73.41856114285714
    endloop
  endfacet
  facet normal -0.565925053989463 -6.3431677788103746e-15 0.8244566897460555
    outer loop
      vertex 152.86477229335495 44.88513110844538 73.41856114285714
      vertex 151.8707837637092 44.54117476052767 72.73626573631742
      vertex 152.26377752599495 42.57213390824146 73.00602522630055
    endloop
  endfacet
  facet normal 0 0 -1
    outer loop
      vertex 152.86477229335495 44.88513110844538 73.41856114285714
      vertex 151.4396151697437 44.414572238416405 73.41856114285714
      vertex 151.3523944598193 44.38896192724971 73.41856114285714
    endloop
  endfacet
endsolid OpenSCAD_Model
