solid OpenSCAD_Model
  facet normal 0.7730104533627391 0.6343932841636429 0
    outer loop
      vertex 61.53628146623346 -1.308147545195113 -1
      vertex 61.30621022866887 -1.027804931086264 -1
      vertex 61.30621022866887 -1.027804931086264 1
    endloop
  endfacet
  facet normal 0.8819212643483543 0.4713967368259991 0
    outer loop
      vertex 61.30621022866887 -1.027804931086264 -1
      vertex 61.135251876282695 -0.7079643498754161 -1
      vertex 61.135251876282695 -0.7079643498754161 1
    endloop
  endfacet
  facet normal 0.9569403357322049 0.29028467725447554 0
    outer loop
      vertex 61.135251876282695 -0.7079643498754161 -1
      vertex 61.029976242682594 -0.36091709572983727 -1
      vertex 61.029976242682594 -0.36091709572983727 1
    endloop
  endfacet
  facet normal 0.9951847266721974 0.09801714032955464 0
    outer loop
      vertex 61.029976242682594 -0.36091709572983727 -1
      vertex 60.99442901142857 0 -1
      vertex 60.99442901142857 0 1
    endloop
  endfacet
  facet normal 0.6343932841636484 0.7730104533627344 0
    outer loop
      vertex 61.53628146623346 -1.308147545195113 1
      vertex 61.81662408034231 -1.5382187827597087 -1
      vertex 61.53628146623346 -1.308147545195113 -1
    endloop
  endfacet
  facet normal 0.47139673682599853 0.8819212643483546 0
    outer loop
      vertex 61.81662408034231 -1.5382187827597087 1
      vertex 62.136464661553156 -1.7091771351458807 -1
      vertex 61.81662408034231 -1.5382187827597087 -1
    endloop
  endfacet
  facet normal 0.29028467725446183 0.9569403357322089 0
    outer loop
      vertex 62.136464661553156 -1.7091771351458807 1
      vertex 62.483511915698735 -1.8144527687459764 -1
      vertex 62.136464661553156 -1.7091771351458807 -1
    endloop
  endfacet
  facet normal 0.09801714032956027 0.9951847266721969 0
    outer loop
      vertex 62.483511915698735 -1.8144527687459764 1
      vertex 62.84442901142857 -1.85 -1
      vertex 62.483511915698735 -1.8144527687459764 -1
    endloop
  endfacet
  facet normal -0.09801714032956027 0.9951847266721969 0
    outer loop
      vertex 62.84442901142857 -1.85 -1
      vertex 62.84442901142857 -1.85 1
      vertex 63.20534610715841 -1.8144527687459764 -1
    endloop
  endfacet
  facet normal -0.29028467725446183 0.9569403357322089 0
    outer loop
      vertex 63.20534610715841 -1.8144527687459764 -1
      vertex 63.20534610715841 -1.8144527687459764 1
      vertex 63.55239336130399 -1.7091771351458807 -1
    endloop
  endfacet
  facet normal -0.47139673682599853 0.8819212643483546 0
    outer loop
      vertex 63.55239336130399 -1.7091771351458807 -1
      vertex 63.55239336130399 -1.7091771351458807 1
      vertex 63.87223394251484 -1.5382187827597087 -1
    endloop
  endfacet
  facet normal -0.6343932841636484 0.7730104533627344 0
    outer loop
      vertex 63.87223394251484 -1.5382187827597087 1
      vertex 64.15257655662369 -1.308147545195113 -1
      vertex 63.87223394251484 -1.5382187827597087 -1
    endloop
  endfacet
  facet normal -0.7730104533627293 0.6343932841636546 0
    outer loop
      vertex 64.15257655662369 -1.308147545195113 -1
      vertex 64.15257655662369 -1.308147545195113 1
      vertex 64.38264779418829 -1.027804931086264 -1
    endloop
  endfacet
  facet normal -0.8819212643483624 0.4713967368259838 0
    outer loop
      vertex 64.38264779418829 -1.027804931086264 1
      vertex 64.55360614657445 -0.7079643498754161 -1
      vertex 64.38264779418829 -1.027804931086264 -1
    endloop
  endfacet
  facet normal -0.9569403357322049 0.29028467725447554 0
    outer loop
      vertex 64.55360614657445 -0.7079643498754161 1
      vertex 64.65888178017455 -0.36091709572983727 -1
      vertex 64.55360614657445 -0.7079643498754161 -1
    endloop
  endfacet
  facet normal -0.9951847266721993 0.09801714032953522 0
    outer loop
      vertex 64.65888178017455 -0.36091709572983727 -1
      vertex 64.65888178017455 -0.36091709572983727 1
      vertex 64.69442901142857 0 -1
    endloop
  endfacet
  facet normal 0.7730104533627391 0.6343932841636429 0
    outer loop
      vertex 61.30621022866887 -1.027804931086264 1
      vertex 61.53628146623346 -1.308147545195113 1
      vertex 61.53628146623346 -1.308147545195113 -1
    endloop
  endfacet
  facet normal 0.9569403357322049 0.29028467725447554 0
    outer loop
      vertex 61.135251876282695 -0.7079643498754161 -1
      vertex 61.029976242682594 -0.36091709572983727 1
      vertex 61.135251876282695 -0.7079643498754161 1
    endloop
  endfacet
  facet normal 0.8819212643483543 0.4713967368259991 0
    outer loop
      vertex 61.30621022866887 -1.027804931086264 -1
      vertex 61.135251876282695 -0.7079643498754161 1
      vertex 61.30621022866887 -1.027804931086264 1
    endloop
  endfacet
  facet normal 0.9951847266721974 0.09801714032955464 0
    outer loop
      vertex 61.029976242682594 -0.36091709572983727 -1
      vertex 60.99442901142857 0 1
      vertex 61.029976242682594 -0.36091709572983727 1
    endloop
  endfacet
  facet normal 0.6343932841636484 0.7730104533627344 0
    outer loop
      vertex 61.81662408034231 -1.5382187827597087 1
      vertex 61.81662408034231 -1.5382187827597087 -1
      vertex 61.53628146623346 -1.308147545195113 1
    endloop
  endfacet
  facet normal 0.47139673682599853 0.8819212643483546 0
    outer loop
      vertex 62.136464661553156 -1.7091771351458807 1
      vertex 62.136464661553156 -1.7091771351458807 -1
      vertex 61.81662408034231 -1.5382187827597087 1
    endloop
  endfacet
  facet normal 0.29028467725446183 0.9569403357322089 0
    outer loop
      vertex 62.483511915698735 -1.8144527687459764 1
      vertex 62.483511915698735 -1.8144527687459764 -1
      vertex 62.136464661553156 -1.7091771351458807 1
    endloop
  endfacet
  facet normal 0.09801714032956027 0.9951847266721969 0
    outer loop
      vertex 62.483511915698735 -1.8144527687459764 1
      vertex 62.84442901142857 -1.85 1
      vertex 62.84442901142857 -1.85 -1
    endloop
  endfacet
  facet normal -0.09801714032956027 0.9951847266721969 0
    outer loop
      vertex 63.20534610715841 -1.8144527687459764 -1
      vertex 62.84442901142857 -1.85 1
      vertex 63.20534610715841 -1.8144527687459764 1
    endloop
  endfacet
  facet normal -0.29028467725446183 0.9569403357322089 0
    outer loop
      vertex 63.55239336130399 -1.7091771351458807 -1
      vertex 63.20534610715841 -1.8144527687459764 1
      vertex 63.55239336130399 -1.7091771351458807 1
    endloop
  endfacet
  facet normal -0.47139673682599853 0.8819212643483546 0
    outer loop
      vertex 63.55239336130399 -1.7091771351458807 1
      vertex 63.87223394251484 -1.5382187827597087 1
      vertex 63.87223394251484 -1.5382187827597087 -1
    endloop
  endfacet
  facet normal -0.6343932841636484 0.7730104533627344 0
    outer loop
      vertex 64.15257655662369 -1.308147545195113 1
      vertex 64.15257655662369 -1.308147545195113 -1
      vertex 63.87223394251484 -1.5382187827597087 1
    endloop
  endfacet
  facet normal -0.7730104533627293 0.6343932841636546 0
    outer loop
      vertex 64.15257655662369 -1.308147545195113 1
      vertex 64.38264779418829 -1.027804931086264 1
      vertex 64.38264779418829 -1.027804931086264 -1
    endloop
  endfacet
  facet normal -0.8819212643483624 0.4713967368259838 0
    outer loop
      vertex 64.38264779418829 -1.027804931086264 1
      vertex 64.55360614657445 -0.7079643498754161 1
      vertex 64.55360614657445 -0.7079643498754161 -1
    endloop
  endfacet
  facet normal -0.9569403357322049 0.29028467725447554 0
    outer loop
      vertex 64.55360614657445 -0.7079643498754161 1
      vertex 64.65888178017455 -0.36091709572983727 1
      vertex 64.65888178017455 -0.36091709572983727 -1
    endloop
  endfacet
  facet normal -0.9951847266721993 0.09801714032953522 0
    outer loop
      vertex 64.65888178017455 -0.36091709572983727 1
      vertex 64.69442901142857 0 1
      vertex 64.69442901142857 0 -1
    endloop
  endfacet
  facet normal 0.9951847266721974 -0.09801714032955464 0
    outer loop
      vertex 60.99442901142857 0 -1
      vertex 61.029976242682594 0.36091709572983727 -1
      vertex 61.029976242682594 0.36091709572983727 1
    endloop
  endfacet
  facet normal 0.9569403357322049 -0.29028467725447554 0
    outer loop
      vertex 61.029976242682594 0.36091709572983727 -1
      vertex 61.135251876282695 0.7079643498754161 -1
      vertex 61.135251876282695 0.7079643498754161 1
    endloop
  endfacet
  facet normal 0.8819212643483543 -0.4713967368259991 0
    outer loop
      vertex 61.135251876282695 0.7079643498754161 -1
      vertex 61.30621022866887 1.027804931086264 -1
      vertex 61.30621022866887 1.027804931086264 1
    endloop
  endfacet
  facet normal 0.7730104533627391 -0.6343932841636429 0
    outer loop
      vertex 61.30621022866887 1.027804931086264 -1
      vertex 61.53628146623346 1.308147545195113 -1
      vertex 61.53628146623346 1.308147545195113 1
    endloop
  endfacet
  facet normal 0.6343932841636484 -0.7730104533627344 0
    outer loop
      vertex 61.81662408034231 1.5382187827597087 1
      vertex 61.53628146623346 1.308147545195113 -1
      vertex 61.81662408034231 1.5382187827597087 -1
    endloop
  endfacet
  facet normal 0.47139673682599853 -0.8819212643483546 0
    outer loop
      vertex 62.136464661553156 1.7091771351458807 1
      vertex 61.81662408034231 1.5382187827597087 -1
      vertex 62.136464661553156 1.7091771351458807 -1
    endloop
  endfacet
  facet normal 0.29028467725446183 -0.9569403357322089 0
    outer loop
      vertex 62.483511915698735 1.8144527687459764 1
      vertex 62.136464661553156 1.7091771351458807 -1
      vertex 62.483511915698735 1.8144527687459764 -1
    endloop
  endfacet
  facet normal 0.09801714032956027 -0.9951847266721969 0
    outer loop
      vertex 62.84442901142857 1.85 -1
      vertex 62.84442901142857 1.85 1
      vertex 62.483511915698735 1.8144527687459764 -1
    endloop
  endfacet
  facet normal -0.09801714032956027 -0.9951847266721969 0
    outer loop
      vertex 63.20534610715841 1.8144527687459764 -1
      vertex 63.20534610715841 1.8144527687459764 1
      vertex 62.84442901142857 1.85 -1
    endloop
  endfacet
  facet normal -0.29028467725446183 -0.9569403357322089 0
    outer loop
      vertex 63.55239336130399 1.7091771351458807 -1
      vertex 63.55239336130399 1.7091771351458807 1
      vertex 63.20534610715841 1.8144527687459764 -1
    endloop
  endfacet
  facet normal -0.7730104533627293 -0.6343932841636546 0
    outer loop
      vertex 64.38264779418829 1.027804931086264 1
      vertex 64.15257655662369 1.308147545195113 -1
      vertex 64.38264779418829 1.027804931086264 -1
    endloop
  endfacet
  facet normal -0.9951847266721993 -0.09801714032953522 0
    outer loop
      vertex 64.69442901142857 0 -1
      vertex 64.69442901142857 0 1
      vertex 64.65888178017455 0.36091709572983727 -1
    endloop
  endfacet
  facet normal -0.9569403357322049 -0.29028467725447554 0
    outer loop
      vertex 64.65888178017455 0.36091709572983727 1
      vertex 64.55360614657445 0.7079643498754161 -1
      vertex 64.65888178017455 0.36091709572983727 -1
    endloop
  endfacet
  facet normal -0.8819212643483624 -0.4713967368259838 0
    outer loop
      vertex 64.55360614657445 0.7079643498754161 1
      vertex 64.38264779418829 1.027804931086264 -1
      vertex 64.55360614657445 0.7079643498754161 -1
    endloop
  endfacet
  facet normal -0.47139673682599853 -0.8819212643483546 0
    outer loop
      vertex 63.87223394251484 1.5382187827597087 1
      vertex 63.55239336130399 1.7091771351458807 -1
      vertex 63.87223394251484 1.5382187827597087 -1
    endloop
  endfacet
  facet normal -0.6343932841636484 -0.7730104533627344 0
    outer loop
      vertex 63.87223394251484 1.5382187827597087 -1
      vertex 64.15257655662369 1.308147545195113 -1
      vertex 64.15257655662369 1.308147545195113 1
    endloop
  endfacet
  facet normal 0.9951847266721974 -0.09801714032955464 0
    outer loop
      vertex 60.99442901142857 0 -1
      vertex 61.029976242682594 0.36091709572983727 1
      vertex 60.99442901142857 0 1
    endloop
  endfacet
  facet normal 0.9569403357322049 -0.29028467725447554 0
    outer loop
      vertex 61.029976242682594 0.36091709572983727 -1
      vertex 61.135251876282695 0.7079643498754161 1
      vertex 61.029976242682594 0.36091709572983727 1
    endloop
  endfacet
  facet normal 0.8819212643483543 -0.4713967368259991 0
    outer loop
      vertex 61.135251876282695 0.7079643498754161 -1
      vertex 61.30621022866887 1.027804931086264 1
      vertex 61.135251876282695 0.7079643498754161 1
    endloop
  endfacet
  facet normal 0.7730104533627391 -0.6343932841636429 0
    outer loop
      vertex 61.30621022866887 1.027804931086264 -1
      vertex 61.53628146623346 1.308147545195113 1
      vertex 61.30621022866887 1.027804931086264 1
    endloop
  endfacet
  facet normal 0.6343932841636484 -0.7730104533627344 0
    outer loop
      vertex 61.53628146623346 1.308147545195113 1
      vertex 61.53628146623346 1.308147545195113 -1
      vertex 61.81662408034231 1.5382187827597087 1
    endloop
  endfacet
  facet normal 0.47139673682599853 -0.8819212643483546 0
    outer loop
      vertex 61.81662408034231 1.5382187827597087 1
      vertex 61.81662408034231 1.5382187827597087 -1
      vertex 62.136464661553156 1.7091771351458807 1
    endloop
  endfacet
  facet normal 0.29028467725446183 -0.9569403357322089 0
    outer loop
      vertex 62.136464661553156 1.7091771351458807 1
      vertex 62.136464661553156 1.7091771351458807 -1
      vertex 62.483511915698735 1.8144527687459764 1
    endloop
  endfacet
  facet normal 0.09801714032956027 -0.9951847266721969 0
    outer loop
      vertex 62.84442901142857 1.85 1
      vertex 62.483511915698735 1.8144527687459764 1
      vertex 62.483511915698735 1.8144527687459764 -1
    endloop
  endfacet
  facet normal -0.09801714032956027 -0.9951847266721969 0
    outer loop
      vertex 62.84442901142857 1.85 -1
      vertex 63.20534610715841 1.8144527687459764 1
      vertex 62.84442901142857 1.85 1
    endloop
  endfacet
  facet normal -0.47139673682599853 -0.8819212643483546 0
    outer loop
      vertex 63.55239336130399 1.7091771351458807 -1
      vertex 63.87223394251484 1.5382187827597087 1
      vertex 63.55239336130399 1.7091771351458807 1
    endloop
  endfacet
  facet normal -0.29028467725446183 -0.9569403357322089 0
    outer loop
      vertex 63.20534610715841 1.8144527687459764 -1
      vertex 63.55239336130399 1.7091771351458807 1
      vertex 63.20534610715841 1.8144527687459764 1
    endloop
  endfacet
  facet normal -0.9951847266721993 -0.09801714032953522 0
    outer loop
      vertex 64.69442901142857 0 1
      vertex 64.65888178017455 0.36091709572983727 1
      vertex 64.65888178017455 0.36091709572983727 -1
    endloop
  endfacet
  facet normal -0.9569403357322049 -0.29028467725447554 0
    outer loop
      vertex 64.65888178017455 0.36091709572983727 1
      vertex 64.55360614657445 0.7079643498754161 1
      vertex 64.55360614657445 0.7079643498754161 -1
    endloop
  endfacet
  facet normal -0.8819212643483624 -0.4713967368259838 0
    outer loop
      vertex 64.55360614657445 0.7079643498754161 1
      vertex 64.38264779418829 1.027804931086264 1
      vertex 64.38264779418829 1.027804931086264 -1
    endloop
  endfacet
  facet normal -0.6343932841636484 -0.7730104533627344 0
    outer loop
      vertex 63.87223394251484 1.5382187827597087 1
      vertex 63.87223394251484 1.5382187827597087 -1
      vertex 64.15257655662369 1.308147545195113 1
    endloop
  endfacet
  facet normal -0.7730104533627293 -0.6343932841636546 0
    outer loop
      vertex 64.38264779418829 1.027804931086264 1
      vertex 64.15257655662369 1.308147545195113 1
      vertex 64.15257655662369 1.308147545195113 -1
    endloop
  endfacet
  facet normal 0.8901947340050451 0.4555802185671444 0
    outer loop
      vertex 51.31177888888498 32.976077960976156 -1
      vertex 51.14655660909071 33.29891902698151 -1
      vertex 51.14655660909071 33.29891902698151 1
    endloop
  endfacet
  facet normal 0.9619691833490738 0.2731579950993858 0
    outer loop
      vertex 51.14655660909071 33.29891902698151 -1
      vertex 51.04749219660086 33.64779006019855 -1
      vertex 51.04749219660086 33.64779006019855 1
    endloop
  endfacet
  facet normal 0.9967756964555028 0.0802384630688259 0
    outer loop
      vertex 51.04749219660086 33.64779006019855 -1
      vertex 51.01839264123141 34.00928414246989 -1
      vertex 51.01839264123141 34.00928414246989 1
    endloop
  endfacet
  facet normal 0.784210600260191 0.6204947497276274 0
    outer loop
      vertex 51.53680963642887 32.69167346329772 -1
      vertex 51.31177888888498 32.976077960976156 -1
      vertex 51.31177888888498 32.976077960976156 1
    endloop
  endfacet
  facet normal 0.6480896929376715 0.7615640156335871 0
    outer loop
      vertex 51.53680963642887 32.69167346329772 -1
      vertex 51.53680963642887 32.69167346329772 1
      vertex 51.81300104629298 32.45663503929611 -1
    endloop
  endfacet
  facet normal 0.48706306216849127 0.8733668035087275 0
    outer loop
      vertex 51.81300104629298 32.45663503929611 -1
      vertex 51.81300104629298 32.45663503929611 1
      vertex 52.129739237486156 32.279995083794624 -1
    endloop
  endfacet
  facet normal 0.30731887106825934 0.9516065949147949 0
    outer loop
      vertex 52.129739237486156 32.279995083794624 -1
      vertex 52.129739237486156 32.279995083794624 1
      vertex 52.47485213894966 32.16854177122237 -1
    endloop
  endfacet
  facet normal 0.9932766785454079 -0.11576458809930792 0
    outer loop
      vertex 51.01839264123141 34.00928414246989 -1
      vertex 51.060376222576025 34.369509258942024 -1
      vertex 51.060376222576025 34.369509258942024 1
    endloop
  endfacet
  facet normal 0.9516065949148006 -0.3073188710682416 0
    outer loop
      vertex 51.060376222576025 34.369509258942024 -1
      vertex 51.17182953514827 34.714622160405526 -1
      vertex 51.17182953514827 34.714622160405526 1
    endloop
  endfacet
  facet normal 0.873366803508723 -0.4870630621684996 0
    outer loop
      vertex 51.17182953514827 34.714622160405526 -1
      vertex 51.348469490649755 35.03136035159869 -1
      vertex 51.348469490649755 35.03136035159869 1
    endloop
  endfacet
  facet normal 0.7615640156335775 -0.6480896929376829 0
    outer loop
      vertex 51.348469490649755 35.03136035159869 -1
      vertex 51.58350791465137 35.307551761462804 -1
      vertex 51.58350791465137 35.307551761462804 1
    endloop
  endfacet
  facet normal 0.6204947497276394 -0.7842106002601814 0
    outer loop
      vertex 51.86791241232981 35.5325825090067 -1
      vertex 51.86791241232981 35.5325825090067 1
      vertex 51.58350791465137 35.307551761462804 -1
    endloop
  endfacet
  facet normal 0.4555802185671209 -0.890194734005057 0
    outer loop
      vertex 52.19075347833517 35.697804788800966 -1
      vertex 52.19075347833517 35.697804788800966 1
      vertex 51.86791241232981 35.5325825090067 -1
    endloop
  endfacet
  facet normal 0.11576458809930566 0.9932766785454081 0
    outer loop
      vertex 52.47485213894966 32.16854177122237 -1
      vertex 52.47485213894966 32.16854177122237 1
      vertex 52.8350772554218 32.126558189877755 -1
    endloop
  endfacet
  facet normal -0.08023846306880957 0.996775696455504 0
    outer loop
      vertex 52.8350772554218 32.126558189877755 -1
      vertex 52.8350772554218 32.126558189877755 1
      vertex 53.19657133769312 32.1556577452472 -1
    endloop
  endfacet
  facet normal -0.27315799509942723 0.961969183349062 0
    outer loop
      vertex 53.19657133769312 32.1556577452472 1
      vertex 53.54544237091016 32.25472215773706 -1
      vertex 53.19657133769312 32.1556577452472 -1
    endloop
  endfacet
  facet normal -0.45558021856711295 0.8901947340050611 0
    outer loop
      vertex 53.54544237091016 32.25472215773706 1
      vertex 53.868283436915526 32.41994443753133 -1
      vertex 53.54544237091016 32.25472215773706 -1
    endloop
  endfacet
  facet normal -0.620494749727649 0.784210600260174 0
    outer loop
      vertex 53.868283436915526 32.41994443753133 -1
      vertex 53.868283436915526 32.41994443753133 1
      vertex 54.152687934593956 32.644975185075225 -1
    endloop
  endfacet
  facet normal -0.7615640156335775 0.6480896929376829 0
    outer loop
      vertex 54.152687934593956 32.644975185075225 -1
      vertex 54.152687934593956 32.644975185075225 1
      vertex 54.38772635859557 32.921166594939336 -1
    endloop
  endfacet
  facet normal -0.873366803508723 0.4870630621684996 0
    outer loop
      vertex 54.56436631409706 33.2379047861325 -1
      vertex 54.38772635859557 32.921166594939336 -1
      vertex 54.38772635859557 32.921166594939336 1
    endloop
  endfacet
  facet normal -0.9516065949147949 0.30731887106825934 0
    outer loop
      vertex 54.67581962666931 33.583017687596005 -1
      vertex 54.56436631409706 33.2379047861325 -1
      vertex 54.56436631409706 33.2379047861325 1
    endloop
  endfacet
  facet normal 0.27315799509942723 -0.961969183349062 0
    outer loop
      vertex 52.539624511552205 35.79686920129083 -1
      vertex 52.539624511552205 35.79686920129083 1
      vertex 52.19075347833517 35.697804788800966 -1
    endloop
  endfacet
  facet normal 0.08023846306880957 -0.996775696455504 0
    outer loop
      vertex 52.901118593823526 35.825968756660274 -1
      vertex 52.901118593823526 35.825968756660274 1
      vertex 52.539624511552205 35.79686920129083 -1
    endloop
  endfacet
  facet normal -0.11576458809930341 -0.9932766785454085 0
    outer loop
      vertex 53.26134371029568 35.78398517531566 1
      vertex 52.901118593823526 35.825968756660274 -1
      vertex 53.26134371029568 35.78398517531566 -1
    endloop
  endfacet
  facet normal -0.3073188710682416 -0.9516065949148006 0
    outer loop
      vertex 53.60645661175918 35.67253186274341 -1
      vertex 53.60645661175918 35.67253186274341 1
      vertex 53.26134371029568 35.78398517531566 -1
    endloop
  endfacet
  facet normal -0.890194734005041 -0.45558021856715236 0
    outer loop
      vertex 54.42441696036035 34.976448985561866 -1
      vertex 54.58963924015462 34.65360791955652 -1
      vertex 54.58963924015462 34.65360791955652 1
    endloop
  endfacet
  facet normal -0.7842106002601986 -0.6204947497276179 0
    outer loop
      vertex 54.19938621281646 35.26085348324031 -1
      vertex 54.42441696036035 34.976448985561866 -1
      vertex 54.42441696036035 34.976448985561866 1
    endloop
  endfacet
  facet normal -0.4870630621685062 -0.8733668035087193 0
    outer loop
      vertex 53.92319480295235 35.49589190724192 -1
      vertex 53.92319480295235 35.49589190724192 1
      vertex 53.60645661175918 35.67253186274341 -1
    endloop
  endfacet
  facet normal -0.6480896929376813 -0.761564015633579 0
    outer loop
      vertex 54.19938621281646 35.26085348324031 -1
      vertex 54.19938621281646 35.26085348324031 1
      vertex 53.92319480295235 35.49589190724192 -1
    endloop
  endfacet
  facet normal -0.9932766785454081 0.11576458809930566 0
    outer loop
      vertex 54.717803208013926 33.94324280406815 -1
      vertex 54.67581962666931 33.583017687596005 -1
      vertex 54.67581962666931 33.583017687596005 1
    endloop
  endfacet
  facet normal -0.9967756964555027 -0.08023846306882747 0
    outer loop
      vertex 54.68870365264448 34.30473688633948 -1
      vertex 54.717803208013926 33.94324280406815 -1
      vertex 54.717803208013926 33.94324280406815 1
    endloop
  endfacet
  facet normal -0.9619691833490687 -0.27315799509940397 0
    outer loop
      vertex 54.58963924015462 34.65360791955652 -1
      vertex 54.68870365264448 34.30473688633948 -1
      vertex 54.68870365264448 34.30473688633948 1
    endloop
  endfacet
  facet normal 0.9619691833490738 0.2731579950993858 0
    outer loop
      vertex 51.14655660909071 33.29891902698151 -1
      vertex 51.04749219660086 33.64779006019855 1
      vertex 51.14655660909071 33.29891902698151 1
    endloop
  endfacet
  facet normal 0.9967756964555028 0.0802384630688259 0
    outer loop
      vertex 51.04749219660086 33.64779006019855 -1
      vertex 51.01839264123141 34.00928414246989 1
      vertex 51.04749219660086 33.64779006019855 1
    endloop
  endfacet
  facet normal 0.9932766785454079 -0.11576458809930792 0
    outer loop
      vertex 51.01839264123141 34.00928414246989 -1
      vertex 51.060376222576025 34.369509258942024 1
      vertex 51.01839264123141 34.00928414246989 1
    endloop
  endfacet
  facet normal 0.784210600260191 0.6204947497276274 0
    outer loop
      vertex 51.53680963642887 32.69167346329772 -1
      vertex 51.31177888888498 32.976077960976156 1
      vertex 51.53680963642887 32.69167346329772 1
    endloop
  endfacet
  facet normal 0.6480896929376715 0.7615640156335871 0
    outer loop
      vertex 51.81300104629298 32.45663503929611 -1
      vertex 51.53680963642887 32.69167346329772 1
      vertex 51.81300104629298 32.45663503929611 1
    endloop
  endfacet
  facet normal 0.48706306216849127 0.8733668035087275 0
    outer loop
      vertex 52.129739237486156 32.279995083794624 -1
      vertex 51.81300104629298 32.45663503929611 1
      vertex 52.129739237486156 32.279995083794624 1
    endloop
  endfacet
  facet normal 0.8901947340050451 0.4555802185671444 0
    outer loop
      vertex 51.31177888888498 32.976077960976156 -1
      vertex 51.14655660909071 33.29891902698151 1
      vertex 51.31177888888498 32.976077960976156 1
    endloop
  endfacet
  facet normal 0.9516065949148006 -0.3073188710682416 0
    outer loop
      vertex 51.060376222576025 34.369509258942024 -1
      vertex 51.17182953514827 34.714622160405526 1
      vertex 51.060376222576025 34.369509258942024 1
    endloop
  endfacet
  facet normal 0.873366803508723 -0.4870630621684996 0
    outer loop
      vertex 51.17182953514827 34.714622160405526 -1
      vertex 51.348469490649755 35.03136035159869 1
      vertex 51.17182953514827 34.714622160405526 1
    endloop
  endfacet
  facet normal 0.7615640156335775 -0.6480896929376829 0
    outer loop
      vertex 51.348469490649755 35.03136035159869 -1
      vertex 51.58350791465137 35.307551761462804 1
      vertex 51.348469490649755 35.03136035159869 1
    endloop
  endfacet
  facet normal 0.6204947497276394 -0.7842106002601814 0
    outer loop
      vertex 51.58350791465137 35.307551761462804 -1
      vertex 51.86791241232981 35.5325825090067 1
      vertex 51.58350791465137 35.307551761462804 1
    endloop
  endfacet
  facet normal 0.4555802185671209 -0.890194734005057 0
    outer loop
      vertex 51.86791241232981 35.5325825090067 -1
      vertex 52.19075347833517 35.697804788800966 1
      vertex 51.86791241232981 35.5325825090067 1
    endloop
  endfacet
  facet normal 0.27315799509942723 -0.961969183349062 0
    outer loop
      vertex 52.19075347833517 35.697804788800966 -1
      vertex 52.539624511552205 35.79686920129083 1
      vertex 52.19075347833517 35.697804788800966 1
    endloop
  endfacet
  facet normal 0.30731887106825934 0.9516065949147949 0
    outer loop
      vertex 52.47485213894966 32.16854177122237 -1
      vertex 52.129739237486156 32.279995083794624 1
      vertex 52.47485213894966 32.16854177122237 1
    endloop
  endfacet
  facet normal 0.11576458809930566 0.9932766785454081 0
    outer loop
      vertex 52.8350772554218 32.126558189877755 -1
      vertex 52.47485213894966 32.16854177122237 1
      vertex 52.8350772554218 32.126558189877755 1
    endloop
  endfacet
  facet normal -0.08023846306880957 0.996775696455504 0
    outer loop
      vertex 52.8350772554218 32.126558189877755 1
      vertex 53.19657133769312 32.1556577452472 1
      vertex 53.19657133769312 32.1556577452472 -1
    endloop
  endfacet
  facet normal -0.27315799509942723 0.961969183349062 0
    outer loop
      vertex 53.54544237091016 32.25472215773706 1
      vertex 53.54544237091016 32.25472215773706 -1
      vertex 53.19657133769312 32.1556577452472 1
    endloop
  endfacet
  facet normal -0.45558021856711295 0.8901947340050611 0
    outer loop
      vertex 53.54544237091016 32.25472215773706 1
      vertex 53.868283436915526 32.41994443753133 1
      vertex 53.868283436915526 32.41994443753133 -1
    endloop
  endfacet
  facet normal -0.620494749727649 0.784210600260174 0
    outer loop
      vertex 54.152687934593956 32.644975185075225 -1
      vertex 53.868283436915526 32.41994443753133 1
      vertex 54.152687934593956 32.644975185075225 1
    endloop
  endfacet
  facet normal -0.7615640156335775 0.6480896929376829 0
    outer loop
      vertex 54.38772635859557 32.921166594939336 -1
      vertex 54.152687934593956 32.644975185075225 1
      vertex 54.38772635859557 32.921166594939336 1
    endloop
  endfacet
  facet normal -0.873366803508723 0.4870630621684996 0
    outer loop
      vertex 54.56436631409706 33.2379047861325 -1
      vertex 54.38772635859557 32.921166594939336 1
      vertex 54.56436631409706 33.2379047861325 1
    endloop
  endfacet
  facet normal 0.08023846306880957 -0.996775696455504 0
    outer loop
      vertex 52.539624511552205 35.79686920129083 -1
      vertex 52.901118593823526 35.825968756660274 1
      vertex 52.539624511552205 35.79686920129083 1
    endloop
  endfacet
  facet normal -0.11576458809930341 -0.9932766785454085 0
    outer loop
      vertex 53.26134371029568 35.78398517531566 1
      vertex 52.901118593823526 35.825968756660274 1
      vertex 52.901118593823526 35.825968756660274 -1
    endloop
  endfacet
  facet normal -0.3073188710682416 -0.9516065949148006 0
    outer loop
      vertex 53.26134371029568 35.78398517531566 1
      vertex 53.26134371029568 35.78398517531566 -1
      vertex 53.60645661175918 35.67253186274341 1
    endloop
  endfacet
  facet normal -0.9619691833490687 -0.27315799509940397 0
    outer loop
      vertex 54.58963924015462 34.65360791955652 -1
      vertex 54.68870365264448 34.30473688633948 1
      vertex 54.58963924015462 34.65360791955652 1
    endloop
  endfacet
  facet normal -0.7842106002601986 -0.6204947497276179 0
    outer loop
      vertex 54.19938621281646 35.26085348324031 -1
      vertex 54.42441696036035 34.976448985561866 1
      vertex 54.19938621281646 35.26085348324031 1
    endloop
  endfacet
  facet normal -0.890194734005041 -0.45558021856715236 0
    outer loop
      vertex 54.42441696036035 34.976448985561866 -1
      vertex 54.58963924015462 34.65360791955652 1
      vertex 54.42441696036035 34.976448985561866 1
    endloop
  endfacet
  facet normal -0.4870630621685062 -0.8733668035087193 0
    outer loop
      vertex 53.60645661175918 35.67253186274341 -1
      vertex 53.92319480295235 35.49589190724192 1
      vertex 53.60645661175918 35.67253186274341 1
    endloop
  endfacet
  facet normal -0.6480896929376813 -0.761564015633579 0
    outer loop
      vertex 53.92319480295235 35.49589190724192 -1
      vertex 54.19938621281646 35.26085348324031 1
      vertex 53.92319480295235 35.49589190724192 1
    endloop
  endfacet
  facet normal -0.9516065949147949 0.30731887106825934 0
    outer loop
      vertex 54.67581962666931 33.583017687596005 -1
      vertex 54.56436631409706 33.2379047861325 1
      vertex 54.67581962666931 33.583017687596005 1
    endloop
  endfacet
  facet normal -0.9932766785454081 0.11576458809930566 0
    outer loop
      vertex 54.717803208013926 33.94324280406815 -1
      vertex 54.67581962666931 33.583017687596005 1
      vertex 54.717803208013926 33.94324280406815 1
    endloop
  endfacet
  facet normal -0.9967756964555027 -0.08023846306882747 0
    outer loop
      vertex 54.68870365264448 34.30473688633948 -1
      vertex 54.717803208013926 33.94324280406815 1
      vertex 54.68870365264448 34.30473688633948 1
    endloop
  endfacet
  facet normal 0.8981845764475592 0.4396185467330952 0
    outer loop
      vertex 24.532595868939648 56.19305593673825 -1
      vertex 24.373162303629172 56.51879462632282 -1
      vertex 24.373162303629172 56.51879462632282 1
    endloop
  endfacet
  facet normal 0.9666915355113945 0.2559442813790185 0
    outer loop
      vertex 24.373162303629172 56.51879462632282 -1
      vertex 24.280340675414614 56.869378283921804 -1
      vertex 24.280340675414614 56.869378283921804 1
    endloop
  endfacet
  facet normal 0.7951608878185555 0.6063985178771519 0
    outer loop
      vertex 24.752514428842538 55.904680170332455 -1
      vertex 24.532595868939648 56.19305593673825 -1
      vertex 24.532595868939648 56.19305593673825 1
    endloop
  endfacet
  facet normal 0.6615796122020526 0.7498749340513934 0
    outer loop
      vertex 24.752514428842538 55.904680170332455 -1
      vertex 24.752514428842538 55.904680170332455 1
      vertex 25.02446663641252 55.66474944608543 -1
    endloop
  endfacet
  facet normal 0.9980490809923924 0.062434220826729815 0
    outer loop
      vertex 24.280340675414614 56.869378283921804 -1
      vertex 24.257698067413294 57.23133417618327 -1
      vertex 24.257698067413294 57.23133417618327 1
    endloop
  endfacet
  facet normal 0.9910521600032218 -0.1334751518184124 0
    outer loop
      vertex 24.257698067413294 57.23133417618327 -1
      vertex 24.306104622352585 57.590752541154785 -1
      vertex 24.306104622352585 57.590752541154785 1
    endloop
  endfacet
  facet normal 0.945969660293585 -0.3242551492328832 0
    outer loop
      vertex 24.306104622352585 57.590752541154785 -1
      vertex 24.42370010347287 57.93382113263465 -1
      vertex 24.42370010347287 57.93382113263465 1
    endloop
  endfacet
  facet normal 0.8645340770447579 -0.502574203106734 0
    outer loop
      vertex 24.42370010347287 57.93382113263465 -1
      vertex 24.605965382383012 58.247356017047366 -1
      vertex 24.605965382383012 58.247356017047366 1
    endloop
  endfacet
  facet normal 0.749874934051403 -0.6615796122020416 0
    outer loop
      vertex 24.605965382383012 58.247356017047366 -1
      vertex 24.84589610663003 58.51930822461735 -1
      vertex 24.84589610663003 58.51930822461735 1
    endloop
  endfacet
  facet normal 0.6063985178771457 -0.7951608878185603 0
    outer loop
      vertex 25.13427187303582 58.739226784520234 -1
      vertex 25.13427187303582 58.739226784520234 1
      vertex 24.84589610663003 58.51930822461735 -1
    endloop
  endfacet
  facet normal 0.5025742031067223 0.8645340770447646 0
    outer loop
      vertex 25.02446663641252 55.66474944608543 -1
      vertex 25.02446663641252 55.66474944608543 1
      vertex 25.33800152082524 55.48248416717529 -1
    endloop
  endfacet
  facet normal 0.32425514923289495 0.945969660293581 0
    outer loop
      vertex 25.33800152082524 55.48248416717529 -1
      vertex 25.33800152082524 55.48248416717529 1
      vertex 25.6810701123051 55.364888686055004 -1
    endloop
  endfacet
  facet normal 0.1334751518183932 0.9910521600032245 0
    outer loop
      vertex 25.6810701123051 55.364888686055004 -1
      vertex 25.6810701123051 55.364888686055004 1
      vertex 26.040488477276618 55.31648213111572 -1
    endloop
  endfacet
  facet normal -0.06243422082673164 0.9980490809923922 0
    outer loop
      vertex 26.040488477276618 55.31648213111572 -1
      vertex 26.040488477276618 55.31648213111572 1
      vertex 26.40244436953807 55.33912473911704 -1
    endloop
  endfacet
  facet normal -0.25594428137901115 0.9666915355113964 0
    outer loop
      vertex 26.40244436953807 55.33912473911704 -1
      vertex 26.40244436953807 55.33912473911704 1
      vertex 26.753028027137063 55.4319463673316 -1
    endloop
  endfacet
  facet normal -0.43961854673308726 0.8981845764475631 0
    outer loop
      vertex 26.753028027137063 55.4319463673316 -1
      vertex 26.753028027137063 55.4319463673316 1
      vertex 27.07876671672164 55.59137993264207 -1
    endloop
  endfacet
  facet normal -0.606398517877158 0.7951608878185509 0
    outer loop
      vertex 27.07876671672164 55.59137993264207 1
      vertex 27.36714248312743 55.811298492544964 -1
      vertex 27.07876671672164 55.59137993264207 -1
    endloop
  endfacet
  facet normal 0.4396185467331031 -0.8981845764475554 0
    outer loop
      vertex 25.460010562620397 58.89866034983071 -1
      vertex 25.460010562620397 58.89866034983071 1
      vertex 25.13427187303582 58.739226784520234 -1
    endloop
  endfacet
  facet normal 0.25594428137901115 -0.9666915355113964 0
    outer loop
      vertex 25.81059422021939 58.99148197804527 -1
      vertex 25.81059422021939 58.99148197804527 1
      vertex 25.460010562620397 58.89866034983071 -1
    endloop
  endfacet
  facet normal 0.06243422082671213 -0.9980490809923934 0
    outer loop
      vertex 26.17255011248084 59.014124586046584 -1
      vertex 26.17255011248084 59.014124586046584 1
      vertex 25.81059422021939 58.99148197804527 -1
    endloop
  endfacet
  facet normal -0.1334751518183932 -0.9910521600032245 0
    outer loop
      vertex 26.53196847745236 58.9657180311073 -1
      vertex 26.53196847745236 58.9657180311073 1
      vertex 26.17255011248084 59.014124586046584 -1
    endloop
  endfacet
  facet normal -0.32425514923291243 -0.9459696602935749 0
    outer loop
      vertex 26.87503706893222 58.848122549987 1
      vertex 26.53196847745236 58.9657180311073 -1
      vertex 26.87503706893222 58.848122549987 -1
    endloop
  endfacet
  facet normal -0.5025742031067076 -0.864534077044773 0
    outer loop
      vertex 27.18857195334494 58.665857271076874 -1
      vertex 27.18857195334494 58.665857271076874 1
      vertex 26.87503706893222 58.848122549987 -1
    endloop
  endfacet
  facet normal -0.749874934051403 0.6615796122020416 0
    outer loop
      vertex 27.36714248312743 55.811298492544964 -1
      vertex 27.36714248312743 55.811298492544964 1
      vertex 27.607073207374448 56.083250700114945 -1
    endloop
  endfacet
  facet normal -0.8645340770447579 0.502574203106734 0
    outer loop
      vertex 27.78933848628459 56.39678558452766 -1
      vertex 27.607073207374448 56.083250700114945 -1
      vertex 27.607073207374448 56.083250700114945 1
    endloop
  endfacet
  facet normal -0.945969660293585 0.3242551492328832 0
    outer loop
      vertex 27.906933967404875 56.739854176007526 -1
      vertex 27.78933848628459 56.39678558452766 -1
      vertex 27.78933848628459 56.39678558452766 1
    endloop
  endfacet
  facet normal -0.9910521600032218 0.1334751518184124 0
    outer loop
      vertex 27.955340522344166 57.099272540979044 -1
      vertex 27.906933967404875 56.739854176007526 -1
      vertex 27.906933967404875 56.739854176007526 1
    endloop
  endfacet
  facet normal -0.8981845764475592 -0.4396185467330952 0
    outer loop
      vertex 27.680442720817812 58.137550780424064 -1
      vertex 27.839876286128288 57.81181209083949 -1
      vertex 27.839876286128288 57.81181209083949 1
    endloop
  endfacet
  facet normal -0.9980490809923923 -0.06243422082673103 0
    outer loop
      vertex 27.932697914342846 57.4612284332405 -1
      vertex 27.955340522344166 57.099272540979044 -1
      vertex 27.955340522344166 57.099272540979044 1
    endloop
  endfacet
  facet normal -0.9666915355113959 -0.2559442813790136 0
    outer loop
      vertex 27.839876286128288 57.81181209083949 -1
      vertex 27.932697914342846 57.4612284332405 -1
      vertex 27.932697914342846 57.4612284332405 1
    endloop
  endfacet
  facet normal -0.6615796122020526 -0.7498749340513934 0
    outer loop
      vertex 27.18857195334494 58.665857271076874 -1
      vertex 27.46052416091492 58.42592654682985 -1
      vertex 27.46052416091492 58.42592654682985 1
    endloop
  endfacet
  facet normal -0.7951608878185484 -0.6063985178771614 0
    outer loop
      vertex 27.46052416091492 58.42592654682985 -1
      vertex 27.680442720817812 58.137550780424064 -1
      vertex 27.680442720817812 58.137550780424064 1
    endloop
  endfacet
  facet normal 0.6615796122020526 0.7498749340513934 0
    outer loop
      vertex 25.02446663641252 55.66474944608543 -1
      vertex 24.752514428842538 55.904680170332455 1
      vertex 25.02446663641252 55.66474944608543 1
    endloop
  endfacet
  facet normal 0.9666915355113945 0.2559442813790185 0
    outer loop
      vertex 24.373162303629172 56.51879462632282 -1
      vertex 24.280340675414614 56.869378283921804 1
      vertex 24.373162303629172 56.51879462632282 1
    endloop
  endfacet
  facet normal 0.7951608878185555 0.6063985178771519 0
    outer loop
      vertex 24.752514428842538 55.904680170332455 -1
      vertex 24.532595868939648 56.19305593673825 1
      vertex 24.752514428842538 55.904680170332455 1
    endloop
  endfacet
  facet normal 0.8981845764475592 0.4396185467330952 0
    outer loop
      vertex 24.532595868939648 56.19305593673825 -1
      vertex 24.373162303629172 56.51879462632282 1
      vertex 24.532595868939648 56.19305593673825 1
    endloop
  endfacet
  facet normal 0.9980490809923924 0.062434220826729815 0
    outer loop
      vertex 24.280340675414614 56.869378283921804 -1
      vertex 24.257698067413294 57.23133417618327 1
      vertex 24.280340675414614 56.869378283921804 1
    endloop
  endfacet
  facet normal 0.9910521600032218 -0.1334751518184124 0
    outer loop
      vertex 24.257698067413294 57.23133417618327 -1
      vertex 24.306104622352585 57.590752541154785 1
      vertex 24.257698067413294 57.23133417618327 1
    endloop
  endfacet
  facet normal 0.945969660293585 -0.3242551492328832 0
    outer loop
      vertex 24.306104622352585 57.590752541154785 -1
      vertex 24.42370010347287 57.93382113263465 1
      vertex 24.306104622352585 57.590752541154785 1
    endloop
  endfacet
  facet normal 0.8645340770447579 -0.502574203106734 0
    outer loop
      vertex 24.42370010347287 57.93382113263465 -1
      vertex 24.605965382383012 58.247356017047366 1
      vertex 24.42370010347287 57.93382113263465 1
    endloop
  endfacet
  facet normal 0.749874934051403 -0.6615796122020416 0
    outer loop
      vertex 24.605965382383012 58.247356017047366 -1
      vertex 24.84589610663003 58.51930822461735 1
      vertex 24.605965382383012 58.247356017047366 1
    endloop
  endfacet
  facet normal 0.6063985178771457 -0.7951608878185603 0
    outer loop
      vertex 24.84589610663003 58.51930822461735 -1
      vertex 25.13427187303582 58.739226784520234 1
      vertex 24.84589610663003 58.51930822461735 1
    endloop
  endfacet
  facet normal 0.5025742031067223 0.8645340770447646 0
    outer loop
      vertex 25.33800152082524 55.48248416717529 -1
      vertex 25.02446663641252 55.66474944608543 1
      vertex 25.33800152082524 55.48248416717529 1
    endloop
  endfacet
  facet normal 0.32425514923289495 0.945969660293581 0
    outer loop
      vertex 25.6810701123051 55.364888686055004 -1
      vertex 25.33800152082524 55.48248416717529 1
      vertex 25.6810701123051 55.364888686055004 1
    endloop
  endfacet
  facet normal 0.1334751518183932 0.9910521600032245 0
    outer loop
      vertex 26.040488477276618 55.31648213111572 -1
      vertex 25.6810701123051 55.364888686055004 1
      vertex 26.040488477276618 55.31648213111572 1
    endloop
  endfacet
  facet normal -0.06243422082673164 0.9980490809923922 0
    outer loop
      vertex 26.40244436953807 55.33912473911704 -1
      vertex 26.040488477276618 55.31648213111572 1
      vertex 26.40244436953807 55.33912473911704 1
    endloop
  endfacet
  facet normal -0.25594428137901115 0.9666915355113964 0
    outer loop
      vertex 26.753028027137063 55.4319463673316 -1
      vertex 26.40244436953807 55.33912473911704 1
      vertex 26.753028027137063 55.4319463673316 1
    endloop
  endfacet
  facet normal -0.43961854673308726 0.8981845764475631 0
    outer loop
      vertex 27.07876671672164 55.59137993264207 1
      vertex 27.07876671672164 55.59137993264207 -1
      vertex 26.753028027137063 55.4319463673316 1
    endloop
  endfacet
  facet normal -0.606398517877158 0.7951608878185509 0
    outer loop
      vertex 27.07876671672164 55.59137993264207 1
      vertex 27.36714248312743 55.811298492544964 1
      vertex 27.36714248312743 55.811298492544964 -1
    endloop
  endfacet
  facet normal 0.4396185467331031 -0.8981845764475554 0
    outer loop
      vertex 25.13427187303582 58.739226784520234 -1
      vertex 25.460010562620397 58.89866034983071 1
      vertex 25.13427187303582 58.739226784520234 1
    endloop
  endfacet
  facet normal 0.25594428137901115 -0.9666915355113964 0
    outer loop
      vertex 25.460010562620397 58.89866034983071 -1
      vertex 25.81059422021939 58.99148197804527 1
      vertex 25.460010562620397 58.89866034983071 1
    endloop
  endfacet
  facet normal 0.06243422082671213 -0.9980490809923934 0
    outer loop
      vertex 25.81059422021939 58.99148197804527 -1
      vertex 26.17255011248084 59.014124586046584 1
      vertex 25.81059422021939 58.99148197804527 1
    endloop
  endfacet
  facet normal -0.1334751518183932 -0.9910521600032245 0
    outer loop
      vertex 26.17255011248084 59.014124586046584 -1
      vertex 26.53196847745236 58.9657180311073 1
      vertex 26.17255011248084 59.014124586046584 1
    endloop
  endfacet
  facet normal -0.32425514923291243 -0.9459696602935749 0
    outer loop
      vertex 26.53196847745236 58.9657180311073 -1
      vertex 26.87503706893222 58.848122549987 1
      vertex 26.53196847745236 58.9657180311073 1
    endloop
  endfacet
  facet normal -0.6615796122020526 -0.7498749340513934 0
    outer loop
      vertex 27.18857195334494 58.665857271076874 -1
      vertex 27.46052416091492 58.42592654682985 1
      vertex 27.18857195334494 58.665857271076874 1
    endloop
  endfacet
  facet normal -0.5025742031067076 -0.864534077044773 0
    outer loop
      vertex 27.18857195334494 58.665857271076874 1
      vertex 26.87503706893222 58.848122549987 1
      vertex 26.87503706893222 58.848122549987 -1
    endloop
  endfacet
  facet normal -0.749874934051403 0.6615796122020416 0
    outer loop
      vertex 27.607073207374448 56.083250700114945 -1
      vertex 27.36714248312743 55.811298492544964 1
      vertex 27.607073207374448 56.083250700114945 1
    endloop
  endfacet
  facet normal -0.8645340770447579 0.502574203106734 0
    outer loop
      vertex 27.78933848628459 56.39678558452766 -1
      vertex 27.607073207374448 56.083250700114945 1
      vertex 27.78933848628459 56.39678558452766 1
    endloop
  endfacet
  facet normal -0.945969660293585 0.3242551492328832 0
    outer loop
      vertex 27.906933967404875 56.739854176007526 -1
      vertex 27.78933848628459 56.39678558452766 1
      vertex 27.906933967404875 56.739854176007526 1
    endloop
  endfacet
  facet normal -0.9666915355113959 -0.2559442813790136 0
    outer loop
      vertex 27.839876286128288 57.81181209083949 -1
      vertex 27.932697914342846 57.4612284332405 1
      vertex 27.839876286128288 57.81181209083949 1
    endloop
  endfacet
  facet normal -0.8981845764475592 -0.4396185467330952 0
    outer loop
      vertex 27.680442720817812 58.137550780424064 -1
      vertex 27.839876286128288 57.81181209083949 1
      vertex 27.680442720817812 58.137550780424064 1
    endloop
  endfacet
  facet normal -0.9910521600032218 0.1334751518184124 0
    outer loop
      vertex 27.955340522344166 57.099272540979044 -1
      vertex 27.906933967404875 56.739854176007526 1
      vertex 27.955340522344166 57.099272540979044 1
    endloop
  endfacet
  facet normal -0.9980490809923923 -0.06243422082673103 0
    outer loop
      vertex 27.932697914342846 57.4612284332405 -1
      vertex 27.955340522344166 57.099272540979044 1
      vertex 27.932697914342846 57.4612284332405 1
    endloop
  endfacet
  facet normal -0.7951608878185484 -0.6063985178771614 0
    outer loop
      vertex 27.46052416091492 58.42592654682985 -1
      vertex 27.680442720817812 58.137550780424064 1
      vertex 27.46052416091492 58.42592654682985 1
    endloop
  endfacet
  facet normal 0.805857827138799 0.5921090798485811 0
    outer loop
      vertex -10.319984792073932 60.96850862211863 -1
      vertex -10.534721095522658 61.26076377711348 -1
      vertex -10.534721095522658 61.26076377711348 1
    endloop
  endfacet
  facet normal 0.6748587438991175 0.7379469329043284 0
    outer loop
      vertex -10.052358434184404 60.72376204256609 -1
      vertex -10.319984792073932 60.96850862211863 -1
      vertex -10.319984792073932 60.96850862211863 1
    endloop
  endfacet
  facet normal 0.5179252175965757 0.8554258991739376 0
    outer loop
      vertex -10.052358434184404 60.72376204256609 -1
      vertex -10.052358434184404 60.72376204256609 1
      vertex -9.742126752701173 60.53592951225257 -1
    endloop
  endfacet
  facet normal 0.3410881156375575 0.9400313278666941 0
    outer loop
      vertex -9.742126752701173 60.53592951225257 -1
      vertex -9.742126752701173 60.53592951225257 1
      vertex -9.401211777163711 60.41222932998036 -1
    endloop
  endfacet
  facet normal 0.1511431886790655 0.9885118798051565 0
    outer loop
      vertex -9.401211777163711 60.41222932998036 -1
      vertex -9.401211777163711 60.41222932998036 1
      vertex -9.0427146788946 60.357415224382294 -1
    endloop
  endfacet
  facet normal 0.905888246011797 0.4235168069128665 0
    outer loop
      vertex -10.534721095522658 61.26076377711348 -1
      vertex -10.688315148814548 61.58929630584276 -1
      vertex -10.688315148814548 61.58929630584276 1
    endloop
  endfacet
  facet normal 0.9711058876185445 0.2386490205984484 0
    outer loop
      vertex -10.688315148814548 61.58929630584276 -1
      vertex -10.774864418618137 61.94148088747057 -1
      vertex -10.774864418618137 61.94148088747057 1
    endloop
  endfacet
  facet normal 0.9990044745665672 0.04461008625834746 0
    outer loop
      vertex -10.774864418618137 61.94148088747057 -1
      vertex -10.79104286503226 62.30378326603233 -1
      vertex -10.79104286503226 62.30378326603233 1
    endloop
  endfacet
  facet normal 0.988511879805161 -0.1511431886790368 0
    outer loop
      vertex -10.79104286503226 62.30378326603233 -1
      vertex -10.736228759434201 62.662280364301445 -1
      vertex -10.736228759434201 62.662280364301445 1
    endloop
  endfacet
  facet normal 0.9400313278666905 -0.34108811563756736 0
    outer loop
      vertex -10.736228759434201 62.662280364301445 -1
      vertex -10.612528577161987 63.00319533983891 -1
      vertex -10.612528577161987 63.00319533983891 1
    endloop
  endfacet
  facet normal 0.8554258991739442 -0.517925217596565 0
    outer loop
      vertex -10.612528577161987 63.00319533983891 -1
      vertex -10.424696046848478 63.31342702132214 -1
      vertex -10.424696046848478 63.31342702132214 1
    endloop
  endfacet
  facet normal 0.7379469329043229 -0.6748587438991235 0
    outer loop
      vertex -10.424696046848478 63.31342702132214 -1
      vertex -10.179949467295929 63.581053379211674 -1
      vertex -10.179949467295929 63.581053379211674 1
    endloop
  endfacet
  facet normal 0.5921090798485675 -0.805857827138809 0
    outer loop
      vertex -9.887694312301075 63.79578968266039 -1
      vertex -9.887694312301075 63.79578968266039 1
      vertex -10.179949467295929 63.581053379211674 -1
    endloop
  endfacet
  facet normal 0.4235168069128627 -0.9058882460117987 0
    outer loop
      vertex -9.559161783571795 63.94938373595228 -1
      vertex -9.559161783571795 63.94938373595228 1
      vertex -9.887694312301075 63.79578968266039 -1
    endloop
  endfacet
  facet normal 0.23864902059843682 -0.9711058876185474 0
    outer loop
      vertex -9.206977201943989 64.03593300575587 -1
      vertex -9.206977201943989 64.03593300575587 1
      vertex -9.559161783571795 63.94938373595228 -1
    endloop
  endfacet
  facet normal -0.04461008625836701 0.9990044745665662 0
    outer loop
      vertex -9.0427146788946 60.357415224382294 1
      vertex -8.680412300332835 60.373593670796424 -1
      vertex -9.0427146788946 60.357415224382294 -1
    endloop
  endfacet
  facet normal -0.23864902059843682 0.9711058876185474 0
    outer loop
      vertex -8.680412300332835 60.373593670796424 -1
      vertex -8.680412300332835 60.373593670796424 1
      vertex -8.328227718705028 60.46014294060001 -1
    endloop
  endfacet
  facet normal -0.42351680691287874 0.9058882460117911 0
    outer loop
      vertex -8.328227718705028 60.46014294060001 -1
      vertex -8.328227718705028 60.46014294060001 1
      vertex -7.999695189975748 60.613736993891905 -1
    endloop
  endfacet
  facet normal -0.5921090798485826 0.805857827138798 0
    outer loop
      vertex -7.999695189975748 60.613736993891905 -1
      vertex -7.999695189975748 60.613736993891905 1
      vertex -7.7074400349808965 60.82847329734063 -1
    endloop
  endfacet
  facet normal -0.7379469329043116 0.6748587438991359 0
    outer loop
      vertex -7.7074400349808965 60.82847329734063 -1
      vertex -7.7074400349808965 60.82847329734063 1
      vertex -7.4626934554283455 61.096099655230155 -1
    endloop
  endfacet
  facet normal -0.8554258991739442 0.517925217596565 0
    outer loop
      vertex -7.274860925114837 61.406331336713386 -1
      vertex -7.4626934554283455 61.096099655230155 -1
      vertex -7.4626934554283455 61.096099655230155 1
    endloop
  endfacet
  facet normal -0.9400313278666905 0.34108811563756736 0
    outer loop
      vertex -7.151160742842622 61.74724631225085 -1
      vertex -7.274860925114837 61.406331336713386 -1
      vertex -7.274860925114837 61.406331336713386 1
    endloop
  endfacet
  facet normal -0.9885118798051601 0.1511431886790421 0
    outer loop
      vertex -7.0963466372445625 62.105743410519956 -1
      vertex -7.151160742842622 61.74724631225085 -1
      vertex -7.151160742842622 61.74724631225085 1
    endloop
  endfacet
  facet normal -0.971105887618544 -0.2386490205984507 0
    outer loop
      vertex -7.199074353462275 62.82023037070953 -1
      vertex -7.112525083658685 62.46804578908172 -1
      vertex -7.112525083658685 62.46804578908172 1
    endloop
  endfacet
  facet normal -0.9990044745665672 -0.04461008625834501 0
    outer loop
      vertex -7.112525083658685 62.46804578908172 -1
      vertex -7.0963466372445625 62.105743410519956 -1
      vertex -7.0963466372445625 62.105743410519956 1
    endloop
  endfacet
  facet normal -0.805857827138799 -0.5921090798485811 0
    outer loop
      vertex -7.567404710202892 63.44101805443367 -1
      vertex -7.352668406754166 63.148762899438815 -1
      vertex -7.352668406754166 63.148762899438815 1
    endloop
  endfacet
  facet normal -0.6748587438991175 -0.7379469329043284 0
    outer loop
      vertex -7.83503106809242 63.68576463398621 -1
      vertex -7.567404710202892 63.44101805443367 -1
      vertex -7.567404710202892 63.44101805443367 1
    endloop
  endfacet
  facet normal -0.9058882460117995 -0.423516806912861 0
    outer loop
      vertex -7.352668406754166 63.148762899438815 -1
      vertex -7.199074353462275 62.82023037070953 -1
      vertex -7.199074353462275 62.82023037070953 1
    endloop
  endfacet
  facet normal 0.04461008625836701 -0.9990044745665662 0
    outer loop
      vertex -8.844674823382224 64.05211145217 -1
      vertex -8.844674823382224 64.05211145217 1
      vertex -9.206977201943989 64.03593300575587 -1
    endloop
  endfacet
  facet normal -0.1511431886790464 -0.9885118798051596 0
    outer loop
      vertex -8.486177725113112 63.99729734657193 -1
      vertex -8.486177725113112 63.99729734657193 1
      vertex -8.844674823382224 64.05211145217 -1
    endloop
  endfacet
  facet normal -0.34108811563754177 -0.9400313278666999 0
    outer loop
      vertex -8.145262749575652 63.87359716429973 -1
      vertex -8.145262749575652 63.87359716429973 1
      vertex -8.486177725113112 63.99729734657193 -1
    endloop
  endfacet
  facet normal -0.5179252175965878 -0.8554258991739303 0
    outer loop
      vertex -7.83503106809242 63.68576463398621 -1
      vertex -7.83503106809242 63.68576463398621 1
      vertex -8.145262749575652 63.87359716429973 -1
    endloop
  endfacet
  facet normal 0.905888246011797 0.4235168069128665 0
    outer loop
      vertex -10.534721095522658 61.26076377711348 -1
      vertex -10.688315148814548 61.58929630584276 1
      vertex -10.534721095522658 61.26076377711348 1
    endloop
  endfacet
  facet normal 0.805857827138799 0.5921090798485811 0
    outer loop
      vertex -10.319984792073932 60.96850862211863 -1
      vertex -10.534721095522658 61.26076377711348 1
      vertex -10.319984792073932 60.96850862211863 1
    endloop
  endfacet
  facet normal 0.6748587438991175 0.7379469329043284 0
    outer loop
      vertex -10.052358434184404 60.72376204256609 -1
      vertex -10.319984792073932 60.96850862211863 1
      vertex -10.052358434184404 60.72376204256609 1
    endloop
  endfacet
  facet normal 0.5179252175965757 0.8554258991739376 0
    outer loop
      vertex -9.742126752701173 60.53592951225257 -1
      vertex -10.052358434184404 60.72376204256609 1
      vertex -9.742126752701173 60.53592951225257 1
    endloop
  endfacet
  facet normal 0.3410881156375575 0.9400313278666941 0
    outer loop
      vertex -9.401211777163711 60.41222932998036 -1
      vertex -9.742126752701173 60.53592951225257 1
      vertex -9.401211777163711 60.41222932998036 1
    endloop
  endfacet
  facet normal 0.1511431886790655 0.9885118798051565 0
    outer loop
      vertex -9.401211777163711 60.41222932998036 1
      vertex -9.0427146788946 60.357415224382294 1
      vertex -9.0427146788946 60.357415224382294 -1
    endloop
  endfacet
  facet normal 0.9711058876185445 0.2386490205984484 0
    outer loop
      vertex -10.688315148814548 61.58929630584276 -1
      vertex -10.774864418618137 61.94148088747057 1
      vertex -10.688315148814548 61.58929630584276 1
    endloop
  endfacet
  facet normal 0.9990044745665672 0.04461008625834746 0
    outer loop
      vertex -10.774864418618137 61.94148088747057 -1
      vertex -10.79104286503226 62.30378326603233 1
      vertex -10.774864418618137 61.94148088747057 1
    endloop
  endfacet
  facet normal 0.988511879805161 -0.1511431886790368 0
    outer loop
      vertex -10.79104286503226 62.30378326603233 -1
      vertex -10.736228759434201 62.662280364301445 1
      vertex -10.79104286503226 62.30378326603233 1
    endloop
  endfacet
  facet normal 0.9400313278666905 -0.34108811563756736 0
    outer loop
      vertex -10.736228759434201 62.662280364301445 -1
      vertex -10.612528577161987 63.00319533983891 1
      vertex -10.736228759434201 62.662280364301445 1
    endloop
  endfacet
  facet normal 0.8554258991739442 -0.517925217596565 0
    outer loop
      vertex -10.612528577161987 63.00319533983891 -1
      vertex -10.424696046848478 63.31342702132214 1
      vertex -10.612528577161987 63.00319533983891 1
    endloop
  endfacet
  facet normal 0.7379469329043229 -0.6748587438991235 0
    outer loop
      vertex -10.424696046848478 63.31342702132214 -1
      vertex -10.179949467295929 63.581053379211674 1
      vertex -10.424696046848478 63.31342702132214 1
    endloop
  endfacet
  facet normal 0.5921090798485675 -0.805857827138809 0
    outer loop
      vertex -10.179949467295929 63.581053379211674 -1
      vertex -9.887694312301075 63.79578968266039 1
      vertex -10.179949467295929 63.581053379211674 1
    endloop
  endfacet
  facet normal 0.4235168069128627 -0.9058882460117987 0
    outer loop
      vertex -9.887694312301075 63.79578968266039 -1
      vertex -9.559161783571795 63.94938373595228 1
      vertex -9.887694312301075 63.79578968266039 1
    endloop
  endfacet
  facet normal 0.23864902059843682 -0.9711058876185474 0
    outer loop
      vertex -9.559161783571795 63.94938373595228 -1
      vertex -9.206977201943989 64.03593300575587 1
      vertex -9.559161783571795 63.94938373595228 1
    endloop
  endfacet
  facet normal -0.04461008625836701 0.9990044745665662 0
    outer loop
      vertex -9.0427146788946 60.357415224382294 1
      vertex -8.680412300332835 60.373593670796424 1
      vertex -8.680412300332835 60.373593670796424 -1
    endloop
  endfacet
  facet normal -0.23864902059843682 0.9711058876185474 0
    outer loop
      vertex -8.328227718705028 60.46014294060001 -1
      vertex -8.680412300332835 60.373593670796424 1
      vertex -8.328227718705028 60.46014294060001 1
    endloop
  endfacet
  facet normal -0.42351680691287874 0.9058882460117911 0
    outer loop
      vertex -7.999695189975748 60.613736993891905 -1
      vertex -8.328227718705028 60.46014294060001 1
      vertex -7.999695189975748 60.613736993891905 1
    endloop
  endfacet
  facet normal -0.5921090798485826 0.805857827138798 0
    outer loop
      vertex -7.7074400349808965 60.82847329734063 -1
      vertex -7.999695189975748 60.613736993891905 1
      vertex -7.7074400349808965 60.82847329734063 1
    endloop
  endfacet
  facet normal -0.7379469329043116 0.6748587438991359 0
    outer loop
      vertex -7.4626934554283455 61.096099655230155 -1
      vertex -7.7074400349808965 60.82847329734063 1
      vertex -7.4626934554283455 61.096099655230155 1
    endloop
  endfacet
  facet normal -0.8554258991739442 0.517925217596565 0
    outer loop
      vertex -7.274860925114837 61.406331336713386 -1
      vertex -7.4626934554283455 61.096099655230155 1
      vertex -7.274860925114837 61.406331336713386 1
    endloop
  endfacet
  facet normal -0.9400313278666905 0.34108811563756736 0
    outer loop
      vertex -7.151160742842622 61.74724631225085 -1
      vertex -7.274860925114837 61.406331336713386 1
      vertex -7.151160742842622 61.74724631225085 1
    endloop
  endfacet
  facet normal -0.9885118798051601 0.1511431886790421 0
    outer loop
      vertex -7.0963466372445625 62.105743410519956 -1
      vertex -7.151160742842622 61.74724631225085 1
      vertex -7.0963466372445625 62.105743410519956 1
    endloop
  endfacet
  facet normal -0.9990044745665672 -0.04461008625834501 0
    outer loop
      vertex -7.112525083658685 62.46804578908172 -1
      vertex -7.0963466372445625 62.105743410519956 1
      vertex -7.112525083658685 62.46804578908172 1
    endloop
  endfacet
  facet normal -0.6748587438991175 -0.7379469329043284 0
    outer loop
      vertex -7.83503106809242 63.68576463398621 -1
      vertex -7.567404710202892 63.44101805443367 1
      vertex -7.83503106809242 63.68576463398621 1
    endloop
  endfacet
  facet normal -0.805857827138799 -0.5921090798485811 0
    outer loop
      vertex -7.567404710202892 63.44101805443367 -1
      vertex -7.352668406754166 63.148762899438815 1
      vertex -7.567404710202892 63.44101805443367 1
    endloop
  endfacet
  facet normal -0.971105887618544 -0.2386490205984507 0
    outer loop
      vertex -7.199074353462275 62.82023037070953 -1
      vertex -7.112525083658685 62.46804578908172 1
      vertex -7.199074353462275 62.82023037070953 1
    endloop
  endfacet
  facet normal -0.9058882460117995 -0.423516806912861 0
    outer loop
      vertex -7.352668406754166 63.148762899438815 -1
      vertex -7.199074353462275 62.82023037070953 1
      vertex -7.352668406754166 63.148762899438815 1
    endloop
  endfacet
  facet normal 0.04461008625836701 -0.9990044745665662 0
    outer loop
      vertex -8.844674823382224 64.05211145217 1
      vertex -9.206977201943989 64.03593300575587 1
      vertex -9.206977201943989 64.03593300575587 -1
    endloop
  endfacet
  facet normal -0.1511431886790464 -0.9885118798051596 0
    outer loop
      vertex -8.844674823382224 64.05211145217 -1
      vertex -8.486177725113112 63.99729734657193 1
      vertex -8.844674823382224 64.05211145217 1
    endloop
  endfacet
  facet normal -0.34108811563754177 -0.9400313278666999 0
    outer loop
      vertex -8.486177725113112 63.99729734657193 -1
      vertex -8.145262749575652 63.87359716429973 1
      vertex -8.486177725113112 63.99729734657193 1
    endloop
  endfacet
  facet normal -0.5179252175965878 -0.8554258991739303 0
    outer loop
      vertex -8.145262749575652 63.87359716429973 -1
      vertex -7.83503106809242 63.68576463398621 1
      vertex -8.145262749575652 63.87359716429973 1
    endloop
  endfacet
  facet normal 0.8162980100418036 0.5776309884362089 0
    outer loop
      vertex -42.7619712486652 46.579199545548505 1
      vertex -42.552485619351856 46.283158118124774 -1
      vertex -42.7619712486652 46.579199545548505 -1
    endloop
  endfacet
  facet normal 0.533111214612097 0.8460451718760734 0
    outer loop
      vertex -42.28927038025911 46.0336736625985 -1
      vertex -42.28927038025911 46.0336736625985 1
      vertex -41.98244074541249 45.840333726683085 -1
    endloop
  endfacet
  facet normal 0.6879228571309421 0.7257838126031756 0
    outer loop
      vertex -42.552485619351856 46.283158118124774 1
      vertex -42.28927038025911 46.0336736625985 -1
      vertex -42.552485619351856 46.283158118124774 -1
    endloop
  endfacet
  facet normal 0.9133032882119718 0.40728012932280394 0
    outer loop
      vertex -42.7619712486652 46.579199545548505 -1
      vertex -42.909676852945516 46.91042123883576 -1
      vertex -42.909676852945516 46.91042123883576 1
    endloop
  endfacet
  facet normal 0.9752108332025182 0.22127772324490758 0
    outer loop
      vertex -42.909676852945516 46.91042123883576 -1
      vertex -42.98992618865459 47.26409453406476 -1
      vertex -42.98992618865459 47.26409453406476 1
    endloop
  endfacet
  facet normal 0.9996415727776458 0.026771738356610005 0
    outer loop
      vertex -42.98992618865459 47.26409453406476 -1
      vertex -42.99963531882545 47.62662796484213 -1
      vertex -42.99963531882545 47.62662796484213 1
    endloop
  endfacet
  facet normal 0.35781240708796264 0.933793489661348 0
    outer loop
      vertex -41.98244074541249 45.840333726683085 -1
      vertex -41.98244074541249 45.840333726683085 1
      vertex -41.64378800560712 45.71056825568945 -1
    endloop
  endfacet
  facet normal 0.16876306942291588 0.9856566473163746 0
    outer loop
      vertex -41.64378800560712 45.71056825568945 -1
      vertex -41.64378800560712 45.71056825568945 1
      vertex -41.28632639571506 45.64936406389458 -1
    endloop
  endfacet
  facet normal -0.02677173835662906 0.9996415727776453 0
    outer loop
      vertex -41.28632639571506 45.64936406389458 -1
      vertex -41.28632639571506 45.64936406389458 1
      vertex -40.92379296493768 45.65907319406544 -1
    endloop
  endfacet
  facet normal 0.9856566473163746 -0.16876306942291588 0
    outer loop
      vertex -42.99963531882545 47.62662796484213 -1
      vertex -42.938431127030576 47.98408957473419 -1
      vertex -42.938431127030576 47.98408957473419 1
    endloop
  endfacet
  facet normal 0.9337934896613506 -0.35781240708795614 0
    outer loop
      vertex -42.938431127030576 47.98408957473419 -1
      vertex -42.80866565603694 48.32274231453957 -1
      vertex -42.80866565603694 48.32274231453957 1
    endloop
  endfacet
  facet normal 0.8460451718760734 -0.533111214612097 0
    outer loop
      vertex -42.615325720121525 48.62957194938619 1
      vertex -42.80866565603694 48.32274231453957 -1
      vertex -42.615325720121525 48.62957194938619 -1
    endloop
  endfacet
  facet normal 0.7257838126031565 -0.6879228571309622 0
    outer loop
      vertex -42.36584126459525 48.89278718847893 1
      vertex -42.615325720121525 48.62957194938619 -1
      vertex -42.36584126459525 48.89278718847893 -1
    endloop
  endfacet
  facet normal 0.5776309884362181 -0.816298010041797 0
    outer loop
      vertex -42.06979983717152 49.10227281779227 -1
      vertex -42.06979983717152 49.10227281779227 1
      vertex -42.36584126459525 48.89278718847893 -1
    endloop
  endfacet
  facet normal 0.40728012932281127 -0.9133032882119686 0
    outer loop
      vertex -41.738578143884276 49.24997842207259 -1
      vertex -41.738578143884276 49.24997842207259 1
      vertex -42.06979983717152 49.10227281779227 -1
    endloop
  endfacet
  facet normal 0.22127772324490758 -0.9752108332025182 0
    outer loop
      vertex -41.384904848655275 49.330227757781664 -1
      vertex -41.384904848655275 49.330227757781664 1
      vertex -41.738578143884276 49.24997842207259 -1
    endloop
  endfacet
  facet normal 0.026771738356609485 -0.9996415727776459 0
    outer loop
      vertex -41.0223714178779 49.33993688795252 -1
      vertex -41.0223714178779 49.33993688795252 1
      vertex -41.384904848655275 49.330227757781664 -1
    endloop
  endfacet
  facet normal -0.22127772324488898 0.9752108332025226 0
    outer loop
      vertex -40.92379296493768 45.65907319406544 -1
      vertex -40.92379296493768 45.65907319406544 1
      vertex -40.57011966970868 45.73932252977451 -1
    endloop
  endfacet
  facet normal -0.40728012932281127 0.9133032882119686 0
    outer loop
      vertex -40.57011966970868 45.73932252977451 -1
      vertex -40.57011966970868 45.73932252977451 1
      vertex -40.238897976421434 45.88702813405483 -1
    endloop
  endfacet
  facet normal -0.5776309884361995 0.8162980100418101 0
    outer loop
      vertex -40.238897976421434 45.88702813405483 -1
      vertex -40.238897976421434 45.88702813405483 1
      vertex -39.942856548997696 46.09651376336817 -1
    endloop
  endfacet
  facet normal -0.725783812603176 0.6879228571309416 0
    outer loop
      vertex -39.942856548997696 46.09651376336817 -1
      vertex -39.942856548997696 46.09651376336817 1
      vertex -39.69337209347143 46.35972900246091 -1
    endloop
  endfacet
  facet normal -0.8460451718760734 0.533111214612097 0
    outer loop
      vertex -39.500032157556014 46.66655863730753 -1
      vertex -39.69337209347143 46.35972900246091 -1
      vertex -39.69337209347143 46.35972900246091 1
    endloop
  endfacet
  facet normal -0.933793489661353 0.35781240708794954 0
    outer loop
      vertex -39.37026668656238 47.005211377112914 -1
      vertex -39.500032157556014 46.66655863730753 -1
      vertex -39.500032157556014 46.66655863730753 1
    endloop
  endfacet
  facet normal -0.985656647316374 0.16876306942291913 0
    outer loop
      vertex -39.30906249476751 47.36267298700497 -1
      vertex -39.37026668656238 47.005211377112914 -1
      vertex -39.37026668656238 47.005211377112914 1
    endloop
  endfacet
  facet normal -0.9996415727776459 -0.026771738356609485 0
    outer loop
      vertex -39.318771624938364 47.725206417782346 -1
      vertex -39.30906249476751 47.36267298700497 -1
      vertex -39.30906249476751 47.36267298700497 1
    endloop
  endfacet
  facet normal -0.6879228571309519 -0.7257838126031663 0
    outer loop
      vertex -40.01942743333384 48.955627289248596 -1
      vertex -39.7562121942411 48.706142833722325 -1
      vertex -39.7562121942411 48.706142833722325 1
    endloop
  endfacet
  facet normal -0.16876306942289684 -0.9856566473163779 0
    outer loop
      vertex -40.664909807985836 49.278732696157654 -1
      vertex -40.664909807985836 49.278732696157654 1
      vertex -41.0223714178779 49.33993688795252 -1
    endloop
  endfacet
  facet normal -0.35781240708795614 -0.9337934896613506 0
    outer loop
      vertex -40.32625706818046 49.14896722516402 -1
      vertex -40.32625706818046 49.14896722516402 1
      vertex -40.664909807985836 49.278732696157654 -1
    endloop
  endfacet
  facet normal -0.533111214612111 -0.8460451718760647 0
    outer loop
      vertex -40.01942743333384 48.955627289248596 -1
      vertex -40.01942743333384 48.955627289248596 1
      vertex -40.32625706818046 49.14896722516402 -1
    endloop
  endfacet
  facet normal -0.9752108332025226 -0.22127772324488898 0
    outer loop
      vertex -39.399020960647434 48.07887971301135 -1
      vertex -39.318771624938364 47.725206417782346 -1
      vertex -39.318771624938364 47.725206417782346 1
    endloop
  endfacet
  facet normal -0.9133032882119686 -0.40728012932281127 0
    outer loop
      vertex -39.54672656492775 48.410101406298594 -1
      vertex -39.399020960647434 48.07887971301135 -1
      vertex -39.399020960647434 48.07887971301135 1
    endloop
  endfacet
  facet normal -0.8162980100417944 -0.5776309884362218 0
    outer loop
      vertex -39.7562121942411 48.706142833722325 -1
      vertex -39.54672656492775 48.410101406298594 -1
      vertex -39.54672656492775 48.410101406298594 1
    endloop
  endfacet
  facet normal 0.8162980100418036 0.5776309884362089 0
    outer loop
      vertex -42.7619712486652 46.579199545548505 1
      vertex -42.552485619351856 46.283158118124774 1
      vertex -42.552485619351856 46.283158118124774 -1
    endloop
  endfacet
  facet normal 0.6879228571309421 0.7257838126031756 0
    outer loop
      vertex -42.552485619351856 46.283158118124774 1
      vertex -42.28927038025911 46.0336736625985 1
      vertex -42.28927038025911 46.0336736625985 -1
    endloop
  endfacet
  facet normal 0.9133032882119718 0.40728012932280394 0
    outer loop
      vertex -42.909676852945516 46.91042123883576 1
      vertex -42.7619712486652 46.579199545548505 1
      vertex -42.7619712486652 46.579199545548505 -1
    endloop
  endfacet
  facet normal 0.9752108332025182 0.22127772324490758 0
    outer loop
      vertex -42.909676852945516 46.91042123883576 -1
      vertex -42.98992618865459 47.26409453406476 1
      vertex -42.909676852945516 46.91042123883576 1
    endloop
  endfacet
  facet normal 0.9996415727776458 0.026771738356610005 0
    outer loop
      vertex -42.98992618865459 47.26409453406476 -1
      vertex -42.99963531882545 47.62662796484213 1
      vertex -42.98992618865459 47.26409453406476 1
    endloop
  endfacet
  facet normal 0.9856566473163746 -0.16876306942291588 0
    outer loop
      vertex -42.99963531882545 47.62662796484213 -1
      vertex -42.938431127030576 47.98408957473419 1
      vertex -42.99963531882545 47.62662796484213 1
    endloop
  endfacet
  facet normal 0.533111214612097 0.8460451718760734 0
    outer loop
      vertex -41.98244074541249 45.840333726683085 -1
      vertex -42.28927038025911 46.0336736625985 1
      vertex -41.98244074541249 45.840333726683085 1
    endloop
  endfacet
  facet normal 0.35781240708796264 0.933793489661348 0
    outer loop
      vertex -41.64378800560712 45.71056825568945 -1
      vertex -41.98244074541249 45.840333726683085 1
      vertex -41.64378800560712 45.71056825568945 1
    endloop
  endfacet
  facet normal 0.16876306942291588 0.9856566473163746 0
    outer loop
      vertex -41.28632639571506 45.64936406389458 -1
      vertex -41.64378800560712 45.71056825568945 1
      vertex -41.28632639571506 45.64936406389458 1
    endloop
  endfacet
  facet normal -0.02677173835662906 0.9996415727776453 0
    outer loop
      vertex -40.92379296493768 45.65907319406544 -1
      vertex -41.28632639571506 45.64936406389458 1
      vertex -40.92379296493768 45.65907319406544 1
    endloop
  endfacet
  facet normal 0.9337934896613506 -0.35781240708795614 0
    outer loop
      vertex -42.938431127030576 47.98408957473419 -1
      vertex -42.80866565603694 48.32274231453957 1
      vertex -42.938431127030576 47.98408957473419 1
    endloop
  endfacet
  facet normal 0.8460451718760734 -0.533111214612097 0
    outer loop
      vertex -42.615325720121525 48.62957194938619 1
      vertex -42.80866565603694 48.32274231453957 1
      vertex -42.80866565603694 48.32274231453957 -1
    endloop
  endfacet
  facet normal 0.7257838126031565 -0.6879228571309622 0
    outer loop
      vertex -42.36584126459525 48.89278718847893 1
      vertex -42.615325720121525 48.62957194938619 1
      vertex -42.615325720121525 48.62957194938619 -1
    endloop
  endfacet
  facet normal 0.5776309884362181 -0.816298010041797 0
    outer loop
      vertex -42.36584126459525 48.89278718847893 -1
      vertex -42.06979983717152 49.10227281779227 1
      vertex -42.36584126459525 48.89278718847893 1
    endloop
  endfacet
  facet normal 0.40728012932281127 -0.9133032882119686 0
    outer loop
      vertex -42.06979983717152 49.10227281779227 -1
      vertex -41.738578143884276 49.24997842207259 1
      vertex -42.06979983717152 49.10227281779227 1
    endloop
  endfacet
  facet normal 0.22127772324490758 -0.9752108332025182 0
    outer loop
      vertex -41.738578143884276 49.24997842207259 -1
      vertex -41.384904848655275 49.330227757781664 1
      vertex -41.738578143884276 49.24997842207259 1
    endloop
  endfacet
  facet normal 0.026771738356609485 -0.9996415727776459 0
    outer loop
      vertex -41.384904848655275 49.330227757781664 -1
      vertex -41.0223714178779 49.33993688795252 1
      vertex -41.384904848655275 49.330227757781664 1
    endloop
  endfacet
  facet normal -0.22127772324488898 0.9752108332025226 0
    outer loop
      vertex -40.57011966970868 45.73932252977451 -1
      vertex -40.92379296493768 45.65907319406544 1
      vertex -40.57011966970868 45.73932252977451 1
    endloop
  endfacet
  facet normal -0.40728012932281127 0.9133032882119686 0
    outer loop
      vertex -40.238897976421434 45.88702813405483 -1
      vertex -40.57011966970868 45.73932252977451 1
      vertex -40.238897976421434 45.88702813405483 1
    endloop
  endfacet
  facet normal -0.5776309884361995 0.8162980100418101 0
    outer loop
      vertex -39.942856548997696 46.09651376336817 -1
      vertex -40.238897976421434 45.88702813405483 1
      vertex -39.942856548997696 46.09651376336817 1
    endloop
  endfacet
  facet normal -0.725783812603176 0.6879228571309416 0
    outer loop
      vertex -39.69337209347143 46.35972900246091 -1
      vertex -39.942856548997696 46.09651376336817 1
      vertex -39.69337209347143 46.35972900246091 1
    endloop
  endfacet
  facet normal -0.8460451718760734 0.533111214612097 0
    outer loop
      vertex -39.500032157556014 46.66655863730753 -1
      vertex -39.69337209347143 46.35972900246091 1
      vertex -39.500032157556014 46.66655863730753 1
    endloop
  endfacet
  facet normal -0.933793489661353 0.35781240708794954 0
    outer loop
      vertex -39.37026668656238 47.005211377112914 -1
      vertex -39.500032157556014 46.66655863730753 1
      vertex -39.37026668656238 47.005211377112914 1
    endloop
  endfacet
  facet normal -0.985656647316374 0.16876306942291913 0
    outer loop
      vertex -39.30906249476751 47.36267298700497 -1
      vertex -39.37026668656238 47.005211377112914 1
      vertex -39.30906249476751 47.36267298700497 1
    endloop
  endfacet
  facet normal -0.9996415727776459 -0.026771738356609485 0
    outer loop
      vertex -39.318771624938364 47.725206417782346 -1
      vertex -39.30906249476751 47.36267298700497 1
      vertex -39.318771624938364 47.725206417782346 1
    endloop
  endfacet
  facet normal -0.6879228571309519 -0.7257838126031663 0
    outer loop
      vertex -40.01942743333384 48.955627289248596 -1
      vertex -39.7562121942411 48.706142833722325 1
      vertex -40.01942743333384 48.955627289248596 1
    endloop
  endfacet
  facet normal -0.16876306942289684 -0.9856566473163779 0
    outer loop
      vertex -41.0223714178779 49.33993688795252 -1
      vertex -40.664909807985836 49.278732696157654 1
      vertex -41.0223714178779 49.33993688795252 1
    endloop
  endfacet
  facet normal -0.35781240708795614 -0.9337934896613506 0
    outer loop
      vertex -40.664909807985836 49.278732696157654 -1
      vertex -40.32625706818046 49.14896722516402 1
      vertex -40.664909807985836 49.278732696157654 1
    endloop
  endfacet
  facet normal -0.533111214612111 -0.8460451718760647 0
    outer loop
      vertex -40.32625706818046 49.14896722516402 -1
      vertex -40.01942743333384 48.955627289248596 1
      vertex -40.32625706818046 49.14896722516402 1
    endloop
  endfacet
  facet normal -0.9752108332025226 -0.22127772324488898 0
    outer loop
      vertex -39.399020960647434 48.07887971301135 -1
      vertex -39.318771624938364 47.725206417782346 1
      vertex -39.399020960647434 48.07887971301135 1
    endloop
  endfacet
  facet normal -0.9133032882119686 -0.40728012932281127 0
    outer loop
      vertex -39.54672656492775 48.410101406298594 -1
      vertex -39.399020960647434 48.07887971301135 1
      vertex -39.54672656492775 48.410101406298594 1
    endloop
  endfacet
  facet normal -0.8162980100417944 -0.5776309884362218 0
    outer loop
      vertex -39.7562121942411 48.706142833722325 -1
      vertex -39.54672656492775 48.410101406298594 1
      vertex -39.7562121942411 48.706142833722325 1
    endloop
  endfacet
  facet normal 0.7007677895070363 0.7133894484707648 0
    outer loop
      vertex -61.718325987552795 16.51897766585888 -1
      vertex -61.718325987552795 16.51897766585888 1
      vertex -61.459605730935365 16.264834823237457 -1
    endloop
  endfacet
  facet normal 0.8264781101542737 0.5629688565416565 0
    outer loop
      vertex -61.718325987552795 16.51897766585888 -1
      vertex -61.922494197980214 16.818711043197396 -1
      vertex -61.922494197980214 16.818711043197396 1
    endloop
  endfacet
  facet normal 0.9204273405225543 0.39091368717221675 0
    outer loop
      vertex -61.922494197980214 16.818711043197396 -1
      vertex -62.064264292389744 17.152516369654304 -1
      vertex -62.064264292389744 17.152516369654304 1
    endloop
  endfacet
  facet normal 0.9790050643761594 0.20383592403163864 0
    outer loop
      vertex -62.064264292389744 17.152516369654304 -1
      vertex -62.1381881255588 17.507565693734044 -1
      vertex -62.1381881255588 17.507565693734044 1
    endloop
  endfacet
  facet normal 0.9999601726381415 0.008924860643084625 0
    outer loop
      vertex -62.1381881255588 17.507565693734044 -1
      vertex -62.141424846035676 17.87021466902619 -1
      vertex -62.141424846035676 17.87021466902619 1
    endloop
  endfacet
  facet normal 0.982487372249767 -0.18632918013491023 0
    outer loop
      vertex -62.141424846035676 17.87021466902619 -1
      vertex -62.07385006846761 18.226526898786148 -1
      vertex -62.07385006846761 18.226526898786148 1
    endloop
  endfacet
  facet normal 0.18632918013489605 0.9824873722497697 0
    outer loop
      vertex -60.819993297437435 15.930259667442682 1
      vertex -60.46368106767748 15.862684889874618 -1
      vertex -60.819993297437435 15.930259667442682 -1
    endloop
  endfacet
  facet normal -0.008924860643069757 0.9999601726381416 0
    outer loop
      vertex -60.46368106767748 15.862684889874618 -1
      vertex -60.46368106767748 15.862684889874618 1
      vertex -60.101032092385324 15.86592161035149 -1
    endloop
  endfacet
  facet normal -0.20383592403166406 0.9790050643761542 0
    outer loop
      vertex -60.101032092385324 15.86592161035149 -1
      vertex -60.101032092385324 15.86592161035149 1
      vertex -59.74598276830559 15.939845443520554 -1
    endloop
  endfacet
  facet normal 0.5481273557041512 0.8363948839685563 0
    outer loop
      vertex -61.459605730935365 16.264834823237457 1
      vertex -61.15627590249774 16.066049082250117 -1
      vertex -61.459605730935365 16.264834823237457 -1
    endloop
  endfacet
  facet normal 0.37442269501489245 0.9272581331311064 0
    outer loop
      vertex -61.15627590249774 16.066049082250117 1
      vertex -60.819993297437435 15.930259667442682 -1
      vertex -61.15627590249774 16.066049082250117 -1
    endloop
  endfacet
  facet normal -0.39091368717221203 0.9204273405225565 0
    outer loop
      vertex -59.74598276830559 15.939845443520554 -1
      vertex -59.74598276830559 15.939845443520554 1
      vertex -59.412177441848684 16.08161553793008 -1
    endloop
  endfacet
  facet normal -0.5629688565416544 0.8264781101542752 0
    outer loop
      vertex -59.412177441848684 16.08161553793008 -1
      vertex -59.412177441848684 16.08161553793008 1
      vertex -59.11244406451017 16.285783748357495 -1
    endloop
  endfacet
  facet normal -0.7133894484707647 0.7007677895070363 0
    outer loop
      vertex -58.858301221888745 16.54450400497493 -1
      vertex -59.11244406451017 16.285783748357495 -1
      vertex -59.11244406451017 16.285783748357495 1
    endloop
  endfacet
  facet normal -0.8363948839685563 0.5481273557041512 0
    outer loop
      vertex -58.858301221888745 16.54450400497493 1
      vertex -58.659515480901405 16.847833833412555 -1
      vertex -58.858301221888745 16.54450400497493 -1
    endloop
  endfacet
  facet normal -0.9272581331311068 0.37442269501489167 0
    outer loop
      vertex -58.659515480901405 16.847833833412555 1
      vertex -58.52372606609397 17.184116438472856 -1
      vertex -58.659515480901405 16.847833833412555 -1
    endloop
  endfacet
  facet normal -0.9824873722497672 0.18632918013490843 0
    outer loop
      vertex -58.52372606609397 17.184116438472856 1
      vertex -58.4561512885259 17.540428668232817 -1
      vertex -58.52372606609397 17.184116438472856 -1
    endloop
  endfacet
  facet normal -0.9999601726381412 -0.008924860643104215 0
    outer loop
      vertex -58.4561512885259 17.540428668232817 1
      vertex -58.45938800900279 17.903077643524963 -1
      vertex -58.4561512885259 17.540428668232817 -1
    endloop
  endfacet
  facet normal -0.9790050643761594 -0.20383592403163864 0
    outer loop
      vertex -58.45938800900279 17.903077643524963 1
      vertex -58.53331184217184 18.258126967604703 -1
      vertex -58.45938800900279 17.903077643524963 -1
    endloop
  endfacet
  facet normal 0.9272581331311083 -0.37442269501488834 0
    outer loop
      vertex -62.07385006846761 18.226526898786148 -1
      vertex -61.93806065366017 18.562809503846452 -1
      vertex -61.93806065366017 18.562809503846452 1
    endloop
  endfacet
  facet normal 0.8363948839685654 -0.5481273557041375 0
    outer loop
      vertex -61.93806065366017 18.562809503846452 -1
      vertex -61.73927491267284 18.866139332284078 -1
      vertex -61.73927491267284 18.866139332284078 1
    endloop
  endfacet
  facet normal 0.7133894484707647 -0.7007677895070363 0
    outer loop
      vertex -61.73927491267284 18.866139332284078 -1
      vertex -61.485132070051414 19.12485958890151 -1
      vertex -61.485132070051414 19.12485958890151 1
    endloop
  endfacet
  facet normal 0.5629688565416453 -0.8264781101542814 0
    outer loop
      vertex -61.185398692712894 19.329027799328927 1
      vertex -61.485132070051414 19.12485958890151 -1
      vertex -61.185398692712894 19.329027799328927 -1
    endloop
  endfacet
  facet normal 0.39091368717221203 -0.9204273405225565 0
    outer loop
      vertex -60.85159336625599 19.470797893738453 -1
      vertex -60.85159336625599 19.470797893738453 1
      vertex -61.185398692712894 19.329027799328927 -1
    endloop
  endfacet
  facet normal 0.20383592403164996 -0.979005064376157 0
    outer loop
      vertex -60.496544042176254 19.54472172690751 -1
      vertex -60.496544042176254 19.54472172690751 1
      vertex -60.85159336625599 19.470797893738453 -1
    endloop
  endfacet
  facet normal -0.548127355704149 -0.8363948839685577 0
    outer loop
      vertex -59.13797040362621 19.145808514021546 -1
      vertex -59.13797040362621 19.145808514021546 1
      vertex -59.441300232063845 19.34459425500889 -1
    endloop
  endfacet
  facet normal 0.008924860643084625 -0.9999601726381415 0
    outer loop
      vertex -60.13389506688411 19.54795844738439 -1
      vertex -60.13389506688411 19.54795844738439 1
      vertex -60.496544042176254 19.54472172690751 -1
    endloop
  endfacet
  facet normal -0.1863291801348972 -0.9824873722497695 0
    outer loop
      vertex -59.77758283712414 19.480383669816323 -1
      vertex -59.77758283712414 19.480383669816323 1
      vertex -60.13389506688411 19.54795844738439 -1
    endloop
  endfacet
  facet normal -0.37442269501489506 -0.9272581331311054 0
    outer loop
      vertex -59.441300232063845 19.34459425500889 -1
      vertex -59.441300232063845 19.34459425500889 1
      vertex -59.77758283712414 19.480383669816323 -1
    endloop
  endfacet
  facet normal -0.8264781101542737 -0.5629688565416565 0
    outer loop
      vertex -58.675081936581364 18.59193229406161 1
      vertex -58.87925014700878 18.891665671400126 -1
      vertex -58.675081936581364 18.59193229406161 -1
    endloop
  endfacet
  facet normal -0.7007677895070312 -0.7133894484707697 0
    outer loop
      vertex -59.13797040362621 19.145808514021546 -1
      vertex -58.87925014700878 18.891665671400126 -1
      vertex -58.87925014700878 18.891665671400126 1
    endloop
  endfacet
  facet normal -0.9204273405225615 -0.3909136871722002 0
    outer loop
      vertex -58.53331184217184 18.258126967604703 1
      vertex -58.675081936581364 18.59193229406161 -1
      vertex -58.53331184217184 18.258126967604703 -1
    endloop
  endfacet
  facet normal 0.7007677895070363 0.7133894484707648 0
    outer loop
      vertex -61.718325987552795 16.51897766585888 1
      vertex -61.459605730935365 16.264834823237457 1
      vertex -61.459605730935365 16.264834823237457 -1
    endloop
  endfacet
  facet normal 0.8264781101542737 0.5629688565416565 0
    outer loop
      vertex -61.718325987552795 16.51897766585888 -1
      vertex -61.922494197980214 16.818711043197396 1
      vertex -61.718325987552795 16.51897766585888 1
    endloop
  endfacet
  facet normal 0.9204273405225543 0.39091368717221675 0
    outer loop
      vertex -61.922494197980214 16.818711043197396 -1
      vertex -62.064264292389744 17.152516369654304 1
      vertex -61.922494197980214 16.818711043197396 1
    endloop
  endfacet
  facet normal 0.9790050643761594 0.20383592403163864 0
    outer loop
      vertex -62.064264292389744 17.152516369654304 -1
      vertex -62.1381881255588 17.507565693734044 1
      vertex -62.064264292389744 17.152516369654304 1
    endloop
  endfacet
  facet normal 0.9999601726381415 0.008924860643084625 0
    outer loop
      vertex -62.1381881255588 17.507565693734044 -1
      vertex -62.141424846035676 17.87021466902619 1
      vertex -62.1381881255588 17.507565693734044 1
    endloop
  endfacet
  facet normal 0.982487372249767 -0.18632918013491023 0
    outer loop
      vertex -62.141424846035676 17.87021466902619 -1
      vertex -62.07385006846761 18.226526898786148 1
      vertex -62.141424846035676 17.87021466902619 1
    endloop
  endfacet
  facet normal 0.18632918013489605 0.9824873722497697 0
    outer loop
      vertex -60.46368106767748 15.862684889874618 -1
      vertex -60.819993297437435 15.930259667442682 1
      vertex -60.46368106767748 15.862684889874618 1
    endloop
  endfacet
  facet normal -0.008924860643069757 0.9999601726381416 0
    outer loop
      vertex -60.101032092385324 15.86592161035149 -1
      vertex -60.46368106767748 15.862684889874618 1
      vertex -60.101032092385324 15.86592161035149 1
    endloop
  endfacet
  facet normal -0.20383592403166406 0.9790050643761542 0
    outer loop
      vertex -59.74598276830559 15.939845443520554 -1
      vertex -60.101032092385324 15.86592161035149 1
      vertex -59.74598276830559 15.939845443520554 1
    endloop
  endfacet
  facet normal 0.5481273557041512 0.8363948839685563 0
    outer loop
      vertex -61.15627590249774 16.066049082250117 1
      vertex -61.15627590249774 16.066049082250117 -1
      vertex -61.459605730935365 16.264834823237457 1
    endloop
  endfacet
  facet normal 0.37442269501489245 0.9272581331311064 0
    outer loop
      vertex -60.819993297437435 15.930259667442682 1
      vertex -60.819993297437435 15.930259667442682 -1
      vertex -61.15627590249774 16.066049082250117 1
    endloop
  endfacet
  facet normal -0.39091368717221203 0.9204273405225565 0
    outer loop
      vertex -59.412177441848684 16.08161553793008 -1
      vertex -59.74598276830559 15.939845443520554 1
      vertex -59.412177441848684 16.08161553793008 1
    endloop
  endfacet
  facet normal -0.5629688565416544 0.8264781101542752 0
    outer loop
      vertex -59.11244406451017 16.285783748357495 -1
      vertex -59.412177441848684 16.08161553793008 1
      vertex -59.11244406451017 16.285783748357495 1
    endloop
  endfacet
  facet normal -0.7133894484707647 0.7007677895070363 0
    outer loop
      vertex -59.11244406451017 16.285783748357495 1
      vertex -58.858301221888745 16.54450400497493 1
      vertex -58.858301221888745 16.54450400497493 -1
    endloop
  endfacet
  facet normal -0.8363948839685563 0.5481273557041512 0
    outer loop
      vertex -58.858301221888745 16.54450400497493 1
      vertex -58.659515480901405 16.847833833412555 1
      vertex -58.659515480901405 16.847833833412555 -1
    endloop
  endfacet
  facet normal -0.9272581331311068 0.37442269501489167 0
    outer loop
      vertex -58.659515480901405 16.847833833412555 1
      vertex -58.52372606609397 17.184116438472856 1
      vertex -58.52372606609397 17.184116438472856 -1
    endloop
  endfacet
  facet normal -0.9824873722497672 0.18632918013490843 0
    outer loop
      vertex -58.52372606609397 17.184116438472856 1
      vertex -58.4561512885259 17.540428668232817 1
      vertex -58.4561512885259 17.540428668232817 -1
    endloop
  endfacet
  facet normal -0.9999601726381412 -0.008924860643104215 0
    outer loop
      vertex -58.4561512885259 17.540428668232817 1
      vertex -58.45938800900279 17.903077643524963 1
      vertex -58.45938800900279 17.903077643524963 -1
    endloop
  endfacet
  facet normal -0.9790050643761594 -0.20383592403163864 0
    outer loop
      vertex -58.45938800900279 17.903077643524963 1
      vertex -58.53331184217184 18.258126967604703 1
      vertex -58.53331184217184 18.258126967604703 -1
    endloop
  endfacet
  facet normal 0.9272581331311083 -0.37442269501488834 0
    outer loop
      vertex -62.07385006846761 18.226526898786148 -1
      vertex -61.93806065366017 18.562809503846452 1
      vertex -62.07385006846761 18.226526898786148 1
    endloop
  endfacet
  facet normal 0.8363948839685654 -0.5481273557041375 0
    outer loop
      vertex -61.93806065366017 18.562809503846452 -1
      vertex -61.73927491267284 18.866139332284078 1
      vertex -61.93806065366017 18.562809503846452 1
    endloop
  endfacet
  facet normal 0.7133894484707647 -0.7007677895070363 0
    outer loop
      vertex -61.73927491267284 18.866139332284078 -1
      vertex -61.485132070051414 19.12485958890151 1
      vertex -61.73927491267284 18.866139332284078 1
    endloop
  endfacet
  facet normal 0.5629688565416453 -0.8264781101542814 0
    outer loop
      vertex -61.485132070051414 19.12485958890151 1
      vertex -61.485132070051414 19.12485958890151 -1
      vertex -61.185398692712894 19.329027799328927 1
    endloop
  endfacet
  facet normal 0.39091368717221203 -0.9204273405225565 0
    outer loop
      vertex -61.185398692712894 19.329027799328927 1
      vertex -61.185398692712894 19.329027799328927 -1
      vertex -60.85159336625599 19.470797893738453 1
    endloop
  endfacet
  facet normal 0.20383592403164996 -0.979005064376157 0
    outer loop
      vertex -60.85159336625599 19.470797893738453 -1
      vertex -60.496544042176254 19.54472172690751 1
      vertex -60.85159336625599 19.470797893738453 1
    endloop
  endfacet
  facet normal 0.008924860643084625 -0.9999601726381415 0
    outer loop
      vertex -60.496544042176254 19.54472172690751 -1
      vertex -60.13389506688411 19.54795844738439 1
      vertex -60.496544042176254 19.54472172690751 1
    endloop
  endfacet
  facet normal -0.548127355704149 -0.8363948839685577 0
    outer loop
      vertex -59.441300232063845 19.34459425500889 -1
      vertex -59.13797040362621 19.145808514021546 1
      vertex -59.441300232063845 19.34459425500889 1
    endloop
  endfacet
  facet normal -0.1863291801348972 -0.9824873722497695 0
    outer loop
      vertex -60.13389506688411 19.54795844738439 -1
      vertex -59.77758283712414 19.480383669816323 1
      vertex -60.13389506688411 19.54795844738439 1
    endloop
  endfacet
  facet normal -0.37442269501489506 -0.9272581331311054 0
    outer loop
      vertex -59.77758283712414 19.480383669816323 -1
      vertex -59.441300232063845 19.34459425500889 1
      vertex -59.77758283712414 19.480383669816323 1
    endloop
  endfacet
  facet normal -0.9204273405225615 -0.3909136871722002 0
    outer loop
      vertex -58.53331184217184 18.258126967604703 1
      vertex -58.675081936581364 18.59193229406161 1
      vertex -58.675081936581364 18.59193229406161 -1
    endloop
  endfacet
  facet normal -0.7007677895070312 -0.7133894484707697 0
    outer loop
      vertex -59.13797040362621 19.145808514021546 -1
      vertex -58.87925014700878 18.891665671400126 1
      vertex -59.13797040362621 19.145808514021546 1
    endloop
  endfacet
  facet normal -0.8264781101542737 -0.5629688565416565 0
    outer loop
      vertex -58.675081936581364 18.59193229406161 1
      vertex -58.87925014700878 18.891665671400126 1
      vertex -58.87925014700878 18.891665671400126 -1
    endloop
  endfacet
  facet normal 0.7133894484707647 0.7007677895070363 0
    outer loop
      vertex -61.485132070051414 -19.12485958890151 -1
      vertex -61.73927491267284 -18.866139332284078 -1
      vertex -61.73927491267284 -18.866139332284078 1
    endloop
  endfacet
  facet normal 0.8363948839685654 0.5481273557041375 0
    outer loop
      vertex -61.73927491267284 -18.866139332284078 -1
      vertex -61.93806065366017 -18.562809503846452 -1
      vertex -61.93806065366017 -18.562809503846452 1
    endloop
  endfacet
  facet normal 0.9272581331311083 0.37442269501488834 0
    outer loop
      vertex -61.93806065366017 -18.562809503846452 -1
      vertex -62.07385006846761 -18.226526898786148 -1
      vertex -62.07385006846761 -18.226526898786148 1
    endloop
  endfacet
  facet normal 0.39091368717221203 0.9204273405225565 0
    outer loop
      vertex -61.185398692712894 -19.329027799328927 1
      vertex -60.85159336625599 -19.470797893738453 -1
      vertex -61.185398692712894 -19.329027799328927 -1
    endloop
  endfacet
  facet normal 0.20383592403164996 0.979005064376157 0
    outer loop
      vertex -60.85159336625599 -19.470797893738453 -1
      vertex -60.85159336625599 -19.470797893738453 1
      vertex -60.496544042176254 -19.54472172690751 -1
    endloop
  endfacet
  facet normal 0.008924860643084625 0.9999601726381415 0
    outer loop
      vertex -60.496544042176254 -19.54472172690751 -1
      vertex -60.496544042176254 -19.54472172690751 1
      vertex -60.13389506688411 -19.54795844738439 -1
    endloop
  endfacet
  facet normal 0.5629688565416453 0.8264781101542814 0
    outer loop
      vertex -61.485132070051414 -19.12485958890151 1
      vertex -61.185398692712894 -19.329027799328927 -1
      vertex -61.485132070051414 -19.12485958890151 -1
    endloop
  endfacet
  facet normal -0.1863291801348972 0.9824873722497695 0
    outer loop
      vertex -60.13389506688411 -19.54795844738439 -1
      vertex -60.13389506688411 -19.54795844738439 1
      vertex -59.77758283712414 -19.480383669816323 -1
    endloop
  endfacet
  facet normal -0.37442269501489506 0.9272581331311054 0
    outer loop
      vertex -59.77758283712414 -19.480383669816323 -1
      vertex -59.77758283712414 -19.480383669816323 1
      vertex -59.441300232063845 -19.34459425500889 -1
    endloop
  endfacet
  facet normal -0.548127355704149 0.8363948839685577 0
    outer loop
      vertex -59.441300232063845 -19.34459425500889 -1
      vertex -59.441300232063845 -19.34459425500889 1
      vertex -59.13797040362621 -19.145808514021546 -1
    endloop
  endfacet
  facet normal -0.7007677895070312 0.7133894484707697 0
    outer loop
      vertex -59.13797040362621 -19.145808514021546 -1
      vertex -59.13797040362621 -19.145808514021546 1
      vertex -58.87925014700878 -18.891665671400126 -1
    endloop
  endfacet
  facet normal -0.8264781101542737 0.5629688565416565 0
    outer loop
      vertex -58.87925014700878 -18.891665671400126 -1
      vertex -58.87925014700878 -18.891665671400126 1
      vertex -58.675081936581364 -18.59193229406161 -1
    endloop
  endfacet
  facet normal -0.9204273405225615 0.3909136871722002 0
    outer loop
      vertex -58.675081936581364 -18.59193229406161 1
      vertex -58.53331184217184 -18.258126967604703 -1
      vertex -58.675081936581364 -18.59193229406161 -1
    endloop
  endfacet
  facet normal 0.982487372249767 0.18632918013491023 0
    outer loop
      vertex -62.07385006846761 -18.226526898786148 -1
      vertex -62.141424846035676 -17.87021466902619 -1
      vertex -62.141424846035676 -17.87021466902619 1
    endloop
  endfacet
  facet normal 0.9999601726381415 -0.008924860643084625 0
    outer loop
      vertex -62.141424846035676 -17.87021466902619 -1
      vertex -62.1381881255588 -17.507565693734044 -1
      vertex -62.1381881255588 -17.507565693734044 1
    endloop
  endfacet
  facet normal 0.9790050643761594 -0.20383592403163864 0
    outer loop
      vertex -62.1381881255588 -17.507565693734044 -1
      vertex -62.064264292389744 -17.152516369654304 -1
      vertex -62.064264292389744 -17.152516369654304 1
    endloop
  endfacet
  facet normal 0.9204273405225543 -0.39091368717221675 0
    outer loop
      vertex -62.064264292389744 -17.152516369654304 -1
      vertex -61.922494197980214 -16.818711043197396 -1
      vertex -61.922494197980214 -16.818711043197396 1
    endloop
  endfacet
  facet normal 0.8264781101542737 -0.5629688565416565 0
    outer loop
      vertex -61.922494197980214 -16.818711043197396 -1
      vertex -61.718325987552795 -16.51897766585888 -1
      vertex -61.718325987552795 -16.51897766585888 1
    endloop
  endfacet
  facet normal 0.7007677895070363 -0.7133894484707648 0
    outer loop
      vertex -61.459605730935365 -16.264834823237457 1
      vertex -61.718325987552795 -16.51897766585888 -1
      vertex -61.459605730935365 -16.264834823237457 -1
    endloop
  endfacet
  facet normal 0.5481273557041512 -0.8363948839685563 0
    outer loop
      vertex -61.15627590249774 -16.066049082250117 1
      vertex -61.459605730935365 -16.264834823237457 -1
      vertex -61.15627590249774 -16.066049082250117 -1
    endloop
  endfacet
  facet normal 0.37442269501489245 -0.9272581331311064 0
    outer loop
      vertex -60.819993297437435 -15.930259667442682 1
      vertex -61.15627590249774 -16.066049082250117 -1
      vertex -60.819993297437435 -15.930259667442682 -1
    endloop
  endfacet
  facet normal -0.39091368717221203 -0.9204273405225565 0
    outer loop
      vertex -59.412177441848684 -16.08161553793008 -1
      vertex -59.412177441848684 -16.08161553793008 1
      vertex -59.74598276830559 -15.939845443520554 -1
    endloop
  endfacet
  facet normal -0.5629688565416544 -0.8264781101542752 0
    outer loop
      vertex -59.412177441848684 -16.08161553793008 -1
      vertex -59.11244406451017 -16.285783748357495 -1
      vertex -59.11244406451017 -16.285783748357495 1
    endloop
  endfacet
  facet normal 0.18632918013489605 -0.9824873722497697 0
    outer loop
      vertex -60.46368106767748 -15.862684889874618 -1
      vertex -60.46368106767748 -15.862684889874618 1
      vertex -60.819993297437435 -15.930259667442682 -1
    endloop
  endfacet
  facet normal -0.008924860643069757 -0.9999601726381416 0
    outer loop
      vertex -60.101032092385324 -15.86592161035149 -1
      vertex -60.101032092385324 -15.86592161035149 1
      vertex -60.46368106767748 -15.862684889874618 -1
    endloop
  endfacet
  facet normal -0.20383592403166406 -0.9790050643761542 0
    outer loop
      vertex -59.74598276830559 -15.939845443520554 -1
      vertex -59.74598276830559 -15.939845443520554 1
      vertex -60.101032092385324 -15.86592161035149 -1
    endloop
  endfacet
  facet normal -0.9790050643761594 0.20383592403163864 0
    outer loop
      vertex -58.53331184217184 -18.258126967604703 1
      vertex -58.45938800900279 -17.903077643524963 -1
      vertex -58.53331184217184 -18.258126967604703 -1
    endloop
  endfacet
  facet normal -0.9999601726381412 0.008924860643104215 0
    outer loop
      vertex -58.45938800900279 -17.903077643524963 1
      vertex -58.4561512885259 -17.540428668232817 -1
      vertex -58.45938800900279 -17.903077643524963 -1
    endloop
  endfacet
  facet normal -0.9824873722497672 -0.18632918013490843 0
    outer loop
      vertex -58.4561512885259 -17.540428668232817 1
      vertex -58.52372606609397 -17.184116438472856 -1
      vertex -58.4561512885259 -17.540428668232817 -1
    endloop
  endfacet
  facet normal -0.8363948839685563 -0.5481273557041512 0
    outer loop
      vertex -58.659515480901405 -16.847833833412555 1
      vertex -58.858301221888745 -16.54450400497493 -1
      vertex -58.659515480901405 -16.847833833412555 -1
    endloop
  endfacet
  facet normal -0.7133894484707647 -0.7007677895070363 0
    outer loop
      vertex -59.11244406451017 -16.285783748357495 -1
      vertex -58.858301221888745 -16.54450400497493 -1
      vertex -58.858301221888745 -16.54450400497493 1
    endloop
  endfacet
  facet normal -0.9272581331311068 -0.37442269501489167 0
    outer loop
      vertex -58.52372606609397 -17.184116438472856 1
      vertex -58.659515480901405 -16.847833833412555 -1
      vertex -58.52372606609397 -17.184116438472856 -1
    endloop
  endfacet
  facet normal 0.7133894484707647 0.7007677895070363 0
    outer loop
      vertex -61.73927491267284 -18.866139332284078 1
      vertex -61.485132070051414 -19.12485958890151 1
      vertex -61.485132070051414 -19.12485958890151 -1
    endloop
  endfacet
  facet normal 0.8363948839685654 0.5481273557041375 0
    outer loop
      vertex -61.73927491267284 -18.866139332284078 -1
      vertex -61.93806065366017 -18.562809503846452 1
      vertex -61.73927491267284 -18.866139332284078 1
    endloop
  endfacet
  facet normal 0.9272581331311083 0.37442269501488834 0
    outer loop
      vertex -61.93806065366017 -18.562809503846452 -1
      vertex -62.07385006846761 -18.226526898786148 1
      vertex -61.93806065366017 -18.562809503846452 1
    endloop
  endfacet
  facet normal 0.39091368717221203 0.9204273405225565 0
    outer loop
      vertex -60.85159336625599 -19.470797893738453 -1
      vertex -61.185398692712894 -19.329027799328927 1
      vertex -60.85159336625599 -19.470797893738453 1
    endloop
  endfacet
  facet normal 0.20383592403164996 0.979005064376157 0
    outer loop
      vertex -60.496544042176254 -19.54472172690751 -1
      vertex -60.85159336625599 -19.470797893738453 1
      vertex -60.496544042176254 -19.54472172690751 1
    endloop
  endfacet
  facet normal 0.5629688565416453 0.8264781101542814 0
    outer loop
      vertex -61.185398692712894 -19.329027799328927 1
      vertex -61.185398692712894 -19.329027799328927 -1
      vertex -61.485132070051414 -19.12485958890151 1
    endloop
  endfacet
  facet normal 0.008924860643084625 0.9999601726381415 0
    outer loop
      vertex -60.13389506688411 -19.54795844738439 -1
      vertex -60.496544042176254 -19.54472172690751 1
      vertex -60.13389506688411 -19.54795844738439 1
    endloop
  endfacet
  facet normal -0.1863291801348972 0.9824873722497695 0
    outer loop
      vertex -59.77758283712414 -19.480383669816323 -1
      vertex -60.13389506688411 -19.54795844738439 1
      vertex -59.77758283712414 -19.480383669816323 1
    endloop
  endfacet
  facet normal -0.37442269501489506 0.9272581331311054 0
    outer loop
      vertex -59.77758283712414 -19.480383669816323 1
      vertex -59.441300232063845 -19.34459425500889 1
      vertex -59.441300232063845 -19.34459425500889 -1
    endloop
  endfacet
  facet normal -0.548127355704149 0.8363948839685577 0
    outer loop
      vertex -59.13797040362621 -19.145808514021546 -1
      vertex -59.441300232063845 -19.34459425500889 1
      vertex -59.13797040362621 -19.145808514021546 1
    endloop
  endfacet
  facet normal -0.7007677895070312 0.7133894484707697 0
    outer loop
      vertex -59.13797040362621 -19.145808514021546 1
      vertex -58.87925014700878 -18.891665671400126 1
      vertex -58.87925014700878 -18.891665671400126 -1
    endloop
  endfacet
  facet normal -0.8264781101542737 0.5629688565416565 0
    outer loop
      vertex -58.87925014700878 -18.891665671400126 1
      vertex -58.675081936581364 -18.59193229406161 1
      vertex -58.675081936581364 -18.59193229406161 -1
    endloop
  endfacet
  facet normal -0.9204273405225615 0.3909136871722002 0
    outer loop
      vertex -58.675081936581364 -18.59193229406161 1
      vertex -58.53331184217184 -18.258126967604703 1
      vertex -58.53331184217184 -18.258126967604703 -1
    endloop
  endfacet
  facet normal 0.982487372249767 0.18632918013491023 0
    outer loop
      vertex -62.07385006846761 -18.226526898786148 -1
      vertex -62.141424846035676 -17.87021466902619 1
      vertex -62.07385006846761 -18.226526898786148 1
    endloop
  endfacet
  facet normal 0.9999601726381415 -0.008924860643084625 0
    outer loop
      vertex -62.141424846035676 -17.87021466902619 -1
      vertex -62.1381881255588 -17.507565693734044 1
      vertex -62.141424846035676 -17.87021466902619 1
    endloop
  endfacet
  facet normal 0.9790050643761594 -0.20383592403163864 0
    outer loop
      vertex -62.1381881255588 -17.507565693734044 -1
      vertex -62.064264292389744 -17.152516369654304 1
      vertex -62.1381881255588 -17.507565693734044 1
    endloop
  endfacet
  facet normal 0.9204273405225543 -0.39091368717221675 0
    outer loop
      vertex -62.064264292389744 -17.152516369654304 -1
      vertex -61.922494197980214 -16.818711043197396 1
      vertex -62.064264292389744 -17.152516369654304 1
    endloop
  endfacet
  facet normal 0.8264781101542737 -0.5629688565416565 0
    outer loop
      vertex -61.922494197980214 -16.818711043197396 -1
      vertex -61.718325987552795 -16.51897766585888 1
      vertex -61.922494197980214 -16.818711043197396 1
    endloop
  endfacet
  facet normal 0.7007677895070363 -0.7133894484707648 0
    outer loop
      vertex -61.718325987552795 -16.51897766585888 -1
      vertex -61.459605730935365 -16.264834823237457 1
      vertex -61.718325987552795 -16.51897766585888 1
    endloop
  endfacet
  facet normal 0.5481273557041512 -0.8363948839685563 0
    outer loop
      vertex -61.459605730935365 -16.264834823237457 1
      vertex -61.459605730935365 -16.264834823237457 -1
      vertex -61.15627590249774 -16.066049082250117 1
    endloop
  endfacet
  facet normal 0.37442269501489245 -0.9272581331311064 0
    outer loop
      vertex -61.15627590249774 -16.066049082250117 1
      vertex -61.15627590249774 -16.066049082250117 -1
      vertex -60.819993297437435 -15.930259667442682 1
    endloop
  endfacet
  facet normal -0.39091368717221203 -0.9204273405225565 0
    outer loop
      vertex -59.74598276830559 -15.939845443520554 -1
      vertex -59.412177441848684 -16.08161553793008 1
      vertex -59.74598276830559 -15.939845443520554 1
    endloop
  endfacet
  facet normal -0.5629688565416544 -0.8264781101542752 0
    outer loop
      vertex -59.412177441848684 -16.08161553793008 -1
      vertex -59.11244406451017 -16.285783748357495 1
      vertex -59.412177441848684 -16.08161553793008 1
    endloop
  endfacet
  facet normal 0.18632918013489605 -0.9824873722497697 0
    outer loop
      vertex -60.819993297437435 -15.930259667442682 -1
      vertex -60.46368106767748 -15.862684889874618 1
      vertex -60.819993297437435 -15.930259667442682 1
    endloop
  endfacet
  facet normal -0.008924860643069757 -0.9999601726381416 0
    outer loop
      vertex -60.46368106767748 -15.862684889874618 -1
      vertex -60.101032092385324 -15.86592161035149 1
      vertex -60.46368106767748 -15.862684889874618 1
    endloop
  endfacet
  facet normal -0.20383592403166406 -0.9790050643761542 0
    outer loop
      vertex -60.101032092385324 -15.86592161035149 -1
      vertex -59.74598276830559 -15.939845443520554 1
      vertex -60.101032092385324 -15.86592161035149 1
    endloop
  endfacet
  facet normal -0.9790050643761594 0.20383592403163864 0
    outer loop
      vertex -58.53331184217184 -18.258126967604703 1
      vertex -58.45938800900279 -17.903077643524963 1
      vertex -58.45938800900279 -17.903077643524963 -1
    endloop
  endfacet
  facet normal -0.9999601726381412 0.008924860643104215 0
    outer loop
      vertex -58.45938800900279 -17.903077643524963 1
      vertex -58.4561512885259 -17.540428668232817 1
      vertex -58.4561512885259 -17.540428668232817 -1
    endloop
  endfacet
  facet normal -0.9824873722497672 -0.18632918013490843 0
    outer loop
      vertex -58.4561512885259 -17.540428668232817 1
      vertex -58.52372606609397 -17.184116438472856 1
      vertex -58.52372606609397 -17.184116438472856 -1
    endloop
  endfacet
  facet normal -0.8363948839685563 -0.5481273557041512 0
    outer loop
      vertex -58.659515480901405 -16.847833833412555 1
      vertex -58.858301221888745 -16.54450400497493 1
      vertex -58.858301221888745 -16.54450400497493 -1
    endloop
  endfacet
  facet normal -0.7133894484707647 -0.7007677895070363 0
    outer loop
      vertex -59.11244406451017 -16.285783748357495 -1
      vertex -58.858301221888745 -16.54450400497493 1
      vertex -59.11244406451017 -16.285783748357495 1
    endloop
  endfacet
  facet normal -0.9272581331311068 -0.37442269501489167 0
    outer loop
      vertex -58.52372606609397 -17.184116438472856 1
      vertex -58.659515480901405 -16.847833833412555 1
      vertex -58.659515480901405 -16.847833833412555 -1
    endloop
  endfacet
  facet normal 0.5776309884362181 0.816298010041797 0
    outer loop
      vertex -42.36584126459525 -48.89278718847893 -1
      vertex -42.36584126459525 -48.89278718847893 1
      vertex -42.06979983717152 -49.10227281779227 -1
    endloop
  endfacet
  facet normal 0.8460451718760734 0.533111214612097 0
    outer loop
      vertex -42.80866565603694 -48.32274231453957 1
      vertex -42.615325720121525 -48.62957194938619 -1
      vertex -42.80866565603694 -48.32274231453957 -1
    endloop
  endfacet
  facet normal 0.9337934896613506 0.35781240708795614 0
    outer loop
      vertex -42.80866565603694 -48.32274231453957 -1
      vertex -42.938431127030576 -47.98408957473419 -1
      vertex -42.938431127030576 -47.98408957473419 1
    endloop
  endfacet
  facet normal 0.7257838126031565 0.6879228571309622 0
    outer loop
      vertex -42.36584126459525 -48.89278718847893 -1
      vertex -42.615325720121525 -48.62957194938619 -1
      vertex -42.615325720121525 -48.62957194938619 1
    endloop
  endfacet
  facet normal 0.40728012932281127 0.9133032882119686 0
    outer loop
      vertex -42.06979983717152 -49.10227281779227 -1
      vertex -42.06979983717152 -49.10227281779227 1
      vertex -41.738578143884276 -49.24997842207259 -1
    endloop
  endfacet
  facet normal 0.22127772324490758 0.9752108332025182 0
    outer loop
      vertex -41.738578143884276 -49.24997842207259 -1
      vertex -41.738578143884276 -49.24997842207259 1
      vertex -41.384904848655275 -49.330227757781664 -1
    endloop
  endfacet
  facet normal 0.026771738356609485 0.9996415727776459 0
    outer loop
      vertex -41.384904848655275 -49.330227757781664 -1
      vertex -41.384904848655275 -49.330227757781664 1
      vertex -41.0223714178779 -49.33993688795252 -1
    endloop
  endfacet
  facet normal 0.9856566473163746 0.16876306942291588 0
    outer loop
      vertex -42.938431127030576 -47.98408957473419 -1
      vertex -42.99963531882545 -47.62662796484213 -1
      vertex -42.99963531882545 -47.62662796484213 1
    endloop
  endfacet
  facet normal 0.9996415727776458 -0.026771738356610005 0
    outer loop
      vertex -42.99963531882545 -47.62662796484213 -1
      vertex -42.98992618865459 -47.26409453406476 -1
      vertex -42.98992618865459 -47.26409453406476 1
    endloop
  endfacet
  facet normal 0.9752108332025182 -0.22127772324490758 0
    outer loop
      vertex -42.98992618865459 -47.26409453406476 -1
      vertex -42.909676852945516 -46.91042123883576 -1
      vertex -42.909676852945516 -46.91042123883576 1
    endloop
  endfacet
  facet normal 0.9133032882119718 -0.40728012932280394 0
    outer loop
      vertex -42.909676852945516 -46.91042123883576 -1
      vertex -42.7619712486652 -46.579199545548505 -1
      vertex -42.7619712486652 -46.579199545548505 1
    endloop
  endfacet
  facet normal 0.8162980100418036 -0.5776309884362089 0
    outer loop
      vertex -42.552485619351856 -46.283158118124774 1
      vertex -42.7619712486652 -46.579199545548505 -1
      vertex -42.552485619351856 -46.283158118124774 -1
    endloop
  endfacet
  facet normal 0.6879228571309421 -0.7257838126031756 0
    outer loop
      vertex -42.28927038025911 -46.0336736625985 -1
      vertex -42.28927038025911 -46.0336736625985 1
      vertex -42.552485619351856 -46.283158118124774 -1
    endloop
  endfacet
  facet normal 0.533111214612097 -0.8460451718760734 0
    outer loop
      vertex -41.98244074541249 -45.840333726683085 -1
      vertex -41.98244074541249 -45.840333726683085 1
      vertex -42.28927038025911 -46.0336736625985 -1
    endloop
  endfacet
  facet normal 0.35781240708796264 -0.933793489661348 0
    outer loop
      vertex -41.64378800560712 -45.71056825568945 -1
      vertex -41.64378800560712 -45.71056825568945 1
      vertex -41.98244074541249 -45.840333726683085 -1
    endloop
  endfacet
  facet normal 0.16876306942291588 -0.9856566473163746 0
    outer loop
      vertex -41.28632639571506 -45.64936406389458 -1
      vertex -41.28632639571506 -45.64936406389458 1
      vertex -41.64378800560712 -45.71056825568945 -1
    endloop
  endfacet
  facet normal -0.02677173835662906 -0.9996415727776453 0
    outer loop
      vertex -40.92379296493768 -45.65907319406544 -1
      vertex -40.92379296493768 -45.65907319406544 1
      vertex -41.28632639571506 -45.64936406389458 -1
    endloop
  endfacet
  facet normal -0.16876306942289684 0.9856566473163779 0
    outer loop
      vertex -41.0223714178779 -49.33993688795252 -1
      vertex -41.0223714178779 -49.33993688795252 1
      vertex -40.664909807985836 -49.278732696157654 -1
    endloop
  endfacet
  facet normal -0.35781240708795614 0.9337934896613506 0
    outer loop
      vertex -40.664909807985836 -49.278732696157654 -1
      vertex -40.664909807985836 -49.278732696157654 1
      vertex -40.32625706818046 -49.14896722516402 -1
    endloop
  endfacet
  facet normal -0.533111214612111 0.8460451718760647 0
    outer loop
      vertex -40.32625706818046 -49.14896722516402 -1
      vertex -40.32625706818046 -49.14896722516402 1
      vertex -40.01942743333384 -48.955627289248596 -1
    endloop
  endfacet
  facet normal -0.6879228571309519 0.7257838126031663 0
    outer loop
      vertex -40.01942743333384 -48.955627289248596 -1
      vertex -40.01942743333384 -48.955627289248596 1
      vertex -39.7562121942411 -48.706142833722325 -1
    endloop
  endfacet
  facet normal -0.8162980100417944 0.5776309884362218 0
    outer loop
      vertex -39.7562121942411 -48.706142833722325 -1
      vertex -39.7562121942411 -48.706142833722325 1
      vertex -39.54672656492775 -48.410101406298594 -1
    endloop
  endfacet
  facet normal -0.9133032882119686 0.40728012932281127 0
    outer loop
      vertex -39.54672656492775 -48.410101406298594 1
      vertex -39.399020960647434 -48.07887971301135 -1
      vertex -39.54672656492775 -48.410101406298594 -1
    endloop
  endfacet
  facet normal -0.9752108332025226 0.22127772324488898 0
    outer loop
      vertex -39.318771624938364 -47.725206417782346 -1
      vertex -39.399020960647434 -48.07887971301135 -1
      vertex -39.399020960647434 -48.07887971301135 1
    endloop
  endfacet
  facet normal -0.22127772324488898 -0.9752108332025226 0
    outer loop
      vertex -40.57011966970868 -45.73932252977451 -1
      vertex -40.57011966970868 -45.73932252977451 1
      vertex -40.92379296493768 -45.65907319406544 -1
    endloop
  endfacet
  facet normal -0.40728012932281127 -0.9133032882119686 0
    outer loop
      vertex -40.238897976421434 -45.88702813405483 -1
      vertex -40.238897976421434 -45.88702813405483 1
      vertex -40.57011966970868 -45.73932252977451 -1
    endloop
  endfacet
  facet normal -0.5776309884361995 -0.8162980100418101 0
    outer loop
      vertex -39.942856548997696 -46.09651376336817 -1
      vertex -39.942856548997696 -46.09651376336817 1
      vertex -40.238897976421434 -45.88702813405483 -1
    endloop
  endfacet
  facet normal -0.9996415727776459 0.026771738356609485 0
    outer loop
      vertex -39.30906249476751 -47.36267298700497 -1
      vertex -39.318771624938364 -47.725206417782346 -1
      vertex -39.318771624938364 -47.725206417782346 1
    endloop
  endfacet
  facet normal -0.985656647316374 -0.16876306942291913 0
    outer loop
      vertex -39.37026668656238 -47.005211377112914 -1
      vertex -39.30906249476751 -47.36267298700497 -1
      vertex -39.30906249476751 -47.36267298700497 1
    endloop
  endfacet
  facet normal -0.933793489661353 -0.35781240708794954 0
    outer loop
      vertex -39.500032157556014 -46.66655863730753 -1
      vertex -39.37026668656238 -47.005211377112914 -1
      vertex -39.37026668656238 -47.005211377112914 1
    endloop
  endfacet
  facet normal -0.8460451718760734 -0.533111214612097 0
    outer loop
      vertex -39.69337209347143 -46.35972900246091 -1
      vertex -39.500032157556014 -46.66655863730753 -1
      vertex -39.500032157556014 -46.66655863730753 1
    endloop
  endfacet
  facet normal -0.725783812603176 -0.6879228571309416 0
    outer loop
      vertex -39.942856548997696 -46.09651376336817 -1
      vertex -39.69337209347143 -46.35972900246091 -1
      vertex -39.69337209347143 -46.35972900246091 1
    endloop
  endfacet
  facet normal 0.5776309884362181 0.816298010041797 0
    outer loop
      vertex -42.06979983717152 -49.10227281779227 -1
      vertex -42.36584126459525 -48.89278718847893 1
      vertex -42.06979983717152 -49.10227281779227 1
    endloop
  endfacet
  facet normal 0.9337934896613506 0.35781240708795614 0
    outer loop
      vertex -42.938431127030576 -47.98408957473419 1
      vertex -42.80866565603694 -48.32274231453957 1
      vertex -42.80866565603694 -48.32274231453957 -1
    endloop
  endfacet
  facet normal 0.9856566473163746 0.16876306942291588 0
    outer loop
      vertex -42.938431127030576 -47.98408957473419 -1
      vertex -42.99963531882545 -47.62662796484213 1
      vertex -42.938431127030576 -47.98408957473419 1
    endloop
  endfacet
  facet normal 0.7257838126031565 0.6879228571309622 0
    outer loop
      vertex -42.36584126459525 -48.89278718847893 -1
      vertex -42.615325720121525 -48.62957194938619 1
      vertex -42.36584126459525 -48.89278718847893 1
    endloop
  endfacet
  facet normal 0.8460451718760734 0.533111214612097 0
    outer loop
      vertex -42.80866565603694 -48.32274231453957 1
      vertex -42.615325720121525 -48.62957194938619 1
      vertex -42.615325720121525 -48.62957194938619 -1
    endloop
  endfacet
  facet normal 0.40728012932281127 0.9133032882119686 0
    outer loop
      vertex -41.738578143884276 -49.24997842207259 -1
      vertex -42.06979983717152 -49.10227281779227 1
      vertex -41.738578143884276 -49.24997842207259 1
    endloop
  endfacet
  facet normal 0.22127772324490758 0.9752108332025182 0
    outer loop
      vertex -41.384904848655275 -49.330227757781664 -1
      vertex -41.738578143884276 -49.24997842207259 1
      vertex -41.384904848655275 -49.330227757781664 1
    endloop
  endfacet
  facet normal 0.026771738356609485 0.9996415727776459 0
    outer loop
      vertex -41.0223714178779 -49.33993688795252 -1
      vertex -41.384904848655275 -49.330227757781664 1
      vertex -41.0223714178779 -49.33993688795252 1
    endloop
  endfacet
  facet normal 0.9996415727776458 -0.026771738356610005 0
    outer loop
      vertex -42.99963531882545 -47.62662796484213 -1
      vertex -42.98992618865459 -47.26409453406476 1
      vertex -42.99963531882545 -47.62662796484213 1
    endloop
  endfacet
  facet normal 0.9752108332025182 -0.22127772324490758 0
    outer loop
      vertex -42.98992618865459 -47.26409453406476 -1
      vertex -42.909676852945516 -46.91042123883576 1
      vertex -42.98992618865459 -47.26409453406476 1
    endloop
  endfacet
  facet normal 0.9133032882119718 -0.40728012932280394 0
    outer loop
      vertex -42.909676852945516 -46.91042123883576 -1
      vertex -42.7619712486652 -46.579199545548505 1
      vertex -42.909676852945516 -46.91042123883576 1
    endloop
  endfacet
  facet normal 0.8162980100418036 -0.5776309884362089 0
    outer loop
      vertex -42.552485619351856 -46.283158118124774 1
      vertex -42.7619712486652 -46.579199545548505 1
      vertex -42.7619712486652 -46.579199545548505 -1
    endloop
  endfacet
  facet normal 0.6879228571309421 -0.7257838126031756 0
    outer loop
      vertex -42.552485619351856 -46.283158118124774 -1
      vertex -42.28927038025911 -46.0336736625985 1
      vertex -42.552485619351856 -46.283158118124774 1
    endloop
  endfacet
  facet normal 0.533111214612097 -0.8460451718760734 0
    outer loop
      vertex -42.28927038025911 -46.0336736625985 -1
      vertex -41.98244074541249 -45.840333726683085 1
      vertex -42.28927038025911 -46.0336736625985 1
    endloop
  endfacet
  facet normal 0.35781240708796264 -0.933793489661348 0
    outer loop
      vertex -41.98244074541249 -45.840333726683085 -1
      vertex -41.64378800560712 -45.71056825568945 1
      vertex -41.98244074541249 -45.840333726683085 1
    endloop
  endfacet
  facet normal 0.16876306942291588 -0.9856566473163746 0
    outer loop
      vertex -41.64378800560712 -45.71056825568945 -1
      vertex -41.28632639571506 -45.64936406389458 1
      vertex -41.64378800560712 -45.71056825568945 1
    endloop
  endfacet
  facet normal -0.02677173835662906 -0.9996415727776453 0
    outer loop
      vertex -41.28632639571506 -45.64936406389458 -1
      vertex -40.92379296493768 -45.65907319406544 1
      vertex -41.28632639571506 -45.64936406389458 1
    endloop
  endfacet
  facet normal -0.16876306942289684 0.9856566473163779 0
    outer loop
      vertex -40.664909807985836 -49.278732696157654 -1
      vertex -41.0223714178779 -49.33993688795252 1
      vertex -40.664909807985836 -49.278732696157654 1
    endloop
  endfacet
  facet normal -0.35781240708795614 0.9337934896613506 0
    outer loop
      vertex -40.32625706818046 -49.14896722516402 -1
      vertex -40.664909807985836 -49.278732696157654 1
      vertex -40.32625706818046 -49.14896722516402 1
    endloop
  endfacet
  facet normal -0.533111214612111 0.8460451718760647 0
    outer loop
      vertex -40.01942743333384 -48.955627289248596 -1
      vertex -40.32625706818046 -49.14896722516402 1
      vertex -40.01942743333384 -48.955627289248596 1
    endloop
  endfacet
  facet normal -0.6879228571309519 0.7257838126031663 0
    outer loop
      vertex -39.7562121942411 -48.706142833722325 -1
      vertex -40.01942743333384 -48.955627289248596 1
      vertex -39.7562121942411 -48.706142833722325 1
    endloop
  endfacet
  facet normal -0.8162980100417944 0.5776309884362218 0
    outer loop
      vertex -39.54672656492775 -48.410101406298594 -1
      vertex -39.7562121942411 -48.706142833722325 1
      vertex -39.54672656492775 -48.410101406298594 1
    endloop
  endfacet
  facet normal -0.9133032882119686 0.40728012932281127 0
    outer loop
      vertex -39.399020960647434 -48.07887971301135 -1
      vertex -39.54672656492775 -48.410101406298594 1
      vertex -39.399020960647434 -48.07887971301135 1
    endloop
  endfacet
  facet normal -0.9752108332025226 0.22127772324488898 0
    outer loop
      vertex -39.318771624938364 -47.725206417782346 -1
      vertex -39.399020960647434 -48.07887971301135 1
      vertex -39.318771624938364 -47.725206417782346 1
    endloop
  endfacet
  facet normal -0.22127772324488898 -0.9752108332025226 0
    outer loop
      vertex -40.92379296493768 -45.65907319406544 -1
      vertex -40.57011966970868 -45.73932252977451 1
      vertex -40.92379296493768 -45.65907319406544 1
    endloop
  endfacet
  facet normal -0.40728012932281127 -0.9133032882119686 0
    outer loop
      vertex -40.57011966970868 -45.73932252977451 -1
      vertex -40.238897976421434 -45.88702813405483 1
      vertex -40.57011966970868 -45.73932252977451 1
    endloop
  endfacet
  facet normal -0.725783812603176 -0.6879228571309416 0
    outer loop
      vertex -39.942856548997696 -46.09651376336817 -1
      vertex -39.69337209347143 -46.35972900246091 1
      vertex -39.942856548997696 -46.09651376336817 1
    endloop
  endfacet
  facet normal -0.5776309884361995 -0.8162980100418101 0
    outer loop
      vertex -40.238897976421434 -45.88702813405483 -1
      vertex -39.942856548997696 -46.09651376336817 1
      vertex -40.238897976421434 -45.88702813405483 1
    endloop
  endfacet
  facet normal -0.9996415727776459 0.026771738356609485 0
    outer loop
      vertex -39.30906249476751 -47.36267298700497 -1
      vertex -39.318771624938364 -47.725206417782346 1
      vertex -39.30906249476751 -47.36267298700497 1
    endloop
  endfacet
  facet normal -0.985656647316374 -0.16876306942291913 0
    outer loop
      vertex -39.37026668656238 -47.005211377112914 -1
      vertex -39.30906249476751 -47.36267298700497 1
      vertex -39.37026668656238 -47.005211377112914 1
    endloop
  endfacet
  facet normal -0.933793489661353 -0.35781240708794954 0
    outer loop
      vertex -39.37026668656238 -47.005211377112914 1
      vertex -39.500032157556014 -46.66655863730753 1
      vertex -39.500032157556014 -46.66655863730753 -1
    endloop
  endfacet
  facet normal -0.8460451718760734 -0.533111214612097 0
    outer loop
      vertex -39.69337209347143 -46.35972900246091 -1
      vertex -39.500032157556014 -46.66655863730753 1
      vertex -39.69337209347143 -46.35972900246091 1
    endloop
  endfacet
  facet normal 0.4235168069128627 0.9058882460117987 0
    outer loop
      vertex -9.887694312301075 -63.79578968266039 -1
      vertex -9.887694312301075 -63.79578968266039 1
      vertex -9.559161783571795 -63.94938373595228 -1
    endloop
  endfacet
  facet normal 0.23864902059843682 0.9711058876185474 0
    outer loop
      vertex -9.559161783571795 -63.94938373595228 -1
      vertex -9.559161783571795 -63.94938373595228 1
      vertex -9.206977201943989 -64.03593300575587 -1
    endloop
  endfacet
  facet normal 0.7379469329043229 0.6748587438991235 0
    outer loop
      vertex -10.179949467295929 -63.581053379211674 -1
      vertex -10.424696046848478 -63.31342702132214 -1
      vertex -10.424696046848478 -63.31342702132214 1
    endloop
  endfacet
  facet normal 0.8554258991739442 0.517925217596565 0
    outer loop
      vertex -10.424696046848478 -63.31342702132214 -1
      vertex -10.612528577161987 -63.00319533983891 -1
      vertex -10.612528577161987 -63.00319533983891 1
    endloop
  endfacet
  facet normal 0.9400313278666905 0.34108811563756736 0
    outer loop
      vertex -10.612528577161987 -63.00319533983891 -1
      vertex -10.736228759434201 -62.662280364301445 -1
      vertex -10.736228759434201 -62.662280364301445 1
    endloop
  endfacet
  facet normal 0.988511879805161 0.1511431886790368 0
    outer loop
      vertex -10.736228759434201 -62.662280364301445 -1
      vertex -10.79104286503226 -62.30378326603233 -1
      vertex -10.79104286503226 -62.30378326603233 1
    endloop
  endfacet
  facet normal 0.9990044745665672 -0.04461008625834746 0
    outer loop
      vertex -10.79104286503226 -62.30378326603233 -1
      vertex -10.774864418618137 -61.94148088747057 -1
      vertex -10.774864418618137 -61.94148088747057 1
    endloop
  endfacet
  facet normal 0.9711058876185445 -0.2386490205984484 0
    outer loop
      vertex -10.774864418618137 -61.94148088747057 -1
      vertex -10.688315148814548 -61.58929630584276 -1
      vertex -10.688315148814548 -61.58929630584276 1
    endloop
  endfacet
  facet normal 0.5921090798485675 0.805857827138809 0
    outer loop
      vertex -10.179949467295929 -63.581053379211674 -1
      vertex -10.179949467295929 -63.581053379211674 1
      vertex -9.887694312301075 -63.79578968266039 -1
    endloop
  endfacet
  facet normal 0.905888246011797 -0.4235168069128665 0
    outer loop
      vertex -10.688315148814548 -61.58929630584276 -1
      vertex -10.534721095522658 -61.26076377711348 -1
      vertex -10.534721095522658 -61.26076377711348 1
    endloop
  endfacet
  facet normal 0.805857827138799 -0.5921090798485811 0
    outer loop
      vertex -10.534721095522658 -61.26076377711348 -1
      vertex -10.319984792073932 -60.96850862211863 -1
      vertex -10.319984792073932 -60.96850862211863 1
    endloop
  endfacet
  facet normal 0.6748587438991175 -0.7379469329043284 0
    outer loop
      vertex -10.052358434184404 -60.72376204256609 -1
      vertex -10.052358434184404 -60.72376204256609 1
      vertex -10.319984792073932 -60.96850862211863 -1
    endloop
  endfacet
  facet normal 0.5179252175965757 -0.8554258991739376 0
    outer loop
      vertex -9.742126752701173 -60.53592951225257 -1
      vertex -9.742126752701173 -60.53592951225257 1
      vertex -10.052358434184404 -60.72376204256609 -1
    endloop
  endfacet
  facet normal 0.3410881156375575 -0.9400313278666941 0
    outer loop
      vertex -9.401211777163711 -60.41222932998036 -1
      vertex -9.401211777163711 -60.41222932998036 1
      vertex -9.742126752701173 -60.53592951225257 -1
    endloop
  endfacet
  facet normal 0.1511431886790655 -0.9885118798051565 0
    outer loop
      vertex -9.0427146788946 -60.357415224382294 1
      vertex -9.401211777163711 -60.41222932998036 -1
      vertex -9.0427146788946 -60.357415224382294 -1
    endloop
  endfacet
  facet normal 0.04461008625836701 0.9990044745665662 0
    outer loop
      vertex -9.206977201943989 -64.03593300575587 -1
      vertex -9.206977201943989 -64.03593300575587 1
      vertex -8.844674823382224 -64.05211145217 -1
    endloop
  endfacet
  facet normal -0.1511431886790464 0.9885118798051596 0
    outer loop
      vertex -8.844674823382224 -64.05211145217 -1
      vertex -8.844674823382224 -64.05211145217 1
      vertex -8.486177725113112 -63.99729734657193 -1
    endloop
  endfacet
  facet normal -0.34108811563754177 0.9400313278666999 0
    outer loop
      vertex -8.486177725113112 -63.99729734657193 -1
      vertex -8.486177725113112 -63.99729734657193 1
      vertex -8.145262749575652 -63.87359716429973 -1
    endloop
  endfacet
  facet normal -0.5179252175965878 0.8554258991739303 0
    outer loop
      vertex -8.145262749575652 -63.87359716429973 -1
      vertex -8.145262749575652 -63.87359716429973 1
      vertex -7.83503106809242 -63.68576463398621 -1
    endloop
  endfacet
  facet normal -0.6748587438991175 0.7379469329043284 0
    outer loop
      vertex -7.83503106809242 -63.68576463398621 -1
      vertex -7.83503106809242 -63.68576463398621 1
      vertex -7.567404710202892 -63.44101805443367 -1
    endloop
  endfacet
  facet normal -0.805857827138799 0.5921090798485811 0
    outer loop
      vertex -7.567404710202892 -63.44101805443367 -1
      vertex -7.567404710202892 -63.44101805443367 1
      vertex -7.352668406754166 -63.148762899438815 -1
    endloop
  endfacet
  facet normal -0.9058882460117995 0.423516806912861 0
    outer loop
      vertex -7.199074353462275 -62.82023037070953 -1
      vertex -7.352668406754166 -63.148762899438815 -1
      vertex -7.352668406754166 -63.148762899438815 1
    endloop
  endfacet
  facet normal -0.971105887618544 0.2386490205984507 0
    outer loop
      vertex -7.112525083658685 -62.46804578908172 -1
      vertex -7.199074353462275 -62.82023037070953 -1
      vertex -7.199074353462275 -62.82023037070953 1
    endloop
  endfacet
  facet normal -0.9990044745665672 0.04461008625834501 0
    outer loop
      vertex -7.0963466372445625 -62.105743410519956 -1
      vertex -7.112525083658685 -62.46804578908172 -1
      vertex -7.112525083658685 -62.46804578908172 1
    endloop
  endfacet
  facet normal -0.9885118798051601 -0.1511431886790421 0
    outer loop
      vertex -7.151160742842622 -61.74724631225085 -1
      vertex -7.0963466372445625 -62.105743410519956 -1
      vertex -7.0963466372445625 -62.105743410519956 1
    endloop
  endfacet
  facet normal -0.9400313278666905 -0.34108811563756736 0
    outer loop
      vertex -7.274860925114837 -61.406331336713386 -1
      vertex -7.151160742842622 -61.74724631225085 -1
      vertex -7.151160742842622 -61.74724631225085 1
    endloop
  endfacet
  facet normal -0.04461008625836701 -0.9990044745665662 0
    outer loop
      vertex -8.680412300332835 -60.373593670796424 -1
      vertex -8.680412300332835 -60.373593670796424 1
      vertex -9.0427146788946 -60.357415224382294 -1
    endloop
  endfacet
  facet normal -0.23864902059843682 -0.9711058876185474 0
    outer loop
      vertex -8.328227718705028 -60.46014294060001 -1
      vertex -8.328227718705028 -60.46014294060001 1
      vertex -8.680412300332835 -60.373593670796424 -1
    endloop
  endfacet
  facet normal -0.42351680691287874 -0.9058882460117911 0
    outer loop
      vertex -7.999695189975748 -60.613736993891905 -1
      vertex -7.999695189975748 -60.613736993891905 1
      vertex -8.328227718705028 -60.46014294060001 -1
    endloop
  endfacet
  facet normal -0.7379469329043116 -0.6748587438991359 0
    outer loop
      vertex -7.7074400349808965 -60.82847329734063 -1
      vertex -7.4626934554283455 -61.096099655230155 -1
      vertex -7.4626934554283455 -61.096099655230155 1
    endloop
  endfacet
  facet normal -0.5921090798485826 -0.805857827138798 0
    outer loop
      vertex -7.999695189975748 -60.613736993891905 -1
      vertex -7.7074400349808965 -60.82847329734063 -1
      vertex -7.7074400349808965 -60.82847329734063 1
    endloop
  endfacet
  facet normal -0.8554258991739442 -0.517925217596565 0
    outer loop
      vertex -7.4626934554283455 -61.096099655230155 -1
      vertex -7.274860925114837 -61.406331336713386 -1
      vertex -7.274860925114837 -61.406331336713386 1
    endloop
  endfacet
  facet normal 0.4235168069128627 0.9058882460117987 0
    outer loop
      vertex -9.559161783571795 -63.94938373595228 -1
      vertex -9.887694312301075 -63.79578968266039 1
      vertex -9.559161783571795 -63.94938373595228 1
    endloop
  endfacet
  facet normal 0.23864902059843682 0.9711058876185474 0
    outer loop
      vertex -9.559161783571795 -63.94938373595228 1
      vertex -9.206977201943989 -64.03593300575587 1
      vertex -9.206977201943989 -64.03593300575587 -1
    endloop
  endfacet
  facet normal 0.7379469329043229 0.6748587438991235 0
    outer loop
      vertex -10.179949467295929 -63.581053379211674 -1
      vertex -10.424696046848478 -63.31342702132214 1
      vertex -10.179949467295929 -63.581053379211674 1
    endloop
  endfacet
  facet normal 0.8554258991739442 0.517925217596565 0
    outer loop
      vertex -10.424696046848478 -63.31342702132214 -1
      vertex -10.612528577161987 -63.00319533983891 1
      vertex -10.424696046848478 -63.31342702132214 1
    endloop
  endfacet
  facet normal 0.9400313278666905 0.34108811563756736 0
    outer loop
      vertex -10.612528577161987 -63.00319533983891 -1
      vertex -10.736228759434201 -62.662280364301445 1
      vertex -10.612528577161987 -63.00319533983891 1
    endloop
  endfacet
  facet normal 0.988511879805161 0.1511431886790368 0
    outer loop
      vertex -10.736228759434201 -62.662280364301445 -1
      vertex -10.79104286503226 -62.30378326603233 1
      vertex -10.736228759434201 -62.662280364301445 1
    endloop
  endfacet
  facet normal 0.9990044745665672 -0.04461008625834746 0
    outer loop
      vertex -10.79104286503226 -62.30378326603233 -1
      vertex -10.774864418618137 -61.94148088747057 1
      vertex -10.79104286503226 -62.30378326603233 1
    endloop
  endfacet
  facet normal 0.9711058876185445 -0.2386490205984484 0
    outer loop
      vertex -10.774864418618137 -61.94148088747057 -1
      vertex -10.688315148814548 -61.58929630584276 1
      vertex -10.774864418618137 -61.94148088747057 1
    endloop
  endfacet
  facet normal 0.905888246011797 -0.4235168069128665 0
    outer loop
      vertex -10.688315148814548 -61.58929630584276 -1
      vertex -10.534721095522658 -61.26076377711348 1
      vertex -10.688315148814548 -61.58929630584276 1
    endloop
  endfacet
  facet normal 0.5921090798485675 0.805857827138809 0
    outer loop
      vertex -9.887694312301075 -63.79578968266039 -1
      vertex -10.179949467295929 -63.581053379211674 1
      vertex -9.887694312301075 -63.79578968266039 1
    endloop
  endfacet
  facet normal 0.805857827138799 -0.5921090798485811 0
    outer loop
      vertex -10.534721095522658 -61.26076377711348 -1
      vertex -10.319984792073932 -60.96850862211863 1
      vertex -10.534721095522658 -61.26076377711348 1
    endloop
  endfacet
  facet normal 0.6748587438991175 -0.7379469329043284 0
    outer loop
      vertex -10.319984792073932 -60.96850862211863 -1
      vertex -10.052358434184404 -60.72376204256609 1
      vertex -10.319984792073932 -60.96850862211863 1
    endloop
  endfacet
  facet normal 0.5179252175965757 -0.8554258991739376 0
    outer loop
      vertex -10.052358434184404 -60.72376204256609 -1
      vertex -9.742126752701173 -60.53592951225257 1
      vertex -10.052358434184404 -60.72376204256609 1
    endloop
  endfacet
  facet normal 0.3410881156375575 -0.9400313278666941 0
    outer loop
      vertex -9.401211777163711 -60.41222932998036 1
      vertex -9.742126752701173 -60.53592951225257 1
      vertex -9.742126752701173 -60.53592951225257 -1
    endloop
  endfacet
  facet normal 0.1511431886790655 -0.9885118798051565 0
    outer loop
      vertex -9.401211777163711 -60.41222932998036 -1
      vertex -9.0427146788946 -60.357415224382294 1
      vertex -9.401211777163711 -60.41222932998036 1
    endloop
  endfacet
  facet normal 0.04461008625836701 0.9990044745665662 0
    outer loop
      vertex -8.844674823382224 -64.05211145217 -1
      vertex -9.206977201943989 -64.03593300575587 1
      vertex -8.844674823382224 -64.05211145217 1
    endloop
  endfacet
  facet normal -0.1511431886790464 0.9885118798051596 0
    outer loop
      vertex -8.486177725113112 -63.99729734657193 -1
      vertex -8.844674823382224 -64.05211145217 1
      vertex -8.486177725113112 -63.99729734657193 1
    endloop
  endfacet
  facet normal -0.34108811563754177 0.9400313278666999 0
    outer loop
      vertex -8.145262749575652 -63.87359716429973 -1
      vertex -8.486177725113112 -63.99729734657193 1
      vertex -8.145262749575652 -63.87359716429973 1
    endloop
  endfacet
  facet normal -0.5179252175965878 0.8554258991739303 0
    outer loop
      vertex -7.83503106809242 -63.68576463398621 -1
      vertex -8.145262749575652 -63.87359716429973 1
      vertex -7.83503106809242 -63.68576463398621 1
    endloop
  endfacet
  facet normal -0.6748587438991175 0.7379469329043284 0
    outer loop
      vertex -7.567404710202892 -63.44101805443367 -1
      vertex -7.83503106809242 -63.68576463398621 1
      vertex -7.567404710202892 -63.44101805443367 1
    endloop
  endfacet
  facet normal -0.805857827138799 0.5921090798485811 0
    outer loop
      vertex -7.352668406754166 -63.148762899438815 -1
      vertex -7.567404710202892 -63.44101805443367 1
      vertex -7.352668406754166 -63.148762899438815 1
    endloop
  endfacet
  facet normal -0.9058882460117995 0.423516806912861 0
    outer loop
      vertex -7.199074353462275 -62.82023037070953 -1
      vertex -7.352668406754166 -63.148762899438815 1
      vertex -7.199074353462275 -62.82023037070953 1
    endloop
  endfacet
  facet normal -0.971105887618544 0.2386490205984507 0
    outer loop
      vertex -7.112525083658685 -62.46804578908172 -1
      vertex -7.199074353462275 -62.82023037070953 1
      vertex -7.112525083658685 -62.46804578908172 1
    endloop
  endfacet
  facet normal -0.9990044745665672 0.04461008625834501 0
    outer loop
      vertex -7.0963466372445625 -62.105743410519956 -1
      vertex -7.112525083658685 -62.46804578908172 1
      vertex -7.0963466372445625 -62.105743410519956 1
    endloop
  endfacet
  facet normal -0.9885118798051601 -0.1511431886790421 0
    outer loop
      vertex -7.151160742842622 -61.74724631225085 -1
      vertex -7.0963466372445625 -62.105743410519956 1
      vertex -7.151160742842622 -61.74724631225085 1
    endloop
  endfacet
  facet normal -0.9400313278666905 -0.34108811563756736 0
    outer loop
      vertex -7.274860925114837 -61.406331336713386 -1
      vertex -7.151160742842622 -61.74724631225085 1
      vertex -7.274860925114837 -61.406331336713386 1
    endloop
  endfacet
  facet normal -0.04461008625836701 -0.9990044745665662 0
    outer loop
      vertex -9.0427146788946 -60.357415224382294 1
      vertex -9.0427146788946 -60.357415224382294 -1
      vertex -8.680412300332835 -60.373593670796424 1
    endloop
  endfacet
  facet normal -0.23864902059843682 -0.9711058876185474 0
    outer loop
      vertex -8.680412300332835 -60.373593670796424 -1
      vertex -8.328227718705028 -60.46014294060001 1
      vertex -8.680412300332835 -60.373593670796424 1
    endloop
  endfacet
  facet normal -0.42351680691287874 -0.9058882460117911 0
    outer loop
      vertex -8.328227718705028 -60.46014294060001 -1
      vertex -7.999695189975748 -60.613736993891905 1
      vertex -8.328227718705028 -60.46014294060001 1
    endloop
  endfacet
  facet normal -0.8554258991739442 -0.517925217596565 0
    outer loop
      vertex -7.4626934554283455 -61.096099655230155 -1
      vertex -7.274860925114837 -61.406331336713386 1
      vertex -7.4626934554283455 -61.096099655230155 1
    endloop
  endfacet
  facet normal -0.7379469329043116 -0.6748587438991359 0
    outer loop
      vertex -7.7074400349808965 -60.82847329734063 -1
      vertex -7.4626934554283455 -61.096099655230155 1
      vertex -7.7074400349808965 -60.82847329734063 1
    endloop
  endfacet
  facet normal -0.5921090798485826 -0.805857827138798 0
    outer loop
      vertex -7.999695189975748 -60.613736993891905 -1
      vertex -7.7074400349808965 -60.82847329734063 1
      vertex -7.999695189975748 -60.613736993891905 1
    endloop
  endfacet
  facet normal 0.7498749340513983 0.6615796122020472 0
    outer loop
      vertex 24.845896106630047 -58.51930822461734 -1
      vertex 24.605965382383026 -58.24735601704736 -1
      vertex 24.605965382383026 -58.24735601704736 1
    endloop
  endfacet
  facet normal 0.6063985178771505 0.7951608878185568 0
    outer loop
      vertex 25.134271873035836 -58.73922678452023 -1
      vertex 24.845896106630047 -58.51930822461734 -1
      vertex 24.845896106630047 -58.51930822461734 1
    endloop
  endfacet
  facet normal 0.945969660293585 0.3242551492328832 0
    outer loop
      vertex 24.423700103472886 -57.93382113263464 -1
      vertex 24.3061046223526 -57.59075254115478 -1
      vertex 24.3061046223526 -57.59075254115478 1
    endloop
  endfacet
  facet normal 0.9910521600032232 0.1334751518184028 0
    outer loop
      vertex 24.3061046223526 -57.59075254115478 -1
      vertex 24.257698067413312 -57.23133417618326 -1
      vertex 24.257698067413312 -57.23133417618326 1
    endloop
  endfacet
  facet normal 0.9980490809923931 -0.06243422082672006 0
    outer loop
      vertex 24.257698067413312 -57.23133417618326 -1
      vertex 24.280340675414628 -56.8693782839218 -1
      vertex 24.280340675414628 -56.8693782839218 1
    endloop
  endfacet
  facet normal 0.8645340770447579 0.502574203106734 0
    outer loop
      vertex 24.605965382383026 -58.24735601704736 -1
      vertex 24.423700103472886 -57.93382113263464 -1
      vertex 24.423700103472886 -57.93382113263464 1
    endloop
  endfacet
  facet normal 0.9666915355113945 -0.2559442813790185 0
    outer loop
      vertex 24.280340675414628 -56.8693782839218 -1
      vertex 24.373162303629186 -56.518794626322816 -1
      vertex 24.373162303629186 -56.518794626322816 1
    endloop
  endfacet
  facet normal 0.8981845764475592 -0.4396185467330952 0
    outer loop
      vertex 24.373162303629186 -56.518794626322816 -1
      vertex 24.532595868939662 -56.19305593673824 -1
      vertex 24.532595868939662 -56.19305593673824 1
    endloop
  endfacet
  facet normal 0.7951608878185555 -0.6063985178771519 0
    outer loop
      vertex 24.532595868939662 -56.19305593673824 -1
      vertex 24.752514428842552 -55.90468017033245 -1
      vertex 24.752514428842552 -55.90468017033245 1
    endloop
  endfacet
  facet normal 0.6615796122020526 -0.7498749340513934 0
    outer loop
      vertex 25.024466636412534 -55.66474944608542 -1
      vertex 25.024466636412534 -55.66474944608542 1
      vertex 24.752514428842552 -55.90468017033245 -1
    endloop
  endfacet
  facet normal 0.4396185467331031 0.8981845764475554 0
    outer loop
      vertex 25.134271873035836 -58.73922678452023 -1
      vertex 25.134271873035836 -58.73922678452023 1
      vertex 25.46001056262041 -58.898660349830706 -1
    endloop
  endfacet
  facet normal 0.25594428137901115 0.9666915355113964 0
    outer loop
      vertex 25.46001056262041 -58.898660349830706 -1
      vertex 25.46001056262041 -58.898660349830706 1
      vertex 25.810594220219404 -58.991481978045265 -1
    endloop
  endfacet
  facet normal 0.06243422082671213 0.9980490809923934 0
    outer loop
      vertex 25.810594220219404 -58.991481978045265 -1
      vertex 25.810594220219404 -58.991481978045265 1
      vertex 26.172550112480856 -59.01412458604658 -1
    endloop
  endfacet
  facet normal -0.1334751518183932 0.9910521600032245 0
    outer loop
      vertex 26.172550112480856 -59.01412458604658 -1
      vertex 26.172550112480856 -59.01412458604658 1
      vertex 26.531968477452374 -58.96571803110729 -1
    endloop
  endfacet
  facet normal -0.32425514923291243 0.9459696602935749 0
    outer loop
      vertex 26.531968477452374 -58.96571803110729 -1
      vertex 26.531968477452374 -58.96571803110729 1
      vertex 26.875037068932233 -58.848122549986996 -1
    endloop
  endfacet
  facet normal -0.5025742031067076 0.864534077044773 0
    outer loop
      vertex 26.875037068932233 -58.848122549986996 1
      vertex 27.188571953344955 -58.66585727107687 -1
      vertex 26.875037068932233 -58.848122549986996 -1
    endloop
  endfacet
  facet normal -0.6615796122020526 0.7498749340513934 0
    outer loop
      vertex 27.188571953344955 -58.66585727107687 -1
      vertex 27.188571953344955 -58.66585727107687 1
      vertex 27.460524160914936 -58.42592654682984 -1
    endloop
  endfacet
  facet normal 0.5025742031067266 -0.8645340770447622 0
    outer loop
      vertex 25.33800152082525 -55.482484167175286 -1
      vertex 25.33800152082525 -55.482484167175286 1
      vertex 25.024466636412534 -55.66474944608542 -1
    endloop
  endfacet
  facet normal 0.32425514923289195 -0.9459696602935821 0
    outer loop
      vertex 25.681070112305115 -55.364888686055 -1
      vertex 25.681070112305115 -55.364888686055 1
      vertex 25.33800152082525 -55.482484167175286 -1
    endloop
  endfacet
  facet normal 0.1334751518183932 -0.9910521600032245 0
    outer loop
      vertex 26.040488477276632 -55.31648213111571 -1
      vertex 26.040488477276632 -55.31648213111571 1
      vertex 25.681070112305115 -55.364888686055 -1
    endloop
  endfacet
  facet normal -0.06243422082673164 -0.9980490809923922 0
    outer loop
      vertex 26.402444369538085 -55.33912473911703 -1
      vertex 26.402444369538085 -55.33912473911703 1
      vertex 26.040488477276632 -55.31648213111571 -1
    endloop
  endfacet
  facet normal -0.25594428137901115 -0.9666915355113964 0
    outer loop
      vertex 26.753028027137077 -55.43194636733159 -1
      vertex 26.753028027137077 -55.43194636733159 1
      vertex 26.402444369538085 -55.33912473911703 -1
    endloop
  endfacet
  facet normal -0.43961854673308726 -0.8981845764475631 0
    outer loop
      vertex 27.078766716721653 -55.59137993264206 1
      vertex 26.753028027137077 -55.43194636733159 -1
      vertex 27.078766716721653 -55.59137993264206 -1
    endloop
  endfacet
  facet normal -0.6063985178771628 -0.7951608878185472 0
    outer loop
      vertex 27.078766716721653 -55.59137993264206 -1
      vertex 27.36714248312744 -55.81129849254496 -1
      vertex 27.36714248312744 -55.81129849254496 1
    endloop
  endfacet
  facet normal -0.7951608878185484 0.6063985178771614 0
    outer loop
      vertex 27.460524160914936 -58.42592654682984 -1
      vertex 27.460524160914936 -58.42592654682984 1
      vertex 27.680442720817826 -58.13755078042406 -1
    endloop
  endfacet
  facet normal -0.8981845764475592 0.4396185467330952 0
    outer loop
      vertex 27.839876286128302 -57.81181209083948 -1
      vertex 27.680442720817826 -58.13755078042406 -1
      vertex 27.680442720817826 -58.13755078042406 1
    endloop
  endfacet
  facet normal -0.9666915355113959 0.2559442813790136 0
    outer loop
      vertex 27.93269791434286 -57.46122843324049 -1
      vertex 27.839876286128302 -57.81181209083948 -1
      vertex 27.839876286128302 -57.81181209083948 1
    endloop
  endfacet
  facet normal -0.998049080992393 0.06243422082672128 0
    outer loop
      vertex 27.955340522344176 -57.09927254097904 -1
      vertex 27.93269791434286 -57.46122843324049 -1
      vertex 27.93269791434286 -57.46122843324049 1
    endloop
  endfacet
  facet normal -0.9910521600032232 -0.1334751518184028 0
    outer loop
      vertex 27.90693396740489 -56.73985417600752 -1
      vertex 27.955340522344176 -57.09927254097904 -1
      vertex 27.955340522344176 -57.09927254097904 1
    endloop
  endfacet
  facet normal -0.945969660293585 -0.3242551492328832 0
    outer loop
      vertex 27.789338486284603 -56.396785584527656 -1
      vertex 27.90693396740489 -56.73985417600752 -1
      vertex 27.90693396740489 -56.73985417600752 1
    endloop
  endfacet
  facet normal -0.7498749340513983 -0.6615796122020472 0
    outer loop
      vertex 27.36714248312744 -55.81129849254496 -1
      vertex 27.607073207374462 -56.08325070011494 -1
      vertex 27.607073207374462 -56.08325070011494 1
    endloop
  endfacet
  facet normal -0.8645340770447579 -0.502574203106734 0
    outer loop
      vertex 27.607073207374462 -56.08325070011494 -1
      vertex 27.789338486284603 -56.396785584527656 -1
      vertex 27.789338486284603 -56.396785584527656 1
    endloop
  endfacet
  facet normal 0.6063985178771505 0.7951608878185568 0
    outer loop
      vertex 25.134271873035836 -58.73922678452023 -1
      vertex 24.845896106630047 -58.51930822461734 1
      vertex 25.134271873035836 -58.73922678452023 1
    endloop
  endfacet
  facet normal 0.8645340770447579 0.502574203106734 0
    outer loop
      vertex 24.605965382383026 -58.24735601704736 -1
      vertex 24.423700103472886 -57.93382113263464 1
      vertex 24.605965382383026 -58.24735601704736 1
    endloop
  endfacet
  facet normal 0.7498749340513983 0.6615796122020472 0
    outer loop
      vertex 24.845896106630047 -58.51930822461734 -1
      vertex 24.605965382383026 -58.24735601704736 1
      vertex 24.845896106630047 -58.51930822461734 1
    endloop
  endfacet
  facet normal 0.945969660293585 0.3242551492328832 0
    outer loop
      vertex 24.423700103472886 -57.93382113263464 -1
      vertex 24.3061046223526 -57.59075254115478 1
      vertex 24.423700103472886 -57.93382113263464 1
    endloop
  endfacet
  facet normal 0.9910521600032232 0.1334751518184028 0
    outer loop
      vertex 24.3061046223526 -57.59075254115478 -1
      vertex 24.257698067413312 -57.23133417618326 1
      vertex 24.3061046223526 -57.59075254115478 1
    endloop
  endfacet
  facet normal 0.9980490809923931 -0.06243422082672006 0
    outer loop
      vertex 24.257698067413312 -57.23133417618326 -1
      vertex 24.280340675414628 -56.8693782839218 1
      vertex 24.257698067413312 -57.23133417618326 1
    endloop
  endfacet
  facet normal 0.9666915355113945 -0.2559442813790185 0
    outer loop
      vertex 24.280340675414628 -56.8693782839218 -1
      vertex 24.373162303629186 -56.518794626322816 1
      vertex 24.280340675414628 -56.8693782839218 1
    endloop
  endfacet
  facet normal 0.8981845764475592 -0.4396185467330952 0
    outer loop
      vertex 24.373162303629186 -56.518794626322816 -1
      vertex 24.532595868939662 -56.19305593673824 1
      vertex 24.373162303629186 -56.518794626322816 1
    endloop
  endfacet
  facet normal 0.7951608878185555 -0.6063985178771519 0
    outer loop
      vertex 24.532595868939662 -56.19305593673824 -1
      vertex 24.752514428842552 -55.90468017033245 1
      vertex 24.532595868939662 -56.19305593673824 1
    endloop
  endfacet
  facet normal 0.6615796122020526 -0.7498749340513934 0
    outer loop
      vertex 24.752514428842552 -55.90468017033245 -1
      vertex 25.024466636412534 -55.66474944608542 1
      vertex 24.752514428842552 -55.90468017033245 1
    endloop
  endfacet
  facet normal 0.4396185467331031 0.8981845764475554 0
    outer loop
      vertex 25.46001056262041 -58.898660349830706 -1
      vertex 25.134271873035836 -58.73922678452023 1
      vertex 25.46001056262041 -58.898660349830706 1
    endloop
  endfacet
  facet normal 0.25594428137901115 0.9666915355113964 0
    outer loop
      vertex 25.810594220219404 -58.991481978045265 -1
      vertex 25.46001056262041 -58.898660349830706 1
      vertex 25.810594220219404 -58.991481978045265 1
    endloop
  endfacet
  facet normal 0.06243422082671213 0.9980490809923934 0
    outer loop
      vertex 26.172550112480856 -59.01412458604658 -1
      vertex 25.810594220219404 -58.991481978045265 1
      vertex 26.172550112480856 -59.01412458604658 1
    endloop
  endfacet
  facet normal -0.1334751518183932 0.9910521600032245 0
    outer loop
      vertex 26.531968477452374 -58.96571803110729 -1
      vertex 26.172550112480856 -59.01412458604658 1
      vertex 26.531968477452374 -58.96571803110729 1
    endloop
  endfacet
  facet normal -0.32425514923291243 0.9459696602935749 0
    outer loop
      vertex 26.531968477452374 -58.96571803110729 1
      vertex 26.875037068932233 -58.848122549986996 1
      vertex 26.875037068932233 -58.848122549986996 -1
    endloop
  endfacet
  facet normal -0.5025742031067076 0.864534077044773 0
    outer loop
      vertex 27.188571953344955 -58.66585727107687 -1
      vertex 26.875037068932233 -58.848122549986996 1
      vertex 27.188571953344955 -58.66585727107687 1
    endloop
  endfacet
  facet normal 0.5025742031067266 -0.8645340770447622 0
    outer loop
      vertex 25.024466636412534 -55.66474944608542 -1
      vertex 25.33800152082525 -55.482484167175286 1
      vertex 25.024466636412534 -55.66474944608542 1
    endloop
  endfacet
  facet normal 0.32425514923289195 -0.9459696602935821 0
    outer loop
      vertex 25.33800152082525 -55.482484167175286 -1
      vertex 25.681070112305115 -55.364888686055 1
      vertex 25.33800152082525 -55.482484167175286 1
    endloop
  endfacet
  facet normal 0.1334751518183932 -0.9910521600032245 0
    outer loop
      vertex 25.681070112305115 -55.364888686055 -1
      vertex 26.040488477276632 -55.31648213111571 1
      vertex 25.681070112305115 -55.364888686055 1
    endloop
  endfacet
  facet normal -0.06243422082673164 -0.9980490809923922 0
    outer loop
      vertex 26.040488477276632 -55.31648213111571 -1
      vertex 26.402444369538085 -55.33912473911703 1
      vertex 26.040488477276632 -55.31648213111571 1
    endloop
  endfacet
  facet normal -0.25594428137901115 -0.9666915355113964 0
    outer loop
      vertex 26.753028027137077 -55.43194636733159 1
      vertex 26.402444369538085 -55.33912473911703 1
      vertex 26.402444369538085 -55.33912473911703 -1
    endloop
  endfacet
  facet normal -0.43961854673308726 -0.8981845764475631 0
    outer loop
      vertex 27.078766716721653 -55.59137993264206 1
      vertex 26.753028027137077 -55.43194636733159 1
      vertex 26.753028027137077 -55.43194636733159 -1
    endloop
  endfacet
  facet normal -0.6063985178771628 -0.7951608878185472 0
    outer loop
      vertex 27.078766716721653 -55.59137993264206 -1
      vertex 27.36714248312744 -55.81129849254496 1
      vertex 27.078766716721653 -55.59137993264206 1
    endloop
  endfacet
  facet normal -0.6615796122020526 0.7498749340513934 0
    outer loop
      vertex 27.460524160914936 -58.42592654682984 -1
      vertex 27.188571953344955 -58.66585727107687 1
      vertex 27.460524160914936 -58.42592654682984 1
    endloop
  endfacet
  facet normal -0.7951608878185484 0.6063985178771614 0
    outer loop
      vertex 27.680442720817826 -58.13755078042406 -1
      vertex 27.460524160914936 -58.42592654682984 1
      vertex 27.680442720817826 -58.13755078042406 1
    endloop
  endfacet
  facet normal -0.8981845764475592 0.4396185467330952 0
    outer loop
      vertex 27.839876286128302 -57.81181209083948 -1
      vertex 27.680442720817826 -58.13755078042406 1
      vertex 27.839876286128302 -57.81181209083948 1
    endloop
  endfacet
  facet normal -0.9666915355113959 0.2559442813790136 0
    outer loop
      vertex 27.93269791434286 -57.46122843324049 -1
      vertex 27.839876286128302 -57.81181209083948 1
      vertex 27.93269791434286 -57.46122843324049 1
    endloop
  endfacet
  facet normal -0.998049080992393 0.06243422082672128 0
    outer loop
      vertex 27.955340522344176 -57.09927254097904 -1
      vertex 27.93269791434286 -57.46122843324049 1
      vertex 27.955340522344176 -57.09927254097904 1
    endloop
  endfacet
  facet normal -0.945969660293585 -0.3242551492328832 0
    outer loop
      vertex 27.789338486284603 -56.396785584527656 -1
      vertex 27.90693396740489 -56.73985417600752 1
      vertex 27.789338486284603 -56.396785584527656 1
    endloop
  endfacet
  facet normal -0.7498749340513983 -0.6615796122020472 0
    outer loop
      vertex 27.36714248312744 -55.81129849254496 -1
      vertex 27.607073207374462 -56.08325070011494 1
      vertex 27.36714248312744 -55.81129849254496 1
    endloop
  endfacet
  facet normal -0.8645340770447579 -0.502574203106734 0
    outer loop
      vertex 27.607073207374462 -56.08325070011494 -1
      vertex 27.789338486284603 -56.396785584527656 1
      vertex 27.607073207374462 -56.08325070011494 1
    endloop
  endfacet
  facet normal -0.9910521600032232 -0.1334751518184028 0
    outer loop
      vertex 27.90693396740489 -56.73985417600752 -1
      vertex 27.955340522344176 -57.09927254097904 1
      vertex 27.90693396740489 -56.73985417600752 1
    endloop
  endfacet
  facet normal 0.9516065949148006 0.3073188710682416 0
    outer loop
      vertex 51.171829535148255 -34.71462216040555 -1
      vertex 51.06037622257601 -34.369509258942045 -1
      vertex 51.06037622257601 -34.369509258942045 1
    endloop
  endfacet
  facet normal 0.6204947497276394 0.7842106002601814 0
    outer loop
      vertex 51.583507914651356 -35.307551761462825 -1
      vertex 51.583507914651356 -35.307551761462825 1
      vertex 51.867912412329794 -35.53258250900672 -1
    endloop
  endfacet
  facet normal 0.4555802185671209 0.890194734005057 0
    outer loop
      vertex 51.867912412329794 -35.53258250900672 -1
      vertex 51.867912412329794 -35.53258250900672 1
      vertex 52.190753478335154 -35.69780478880099 -1
    endloop
  endfacet
  facet normal 0.27315799509942723 0.961969183349062 0
    outer loop
      vertex 52.190753478335154 -35.69780478880099 -1
      vertex 52.190753478335154 -35.69780478880099 1
      vertex 52.53962451155219 -35.79686920129085 -1
    endloop
  endfacet
  facet normal 0.7615640156335775 0.6480896929376829 0
    outer loop
      vertex 51.583507914651356 -35.307551761462825 -1
      vertex 51.34846949064974 -35.031360351598714 -1
      vertex 51.34846949064974 -35.031360351598714 1
    endloop
  endfacet
  facet normal 0.873366803508723 0.4870630621684996 0
    outer loop
      vertex 51.34846949064974 -35.031360351598714 -1
      vertex 51.171829535148255 -34.71462216040555 -1
      vertex 51.171829535148255 -34.71462216040555 1
    endloop
  endfacet
  facet normal 0.9932766785454085 0.11576458809930341 0
    outer loop
      vertex 51.06037622257601 -34.369509258942045 -1
      vertex 51.018392641231394 -34.009284142469895 -1
      vertex 51.018392641231394 -34.009284142469895 1
    endloop
  endfacet
  facet normal 0.9967756964555025 -0.08023846306882904 0
    outer loop
      vertex 51.018392641231394 -34.009284142469895 -1
      vertex 51.04749219660084 -33.647790060198574 -1
      vertex 51.04749219660084 -33.647790060198574 1
    endloop
  endfacet
  facet normal 0.9619691833490738 -0.2731579950993858 0
    outer loop
      vertex 51.04749219660084 -33.647790060198574 -1
      vertex 51.146556609090695 -33.29891902698153 -1
      vertex 51.146556609090695 -33.29891902698153 1
    endloop
  endfacet
  facet normal 0.8901947340050451 -0.4555802185671444 0
    outer loop
      vertex 51.146556609090695 -33.29891902698153 -1
      vertex 51.311778888884966 -32.97607796097618 -1
      vertex 51.311778888884966 -32.97607796097618 1
    endloop
  endfacet
  facet normal 0.784210600260191 -0.6204947497276274 0
    outer loop
      vertex 51.311778888884966 -32.97607796097618 -1
      vertex 51.536809636428856 -32.69167346329774 -1
      vertex 51.536809636428856 -32.69167346329774 1
    endloop
  endfacet
  facet normal 0.6480896929376715 -0.7615640156335871 0
    outer loop
      vertex 51.81300104629297 -32.45663503929613 -1
      vertex 51.81300104629297 -32.45663503929613 1
      vertex 51.536809636428856 -32.69167346329774 -1
    endloop
  endfacet
  facet normal 0.48706306216849127 -0.8733668035087275 0
    outer loop
      vertex 52.12973923748614 -32.279995083794645 -1
      vertex 52.12973923748614 -32.279995083794645 1
      vertex 51.81300104629297 -32.45663503929613 -1
    endloop
  endfacet
  facet normal 0.08023846306880957 0.996775696455504 0
    outer loop
      vertex 52.53962451155219 -35.79686920129085 -1
      vertex 52.53962451155219 -35.79686920129085 1
      vertex 52.90111859382351 -35.825968756660295 -1
    endloop
  endfacet
  facet normal -0.11576458809930341 0.9932766785454085 0
    outer loop
      vertex 52.90111859382351 -35.825968756660295 -1
      vertex 52.90111859382351 -35.825968756660295 1
      vertex 53.26134371029566 -35.78398517531568 -1
    endloop
  endfacet
  facet normal -0.30731887106825934 0.9516065949147949 0
    outer loop
      vertex 53.26134371029566 -35.78398517531568 1
      vertex 53.606456611759164 -35.672531862743426 -1
      vertex 53.26134371029566 -35.78398517531568 -1
    endloop
  endfacet
  facet normal -0.48706306216849127 0.8733668035087275 0
    outer loop
      vertex 53.606456611759164 -35.672531862743426 -1
      vertex 53.606456611759164 -35.672531862743426 1
      vertex 53.92319480295234 -35.49589190724194 -1
    endloop
  endfacet
  facet normal -0.6480896929376813 0.761564015633579 0
    outer loop
      vertex 53.92319480295234 -35.49589190724194 -1
      vertex 53.92319480295234 -35.49589190724194 1
      vertex 54.19938621281644 -35.26085348324033 -1
    endloop
  endfacet
  facet normal -0.7842106002601986 0.6204947497276179 0
    outer loop
      vertex 54.19938621281644 -35.26085348324033 -1
      vertex 54.19938621281644 -35.26085348324033 1
      vertex 54.42441696036033 -34.97644898556189 -1
    endloop
  endfacet
  facet normal -0.890194734005041 0.45558021856715236 0
    outer loop
      vertex 54.589639240154604 -34.65360791955654 -1
      vertex 54.42441696036033 -34.97644898556189 -1
      vertex 54.42441696036033 -34.97644898556189 1
    endloop
  endfacet
  facet normal -0.9619691833490687 0.27315799509940397 0
    outer loop
      vertex 54.68870365264446 -34.3047368863395 -1
      vertex 54.589639240154604 -34.65360791955654 -1
      vertex 54.589639240154604 -34.65360791955654 1
    endloop
  endfacet
  facet normal 0.30731887106825934 -0.9516065949147949 0
    outer loop
      vertex 52.47485213894964 -32.168541771222394 -1
      vertex 52.47485213894964 -32.168541771222394 1
      vertex 52.12973923748614 -32.279995083794645 -1
    endloop
  endfacet
  facet normal 0.11576458809930566 -0.9932766785454081 0
    outer loop
      vertex 52.83507725542179 -32.12655818987778 -1
      vertex 52.83507725542179 -32.12655818987778 1
      vertex 52.47485213894964 -32.168541771222394 -1
    endloop
  endfacet
  facet normal -0.08023846306880957 -0.996775696455504 0
    outer loop
      vertex 53.19657133769311 -32.15565774524722 1
      vertex 52.83507725542179 -32.12655818987778 -1
      vertex 53.19657133769311 -32.15565774524722 -1
    endloop
  endfacet
  facet normal -0.27315799509942723 -0.961969183349062 0
    outer loop
      vertex 53.545442370910145 -32.254722157737085 1
      vertex 53.19657133769311 -32.15565774524722 -1
      vertex 53.545442370910145 -32.254722157737085 -1
    endloop
  endfacet
  facet normal -0.873366803508723 -0.4870630621684996 0
    outer loop
      vertex 54.38772635859556 -32.92116659493936 -1
      vertex 54.56436631409704 -33.237904786132525 -1
      vertex 54.56436631409704 -33.237904786132525 1
    endloop
  endfacet
  facet normal -0.620494749727649 -0.784210600260174 0
    outer loop
      vertex 53.86828343691551 -32.41994443753135 -1
      vertex 54.15268793459394 -32.644975185075246 -1
      vertex 54.15268793459394 -32.644975185075246 1
    endloop
  endfacet
  facet normal -0.45558021856711295 -0.8901947340050611 0
    outer loop
      vertex 53.86828343691551 -32.41994443753135 -1
      vertex 53.86828343691551 -32.41994443753135 1
      vertex 53.545442370910145 -32.254722157737085 -1
    endloop
  endfacet
  facet normal -0.7615640156335775 -0.6480896929376829 0
    outer loop
      vertex 54.15268793459394 -32.644975185075246 -1
      vertex 54.38772635859556 -32.92116659493936 -1
      vertex 54.38772635859556 -32.92116659493936 1
    endloop
  endfacet
  facet normal -0.9967756964555025 0.08023846306882904 0
    outer loop
      vertex 54.71780320801391 -33.94324280406818 -1
      vertex 54.68870365264446 -34.3047368863395 -1
      vertex 54.68870365264446 -34.3047368863395 1
    endloop
  endfacet
  facet normal -0.9932766785454085 -0.11576458809930341 0
    outer loop
      vertex 54.675819626669295 -33.583017687596026 -1
      vertex 54.71780320801391 -33.94324280406818 -1
      vertex 54.71780320801391 -33.94324280406818 1
    endloop
  endfacet
  facet normal -0.9516065949147949 -0.30731887106825934 0
    outer loop
      vertex 54.56436631409704 -33.237904786132525 -1
      vertex 54.675819626669295 -33.583017687596026 -1
      vertex 54.675819626669295 -33.583017687596026 1
    endloop
  endfacet
  facet normal 0.9516065949148006 0.3073188710682416 0
    outer loop
      vertex 51.171829535148255 -34.71462216040555 -1
      vertex 51.06037622257601 -34.369509258942045 1
      vertex 51.171829535148255 -34.71462216040555 1
    endloop
  endfacet
  facet normal 0.9932766785454085 0.11576458809930341 0
    outer loop
      vertex 51.06037622257601 -34.369509258942045 -1
      vertex 51.018392641231394 -34.009284142469895 1
      vertex 51.06037622257601 -34.369509258942045 1
    endloop
  endfacet
  facet normal 0.6204947497276394 0.7842106002601814 0
    outer loop
      vertex 51.867912412329794 -35.53258250900672 -1
      vertex 51.583507914651356 -35.307551761462825 1
      vertex 51.867912412329794 -35.53258250900672 1
    endloop
  endfacet
  facet normal 0.4555802185671209 0.890194734005057 0
    outer loop
      vertex 52.190753478335154 -35.69780478880099 -1
      vertex 51.867912412329794 -35.53258250900672 1
      vertex 52.190753478335154 -35.69780478880099 1
    endloop
  endfacet
  facet normal 0.873366803508723 0.4870630621684996 0
    outer loop
      vertex 51.34846949064974 -35.031360351598714 -1
      vertex 51.171829535148255 -34.71462216040555 1
      vertex 51.34846949064974 -35.031360351598714 1
    endloop
  endfacet
  facet normal 0.7615640156335775 0.6480896929376829 0
    outer loop
      vertex 51.583507914651356 -35.307551761462825 -1
      vertex 51.34846949064974 -35.031360351598714 1
      vertex 51.583507914651356 -35.307551761462825 1
    endloop
  endfacet
  facet normal 0.9967756964555025 -0.08023846306882904 0
    outer loop
      vertex 51.018392641231394 -34.009284142469895 -1
      vertex 51.04749219660084 -33.647790060198574 1
      vertex 51.018392641231394 -34.009284142469895 1
    endloop
  endfacet
  facet normal 0.9619691833490738 -0.2731579950993858 0
    outer loop
      vertex 51.04749219660084 -33.647790060198574 -1
      vertex 51.146556609090695 -33.29891902698153 1
      vertex 51.04749219660084 -33.647790060198574 1
    endloop
  endfacet
  facet normal 0.8901947340050451 -0.4555802185671444 0
    outer loop
      vertex 51.146556609090695 -33.29891902698153 -1
      vertex 51.311778888884966 -32.97607796097618 1
      vertex 51.146556609090695 -33.29891902698153 1
    endloop
  endfacet
  facet normal 0.784210600260191 -0.6204947497276274 0
    outer loop
      vertex 51.311778888884966 -32.97607796097618 -1
      vertex 51.536809636428856 -32.69167346329774 1
      vertex 51.311778888884966 -32.97607796097618 1
    endloop
  endfacet
  facet normal 0.6480896929376715 -0.7615640156335871 0
    outer loop
      vertex 51.536809636428856 -32.69167346329774 -1
      vertex 51.81300104629297 -32.45663503929613 1
      vertex 51.536809636428856 -32.69167346329774 1
    endloop
  endfacet
  facet normal 0.48706306216849127 -0.8733668035087275 0
    outer loop
      vertex 51.81300104629297 -32.45663503929613 -1
      vertex 52.12973923748614 -32.279995083794645 1
      vertex 51.81300104629297 -32.45663503929613 1
    endloop
  endfacet
  facet normal 0.30731887106825934 -0.9516065949147949 0
    outer loop
      vertex 52.12973923748614 -32.279995083794645 -1
      vertex 52.47485213894964 -32.168541771222394 1
      vertex 52.12973923748614 -32.279995083794645 1
    endloop
  endfacet
  facet normal 0.27315799509942723 0.961969183349062 0
    outer loop
      vertex 52.53962451155219 -35.79686920129085 -1
      vertex 52.190753478335154 -35.69780478880099 1
      vertex 52.53962451155219 -35.79686920129085 1
    endloop
  endfacet
  facet normal 0.08023846306880957 0.996775696455504 0
    outer loop
      vertex 52.53962451155219 -35.79686920129085 1
      vertex 52.90111859382351 -35.825968756660295 1
      vertex 52.90111859382351 -35.825968756660295 -1
    endloop
  endfacet
  facet normal -0.11576458809930341 0.9932766785454085 0
    outer loop
      vertex 52.90111859382351 -35.825968756660295 1
      vertex 53.26134371029566 -35.78398517531568 1
      vertex 53.26134371029566 -35.78398517531568 -1
    endloop
  endfacet
  facet normal -0.30731887106825934 0.9516065949147949 0
    outer loop
      vertex 53.606456611759164 -35.672531862743426 -1
      vertex 53.26134371029566 -35.78398517531568 1
      vertex 53.606456611759164 -35.672531862743426 1
    endloop
  endfacet
  facet normal -0.48706306216849127 0.8733668035087275 0
    outer loop
      vertex 53.92319480295234 -35.49589190724194 -1
      vertex 53.606456611759164 -35.672531862743426 1
      vertex 53.92319480295234 -35.49589190724194 1
    endloop
  endfacet
  facet normal -0.6480896929376813 0.761564015633579 0
    outer loop
      vertex 54.19938621281644 -35.26085348324033 -1
      vertex 53.92319480295234 -35.49589190724194 1
      vertex 54.19938621281644 -35.26085348324033 1
    endloop
  endfacet
  facet normal -0.7842106002601986 0.6204947497276179 0
    outer loop
      vertex 54.42441696036033 -34.97644898556189 -1
      vertex 54.19938621281644 -35.26085348324033 1
      vertex 54.42441696036033 -34.97644898556189 1
    endloop
  endfacet
  facet normal -0.890194734005041 0.45558021856715236 0
    outer loop
      vertex 54.589639240154604 -34.65360791955654 -1
      vertex 54.42441696036033 -34.97644898556189 1
      vertex 54.589639240154604 -34.65360791955654 1
    endloop
  endfacet
  facet normal 0.11576458809930566 -0.9932766785454081 0
    outer loop
      vertex 52.83507725542179 -32.12655818987778 1
      vertex 52.47485213894964 -32.168541771222394 1
      vertex 52.47485213894964 -32.168541771222394 -1
    endloop
  endfacet
  facet normal -0.08023846306880957 -0.996775696455504 0
    outer loop
      vertex 53.19657133769311 -32.15565774524722 1
      vertex 52.83507725542179 -32.12655818987778 1
      vertex 52.83507725542179 -32.12655818987778 -1
    endloop
  endfacet
  facet normal -0.27315799509942723 -0.961969183349062 0
    outer loop
      vertex 53.19657133769311 -32.15565774524722 1
      vertex 53.19657133769311 -32.15565774524722 -1
      vertex 53.545442370910145 -32.254722157737085 1
    endloop
  endfacet
  facet normal -0.9516065949147949 -0.30731887106825934 0
    outer loop
      vertex 54.56436631409704 -33.237904786132525 -1
      vertex 54.675819626669295 -33.583017687596026 1
      vertex 54.56436631409704 -33.237904786132525 1
    endloop
  endfacet
  facet normal -0.873366803508723 -0.4870630621684996 0
    outer loop
      vertex 54.38772635859556 -32.92116659493936 -1
      vertex 54.56436631409704 -33.237904786132525 1
      vertex 54.38772635859556 -32.92116659493936 1
    endloop
  endfacet
  facet normal -0.620494749727649 -0.784210600260174 0
    outer loop
      vertex 53.86828343691551 -32.41994443753135 -1
      vertex 54.15268793459394 -32.644975185075246 1
      vertex 53.86828343691551 -32.41994443753135 1
    endloop
  endfacet
  facet normal -0.45558021856711295 -0.8901947340050611 0
    outer loop
      vertex 53.545442370910145 -32.254722157737085 -1
      vertex 53.86828343691551 -32.41994443753135 1
      vertex 53.545442370910145 -32.254722157737085 1
    endloop
  endfacet
  facet normal -0.7615640156335775 -0.6480896929376829 0
    outer loop
      vertex 54.15268793459394 -32.644975185075246 -1
      vertex 54.38772635859556 -32.92116659493936 1
      vertex 54.15268793459394 -32.644975185075246 1
    endloop
  endfacet
  facet normal -0.9619691833490687 0.27315799509940397 0
    outer loop
      vertex 54.68870365264446 -34.3047368863395 -1
      vertex 54.589639240154604 -34.65360791955654 1
      vertex 54.68870365264446 -34.3047368863395 1
    endloop
  endfacet
  facet normal -0.9967756964555025 0.08023846306882904 0
    outer loop
      vertex 54.71780320801391 -33.94324280406818 -1
      vertex 54.68870365264446 -34.3047368863395 1
      vertex 54.71780320801391 -33.94324280406818 1
    endloop
  endfacet
  facet normal -0.9932766785454085 -0.11576458809930341 0
    outer loop
      vertex 54.675819626669295 -33.583017687596026 -1
      vertex 54.71780320801391 -33.94324280406818 1
      vertex 54.675819626669295 -33.583017687596026 1
    endloop
  endfacet
  facet normal 0 0 -1
    outer loop
      vertex -42.81688108458369 -58.93238101578517 -1
      vertex -40.664909807985836 -49.278732696157654 -1
      vertex -39.03199692926882 -61.50458563159828 -1
    endloop
  endfacet
  facet normal 0 0 -1
    outer loop
      vertex -53.10130343175754 -49.865443062801226 -1
      vertex -49.13350750501723 -19.453331791709356 -1
      vertex -49.865443062801226 -53.10130343175754 -1
    endloop
  endfacet
  facet normal 0 0 -1
    outer loop
      vertex -46.43278657143 -56.12759721574662 -1
      vertex -49.865443062801226 -53.10130343175754 -1
      vertex -46.3079261458186 -25.457997832062993 -1
    endloop
  endfacet
  facet normal 0 0 -1
    outer loop
      vertex -46.43278657143 -56.12759721574662 -1
      vertex -46.3079261458186 -25.457997832062993 -1
      vertex -44.61802712155799 -28.315461029688887 -1
    endloop
  endfacet
  facet normal 0 0 -1
    outer loop
      vertex -46.43278657143 -56.12759721574662 -1
      vertex -42.80866565603694 -48.32274231453957 -1
      vertex -42.81688108458369 -58.93238101578517 -1
    endloop
  endfacet
  facet normal 0 0 -1
    outer loop
      vertex -46.43278657143 -56.12759721574662 -1
      vertex -42.938431127030576 -47.98408957473419 -1
      vertex -42.80866565603694 -48.32274231453957 -1
    endloop
  endfacet
  facet normal 0 0 -1
    outer loop
      vertex -46.43278657143 -56.12759721574662 -1
      vertex -42.99963531882545 -47.62662796484213 -1
      vertex -42.938431127030576 -47.98408957473419 -1
    endloop
  endfacet
  facet normal 0 0 -1
    outer loop
      vertex -42.81688108458369 -58.93238101578517 -1
      vertex -42.06979983717152 -49.10227281779227 -1
      vertex -41.738578143884276 -49.24997842207259 -1
    endloop
  endfacet
  facet normal 0 0 -1
    outer loop
      vertex -42.81688108458369 -58.93238101578517 -1
      vertex -41.738578143884276 -49.24997842207259 -1
      vertex -41.384904848655275 -49.330227757781664 -1
    endloop
  endfacet
  facet normal 0 0 -1
    outer loop
      vertex -42.81688108458369 -58.93238101578517 -1
      vertex -41.384904848655275 -49.330227757781664 -1
      vertex -41.0223714178779 -49.33993688795252 -1
    endloop
  endfacet
  facet normal 0 0 -1
    outer loop
      vertex -42.81688108458369 -58.93238101578517 -1
      vertex -41.0223714178779 -49.33993688795252 -1
      vertex -40.664909807985836 -49.278732696157654 -1
    endloop
  endfacet
  facet normal 0 0 -1
    outer loop
      vertex -42.81688108458369 -58.93238101578517 -1
      vertex -42.80866565603694 -48.32274231453957 -1
      vertex -42.615325720121525 -48.62957194938619 -1
    endloop
  endfacet
  facet normal 0 0 -1
    outer loop
      vertex -42.81688108458369 -58.93238101578517 -1
      vertex -42.615325720121525 -48.62957194938619 -1
      vertex -42.36584126459525 -48.89278718847893 -1
    endloop
  endfacet
  facet normal 0 0 -1
    outer loop
      vertex -42.81688108458369 -58.93238101578517 -1
      vertex -42.36584126459525 -48.89278718847893 -1
      vertex -42.06979983717152 -49.10227281779227 -1
    endloop
  endfacet
  facet normal 0 0 -1
    outer loop
      vertex -39.03199692926882 -61.50458563159828 -1
      vertex -40.664909807985836 -49.278732696157654 -1
      vertex -40.32625706818046 -49.14896722516402 -1
    endloop
  endfacet
  facet normal 0 0 -1
    outer loop
      vertex -39.03199692926882 -61.50458563159828 -1
      vertex -40.32625706818046 -49.14896722516402 -1
      vertex -40.01942743333384 -48.955627289248596 -1
    endloop
  endfacet
  facet normal 0 0 -1
    outer loop
      vertex -39.03199692926882 -61.50458563159828 -1
      vertex -40.01942743333384 -48.955627289248596 -1
      vertex -39.7562121942411 -48.706142833722325 -1
    endloop
  endfacet
  facet normal 0 0 -1
    outer loop
      vertex -39.03199692926882 -61.50458563159828 -1
      vertex -39.7562121942411 -48.706142833722325 -1
      vertex -39.54672656492775 -48.410101406298594 -1
    endloop
  endfacet
  facet normal 0 0 -1
    outer loop
      vertex -39.03199692926882 -61.50458563159828 -1
      vertex -39.54672656492775 -48.410101406298594 -1
      vertex -39.399020960647434 -48.07887971301135 -1
    endloop
  endfacet
  facet normal 0 0 -1
    outer loop
      vertex -39.03199692926882 -61.50458563159828 -1
      vertex -39.399020960647434 -48.07887971301135 -1
      vertex -39.318771624938364 -47.725206417782346 -1
    endloop
  endfacet
  facet normal 0 0 -1
    outer loop
      vertex -39.03199692926882 -61.50458563159828 -1
      vertex -39.318771624938364 -47.725206417782346 -1
      vertex -39.30906249476751 -47.36267298700497 -1
    endloop
  endfacet
  facet normal 0 0 -1
    outer loop
      vertex -39.03199692926882 -61.50458563159828 -1
      vertex -39.30906249476751 -47.36267298700497 -1
      vertex -38.52193088332931 -36.174500944227454 -1
    endloop
  endfacet
  facet normal 0 0 -1
    outer loop
      vertex -46.43278657143 -56.12759721574662 -1
      vertex -44.61802712155799 -28.315461029688887 -1
      vertex -42.99963531882545 -47.62662796484213 -1
    endloop
  endfacet
  facet normal 0 0 -1
    outer loop
      vertex -40.717332360230834 -33.684306776456204 -1
      vertex -42.7619712486652 -46.579199545548505 -1
      vertex -42.909676852945516 -46.91042123883576 -1
    endloop
  endfacet
  facet normal 0 0 -1
    outer loop
      vertex -42.99963531882545 -47.62662796484213 -1
      vertex -42.75204112828622 -31.06117603873423 -1
      vertex -42.98992618865459 -47.26409453406476 -1
    endloop
  endfacet
  facet normal 0 0 -1
    outer loop
      vertex -42.98992618865459 -47.26409453406476 -1
      vertex -42.75204112828622 -31.06117603873423 -1
      vertex -42.909676852945516 -46.91042123883576 -1
    endloop
  endfacet
  facet normal 0 0 -1
    outer loop
      vertex -40.717332360230834 -33.684306776456204 -1
      vertex -42.552485619351856 -46.283158118124774 -1
      vertex -42.7619712486652 -46.579199545548505 -1
    endloop
  endfacet
  facet normal 0 0 -1
    outer loop
      vertex -38.52193088332931 -36.174500944227454 -1
      vertex -42.28927038025911 -46.0336736625985 -1
      vertex -42.552485619351856 -46.283158118124774 -1
    endloop
  endfacet
  facet normal 0 0 -1
    outer loop
      vertex -40.717332360230834 -33.684306776456204 -1
      vertex -42.909676852945516 -46.91042123883576 -1
      vertex -42.75204112828622 -31.06117603873423 -1
    endloop
  endfacet
  facet normal 0 0 -1
    outer loop
      vertex -38.52193088332931 -36.174500944227454 -1
      vertex -39.37026668656238 -47.005211377112914 -1
      vertex -39.500032157556014 -46.66655863730753 -1
    endloop
  endfacet
  facet normal 0 0 -1
    outer loop
      vertex -38.52193088332931 -36.174500944227454 -1
      vertex -39.30906249476751 -47.36267298700497 -1
      vertex -39.37026668656238 -47.005211377112914 -1
    endloop
  endfacet
  facet normal 0 0 -1
    outer loop
      vertex -38.52193088332931 -36.174500944227454 -1
      vertex -41.98244074541249 -45.840333726683085 -1
      vertex -42.28927038025911 -46.0336736625985 -1
    endloop
  endfacet
  facet normal 0 0 -1
    outer loop
      vertex -38.52193088332931 -36.174500944227454 -1
      vertex -41.64378800560712 -45.71056825568945 -1
      vertex -41.98244074541249 -45.840333726683085 -1
    endloop
  endfacet
  facet normal 0 0 -1
    outer loop
      vertex -38.52193088332931 -36.174500944227454 -1
      vertex -41.28632639571506 -45.64936406389458 -1
      vertex -41.64378800560712 -45.71056825568945 -1
    endloop
  endfacet
  facet normal 0 0 -1
    outer loop
      vertex -38.52193088332931 -36.174500944227454 -1
      vertex -40.92379296493768 -45.65907319406544 -1
      vertex -41.28632639571506 -45.64936406389458 -1
    endloop
  endfacet
  facet normal 0 0 -1
    outer loop
      vertex -38.52193088332931 -36.174500944227454 -1
      vertex -40.57011966970868 -45.73932252977451 -1
      vertex -40.92379296493768 -45.65907319406544 -1
    endloop
  endfacet
  facet normal 0 0 -1
    outer loop
      vertex -38.52193088332931 -36.174500944227454 -1
      vertex -39.942856548997696 -46.09651376336817 -1
      vertex -40.238897976421434 -45.88702813405483 -1
    endloop
  endfacet
  facet normal 0 0 -1
    outer loop
      vertex -38.52193088332931 -36.174500944227454 -1
      vertex -39.69337209347143 -46.35972900246091 -1
      vertex -39.942856548997696 -46.09651376336817 -1
    endloop
  endfacet
  facet normal 0 0 -1
    outer loop
      vertex -38.52193088332931 -36.174500944227454 -1
      vertex -40.238897976421434 -45.88702813405483 -1
      vertex -40.57011966970868 -45.73932252977451 -1
    endloop
  endfacet
  facet normal 0 0 -1
    outer loop
      vertex -38.52193088332931 -36.174500944227454 -1
      vertex -39.500032157556014 -46.66655863730753 -1
      vertex -39.69337209347143 -46.35972900246091 -1
    endloop
  endfacet
  facet normal 0 0 -1
    outer loop
      vertex -39.03199692926882 -61.50458563159828 -1
      vertex -38.52193088332931 -36.174500944227454 -1
      vertex -36.174500944227454 -38.52193088332931 -1
    endloop
  endfacet
  facet normal 0 0 -1
    outer loop
      vertex -42.552485619351856 -46.283158118124774 -1
      vertex -40.717332360230834 -33.684306776456204 -1
      vertex -38.52193088332931 -36.174500944227454 -1
    endloop
  endfacet
  facet normal -0.7501110696304583 -0.6613118653236533 0
    outer loop
      vertex -56.12759721574662 -46.43278657143 -1
      vertex -53.10130343175754 -49.865443062801226 -1
      vertex -56.12759721574662 -46.43278657143 1
    endloop
  endfacet
  facet normal -0.827080574274562 -0.5620833778521303 0
    outer loop
      vertex -61.50458563159828 -39.03199692926882 -1
      vertex -58.93238101578517 -42.81688108458369 -1
      vertex -61.50458563159828 -39.03199692926882 1
    endloop
  endfacet
  facet normal -0.7901550123756913 -0.6129070536529754 0
    outer loop
      vertex -56.12759721574662 -46.43278657143 -1
      vertex -58.93238101578517 -42.81688108458369 1
      vertex -58.93238101578517 -42.81688108458369 -1
    endloop
  endfacet
  facet normal -0.6613118653236533 -0.7501110696304583 0
    outer loop
      vertex -46.43278657143 -56.12759721574662 -1
      vertex -46.43278657143 -56.12759721574662 1
      vertex -49.865443062801226 -53.10130343175754 -1
    endloop
  endfacet
  facet normal -0.6129070536529754 -0.7901550123756913 0
    outer loop
      vertex -46.43278657143 -56.12759721574662 -1
      vertex -42.81688108458369 -58.93238101578517 -1
      vertex -42.81688108458369 -58.93238101578517 1
    endloop
  endfacet
  facet normal -0.5620833778521303 -0.827080574274562 0
    outer loop
      vertex -42.81688108458369 -58.93238101578517 -1
      vertex -39.03199692926882 -61.50458563159828 -1
      vertex -39.03199692926882 -61.50458563159828 1
    endloop
  endfacet
  facet normal -0.7071067811865476 -0.7071067811865476 0
    outer loop
      vertex -53.10130343175754 -49.865443062801226 -1
      vertex -49.865443062801226 -53.10130343175754 -1
      vertex -53.10130343175754 -49.865443062801226 1
    endloop
  endfacet
  facet normal 0 0 -1
    outer loop
      vertex -61.50458563159828 -39.03199692926882 -1
      vertex -58.87925014700878 -18.891665671400126 -1
      vertex -58.93238101578517 -42.81688108458369 -1
    endloop
  endfacet
  facet normal 0 0 -1
    outer loop
      vertex -61.50458563159828 -39.03199692926882 -1
      vertex -63.834059746695864 -35.0930713140973 -1
      vertex -61.485132070051414 -19.12485958890151 -1
    endloop
  endfacet
  facet normal 0 0 -1
    outer loop
      vertex -63.834059746695864 -35.0930713140973 -1
      vertex -62.07385006846761 -18.226526898786148 -1
      vertex -61.93806065366017 -18.562809503846452 -1
    endloop
  endfacet
  facet normal 0 0 -1
    outer loop
      vertex -63.834059746695864 -35.0930713140973 -1
      vertex -62.141424846035676 -17.87021466902619 -1
      vertex -62.07385006846761 -18.226526898786148 -1
    endloop
  endfacet
  facet normal 0 0 -1
    outer loop
      vertex -63.834059746695864 -35.0930713140973 -1
      vertex -61.73927491267284 -18.866139332284078 -1
      vertex -61.485132070051414 -19.12485958890151 -1
    endloop
  endfacet
  facet normal 0 0 -1
    outer loop
      vertex -63.834059746695864 -35.0930713140973 -1
      vertex -61.93806065366017 -18.562809503846452 -1
      vertex -61.73927491267284 -18.866139332284078 -1
    endloop
  endfacet
  facet normal 0 0 -1
    outer loop
      vertex -61.50458563159828 -39.03199692926882 -1
      vertex -61.185398692712894 -19.329027799328927 -1
      vertex -60.85159336625599 -19.470797893738453 -1
    endloop
  endfacet
  facet normal 0 0 -1
    outer loop
      vertex -61.50458563159828 -39.03199692926882 -1
      vertex -61.485132070051414 -19.12485958890151 -1
      vertex -61.185398692712894 -19.329027799328927 -1
    endloop
  endfacet
  facet normal 0 0 -1
    outer loop
      vertex -61.50458563159828 -39.03199692926882 -1
      vertex -60.85159336625599 -19.470797893738453 -1
      vertex -60.496544042176254 -19.54472172690751 -1
    endloop
  endfacet
  facet normal 0 0 -1
    outer loop
      vertex -61.50458563159828 -39.03199692926882 -1
      vertex -60.496544042176254 -19.54472172690751 -1
      vertex -60.13389506688411 -19.54795844738439 -1
    endloop
  endfacet
  facet normal 0 0 -1
    outer loop
      vertex -61.50458563159828 -39.03199692926882 -1
      vertex -60.13389506688411 -19.54795844738439 -1
      vertex -59.77758283712414 -19.480383669816323 -1
    endloop
  endfacet
  facet normal 0 0 -1
    outer loop
      vertex -61.50458563159828 -39.03199692926882 -1
      vertex -59.77758283712414 -19.480383669816323 -1
      vertex -59.441300232063845 -19.34459425500889 -1
    endloop
  endfacet
  facet normal 0 0 -1
    outer loop
      vertex -61.50458563159828 -39.03199692926882 -1
      vertex -59.441300232063845 -19.34459425500889 -1
      vertex -59.13797040362621 -19.145808514021546 -1
    endloop
  endfacet
  facet normal 0 0 -1
    outer loop
      vertex -61.50458563159828 -39.03199692926882 -1
      vertex -59.13797040362621 -19.145808514021546 -1
      vertex -58.87925014700878 -18.891665671400126 -1
    endloop
  endfacet
  facet normal 0 0 -1
    outer loop
      vertex -58.93238101578517 -42.81688108458369 -1
      vertex -58.87925014700878 -18.891665671400126 -1
      vertex -58.675081936581364 -18.59193229406161 -1
    endloop
  endfacet
  facet normal 0 0 -1
    outer loop
      vertex -58.93238101578517 -42.81688108458369 -1
      vertex -58.675081936581364 -18.59193229406161 -1
      vertex -58.53331184217184 -18.258126967604703 -1
    endloop
  endfacet
  facet normal 0 0 -1
    outer loop
      vertex -58.93238101578517 -42.81688108458369 -1
      vertex -58.53331184217184 -18.258126967604703 -1
      vertex -58.45938800900279 -17.903077643524963 -1
    endloop
  endfacet
  facet normal 0 0 -1
    outer loop
      vertex -63.834059746695864 -35.0930713140973 -1
      vertex -65.91160999098112 -31.015649378948268 -1
      vertex -63.834059746695864 35.0930713140973 -1
    endloop
  endfacet
  facet normal 0 0 -1
    outer loop
      vertex -69.27916888711887 -22.510166510070878 -1
      vertex -70.55588732249964 -18.115672831440452 -1
      vertex -69.27916888711887 22.510166510070878 -1
    endloop
  endfacet
  facet normal 0 0 -1
    outer loop
      vertex -71.5541539045373 -13.649684868407997 -1
      vertex -72.27002893109714 -9.129827835147744 -1
      vertex -71.5541539045373 13.649684868407997 -1
    endloop
  endfacet
  facet normal 0 0 -1
    outer loop
      vertex -70.55588732249964 -18.115672831440452 -1
      vertex -71.5541539045373 -13.649684868407997 -1
      vertex -70.55588732249964 18.115672831440452 -1
    endloop
  endfacet
  facet normal 0 0 -1
    outer loop
      vertex -72.27002893109714 -9.129827835147744 -1
      vertex -72.70068717050152 -4.573939542443781 -1
      vertex -72.27002893109714 9.129827835147744 -1
    endloop
  endfacet
  facet normal 0 0 -1
    outer loop
      vertex -69.27916888711887 -22.510166510070878 -1
      vertex -67.72903722278225 26.815822845402913 -1
      vertex -67.72903722278225 -26.815822845402913 -1
    endloop
  endfacet
  facet normal 0 0 -1
    outer loop
      vertex -65.91160999098112 -31.015649378948268 -1
      vertex -67.72903722278225 -26.815822845402913 -1
      vertex -65.91160999098112 31.015649378948268 -1
    endloop
  endfacet
  facet normal 0 0 -1
    outer loop
      vertex -63.834059746695864 -35.0930713140973 -1
      vertex -62.141424846035676 17.87021466902619 -1
      vertex -62.141424846035676 -17.87021466902619 -1
    endloop
  endfacet
  facet normal 0 0 -1
    outer loop
      vertex -56.12759721574662 -46.43278657143 -1
      vertex -58.93238101578517 -42.81688108458369 -1
      vertex -56.12759721574662 46.43278657143 -1
    endloop
  endfacet
  facet normal 0 0 -1
    outer loop
      vertex -62.1381881255588 -17.507565693734044 -1
      vertex -62.064264292389744 17.152516369654304 -1
      vertex -62.064264292389744 -17.152516369654304 -1
    endloop
  endfacet
  facet normal 0 0 -1
    outer loop
      vertex -62.141424846035676 -17.87021466902619 -1
      vertex -62.1381881255588 17.507565693734044 -1
      vertex -62.1381881255588 -17.507565693734044 -1
    endloop
  endfacet
  facet normal 0 0 -1
    outer loop
      vertex -62.064264292389744 -17.152516369654304 -1
      vertex -61.922494197980214 16.818711043197396 -1
      vertex -61.922494197980214 -16.818711043197396 -1
    endloop
  endfacet
  facet normal 0 0 -1
    outer loop
      vertex -61.922494197980214 -16.818711043197396 -1
      vertex -61.718325987552795 16.51897766585888 -1
      vertex -61.718325987552795 -16.51897766585888 -1
    endloop
  endfacet
  facet normal 0 0 -1
    outer loop
      vertex -61.459605730935365 -16.264834823237457 -1
      vertex -61.718325987552795 -16.51897766585888 -1
      vertex -61.15627590249774 16.066049082250117 -1
    endloop
  endfacet
  facet normal 0 0 -1
    outer loop
      vertex -61.15627590249774 -16.066049082250117 -1
      vertex -61.459605730935365 -16.264834823237457 -1
      vertex -60.819993297437435 15.930259667442682 -1
    endloop
  endfacet
  facet normal 0 0 -1
    outer loop
      vertex -60.819993297437435 -15.930259667442682 -1
      vertex -61.15627590249774 -16.066049082250117 -1
      vertex -60.46368106767748 15.862684889874618 -1
    endloop
  endfacet
  facet normal 0 0 -1
    outer loop
      vertex -59.74598276830559 15.939845443520554 -1
      vertex -60.46368106767748 -15.862684889874618 -1
      vertex -60.819993297437435 -15.930259667442682 -1
    endloop
  endfacet
  facet normal 0 0 -1
    outer loop
      vertex -59.74598276830559 15.939845443520554 -1
      vertex -60.101032092385324 -15.86592161035149 -1
      vertex -60.46368106767748 -15.862684889874618 -1
    endloop
  endfacet
  facet normal 0 0 -1
    outer loop
      vertex -59.74598276830559 -15.939845443520554 -1
      vertex -60.101032092385324 -15.86592161035149 -1
      vertex -59.412177441848684 16.08161553793008 -1
    endloop
  endfacet
  facet normal 0 0 -1
    outer loop
      vertex -59.412177441848684 -16.08161553793008 -1
      vertex -59.74598276830559 -15.939845443520554 -1
      vertex -59.11244406451017 16.285783748357495 -1
    endloop
  endfacet
  facet normal 0 0 -1
    outer loop
      vertex -59.412177441848684 -16.08161553793008 -1
      vertex -59.11244406451017 16.285783748357495 -1
      vertex -59.11244406451017 -16.285783748357495 -1
    endloop
  endfacet
  facet normal 0 0 -1
    outer loop
      vertex -58.52372606609397 -17.184116438472856 -1
      vertex -58.4561512885259 17.540428668232817 -1
      vertex -58.4561512885259 -17.540428668232817 -1
    endloop
  endfacet
  facet normal 0 0 -1
    outer loop
      vertex -59.11244406451017 -16.285783748357495 -1
      vertex -58.858301221888745 16.54450400497493 -1
      vertex -58.858301221888745 -16.54450400497493 -1
    endloop
  endfacet
  facet normal 0 0 -1
    outer loop
      vertex -58.858301221888745 -16.54450400497493 -1
      vertex -58.659515480901405 16.847833833412555 -1
      vertex -58.659515480901405 -16.847833833412555 -1
    endloop
  endfacet
  facet normal 0 0 -1
    outer loop
      vertex -58.659515480901405 -16.847833833412555 -1
      vertex -58.52372606609397 17.184116438472856 -1
      vertex -58.52372606609397 -17.184116438472856 -1
    endloop
  endfacet
  facet normal 0 0 -1
    outer loop
      vertex -58.93238101578517 -42.81688108458369 -1
      vertex -58.45938800900279 -17.903077643524963 -1
      vertex -56.12759721574662 46.43278657143 -1
    endloop
  endfacet
  facet normal 0 0 -1
    outer loop
      vertex -53.10130343175754 -49.865443062801226 -1
      vertex -50.258038561215805 -16.32982662257193 -1
      vertex -49.13350750501723 -19.453331791709356 -1
    endloop
  endfacet
  facet normal 0 0 -1
    outer loop
      vertex -49.865443062801226 -53.10130343175754 -1
      vertex -47.815068941660726 -22.500063547646818 -1
      vertex -46.3079261458186 -25.457997832062993 -1
    endloop
  endfacet
  facet normal 0 0 -1
    outer loop
      vertex -49.865443062801226 -53.10130343175754 -1
      vertex -49.13350750501723 -19.453331791709356 -1
      vertex -47.815068941660726 -22.500063547646818 -1
    endloop
  endfacet
  facet normal 0 0 -1
    outer loop
      vertex -53.10130343175754 -49.865443062801226 -1
      vertex -51.18422409992703 -13.141875088143355 -1
      vertex -50.258038561215805 -16.32982662257193 -1
    endloop
  endfacet
  facet normal 0 0 -1
    outer loop
      vertex -53.10130343175754 -49.865443062801226 -1
      vertex -51.908408889963525 -9.9020585766935 -1
      vertex -51.18422409992703 -13.141875088143355 -1
    endloop
  endfacet
  facet normal 0 0 -1
    outer loop
      vertex -53.10130343175754 -49.865443062801226 -1
      vertex -52.427734904807586 -6.623163163861663 -1
      vertex -51.908408889963525 -9.9020585766935 -1
    endloop
  endfacet
  facet normal 0 0 -1
    outer loop
      vertex -53.10130343175754 -49.865443062801226 -1
      vertex -52.7401526019361 -3.318129151857515 -1
      vertex -52.427734904807586 -6.623163163861663 -1
    endloop
  endfacet
  facet normal 0 0 -1
    outer loop
      vertex -42.75204112828622 -31.06117603873423 -1
      vertex -42.99963531882545 -47.62662796484213 -1
      vertex -44.61802712155799 -28.315461029688887 -1
    endloop
  endfacet
  facet normal 0 0 -1
    outer loop
      vertex -53.10130343175754 -49.865443062801226 -1
      vertex -52.84442901142857 0 -1
      vertex -52.7401526019361 -3.318129151857515 -1
    endloop
  endfacet
  facet normal 0 0 -1
    outer loop
      vertex -56.12759721574662 -46.43278657143 -1
      vertex -53.10130343175754 49.865443062801226 -1
      vertex -53.10130343175754 -49.865443062801226 -1
    endloop
  endfacet
  facet normal -0.8910065241883678 -0.4539904997395469 0
    outer loop
      vertex -63.834059746695864 -35.0930713140973 -1
      vertex -65.91160999098112 -31.015649378948268 1
      vertex -65.91160999098112 -31.015649378948268 -1
    endloop
  endfacet
  facet normal -0.9177546256839809 -0.3971478906347811 0
    outer loop
      vertex -65.91160999098112 -31.015649378948268 -1
      vertex -67.72903722278225 -26.815822845402913 1
      vertex -67.72903722278225 -26.815822845402913 -1
    endloop
  endfacet
  facet normal -0.9408807689542259 -0.3387379202452902 0
    outer loop
      vertex -69.27916888711887 -22.510166510070878 -1
      vertex -67.72903722278225 -26.815822845402913 -1
      vertex -69.27916888711887 -22.510166510070878 1
    endloop
  endfacet
  facet normal -0.9602936856769432 -0.2789911060392289 0
    outer loop
      vertex -69.27916888711887 -22.510166510070878 -1
      vertex -70.55588732249964 -18.115672831440452 1
      vertex -70.55588732249964 -18.115672831440452 -1
    endloop
  endfacet
  facet normal -0.8607420270039439 -0.509041415750371 0
    outer loop
      vertex -61.50458563159828 -39.03199692926882 -1
      vertex -63.834059746695864 -35.0930713140973 1
      vertex -63.834059746695864 -35.0930713140973 -1
    endloop
  endfacet
  facet normal -0.975916761938747 -0.2181432413965447 0
    outer loop
      vertex -70.55588732249964 -18.115672831440452 -1
      vertex -71.5541539045373 -13.649684868407997 1
      vertex -71.5541539045373 -13.649684868407997 -1
    endloop
  endfacet
  facet normal -0.9876883405951378 -0.15643446504023056 0
    outer loop
      vertex -71.5541539045373 -13.649684868407997 -1
      vertex -72.27002893109714 -9.129827835147744 1
      vertex -72.27002893109714 -9.129827835147744 -1
    endloop
  endfacet
  facet normal -0.9955619646030801 -0.09410831331851266 0
    outer loop
      vertex -72.27002893109714 -9.129827835147744 -1
      vertex -72.70068717050152 -4.573939542443781 1
      vertex -72.70068717050152 -4.573939542443781 -1
    endloop
  endfacet
  facet normal -0.9995065603657315 -0.03141075907812985 0
    outer loop
      vertex -72.70068717050152 -4.573939542443781 -1
      vertex -72.84442901142857 0 1
      vertex -72.84442901142857 0 -1
    endloop
  endfacet
  facet normal 0 0 -1
    outer loop
      vertex -39.03199692926882 -61.50458563159828 -1
      vertex -33.684306776456204 -40.717332360230834 -1
      vertex -35.0930713140973 -63.834059746695864 -1
    endloop
  endfacet
  facet normal 0 0 -1
    outer loop
      vertex -31.015649378948268 -65.91160999098112 -1
      vertex -25.457997832062993 -46.3079261458186 -1
      vertex -26.815822845402913 -67.72903722278225 -1
    endloop
  endfacet
  facet normal 0 0 -1
    outer loop
      vertex -35.0930713140973 -63.834059746695864 -1
      vertex -28.315461029688887 -44.61802712155799 -1
      vertex -31.015649378948268 -65.91160999098112 -1
    endloop
  endfacet
  facet normal 0 0 -1
    outer loop
      vertex -26.815822845402913 -67.72903722278225 -1
      vertex -22.500063547646818 -47.815068941660726 -1
      vertex -22.510166510070878 -69.27916888711887 -1
    endloop
  endfacet
  facet normal 0 0 -1
    outer loop
      vertex -22.510166510070878 -69.27916888711887 -1
      vertex -16.32982662257193 -50.258038561215805 -1
      vertex -18.115672831440452 -70.55588732249964 -1
    endloop
  endfacet
  facet normal 0 0 -1
    outer loop
      vertex -22.510166510070878 -69.27916888711887 -1
      vertex -22.500063547646818 -47.815068941660726 -1
      vertex -19.453331791709356 -49.13350750501723 -1
    endloop
  endfacet
  facet normal 0 0 -1
    outer loop
      vertex -22.510166510070878 -69.27916888711887 -1
      vertex -19.453331791709356 -49.13350750501723 -1
      vertex -16.32982662257193 -50.258038561215805 -1
    endloop
  endfacet
  facet normal 0 0 -1
    outer loop
      vertex -39.03199692926882 -61.50458563159828 -1
      vertex -36.174500944227454 -38.52193088332931 -1
      vertex -33.684306776456204 -40.717332360230834 -1
    endloop
  endfacet
  facet normal 0 0 -1
    outer loop
      vertex -35.0930713140973 -63.834059746695864 -1
      vertex -33.684306776456204 -40.717332360230834 -1
      vertex -31.06117603873423 -42.75204112828622 -1
    endloop
  endfacet
  facet normal 0 0 -1
    outer loop
      vertex -35.0930713140973 -63.834059746695864 -1
      vertex -31.06117603873423 -42.75204112828622 -1
      vertex -28.315461029688887 -44.61802712155799 -1
    endloop
  endfacet
  facet normal 0 0 -1
    outer loop
      vertex -31.015649378948268 -65.91160999098112 -1
      vertex -28.315461029688887 -44.61802712155799 -1
      vertex -25.457997832062993 -46.3079261458186 -1
    endloop
  endfacet
  facet normal 0 0 -1
    outer loop
      vertex -26.815822845402913 -67.72903722278225 -1
      vertex -25.457997832062993 -46.3079261458186 -1
      vertex -22.500063547646818 -47.815068941660726 -1
    endloop
  endfacet
  facet normal 0 0 -1
    outer loop
      vertex -18.115672831440452 -70.55588732249964 -1
      vertex -13.141875088143355 -51.18422409992703 -1
      vertex -13.649684868407997 -71.5541539045373 -1
    endloop
  endfacet
  facet normal 0 0 -1
    outer loop
      vertex -13.649684868407997 -71.5541539045373 -1
      vertex -8.844674823382224 -64.05211145217 -1
      vertex -9.129827835147744 -72.27002893109714 -1
    endloop
  endfacet
  facet normal 0 0 -1
    outer loop
      vertex -13.649684868407997 -71.5541539045373 -1
      vertex -10.424696046848478 -63.31342702132214 -1
      vertex -10.179949467295929 -63.581053379211674 -1
    endloop
  endfacet
  facet normal 0 0 -1
    outer loop
      vertex -13.649684868407997 -71.5541539045373 -1
      vertex -10.612528577161987 -63.00319533983891 -1
      vertex -10.424696046848478 -63.31342702132214 -1
    endloop
  endfacet
  facet normal 0 0 -1
    outer loop
      vertex -13.649684868407997 -71.5541539045373 -1
      vertex -10.736228759434201 -62.662280364301445 -1
      vertex -10.612528577161987 -63.00319533983891 -1
    endloop
  endfacet
  facet normal 0 0 -1
    outer loop
      vertex -13.649684868407997 -71.5541539045373 -1
      vertex -10.179949467295929 -63.581053379211674 -1
      vertex -9.887694312301075 -63.79578968266039 -1
    endloop
  endfacet
  facet normal 0 0 -1
    outer loop
      vertex -13.649684868407997 -71.5541539045373 -1
      vertex -9.887694312301075 -63.79578968266039 -1
      vertex -9.559161783571795 -63.94938373595228 -1
    endloop
  endfacet
  facet normal 0 0 -1
    outer loop
      vertex -13.649684868407997 -71.5541539045373 -1
      vertex -9.559161783571795 -63.94938373595228 -1
      vertex -9.206977201943989 -64.03593300575587 -1
    endloop
  endfacet
  facet normal 0 0 -1
    outer loop
      vertex -13.649684868407997 -71.5541539045373 -1
      vertex -9.206977201943989 -64.03593300575587 -1
      vertex -8.844674823382224 -64.05211145217 -1
    endloop
  endfacet
  facet normal 0 0 -1
    outer loop
      vertex -18.115672831440452 -70.55588732249964 -1
      vertex -16.32982662257193 -50.258038561215805 -1
      vertex -13.141875088143355 -51.18422409992703 -1
    endloop
  endfacet
  facet normal 0 0 -1
    outer loop
      vertex -13.649684868407997 -71.5541539045373 -1
      vertex -13.141875088143355 -51.18422409992703 -1
      vertex -10.736228759434201 -62.662280364301445 -1
    endloop
  endfacet
  facet normal 0 0 -1
    outer loop
      vertex -13.141875088143355 -51.18422409992703 -1
      vertex -10.79104286503226 -62.30378326603233 -1
      vertex -10.736228759434201 -62.662280364301445 -1
    endloop
  endfacet
  facet normal 0 0 -1
    outer loop
      vertex -13.141875088143355 -51.18422409992703 -1
      vertex -10.774864418618137 -61.94148088747057 -1
      vertex -10.79104286503226 -62.30378326603233 -1
    endloop
  endfacet
  facet normal 0 0 -1
    outer loop
      vertex -13.141875088143355 -51.18422409992703 -1
      vertex -10.688315148814548 -61.58929630584276 -1
      vertex -10.774864418618137 -61.94148088747057 -1
    endloop
  endfacet
  facet normal 0 0 -1
    outer loop
      vertex -13.141875088143355 -51.18422409992703 -1
      vertex -10.534721095522658 -61.26076377711348 -1
      vertex -10.688315148814548 -61.58929630584276 -1
    endloop
  endfacet
  facet normal 0 0 -1
    outer loop
      vertex -13.141875088143355 -51.18422409992703 -1
      vertex -10.319984792073932 -60.96850862211863 -1
      vertex -10.534721095522658 -61.26076377711348 -1
    endloop
  endfacet
  facet normal 0 0 -1
    outer loop
      vertex -13.141875088143355 -51.18422409992703 -1
      vertex -10.052358434184404 -60.72376204256609 -1
      vertex -10.319984792073932 -60.96850862211863 -1
    endloop
  endfacet
  facet normal 0 0 -1
    outer loop
      vertex -9.9020585766935 -51.908408889963525 -1
      vertex -9.742126752701173 -60.53592951225257 -1
      vertex -10.052358434184404 -60.72376204256609 -1
    endloop
  endfacet
  facet normal 0 0 -1
    outer loop
      vertex -9.9020585766935 -51.908408889963525 -1
      vertex -9.401211777163711 -60.41222932998036 -1
      vertex -9.742126752701173 -60.53592951225257 -1
    endloop
  endfacet
  facet normal 0 0 -1
    outer loop
      vertex -9.129827835147744 -72.27002893109714 -1
      vertex -8.844674823382224 -64.05211145217 -1
      vertex -4.573939542443816 -72.70068717050152 -1
    endloop
  endfacet
  facet normal 0 0 -1
    outer loop
      vertex -4.573939542443816 -72.70068717050152 -1
      vertex -8.844674823382224 -64.05211145217 -1
      vertex -8.486177725113112 -63.99729734657193 -1
    endloop
  endfacet
  facet normal 0 0 -1
    outer loop
      vertex -4.573939542443816 -72.70068717050152 -1
      vertex -8.486177725113112 -63.99729734657193 -1
      vertex -8.145262749575652 -63.87359716429973 -1
    endloop
  endfacet
  facet normal 0 0 -1
    outer loop
      vertex -4.573939542443816 -72.70068717050152 -1
      vertex -8.145262749575652 -63.87359716429973 -1
      vertex -7.83503106809242 -63.68576463398621 -1
    endloop
  endfacet
  facet normal 0 0 -1
    outer loop
      vertex -4.573939542443816 -72.70068717050152 -1
      vertex -7.83503106809242 -63.68576463398621 -1
      vertex -7.567404710202892 -63.44101805443367 -1
    endloop
  endfacet
  facet normal 0 0 -1
    outer loop
      vertex -4.573939542443816 -72.70068717050152 -1
      vertex -7.567404710202892 -63.44101805443367 -1
      vertex -7.352668406754166 -63.148762899438815 -1
    endloop
  endfacet
  facet normal 0 0 -1
    outer loop
      vertex -4.573939542443816 -72.70068717050152 -1
      vertex -7.352668406754166 -63.148762899438815 -1
      vertex -7.199074353462275 -62.82023037070953 -1
    endloop
  endfacet
  facet normal 0 0 -1
    outer loop
      vertex -4.573939542443816 -72.70068717050152 -1
      vertex -3.3181291518575406 -52.7401526019361 -1
      vertex 0 -72.84442901142857 -1
    endloop
  endfacet
  facet normal 0 0 -1
    outer loop
      vertex -4.573939542443816 -72.70068717050152 -1
      vertex -7.199074353462275 -62.82023037070953 -1
      vertex -3.3181291518575406 -52.7401526019361 -1
    endloop
  endfacet
  facet normal 0 0 -1
    outer loop
      vertex -3.3181291518575406 -52.7401526019361 -1
      vertex -7.199074353462275 -62.82023037070953 -1
      vertex -7.112525083658685 -62.46804578908172 -1
    endloop
  endfacet
  facet normal 0 0 -1
    outer loop
      vertex -6.623163163861663 -52.427734904807586 -1
      vertex -9.0427146788946 -60.357415224382294 -1
      vertex -9.401211777163711 -60.41222932998036 -1
    endloop
  endfacet
  facet normal 0 0 -1
    outer loop
      vertex -6.623163163861663 -52.427734904807586 -1
      vertex -8.680412300332835 -60.373593670796424 -1
      vertex -9.0427146788946 -60.357415224382294 -1
    endloop
  endfacet
  facet normal 0 0 -1
    outer loop
      vertex -6.623163163861663 -52.427734904807586 -1
      vertex -8.328227718705028 -60.46014294060001 -1
      vertex -8.680412300332835 -60.373593670796424 -1
    endloop
  endfacet
  facet normal 0 0 -1
    outer loop
      vertex -6.623163163861663 -52.427734904807586 -1
      vertex -9.401211777163711 -60.41222932998036 -1
      vertex -9.9020585766935 -51.908408889963525 -1
    endloop
  endfacet
  facet normal 0 0 -1
    outer loop
      vertex -3.3181291518575406 -52.7401526019361 -1
      vertex -7.7074400349808965 -60.82847329734063 -1
      vertex -7.999695189975748 -60.613736993891905 -1
    endloop
  endfacet
  facet normal 0 0 -1
    outer loop
      vertex -3.3181291518575406 -52.7401526019361 -1
      vertex -7.112525083658685 -62.46804578908172 -1
      vertex -7.0963466372445625 -62.105743410519956 -1
    endloop
  endfacet
  facet normal 0 0 -1
    outer loop
      vertex -3.3181291518575406 -52.7401526019361 -1
      vertex -7.0963466372445625 -62.105743410519956 -1
      vertex -7.151160742842622 -61.74724631225085 -1
    endloop
  endfacet
  facet normal 0 0 -1
    outer loop
      vertex -3.3181291518575406 -52.7401526019361 -1
      vertex -7.151160742842622 -61.74724631225085 -1
      vertex -7.274860925114837 -61.406331336713386 -1
    endloop
  endfacet
  facet normal 0 0 -1
    outer loop
      vertex -3.3181291518575406 -52.7401526019361 -1
      vertex -7.274860925114837 -61.406331336713386 -1
      vertex -7.4626934554283455 -61.096099655230155 -1
    endloop
  endfacet
  facet normal 0 0 -1
    outer loop
      vertex -3.3181291518575406 -52.7401526019361 -1
      vertex -7.4626934554283455 -61.096099655230155 -1
      vertex -7.7074400349808965 -60.82847329734063 -1
    endloop
  endfacet
  facet normal 0 0 -1
    outer loop
      vertex -3.3181291518575406 -52.7401526019361 -1
      vertex -7.999695189975748 -60.613736993891905 -1
      vertex -8.328227718705028 -60.46014294060001 -1
    endloop
  endfacet
  facet normal 0 0 -1
    outer loop
      vertex -6.623163163861663 -52.427734904807586 -1
      vertex -3.3181291518575406 -52.7401526019361 -1
      vertex -8.328227718705028 -60.46014294060001 -1
    endloop
  endfacet
  facet normal 0 0 -1
    outer loop
      vertex 0 -72.84442901142857 -1
      vertex -3.3181291518575406 -52.7401526019361 -1
      vertex 0 -52.84442901142857 -1
    endloop
  endfacet
  facet normal 0 0 -1
    outer loop
      vertex -13.141875088143355 -51.18422409992703 -1
      vertex -9.9020585766935 -51.908408889963525 -1
      vertex -10.052358434184404 -60.72376204256609 -1
    endloop
  endfacet
  facet normal -0.4539904997395469 -0.8910065241883678 0
    outer loop
      vertex -35.0930713140973 -63.834059746695864 -1
      vertex -31.015649378948268 -65.91160999098112 -1
      vertex -31.015649378948268 -65.91160999098112 1
    endloop
  endfacet
  facet normal -0.3971478906347811 -0.9177546256839809 0
    outer loop
      vertex -31.015649378948268 -65.91160999098112 -1
      vertex -26.815822845402913 -67.72903722278225 -1
      vertex -26.815822845402913 -67.72903722278225 1
    endloop
  endfacet
  facet normal -0.509041415750371 -0.8607420270039439 0
    outer loop
      vertex -39.03199692926882 -61.50458563159828 -1
      vertex -35.0930713140973 -63.834059746695864 -1
      vertex -35.0930713140973 -63.834059746695864 1
    endloop
  endfacet
  facet normal -0.3387379202452902 -0.9408807689542259 0
    outer loop
      vertex -26.815822845402913 -67.72903722278225 -1
      vertex -22.510166510070878 -69.27916888711887 -1
      vertex -22.510166510070878 -69.27916888711887 1
    endloop
  endfacet
  facet normal -0.2789911060392289 -0.9602936856769432 0
    outer loop
      vertex -22.510166510070878 -69.27916888711887 -1
      vertex -18.115672831440452 -70.55588732249964 -1
      vertex -18.115672831440452 -70.55588732249964 1
    endloop
  endfacet
  facet normal -0.2181432413965447 -0.975916761938747 0
    outer loop
      vertex -18.115672831440452 -70.55588732249964 -1
      vertex -13.649684868407997 -71.5541539045373 -1
      vertex -13.649684868407997 -71.5541539045373 1
    endloop
  endfacet
  facet normal -0.15643446504023056 -0.9876883405951378 0
    outer loop
      vertex -13.649684868407997 -71.5541539045373 -1
      vertex -9.129827835147744 -72.27002893109714 -1
      vertex -9.129827835147744 -72.27002893109714 1
    endloop
  endfacet
  facet normal -0.0941083133185134 -0.9955619646030801 0
    outer loop
      vertex -9.129827835147744 -72.27002893109714 -1
      vertex -4.573939542443816 -72.70068717050152 -1
      vertex -4.573939542443816 -72.70068717050152 1
    endloop
  endfacet
  facet normal -0.03141075907812961 -0.9995065603657315 0
    outer loop
      vertex -4.573939542443816 -72.70068717050152 -1
      vertex 0 -72.84442901142857 -1
      vertex 0 -72.84442901142857 1
    endloop
  endfacet
  facet normal -0.827080574274562 -0.5620833778521303 0
    outer loop
      vertex -58.93238101578517 -42.81688108458369 -1
      vertex -58.93238101578517 -42.81688108458369 1
      vertex -61.50458563159828 -39.03199692926882 1
    endloop
  endfacet
  facet normal -0.8607420270039439 -0.509041415750371 0
    outer loop
      vertex -61.50458563159828 -39.03199692926882 -1
      vertex -61.50458563159828 -39.03199692926882 1
      vertex -63.834059746695864 -35.0930713140973 1
    endloop
  endfacet
  facet normal -0.7901550123756913 -0.6129070536529754 0
    outer loop
      vertex -56.12759721574662 -46.43278657143 -1
      vertex -56.12759721574662 -46.43278657143 1
      vertex -58.93238101578517 -42.81688108458369 1
    endloop
  endfacet
  facet normal -0.5620833778521303 -0.827080574274562 0
    outer loop
      vertex -42.81688108458369 -58.93238101578517 -1
      vertex -39.03199692926882 -61.50458563159828 1
      vertex -42.81688108458369 -58.93238101578517 1
    endloop
  endfacet
  facet normal -0.6129070536529754 -0.7901550123756913 0
    outer loop
      vertex -46.43278657143 -56.12759721574662 -1
      vertex -42.81688108458369 -58.93238101578517 1
      vertex -46.43278657143 -56.12759721574662 1
    endloop
  endfacet
  facet normal -0.509041415750371 -0.8607420270039439 0
    outer loop
      vertex -39.03199692926882 -61.50458563159828 -1
      vertex -35.0930713140973 -63.834059746695864 1
      vertex -39.03199692926882 -61.50458563159828 1
    endloop
  endfacet
  facet normal -0.7071067811865476 -0.7071067811865476 0
    outer loop
      vertex -49.865443062801226 -53.10130343175754 -1
      vertex -49.865443062801226 -53.10130343175754 1
      vertex -53.10130343175754 -49.865443062801226 1
    endloop
  endfacet
  facet normal -0.7501110696304583 -0.6613118653236533 0
    outer loop
      vertex -53.10130343175754 -49.865443062801226 -1
      vertex -53.10130343175754 -49.865443062801226 1
      vertex -56.12759721574662 -46.43278657143 1
    endloop
  endfacet
  facet normal -0.6613118653236533 -0.7501110696304583 0
    outer loop
      vertex -49.865443062801226 -53.10130343175754 -1
      vertex -46.43278657143 -56.12759721574662 1
      vertex -49.865443062801226 -53.10130343175754 1
    endloop
  endfacet
  facet normal 0 0 1
    outer loop
      vertex -42.81688108458369 -58.93238101578517 1
      vertex -39.03199692926882 -61.50458563159828 1
      vertex -39.7562121942411 -48.706142833722325 1
    endloop
  endfacet
  facet normal 0 0 1
    outer loop
      vertex -53.10130343175754 -49.865443062801226 1
      vertex -49.865443062801226 -53.10130343175754 1
      vertex -51.18422409992703 -13.141875088143355 1
    endloop
  endfacet
  facet normal 0 0 1
    outer loop
      vertex -46.43278657143 -56.12759721574662 1
      vertex -47.815068941660726 -22.500063547646818 1
      vertex -49.865443062801226 -53.10130343175754 1
    endloop
  endfacet
  facet normal 0 0 1
    outer loop
      vertex -46.43278657143 -56.12759721574662 1
      vertex -44.61802712155799 -28.315461029688887 1
      vertex -46.3079261458186 -25.457997832062993 1
    endloop
  endfacet
  facet normal 0 0 1
    outer loop
      vertex -42.81688108458369 -58.93238101578517 1
      vertex -41.738578143884276 -49.24997842207259 1
      vertex -42.06979983717152 -49.10227281779227 1
    endloop
  endfacet
  facet normal 0 0 1
    outer loop
      vertex -42.81688108458369 -58.93238101578517 1
      vertex -41.384904848655275 -49.330227757781664 1
      vertex -41.738578143884276 -49.24997842207259 1
    endloop
  endfacet
  facet normal 0 0 1
    outer loop
      vertex -42.81688108458369 -58.93238101578517 1
      vertex -41.0223714178779 -49.33993688795252 1
      vertex -41.384904848655275 -49.330227757781664 1
    endloop
  endfacet
  facet normal 0 0 1
    outer loop
      vertex -42.81688108458369 -58.93238101578517 1
      vertex -40.664909807985836 -49.278732696157654 1
      vertex -41.0223714178779 -49.33993688795252 1
    endloop
  endfacet
  facet normal 0 0 1
    outer loop
      vertex -42.81688108458369 -58.93238101578517 1
      vertex -40.32625706818046 -49.14896722516402 1
      vertex -40.664909807985836 -49.278732696157654 1
    endloop
  endfacet
  facet normal 0 0 1
    outer loop
      vertex -42.81688108458369 -58.93238101578517 1
      vertex -42.615325720121525 -48.62957194938619 1
      vertex -42.80866565603694 -48.32274231453957 1
    endloop
  endfacet
  facet normal 0 0 1
    outer loop
      vertex -42.81688108458369 -58.93238101578517 1
      vertex -42.80866565603694 -48.32274231453957 1
      vertex -42.938431127030576 -47.98408957473419 1
    endloop
  endfacet
  facet normal 0 0 1
    outer loop
      vertex -42.81688108458369 -58.93238101578517 1
      vertex -42.938431127030576 -47.98408957473419 1
      vertex -42.99963531882545 -47.62662796484213 1
    endloop
  endfacet
  facet normal 0 0 1
    outer loop
      vertex -42.81688108458369 -58.93238101578517 1
      vertex -42.36584126459525 -48.89278718847893 1
      vertex -42.615325720121525 -48.62957194938619 1
    endloop
  endfacet
  facet normal 0 0 1
    outer loop
      vertex -42.81688108458369 -58.93238101578517 1
      vertex -42.06979983717152 -49.10227281779227 1
      vertex -42.36584126459525 -48.89278718847893 1
    endloop
  endfacet
  facet normal 0 0 1
    outer loop
      vertex -42.81688108458369 -58.93238101578517 1
      vertex -40.01942743333384 -48.955627289248596 1
      vertex -40.32625706818046 -49.14896722516402 1
    endloop
  endfacet
  facet normal 0 0 1
    outer loop
      vertex -46.43278657143 -56.12759721574662 1
      vertex -42.81688108458369 -58.93238101578517 1
      vertex -44.61802712155799 -28.315461029688887 1
    endloop
  endfacet
  facet normal 0 0 1
    outer loop
      vertex -39.03199692926882 -61.50458563159828 1
      vertex -39.54672656492775 -48.410101406298594 1
      vertex -39.7562121942411 -48.706142833722325 1
    endloop
  endfacet
  facet normal 0 0 1
    outer loop
      vertex -39.03199692926882 -61.50458563159828 1
      vertex -39.399020960647434 -48.07887971301135 1
      vertex -39.54672656492775 -48.410101406298594 1
    endloop
  endfacet
  facet normal 0 0 1
    outer loop
      vertex -39.03199692926882 -61.50458563159828 1
      vertex -39.318771624938364 -47.725206417782346 1
      vertex -39.399020960647434 -48.07887971301135 1
    endloop
  endfacet
  facet normal 0 0 1
    outer loop
      vertex -42.81688108458369 -58.93238101578517 1
      vertex -39.7562121942411 -48.706142833722325 1
      vertex -40.01942743333384 -48.955627289248596 1
    endloop
  endfacet
  facet normal 0 0 1
    outer loop
      vertex -39.03199692926882 -61.50458563159828 1
      vertex -39.30906249476751 -47.36267298700497 1
      vertex -39.318771624938364 -47.725206417782346 1
    endloop
  endfacet
  facet normal 0 0 1
    outer loop
      vertex -39.03199692926882 -61.50458563159828 1
      vertex -35.0930713140973 -63.834059746695864 1
      vertex -36.174500944227454 -38.52193088332931 1
    endloop
  endfacet
  facet normal 0 0 1
    outer loop
      vertex -39.03199692926882 -61.50458563159828 1
      vertex -38.52193088332931 -36.174500944227454 1
      vertex -39.30906249476751 -47.36267298700497 1
    endloop
  endfacet
  facet normal 0 0 1
    outer loop
      vertex -42.81688108458369 -58.93238101578517 1
      vertex -42.99963531882545 -47.62662796484213 1
      vertex -44.61802712155799 -28.315461029688887 1
    endloop
  endfacet
  facet normal 0 0 1
    outer loop
      vertex -44.61802712155799 -28.315461029688887 1
      vertex -42.99963531882545 -47.62662796484213 1
      vertex -42.98992618865459 -47.26409453406476 1
    endloop
  endfacet
  facet normal 0 0 1
    outer loop
      vertex -40.717332360230834 -33.684306776456204 1
      vertex -42.7619712486652 -46.579199545548505 1
      vertex -42.552485619351856 -46.283158118124774 1
    endloop
  endfacet
  facet normal 0 0 1
    outer loop
      vertex -40.717332360230834 -33.684306776456204 1
      vertex -42.552485619351856 -46.283158118124774 1
      vertex -42.28927038025911 -46.0336736625985 1
    endloop
  endfacet
  facet normal 0 0 1
    outer loop
      vertex -40.717332360230834 -33.684306776456204 1
      vertex -42.28927038025911 -46.0336736625985 1
      vertex -41.98244074541249 -45.840333726683085 1
    endloop
  endfacet
  facet normal 0 0 1
    outer loop
      vertex -40.717332360230834 -33.684306776456204 1
      vertex -41.98244074541249 -45.840333726683085 1
      vertex -41.64378800560712 -45.71056825568945 1
    endloop
  endfacet
  facet normal 0 0 1
    outer loop
      vertex -40.717332360230834 -33.684306776456204 1
      vertex -41.64378800560712 -45.71056825568945 1
      vertex -41.28632639571506 -45.64936406389458 1
    endloop
  endfacet
  facet normal 0 0 1
    outer loop
      vertex -40.717332360230834 -33.684306776456204 1
      vertex -41.28632639571506 -45.64936406389458 1
      vertex -40.92379296493768 -45.65907319406544 1
    endloop
  endfacet
  facet normal 0 0 1
    outer loop
      vertex -44.61802712155799 -28.315461029688887 1
      vertex -42.98992618865459 -47.26409453406476 1
      vertex -42.909676852945516 -46.91042123883576 1
    endloop
  endfacet
  facet normal 0 0 1
    outer loop
      vertex -44.61802712155799 -28.315461029688887 1
      vertex -42.909676852945516 -46.91042123883576 1
      vertex -42.7619712486652 -46.579199545548505 1
    endloop
  endfacet
  facet normal 0 0 1
    outer loop
      vertex -42.7619712486652 -46.579199545548505 1
      vertex -40.717332360230834 -33.684306776456204 1
      vertex -42.75204112828622 -31.06117603873423 1
    endloop
  endfacet
  facet normal 0 0 1
    outer loop
      vertex -38.52193088332931 -36.174500944227454 1
      vertex -39.37026668656238 -47.005211377112914 1
      vertex -39.30906249476751 -47.36267298700497 1
    endloop
  endfacet
  facet normal 0 0 1
    outer loop
      vertex -40.717332360230834 -33.684306776456204 1
      vertex -39.500032157556014 -46.66655863730753 1
      vertex -39.37026668656238 -47.005211377112914 1
    endloop
  endfacet
  facet normal 0 0 1
    outer loop
      vertex -40.717332360230834 -33.684306776456204 1
      vertex -39.69337209347143 -46.35972900246091 1
      vertex -39.500032157556014 -46.66655863730753 1
    endloop
  endfacet
  facet normal 0 0 1
    outer loop
      vertex -40.717332360230834 -33.684306776456204 1
      vertex -40.92379296493768 -45.65907319406544 1
      vertex -40.57011966970868 -45.73932252977451 1
    endloop
  endfacet
  facet normal 0 0 1
    outer loop
      vertex -40.717332360230834 -33.684306776456204 1
      vertex -40.57011966970868 -45.73932252977451 1
      vertex -40.238897976421434 -45.88702813405483 1
    endloop
  endfacet
  facet normal 0 0 1
    outer loop
      vertex -40.717332360230834 -33.684306776456204 1
      vertex -40.238897976421434 -45.88702813405483 1
      vertex -39.942856548997696 -46.09651376336817 1
    endloop
  endfacet
  facet normal 0 0 1
    outer loop
      vertex -40.717332360230834 -33.684306776456204 1
      vertex -39.942856548997696 -46.09651376336817 1
      vertex -39.69337209347143 -46.35972900246091 1
    endloop
  endfacet
  facet normal 0 0 1
    outer loop
      vertex -39.03199692926882 -61.50458563159828 1
      vertex -36.174500944227454 -38.52193088332931 1
      vertex -38.52193088332931 -36.174500944227454 1
    endloop
  endfacet
  facet normal 0 0 1
    outer loop
      vertex -40.717332360230834 -33.684306776456204 1
      vertex -39.37026668656238 -47.005211377112914 1
      vertex -38.52193088332931 -36.174500944227454 1
    endloop
  endfacet
  facet normal -0.8910065241883678 -0.4539904997395469 0
    outer loop
      vertex -63.834059746695864 -35.0930713140973 -1
      vertex -63.834059746695864 -35.0930713140973 1
      vertex -65.91160999098112 -31.015649378948268 1
    endloop
  endfacet
  facet normal -0.9177546256839809 -0.3971478906347811 0
    outer loop
      vertex -65.91160999098112 -31.015649378948268 -1
      vertex -65.91160999098112 -31.015649378948268 1
      vertex -67.72903722278225 -26.815822845402913 1
    endloop
  endfacet
  facet normal -0.9602936856769432 -0.2789911060392289 0
    outer loop
      vertex -69.27916888711887 -22.510166510070878 -1
      vertex -69.27916888711887 -22.510166510070878 1
      vertex -70.55588732249964 -18.115672831440452 1
    endloop
  endfacet
  facet normal -0.9408807689542259 -0.3387379202452902 0
    outer loop
      vertex -67.72903722278225 -26.815822845402913 -1
      vertex -67.72903722278225 -26.815822845402913 1
      vertex -69.27916888711887 -22.510166510070878 1
    endloop
  endfacet
  facet normal -0.975916761938747 -0.2181432413965447 0
    outer loop
      vertex -70.55588732249964 -18.115672831440452 -1
      vertex -70.55588732249964 -18.115672831440452 1
      vertex -71.5541539045373 -13.649684868407997 1
    endloop
  endfacet
  facet normal -0.9876883405951378 -0.15643446504023056 0
    outer loop
      vertex -71.5541539045373 -13.649684868407997 -1
      vertex -71.5541539045373 -13.649684868407997 1
      vertex -72.27002893109714 -9.129827835147744 1
    endloop
  endfacet
  facet normal -0.9955619646030801 -0.09410831331851266 0
    outer loop
      vertex -72.27002893109714 -9.129827835147744 -1
      vertex -72.27002893109714 -9.129827835147744 1
      vertex -72.70068717050152 -4.573939542443781 1
    endloop
  endfacet
  facet normal -0.9995065603657315 -0.03141075907812985 0
    outer loop
      vertex -72.70068717050152 -4.573939542443781 -1
      vertex -72.70068717050152 -4.573939542443781 1
      vertex -72.84442901142857 0 1
    endloop
  endfacet
  facet normal 0 0 1
    outer loop
      vertex -61.50458563159828 -39.03199692926882 1
      vertex -58.93238101578517 -42.81688108458369 1
      vertex -59.77758283712414 -19.480383669816323 1
    endloop
  endfacet
  facet normal 0 0 1
    outer loop
      vertex -56.12759721574662 -46.43278657143 1
      vertex -58.87925014700878 -18.891665671400126 1
      vertex -58.93238101578517 -42.81688108458369 1
    endloop
  endfacet
  facet normal 0 0 1
    outer loop
      vertex -56.12759721574662 -46.43278657143 1
      vertex -58.675081936581364 -18.59193229406161 1
      vertex -58.87925014700878 -18.891665671400126 1
    endloop
  endfacet
  facet normal 0 0 1
    outer loop
      vertex -56.12759721574662 -46.43278657143 1
      vertex -58.53331184217184 -18.258126967604703 1
      vertex -58.675081936581364 -18.59193229406161 1
    endloop
  endfacet
  facet normal 0 0 1
    outer loop
      vertex -56.12759721574662 -46.43278657143 1
      vertex -58.45938800900279 -17.903077643524963 1
      vertex -58.53331184217184 -18.258126967604703 1
    endloop
  endfacet
  facet normal 0 0 1
    outer loop
      vertex -61.50458563159828 -39.03199692926882 1
      vertex -61.485132070051414 -19.12485958890151 1
      vertex -61.73927491267284 -18.866139332284078 1
    endloop
  endfacet
  facet normal 0 0 1
    outer loop
      vertex -61.50458563159828 -39.03199692926882 1
      vertex -62.07385006846761 -18.226526898786148 1
      vertex -62.141424846035676 -17.87021466902619 1
    endloop
  endfacet
  facet normal 0 0 1
    outer loop
      vertex -61.50458563159828 -39.03199692926882 1
      vertex -61.93806065366017 -18.562809503846452 1
      vertex -62.07385006846761 -18.226526898786148 1
    endloop
  endfacet
  facet normal 0 0 1
    outer loop
      vertex -61.50458563159828 -39.03199692926882 1
      vertex -61.73927491267284 -18.866139332284078 1
      vertex -61.93806065366017 -18.562809503846452 1
    endloop
  endfacet
  facet normal 0 0 1
    outer loop
      vertex -61.50458563159828 -39.03199692926882 1
      vertex -60.85159336625599 -19.470797893738453 1
      vertex -61.185398692712894 -19.329027799328927 1
    endloop
  endfacet
  facet normal 0 0 1
    outer loop
      vertex -61.50458563159828 -39.03199692926882 1
      vertex -61.185398692712894 -19.329027799328927 1
      vertex -61.485132070051414 -19.12485958890151 1
    endloop
  endfacet
  facet normal 0 0 1
    outer loop
      vertex -61.50458563159828 -39.03199692926882 1
      vertex -60.496544042176254 -19.54472172690751 1
      vertex -60.85159336625599 -19.470797893738453 1
    endloop
  endfacet
  facet normal 0 0 1
    outer loop
      vertex -61.50458563159828 -39.03199692926882 1
      vertex -60.13389506688411 -19.54795844738439 1
      vertex -60.496544042176254 -19.54472172690751 1
    endloop
  endfacet
  facet normal 0 0 1
    outer loop
      vertex -61.50458563159828 -39.03199692926882 1
      vertex -59.77758283712414 -19.480383669816323 1
      vertex -60.13389506688411 -19.54795844738439 1
    endloop
  endfacet
  facet normal 0 0 1
    outer loop
      vertex -58.93238101578517 -42.81688108458369 1
      vertex -59.441300232063845 -19.34459425500889 1
      vertex -59.77758283712414 -19.480383669816323 1
    endloop
  endfacet
  facet normal 0 0 1
    outer loop
      vertex -58.93238101578517 -42.81688108458369 1
      vertex -59.13797040362621 -19.145808514021546 1
      vertex -59.441300232063845 -19.34459425500889 1
    endloop
  endfacet
  facet normal 0 0 1
    outer loop
      vertex -58.93238101578517 -42.81688108458369 1
      vertex -58.87925014700878 -18.891665671400126 1
      vertex -59.13797040362621 -19.145808514021546 1
    endloop
  endfacet
  facet normal 0 0 1
    outer loop
      vertex -56.12759721574662 -46.43278657143 1
      vertex -58.4561512885259 -17.540428668232817 1
      vertex -58.45938800900279 -17.903077643524963 1
    endloop
  endfacet
  facet normal 0 0 1
    outer loop
      vertex -65.91160999098112 -31.015649378948268 1
      vertex -67.72903722278225 26.815822845402913 1
      vertex -67.72903722278225 -26.815822845402913 1
    endloop
  endfacet
  facet normal 0 0 1
    outer loop
      vertex -63.834059746695864 -35.0930713140973 1
      vertex -65.91160999098112 31.015649378948268 1
      vertex -65.91160999098112 -31.015649378948268 1
    endloop
  endfacet
  facet normal 0 0 1
    outer loop
      vertex -70.55588732249964 -18.115672831440452 1
      vertex -71.5541539045373 13.649684868407997 1
      vertex -71.5541539045373 -13.649684868407997 1
    endloop
  endfacet
  facet normal 0 0 1
    outer loop
      vertex -69.27916888711887 -22.510166510070878 1
      vertex -70.55588732249964 18.115672831440452 1
      vertex -70.55588732249964 -18.115672831440452 1
    endloop
  endfacet
  facet normal 0 0 1
    outer loop
      vertex -69.27916888711887 -22.510166510070878 1
      vertex -67.72903722278225 -26.815822845402913 1
      vertex -69.27916888711887 22.510166510070878 1
    endloop
  endfacet
  facet normal 0 0 1
    outer loop
      vertex -71.5541539045373 -13.649684868407997 1
      vertex -72.27002893109714 9.129827835147744 1
      vertex -72.27002893109714 -9.129827835147744 1
    endloop
  endfacet
  facet normal 0 0 1
    outer loop
      vertex -72.27002893109714 -9.129827835147744 1
      vertex -72.70068717050152 4.573939542443781 1
      vertex -72.70068717050152 -4.573939542443781 1
    endloop
  endfacet
  facet normal 0 0 1
    outer loop
      vertex -61.50458563159828 -39.03199692926882 1
      vertex -63.834059746695864 35.0930713140973 1
      vertex -63.834059746695864 -35.0930713140973 1
    endloop
  endfacet
  facet normal 0 0 1
    outer loop
      vertex -56.12759721574662 -46.43278657143 1
      vertex -58.4561512885259 17.540428668232817 1
      vertex -58.4561512885259 -17.540428668232817 1
    endloop
  endfacet
  facet normal 0 0 1
    outer loop
      vertex -56.12759721574662 -46.43278657143 1
      vertex -53.10130343175754 -49.865443062801226 1
      vertex -56.12759721574662 46.43278657143 1
    endloop
  endfacet
  facet normal 0 0 1
    outer loop
      vertex -61.50458563159828 -39.03199692926882 1
      vertex -62.141424846035676 -17.87021466902619 1
      vertex -63.834059746695864 35.0930713140973 1
    endloop
  endfacet
  facet normal 0 0 1
    outer loop
      vertex -62.1381881255588 -17.507565693734044 1
      vertex -62.141424846035676 17.87021466902619 1
      vertex -62.141424846035676 -17.87021466902619 1
    endloop
  endfacet
  facet normal 0 0 1
    outer loop
      vertex -62.064264292389744 -17.152516369654304 1
      vertex -62.1381881255588 17.507565693734044 1
      vertex -62.1381881255588 -17.507565693734044 1
    endloop
  endfacet
  facet normal 0 0 1
    outer loop
      vertex -61.922494197980214 -16.818711043197396 1
      vertex -62.064264292389744 17.152516369654304 1
      vertex -62.064264292389744 -17.152516369654304 1
    endloop
  endfacet
  facet normal 0 0 1
    outer loop
      vertex -61.718325987552795 -16.51897766585888 1
      vertex -61.922494197980214 16.818711043197396 1
      vertex -61.922494197980214 -16.818711043197396 1
    endloop
  endfacet
  facet normal 0 0 1
    outer loop
      vertex -61.718325987552795 -16.51897766585888 1
      vertex -61.459605730935365 -16.264834823237457 1
      vertex -61.718325987552795 16.51897766585888 1
    endloop
  endfacet
  facet normal 0 0 1
    outer loop
      vertex -61.459605730935365 -16.264834823237457 1
      vertex -61.15627590249774 -16.066049082250117 1
      vertex -61.459605730935365 16.264834823237457 1
    endloop
  endfacet
  facet normal 0 0 1
    outer loop
      vertex -61.15627590249774 -16.066049082250117 1
      vertex -60.819993297437435 -15.930259667442682 1
      vertex -61.15627590249774 16.066049082250117 1
    endloop
  endfacet
  facet normal 0 0 1
    outer loop
      vertex -60.819993297437435 -15.930259667442682 1
      vertex -60.46368106767748 -15.862684889874618 1
      vertex -60.819993297437435 15.930259667442682 1
    endloop
  endfacet
  facet normal 0 0 1
    outer loop
      vertex -60.819993297437435 15.930259667442682 1
      vertex -60.46368106767748 -15.862684889874618 1
      vertex -60.101032092385324 -15.86592161035149 1
    endloop
  endfacet
  facet normal 0 0 1
    outer loop
      vertex -60.819993297437435 15.930259667442682 1
      vertex -60.101032092385324 -15.86592161035149 1
      vertex -59.74598276830559 -15.939845443520554 1
    endloop
  endfacet
  facet normal 0 0 1
    outer loop
      vertex -59.74598276830559 -15.939845443520554 1
      vertex -59.412177441848684 -16.08161553793008 1
      vertex -59.74598276830559 15.939845443520554 1
    endloop
  endfacet
  facet normal 0 0 1
    outer loop
      vertex -59.412177441848684 -16.08161553793008 1
      vertex -59.11244406451017 -16.285783748357495 1
      vertex -59.412177441848684 16.08161553793008 1
    endloop
  endfacet
  facet normal 0 0 1
    outer loop
      vertex -58.4561512885259 -17.540428668232817 1
      vertex -58.52372606609397 17.184116438472856 1
      vertex -58.52372606609397 -17.184116438472856 1
    endloop
  endfacet
  facet normal 0 0 1
    outer loop
      vertex -58.52372606609397 -17.184116438472856 1
      vertex -58.659515480901405 16.847833833412555 1
      vertex -58.659515480901405 -16.847833833412555 1
    endloop
  endfacet
  facet normal 0 0 1
    outer loop
      vertex -58.858301221888745 -16.54450400497493 1
      vertex -59.11244406451017 16.285783748357495 1
      vertex -59.11244406451017 -16.285783748357495 1
    endloop
  endfacet
  facet normal 0 0 1
    outer loop
      vertex -58.659515480901405 -16.847833833412555 1
      vertex -58.858301221888745 16.54450400497493 1
      vertex -58.858301221888745 -16.54450400497493 1
    endloop
  endfacet
  facet normal 0 0 1
    outer loop
      vertex -56.12759721574662 -46.43278657143 1
      vertex -58.45938800900279 17.903077643524963 1
      vertex -58.4561512885259 17.540428668232817 1
    endloop
  endfacet
  facet normal 0 0 1
    outer loop
      vertex -49.865443062801226 -53.10130343175754 1
      vertex -50.258038561215805 -16.32982662257193 1
      vertex -51.18422409992703 -13.141875088143355 1
    endloop
  endfacet
  facet normal 0 0 1
    outer loop
      vertex -46.43278657143 -56.12759721574662 1
      vertex -46.3079261458186 -25.457997832062993 1
      vertex -47.815068941660726 -22.500063547646818 1
    endloop
  endfacet
  facet normal 0 0 1
    outer loop
      vertex -49.865443062801226 -53.10130343175754 1
      vertex -49.13350750501723 -19.453331791709356 1
      vertex -50.258038561215805 -16.32982662257193 1
    endloop
  endfacet
  facet normal 0 0 1
    outer loop
      vertex -49.865443062801226 -53.10130343175754 1
      vertex -47.815068941660726 -22.500063547646818 1
      vertex -49.13350750501723 -19.453331791709356 1
    endloop
  endfacet
  facet normal 0 0 1
    outer loop
      vertex -53.10130343175754 -49.865443062801226 1
      vertex -51.18422409992703 -13.141875088143355 1
      vertex -51.908408889963525 -9.9020585766935 1
    endloop
  endfacet
  facet normal 0 0 1
    outer loop
      vertex -53.10130343175754 -49.865443062801226 1
      vertex -51.908408889963525 -9.9020585766935 1
      vertex -52.427734904807586 -6.623163163861663 1
    endloop
  endfacet
  facet normal 0 0 1
    outer loop
      vertex -53.10130343175754 -49.865443062801226 1
      vertex -52.427734904807586 -6.623163163861663 1
      vertex -52.7401526019361 -3.318129151857515 1
    endloop
  endfacet
  facet normal 0 0 1
    outer loop
      vertex -42.7619712486652 -46.579199545548505 1
      vertex -42.75204112828622 -31.06117603873423 1
      vertex -44.61802712155799 -28.315461029688887 1
    endloop
  endfacet
  facet normal 0 0 1
    outer loop
      vertex -53.10130343175754 -49.865443062801226 1
      vertex -52.7401526019361 -3.318129151857515 1
      vertex -52.84442901142857 0 1
    endloop
  endfacet
  facet normal -0.4539904997395469 -0.8910065241883678 0
    outer loop
      vertex -35.0930713140973 -63.834059746695864 -1
      vertex -31.015649378948268 -65.91160999098112 1
      vertex -35.0930713140973 -63.834059746695864 1
    endloop
  endfacet
  facet normal -0.3971478906347811 -0.9177546256839809 0
    outer loop
      vertex -31.015649378948268 -65.91160999098112 -1
      vertex -26.815822845402913 -67.72903722278225 1
      vertex -31.015649378948268 -65.91160999098112 1
    endloop
  endfacet
  facet normal -0.3387379202452902 -0.9408807689542259 0
    outer loop
      vertex -26.815822845402913 -67.72903722278225 -1
      vertex -22.510166510070878 -69.27916888711887 1
      vertex -26.815822845402913 -67.72903722278225 1
    endloop
  endfacet
  facet normal -0.2789911060392289 -0.9602936856769432 0
    outer loop
      vertex -22.510166510070878 -69.27916888711887 -1
      vertex -18.115672831440452 -70.55588732249964 1
      vertex -22.510166510070878 -69.27916888711887 1
    endloop
  endfacet
  facet normal -0.2181432413965447 -0.975916761938747 0
    outer loop
      vertex -18.115672831440452 -70.55588732249964 -1
      vertex -13.649684868407997 -71.5541539045373 1
      vertex -18.115672831440452 -70.55588732249964 1
    endloop
  endfacet
  facet normal -0.15643446504023056 -0.9876883405951378 0
    outer loop
      vertex -13.649684868407997 -71.5541539045373 -1
      vertex -9.129827835147744 -72.27002893109714 1
      vertex -13.649684868407997 -71.5541539045373 1
    endloop
  endfacet
  facet normal -0.0941083133185134 -0.9955619646030801 0
    outer loop
      vertex -9.129827835147744 -72.27002893109714 -1
      vertex -4.573939542443816 -72.70068717050152 1
      vertex -9.129827835147744 -72.27002893109714 1
    endloop
  endfacet
  facet normal -0.03141075907812961 -0.9995065603657315 0
    outer loop
      vertex -4.573939542443816 -72.70068717050152 -1
      vertex 0 -72.84442901142857 1
      vertex -4.573939542443816 -72.70068717050152 1
    endloop
  endfacet
  facet normal 0 0 1
    outer loop
      vertex -35.0930713140973 -63.834059746695864 1
      vertex -31.015649378948268 -65.91160999098112 1
      vertex -33.684306776456204 -40.717332360230834 1
    endloop
  endfacet
  facet normal 0 0 1
    outer loop
      vertex -31.015649378948268 -65.91160999098112 1
      vertex -26.815822845402913 -67.72903722278225 1
      vertex -28.315461029688887 -44.61802712155799 1
    endloop
  endfacet
  facet normal 0 0 1
    outer loop
      vertex -26.815822845402913 -67.72903722278225 1
      vertex -22.510166510070878 -69.27916888711887 1
      vertex -25.457997832062993 -46.3079261458186 1
    endloop
  endfacet
  facet normal 0 0 1
    outer loop
      vertex -22.510166510070878 -69.27916888711887 1
      vertex -18.115672831440452 -70.55588732249964 1
      vertex -19.453331791709356 -49.13350750501723 1
    endloop
  endfacet
  facet normal 0 0 1
    outer loop
      vertex -22.510166510070878 -69.27916888711887 1
      vertex -19.453331791709356 -49.13350750501723 1
      vertex -22.500063547646818 -47.815068941660726 1
    endloop
  endfacet
  facet normal 0 0 1
    outer loop
      vertex -35.0930713140973 -63.834059746695864 1
      vertex -33.684306776456204 -40.717332360230834 1
      vertex -36.174500944227454 -38.52193088332931 1
    endloop
  endfacet
  facet normal 0 0 1
    outer loop
      vertex -31.015649378948268 -65.91160999098112 1
      vertex -31.06117603873423 -42.75204112828622 1
      vertex -33.684306776456204 -40.717332360230834 1
    endloop
  endfacet
  facet normal 0 0 1
    outer loop
      vertex -31.015649378948268 -65.91160999098112 1
      vertex -28.315461029688887 -44.61802712155799 1
      vertex -31.06117603873423 -42.75204112828622 1
    endloop
  endfacet
  facet normal 0 0 1
    outer loop
      vertex -26.815822845402913 -67.72903722278225 1
      vertex -25.457997832062993 -46.3079261458186 1
      vertex -28.315461029688887 -44.61802712155799 1
    endloop
  endfacet
  facet normal 0 0 1
    outer loop
      vertex -22.510166510070878 -69.27916888711887 1
      vertex -22.500063547646818 -47.815068941660726 1
      vertex -25.457997832062993 -46.3079261458186 1
    endloop
  endfacet
  facet normal 0 0 1
    outer loop
      vertex -18.115672831440452 -70.55588732249964 1
      vertex -13.649684868407997 -71.5541539045373 1
      vertex -16.32982662257193 -50.258038561215805 1
    endloop
  endfacet
  facet normal 0 0 1
    outer loop
      vertex -13.649684868407997 -71.5541539045373 1
      vertex -9.129827835147744 -72.27002893109714 1
      vertex -9.559161783571795 -63.94938373595228 1
    endloop
  endfacet
  facet normal 0 0 1
    outer loop
      vertex -13.649684868407997 -71.5541539045373 1
      vertex -10.179949467295929 -63.581053379211674 1
      vertex -10.424696046848478 -63.31342702132214 1
    endloop
  endfacet
  facet normal 0 0 1
    outer loop
      vertex -13.649684868407997 -71.5541539045373 1
      vertex -10.736228759434201 -62.662280364301445 1
      vertex -10.79104286503226 -62.30378326603233 1
    endloop
  endfacet
  facet normal 0 0 1
    outer loop
      vertex -13.649684868407997 -71.5541539045373 1
      vertex -10.424696046848478 -63.31342702132214 1
      vertex -10.612528577161987 -63.00319533983891 1
    endloop
  endfacet
  facet normal 0 0 1
    outer loop
      vertex -13.649684868407997 -71.5541539045373 1
      vertex -10.612528577161987 -63.00319533983891 1
      vertex -10.736228759434201 -62.662280364301445 1
    endloop
  endfacet
  facet normal 0 0 1
    outer loop
      vertex -13.649684868407997 -71.5541539045373 1
      vertex -10.79104286503226 -62.30378326603233 1
      vertex -10.774864418618137 -61.94148088747057 1
    endloop
  endfacet
  facet normal 0 0 1
    outer loop
      vertex -13.649684868407997 -71.5541539045373 1
      vertex -10.774864418618137 -61.94148088747057 1
      vertex -10.688315148814548 -61.58929630584276 1
    endloop
  endfacet
  facet normal 0 0 1
    outer loop
      vertex -13.649684868407997 -71.5541539045373 1
      vertex -9.887694312301075 -63.79578968266039 1
      vertex -10.179949467295929 -63.581053379211674 1
    endloop
  endfacet
  facet normal 0 0 1
    outer loop
      vertex -13.649684868407997 -71.5541539045373 1
      vertex -9.559161783571795 -63.94938373595228 1
      vertex -9.887694312301075 -63.79578968266039 1
    endloop
  endfacet
  facet normal 0 0 1
    outer loop
      vertex -9.129827835147744 -72.27002893109714 1
      vertex -9.206977201943989 -64.03593300575587 1
      vertex -9.559161783571795 -63.94938373595228 1
    endloop
  endfacet
  facet normal 0 0 1
    outer loop
      vertex -18.115672831440452 -70.55588732249964 1
      vertex -16.32982662257193 -50.258038561215805 1
      vertex -19.453331791709356 -49.13350750501723 1
    endloop
  endfacet
  facet normal 0 0 1
    outer loop
      vertex -13.649684868407997 -71.5541539045373 1
      vertex -10.688315148814548 -61.58929630584276 1
      vertex -16.32982662257193 -50.258038561215805 1
    endloop
  endfacet
  facet normal 0 0 1
    outer loop
      vertex -16.32982662257193 -50.258038561215805 1
      vertex -10.688315148814548 -61.58929630584276 1
      vertex -10.534721095522658 -61.26076377711348 1
    endloop
  endfacet
  facet normal 0 0 1
    outer loop
      vertex -16.32982662257193 -50.258038561215805 1
      vertex -10.534721095522658 -61.26076377711348 1
      vertex -10.319984792073932 -60.96850862211863 1
    endloop
  endfacet
  facet normal 0 0 1
    outer loop
      vertex -13.141875088143355 -51.18422409992703 1
      vertex -10.319984792073932 -60.96850862211863 1
      vertex -10.052358434184404 -60.72376204256609 1
    endloop
  endfacet
  facet normal 0 0 1
    outer loop
      vertex -13.141875088143355 -51.18422409992703 1
      vertex -10.052358434184404 -60.72376204256609 1
      vertex -9.742126752701173 -60.53592951225257 1
    endloop
  endfacet
  facet normal 0 0 1
    outer loop
      vertex -9.401211777163711 -60.41222932998036 1
      vertex -13.141875088143355 -51.18422409992703 1
      vertex -9.742126752701173 -60.53592951225257 1
    endloop
  endfacet
  facet normal 0 0 1
    outer loop
      vertex -9.9020585766935 -51.908408889963525 1
      vertex -9.401211777163711 -60.41222932998036 1
      vertex -9.0427146788946 -60.357415224382294 1
    endloop
  endfacet
  facet normal 0 0 1
    outer loop
      vertex -9.9020585766935 -51.908408889963525 1
      vertex -9.0427146788946 -60.357415224382294 1
      vertex -8.680412300332835 -60.373593670796424 1
    endloop
  endfacet
  facet normal 0 0 1
    outer loop
      vertex -9.129827835147744 -72.27002893109714 1
      vertex -4.573939542443816 -72.70068717050152 1
      vertex -8.844674823382224 -64.05211145217 1
    endloop
  endfacet
  facet normal 0 0 1
    outer loop
      vertex -9.129827835147744 -72.27002893109714 1
      vertex -8.844674823382224 -64.05211145217 1
      vertex -9.206977201943989 -64.03593300575587 1
    endloop
  endfacet
  facet normal 0 0 1
    outer loop
      vertex -4.573939542443816 -72.70068717050152 1
      vertex -8.486177725113112 -63.99729734657193 1
      vertex -8.844674823382224 -64.05211145217 1
    endloop
  endfacet
  facet normal 0 0 1
    outer loop
      vertex -4.573939542443816 -72.70068717050152 1
      vertex -8.145262749575652 -63.87359716429973 1
      vertex -8.486177725113112 -63.99729734657193 1
    endloop
  endfacet
  facet normal 0 0 1
    outer loop
      vertex -4.573939542443816 -72.70068717050152 1
      vertex -7.83503106809242 -63.68576463398621 1
      vertex -8.145262749575652 -63.87359716429973 1
    endloop
  endfacet
  facet normal 0 0 1
    outer loop
      vertex -4.573939542443816 -72.70068717050152 1
      vertex -7.567404710202892 -63.44101805443367 1
      vertex -7.83503106809242 -63.68576463398621 1
    endloop
  endfacet
  facet normal 0 0 1
    outer loop
      vertex -4.573939542443816 -72.70068717050152 1
      vertex -7.352668406754166 -63.148762899438815 1
      vertex -7.567404710202892 -63.44101805443367 1
    endloop
  endfacet
  facet normal 0 0 1
    outer loop
      vertex -4.573939542443816 -72.70068717050152 1
      vertex -7.199074353462275 -62.82023037070953 1
      vertex -7.352668406754166 -63.148762899438815 1
    endloop
  endfacet
  facet normal 0 0 1
    outer loop
      vertex -4.573939542443816 -72.70068717050152 1
      vertex -7.112525083658685 -62.46804578908172 1
      vertex -7.199074353462275 -62.82023037070953 1
    endloop
  endfacet
  facet normal 0 0 1
    outer loop
      vertex -4.573939542443816 -72.70068717050152 1
      vertex -7.0963466372445625 -62.105743410519956 1
      vertex -7.112525083658685 -62.46804578908172 1
    endloop
  endfacet
  facet normal 0 0 1
    outer loop
      vertex -4.573939542443816 -72.70068717050152 1
      vertex -7.151160742842622 -61.74724631225085 1
      vertex -7.0963466372445625 -62.105743410519956 1
    endloop
  endfacet
  facet normal 0 0 1
    outer loop
      vertex -4.573939542443816 -72.70068717050152 1
      vertex 0 -72.84442901142857 1
      vertex -3.3181291518575406 -52.7401526019361 1
    endloop
  endfacet
  facet normal 0 0 1
    outer loop
      vertex -4.573939542443816 -72.70068717050152 1
      vertex -6.623163163861663 -52.427734904807586 1
      vertex -7.151160742842622 -61.74724631225085 1
    endloop
  endfacet
  facet normal 0 0 1
    outer loop
      vertex -4.573939542443816 -72.70068717050152 1
      vertex -3.3181291518575406 -52.7401526019361 1
      vertex -6.623163163861663 -52.427734904807586 1
    endloop
  endfacet
  facet normal 0 0 1
    outer loop
      vertex -6.623163163861663 -52.427734904807586 1
      vertex -7.7074400349808965 -60.82847329734063 1
      vertex -7.4626934554283455 -61.096099655230155 1
    endloop
  endfacet
  facet normal 0 0 1
    outer loop
      vertex -6.623163163861663 -52.427734904807586 1
      vertex -7.4626934554283455 -61.096099655230155 1
      vertex -7.274860925114837 -61.406331336713386 1
    endloop
  endfacet
  facet normal 0 0 1
    outer loop
      vertex -6.623163163861663 -52.427734904807586 1
      vertex -7.274860925114837 -61.406331336713386 1
      vertex -7.151160742842622 -61.74724631225085 1
    endloop
  endfacet
  facet normal 0 0 1
    outer loop
      vertex -6.623163163861663 -52.427734904807586 1
      vertex -8.680412300332835 -60.373593670796424 1
      vertex -8.328227718705028 -60.46014294060001 1
    endloop
  endfacet
  facet normal 0 0 1
    outer loop
      vertex -6.623163163861663 -52.427734904807586 1
      vertex -8.328227718705028 -60.46014294060001 1
      vertex -7.999695189975748 -60.613736993891905 1
    endloop
  endfacet
  facet normal 0 0 1
    outer loop
      vertex -6.623163163861663 -52.427734904807586 1
      vertex -7.999695189975748 -60.613736993891905 1
      vertex -7.7074400349808965 -60.82847329734063 1
    endloop
  endfacet
  facet normal 0 0 1
    outer loop
      vertex -6.623163163861663 -52.427734904807586 1
      vertex -9.9020585766935 -51.908408889963525 1
      vertex -8.680412300332835 -60.373593670796424 1
    endloop
  endfacet
  facet normal 0 0 1
    outer loop
      vertex 0 -72.84442901142857 1
      vertex 0 -52.84442901142857 1
      vertex -3.3181291518575406 -52.7401526019361 1
    endloop
  endfacet
  facet normal 0 0 1
    outer loop
      vertex -16.32982662257193 -50.258038561215805 1
      vertex -10.319984792073932 -60.96850862211863 1
      vertex -13.141875088143355 -51.18422409992703 1
    endloop
  endfacet
  facet normal 0 0 1
    outer loop
      vertex -9.401211777163711 -60.41222932998036 1
      vertex -9.9020585766935 -51.908408889963525 1
      vertex -13.141875088143355 -51.18422409992703 1
    endloop
  endfacet
  facet normal 0 0 -1
    outer loop
      vertex -72.70068717050152 -4.573939542443781 -1
      vertex -72.84442901142857 0 -1
      vertex -72.70068717050152 4.573939542443781 -1
    endloop
  endfacet
  facet normal 0 0 -1
    outer loop
      vertex -72.70068717050152 -4.573939542443781 -1
      vertex -72.70068717050152 4.573939542443781 -1
      vertex -72.27002893109714 9.129827835147744 -1
    endloop
  endfacet
  facet normal 0 0 -1
    outer loop
      vertex -72.27002893109714 -9.129827835147744 -1
      vertex -72.27002893109714 9.129827835147744 -1
      vertex -71.5541539045373 13.649684868407997 -1
    endloop
  endfacet
  facet normal 0 0 -1
    outer loop
      vertex -71.5541539045373 -13.649684868407997 -1
      vertex -71.5541539045373 13.649684868407997 -1
      vertex -70.55588732249964 18.115672831440452 -1
    endloop
  endfacet
  facet normal 0 0 -1
    outer loop
      vertex -70.55588732249964 -18.115672831440452 -1
      vertex -70.55588732249964 18.115672831440452 -1
      vertex -69.27916888711887 22.510166510070878 -1
    endloop
  endfacet
  facet normal 0 0 -1
    outer loop
      vertex -69.27916888711887 -22.510166510070878 -1
      vertex -69.27916888711887 22.510166510070878 -1
      vertex -67.72903722278225 26.815822845402913 -1
    endloop
  endfacet
  facet normal 0 0 -1
    outer loop
      vertex -67.72903722278225 -26.815822845402913 -1
      vertex -67.72903722278225 26.815822845402913 -1
      vertex -65.91160999098112 31.015649378948268 -1
    endloop
  endfacet
  facet normal 0 0 -1
    outer loop
      vertex -65.91160999098112 -31.015649378948268 -1
      vertex -65.91160999098112 31.015649378948268 -1
      vertex -63.834059746695864 35.0930713140973 -1
    endloop
  endfacet
  facet normal 0 0 -1
    outer loop
      vertex -62.064264292389744 -17.152516369654304 -1
      vertex -62.064264292389744 17.152516369654304 -1
      vertex -61.922494197980214 16.818711043197396 -1
    endloop
  endfacet
  facet normal 0 0 -1
    outer loop
      vertex -61.922494197980214 -16.818711043197396 -1
      vertex -61.922494197980214 16.818711043197396 -1
      vertex -61.718325987552795 16.51897766585888 -1
    endloop
  endfacet
  facet normal 0 0 -1
    outer loop
      vertex -61.718325987552795 -16.51897766585888 -1
      vertex -61.718325987552795 16.51897766585888 -1
      vertex -61.459605730935365 16.264834823237457 -1
    endloop
  endfacet
  facet normal 0 0 -1
    outer loop
      vertex -62.1381881255588 -17.507565693734044 -1
      vertex -62.1381881255588 17.507565693734044 -1
      vertex -62.064264292389744 17.152516369654304 -1
    endloop
  endfacet
  facet normal 0 0 -1
    outer loop
      vertex -62.141424846035676 -17.87021466902619 -1
      vertex -62.141424846035676 17.87021466902619 -1
      vertex -62.1381881255588 17.507565693734044 -1
    endloop
  endfacet
  facet normal 0 0 -1
    outer loop
      vertex -63.834059746695864 -35.0930713140973 -1
      vertex -61.50458563159828 39.03199692926882 -1
      vertex -62.141424846035676 17.87021466902619 -1
    endloop
  endfacet
  facet normal 0 0 -1
    outer loop
      vertex -61.718325987552795 -16.51897766585888 -1
      vertex -61.459605730935365 16.264834823237457 -1
      vertex -61.15627590249774 16.066049082250117 -1
    endloop
  endfacet
  facet normal 0 0 -1
    outer loop
      vertex -61.459605730935365 -16.264834823237457 -1
      vertex -61.15627590249774 16.066049082250117 -1
      vertex -60.819993297437435 15.930259667442682 -1
    endloop
  endfacet
  facet normal 0 0 -1
    outer loop
      vertex -61.15627590249774 -16.066049082250117 -1
      vertex -60.819993297437435 15.930259667442682 -1
      vertex -60.46368106767748 15.862684889874618 -1
    endloop
  endfacet
  facet normal 0 0 -1
    outer loop
      vertex -60.819993297437435 -15.930259667442682 -1
      vertex -60.46368106767748 15.862684889874618 -1
      vertex -60.101032092385324 15.86592161035149 -1
    endloop
  endfacet
  facet normal 0 0 -1
    outer loop
      vertex -60.819993297437435 -15.930259667442682 -1
      vertex -60.101032092385324 15.86592161035149 -1
      vertex -59.74598276830559 15.939845443520554 -1
    endloop
  endfacet
  facet normal 0 0 -1
    outer loop
      vertex -60.101032092385324 -15.86592161035149 -1
      vertex -59.74598276830559 15.939845443520554 -1
      vertex -59.412177441848684 16.08161553793008 -1
    endloop
  endfacet
  facet normal 0 0 -1
    outer loop
      vertex -59.74598276830559 -15.939845443520554 -1
      vertex -59.412177441848684 16.08161553793008 -1
      vertex -59.11244406451017 16.285783748357495 -1
    endloop
  endfacet
  facet normal 0 0 -1
    outer loop
      vertex -56.12759721574662 46.43278657143 -1
      vertex -58.45938800900279 -17.903077643524963 -1
      vertex -58.4561512885259 -17.540428668232817 -1
    endloop
  endfacet
  facet normal 0 0 -1
    outer loop
      vertex -58.858301221888745 16.54450400497493 -1
      vertex -59.11244406451017 -16.285783748357495 -1
      vertex -59.11244406451017 16.285783748357495 -1
    endloop
  endfacet
  facet normal 0 0 -1
    outer loop
      vertex -58.858301221888745 -16.54450400497493 -1
      vertex -58.858301221888745 16.54450400497493 -1
      vertex -58.659515480901405 16.847833833412555 -1
    endloop
  endfacet
  facet normal 0 0 -1
    outer loop
      vertex -58.659515480901405 -16.847833833412555 -1
      vertex -58.659515480901405 16.847833833412555 -1
      vertex -58.52372606609397 17.184116438472856 -1
    endloop
  endfacet
  facet normal 0 0 -1
    outer loop
      vertex -58.52372606609397 -17.184116438472856 -1
      vertex -58.52372606609397 17.184116438472856 -1
      vertex -58.4561512885259 17.540428668232817 -1
    endloop
  endfacet
  facet normal 0 0 -1
    outer loop
      vertex -63.834059746695864 -35.0930713140973 -1
      vertex -63.834059746695864 35.0930713140973 -1
      vertex -61.50458563159828 39.03199692926882 -1
    endloop
  endfacet
  facet normal 0 0 -1
    outer loop
      vertex -56.12759721574662 46.43278657143 -1
      vertex -58.4561512885259 -17.540428668232817 -1
      vertex -58.4561512885259 17.540428668232817 -1
    endloop
  endfacet
  facet normal 0 0 -1
    outer loop
      vertex -56.12759721574662 -46.43278657143 -1
      vertex -56.12759721574662 46.43278657143 -1
      vertex -53.10130343175754 49.865443062801226 -1
    endloop
  endfacet
  facet normal 0 0 -1
    outer loop
      vertex -61.50458563159828 39.03199692926882 -1
      vertex -62.07385006846761 18.226526898786148 -1
      vertex -62.141424846035676 17.87021466902619 -1
    endloop
  endfacet
  facet normal 0 0 -1
    outer loop
      vertex -61.50458563159828 39.03199692926882 -1
      vertex -61.93806065366017 18.562809503846452 -1
      vertex -62.07385006846761 18.226526898786148 -1
    endloop
  endfacet
  facet normal 0 0 -1
    outer loop
      vertex -61.50458563159828 39.03199692926882 -1
      vertex -61.73927491267284 18.866139332284078 -1
      vertex -61.93806065366017 18.562809503846452 -1
    endloop
  endfacet
  facet normal 0 0 -1
    outer loop
      vertex -61.50458563159828 39.03199692926882 -1
      vertex -61.485132070051414 19.12485958890151 -1
      vertex -61.73927491267284 18.866139332284078 -1
    endloop
  endfacet
  facet normal 0 0 -1
    outer loop
      vertex -61.50458563159828 39.03199692926882 -1
      vertex -61.185398692712894 19.329027799328927 -1
      vertex -61.485132070051414 19.12485958890151 -1
    endloop
  endfacet
  facet normal 0 0 -1
    outer loop
      vertex -61.50458563159828 39.03199692926882 -1
      vertex -60.85159336625599 19.470797893738453 -1
      vertex -61.185398692712894 19.329027799328927 -1
    endloop
  endfacet
  facet normal 0 0 -1
    outer loop
      vertex -61.50458563159828 39.03199692926882 -1
      vertex -60.496544042176254 19.54472172690751 -1
      vertex -60.85159336625599 19.470797893738453 -1
    endloop
  endfacet
  facet normal 0 0 -1
    outer loop
      vertex -61.50458563159828 39.03199692926882 -1
      vertex -60.13389506688411 19.54795844738439 -1
      vertex -60.496544042176254 19.54472172690751 -1
    endloop
  endfacet
  facet normal 0 0 -1
    outer loop
      vertex -61.50458563159828 39.03199692926882 -1
      vertex -59.77758283712414 19.480383669816323 -1
      vertex -60.13389506688411 19.54795844738439 -1
    endloop
  endfacet
  facet normal 0 0 -1
    outer loop
      vertex -58.93238101578517 42.81688108458369 -1
      vertex -59.441300232063845 19.34459425500889 -1
      vertex -59.77758283712414 19.480383669816323 -1
    endloop
  endfacet
  facet normal 0 0 -1
    outer loop
      vertex -58.93238101578517 42.81688108458369 -1
      vertex -58.87925014700878 18.891665671400126 -1
      vertex -59.13797040362621 19.145808514021546 -1
    endloop
  endfacet
  facet normal 0 0 -1
    outer loop
      vertex -58.93238101578517 42.81688108458369 -1
      vertex -59.13797040362621 19.145808514021546 -1
      vertex -59.441300232063845 19.34459425500889 -1
    endloop
  endfacet
  facet normal 0 0 -1
    outer loop
      vertex -56.12759721574662 46.43278657143 -1
      vertex -58.4561512885259 17.540428668232817 -1
      vertex -58.45938800900279 17.903077643524963 -1
    endloop
  endfacet
  facet normal 0 0 -1
    outer loop
      vertex -61.50458563159828 39.03199692926882 -1
      vertex -58.93238101578517 42.81688108458369 -1
      vertex -59.77758283712414 19.480383669816323 -1
    endloop
  endfacet
  facet normal 0 0 -1
    outer loop
      vertex -56.12759721574662 46.43278657143 -1
      vertex -58.53331184217184 18.258126967604703 -1
      vertex -58.675081936581364 18.59193229406161 -1
    endloop
  endfacet
  facet normal 0 0 -1
    outer loop
      vertex -56.12759721574662 46.43278657143 -1
      vertex -58.45938800900279 17.903077643524963 -1
      vertex -58.53331184217184 18.258126967604703 -1
    endloop
  endfacet
  facet normal 0 0 -1
    outer loop
      vertex -56.12759721574662 46.43278657143 -1
      vertex -58.675081936581364 18.59193229406161 -1
      vertex -58.87925014700878 18.891665671400126 -1
    endloop
  endfacet
  facet normal 0 0 -1
    outer loop
      vertex -58.93238101578517 42.81688108458369 -1
      vertex -56.12759721574662 46.43278657143 -1
      vertex -58.87925014700878 18.891665671400126 -1
    endloop
  endfacet
  facet normal 0 0 -1
    outer loop
      vertex -53.10130343175754 -49.865443062801226 -1
      vertex -53.10130343175754 49.865443062801226 -1
      vertex -52.84442901142857 0 -1
    endloop
  endfacet
  facet normal 0 0 -1
    outer loop
      vertex -53.10130343175754 49.865443062801226 -1
      vertex -52.7401526019361 3.318129151857515 -1
      vertex -52.84442901142857 0 -1
    endloop
  endfacet
  facet normal 0 0 -1
    outer loop
      vertex -53.10130343175754 49.865443062801226 -1
      vertex -52.427734904807586 6.623163163861663 -1
      vertex -52.7401526019361 3.318129151857515 -1
    endloop
  endfacet
  facet normal 0 0 -1
    outer loop
      vertex -53.10130343175754 49.865443062801226 -1
      vertex -51.908408889963525 9.9020585766935 -1
      vertex -52.427734904807586 6.623163163861663 -1
    endloop
  endfacet
  facet normal 0 0 -1
    outer loop
      vertex -53.10130343175754 49.865443062801226 -1
      vertex -51.18422409992703 13.141875088143355 -1
      vertex -51.908408889963525 9.9020585766935 -1
    endloop
  endfacet
  facet normal 0 0 -1
    outer loop
      vertex -49.865443062801226 53.10130343175754 -1
      vertex -50.258038561215805 16.32982662257193 -1
      vertex -51.18422409992703 13.141875088143355 -1
    endloop
  endfacet
  facet normal 0 0 -1
    outer loop
      vertex -49.865443062801226 53.10130343175754 -1
      vertex -49.13350750501723 19.453331791709356 -1
      vertex -50.258038561215805 16.32982662257193 -1
    endloop
  endfacet
  facet normal 0 0 -1
    outer loop
      vertex -49.865443062801226 53.10130343175754 -1
      vertex -47.815068941660726 22.500063547646818 -1
      vertex -49.13350750501723 19.453331791709356 -1
    endloop
  endfacet
  facet normal 0 0 -1
    outer loop
      vertex -46.43278657143 56.12759721574662 -1
      vertex -46.3079261458186 25.457997832062993 -1
      vertex -47.815068941660726 22.500063547646818 -1
    endloop
  endfacet
  facet normal 0 0 -1
    outer loop
      vertex -44.61802712155799 28.315461029688887 -1
      vertex -42.7619712486652 46.579199545548505 -1
      vertex -42.75204112828622 31.06117603873423 -1
    endloop
  endfacet
  facet normal -0.9995065603657315 0.03141075907812985 0
    outer loop
      vertex -72.84442901142857 0 -1
      vertex -72.70068717050152 4.573939542443781 1
      vertex -72.70068717050152 4.573939542443781 -1
    endloop
  endfacet
  facet normal -0.9955619646030801 0.09410831331851266 0
    outer loop
      vertex -72.70068717050152 4.573939542443781 -1
      vertex -72.27002893109714 9.129827835147744 1
      vertex -72.27002893109714 9.129827835147744 -1
    endloop
  endfacet
  facet normal -0.9876883405951378 0.15643446504023056 0
    outer loop
      vertex -72.27002893109714 9.129827835147744 -1
      vertex -71.5541539045373 13.649684868407997 1
      vertex -71.5541539045373 13.649684868407997 -1
    endloop
  endfacet
  facet normal -0.975916761938747 0.2181432413965447 0
    outer loop
      vertex -71.5541539045373 13.649684868407997 -1
      vertex -70.55588732249964 18.115672831440452 1
      vertex -70.55588732249964 18.115672831440452 -1
    endloop
  endfacet
  facet normal -0.9602936856769432 0.2789911060392289 0
    outer loop
      vertex -70.55588732249964 18.115672831440452 -1
      vertex -69.27916888711887 22.510166510070878 1
      vertex -69.27916888711887 22.510166510070878 -1
    endloop
  endfacet
  facet normal -0.9408807689542259 0.3387379202452902 0
    outer loop
      vertex -69.27916888711887 22.510166510070878 -1
      vertex -67.72903722278225 26.815822845402913 1
      vertex -67.72903722278225 26.815822845402913 -1
    endloop
  endfacet
  facet normal -0.9177546256839809 0.3971478906347811 0
    outer loop
      vertex -67.72903722278225 26.815822845402913 -1
      vertex -65.91160999098112 31.015649378948268 1
      vertex -65.91160999098112 31.015649378948268 -1
    endloop
  endfacet
  facet normal -0.8910065241883678 0.4539904997395469 0
    outer loop
      vertex -65.91160999098112 31.015649378948268 -1
      vertex -63.834059746695864 35.0930713140973 1
      vertex -63.834059746695864 35.0930713140973 -1
    endloop
  endfacet
  facet normal 0 0 -1
    outer loop
      vertex -53.10130343175754 49.865443062801226 -1
      vertex -49.865443062801226 53.10130343175754 -1
      vertex -51.18422409992703 13.141875088143355 -1
    endloop
  endfacet
  facet normal 0 0 -1
    outer loop
      vertex -46.43278657143 56.12759721574662 -1
      vertex -44.61802712155799 28.315461029688887 -1
      vertex -46.3079261458186 25.457997832062993 -1
    endloop
  endfacet
  facet normal 0 0 -1
    outer loop
      vertex -49.865443062801226 53.10130343175754 -1
      vertex -46.43278657143 56.12759721574662 -1
      vertex -47.815068941660726 22.500063547646818 -1
    endloop
  endfacet
  facet normal 0 0 -1
    outer loop
      vertex -44.61802712155799 28.315461029688887 -1
      vertex -42.909676852945516 46.91042123883576 -1
      vertex -42.7619712486652 46.579199545548505 -1
    endloop
  endfacet
  facet normal 0 0 -1
    outer loop
      vertex -44.61802712155799 28.315461029688887 -1
      vertex -42.98992618865459 47.26409453406476 -1
      vertex -42.909676852945516 46.91042123883576 -1
    endloop
  endfacet
  facet normal 0 0 -1
    outer loop
      vertex -42.7619712486652 46.579199545548505 -1
      vertex -40.717332360230834 33.684306776456204 -1
      vertex -42.75204112828622 31.06117603873423 -1
    endloop
  endfacet
  facet normal 0 0 -1
    outer loop
      vertex -44.61802712155799 28.315461029688887 -1
      vertex -42.99963531882545 47.62662796484213 -1
      vertex -42.98992618865459 47.26409453406476 -1
    endloop
  endfacet
  facet normal 0 0 -1
    outer loop
      vertex -42.81688108458369 58.93238101578517 -1
      vertex -42.99963531882545 47.62662796484213 -1
      vertex -44.61802712155799 28.315461029688887 -1
    endloop
  endfacet
  facet normal 0 0 -1
    outer loop
      vertex -40.717332360230834 33.684306776456204 -1
      vertex -42.552485619351856 46.283158118124774 -1
      vertex -42.28927038025911 46.0336736625985 -1
    endloop
  endfacet
  facet normal 0 0 -1
    outer loop
      vertex -40.717332360230834 33.684306776456204 -1
      vertex -42.28927038025911 46.0336736625985 -1
      vertex -41.98244074541249 45.840333726683085 -1
    endloop
  endfacet
  facet normal 0 0 -1
    outer loop
      vertex -40.717332360230834 33.684306776456204 -1
      vertex -41.98244074541249 45.840333726683085 -1
      vertex -41.64378800560712 45.71056825568945 -1
    endloop
  endfacet
  facet normal 0 0 -1
    outer loop
      vertex -40.717332360230834 33.684306776456204 -1
      vertex -41.64378800560712 45.71056825568945 -1
      vertex -41.28632639571506 45.64936406389458 -1
    endloop
  endfacet
  facet normal 0 0 -1
    outer loop
      vertex -40.717332360230834 33.684306776456204 -1
      vertex -41.28632639571506 45.64936406389458 -1
      vertex -40.92379296493768 45.65907319406544 -1
    endloop
  endfacet
  facet normal 0 0 -1
    outer loop
      vertex -40.717332360230834 33.684306776456204 -1
      vertex -42.7619712486652 46.579199545548505 -1
      vertex -42.552485619351856 46.283158118124774 -1
    endloop
  endfacet
  facet normal 0 0 -1
    outer loop
      vertex -40.717332360230834 33.684306776456204 -1
      vertex -39.37026668656238 47.005211377112914 -1
      vertex -38.52193088332931 36.174500944227454 -1
    endloop
  endfacet
  facet normal 0 0 -1
    outer loop
      vertex -40.717332360230834 33.684306776456204 -1
      vertex -40.92379296493768 45.65907319406544 -1
      vertex -40.57011966970868 45.73932252977451 -1
    endloop
  endfacet
  facet normal 0 0 -1
    outer loop
      vertex -40.717332360230834 33.684306776456204 -1
      vertex -40.57011966970868 45.73932252977451 -1
      vertex -40.238897976421434 45.88702813405483 -1
    endloop
  endfacet
  facet normal 0 0 -1
    outer loop
      vertex -40.717332360230834 33.684306776456204 -1
      vertex -40.238897976421434 45.88702813405483 -1
      vertex -39.942856548997696 46.09651376336817 -1
    endloop
  endfacet
  facet normal 0 0 -1
    outer loop
      vertex -40.717332360230834 33.684306776456204 -1
      vertex -39.942856548997696 46.09651376336817 -1
      vertex -39.69337209347143 46.35972900246091 -1
    endloop
  endfacet
  facet normal 0 0 -1
    outer loop
      vertex -40.717332360230834 33.684306776456204 -1
      vertex -39.69337209347143 46.35972900246091 -1
      vertex -39.500032157556014 46.66655863730753 -1
    endloop
  endfacet
  facet normal 0 0 -1
    outer loop
      vertex -40.717332360230834 33.684306776456204 -1
      vertex -39.500032157556014 46.66655863730753 -1
      vertex -39.37026668656238 47.005211377112914 -1
    endloop
  endfacet
  facet normal 0 0 -1
    outer loop
      vertex -38.52193088332931 36.174500944227454 -1
      vertex -39.37026668656238 47.005211377112914 -1
      vertex -39.30906249476751 47.36267298700497 -1
    endloop
  endfacet
  facet normal 0 0 -1
    outer loop
      vertex -39.03199692926882 61.50458563159828 -1
      vertex -36.174500944227454 38.52193088332931 -1
      vertex -38.52193088332931 36.174500944227454 -1
    endloop
  endfacet
  facet normal 0 0 -1
    outer loop
      vertex -46.43278657143 56.12759721574662 -1
      vertex -42.81688108458369 58.93238101578517 -1
      vertex -44.61802712155799 28.315461029688887 -1
    endloop
  endfacet
  facet normal 0 0 -1
    outer loop
      vertex -42.81688108458369 58.93238101578517 -1
      vertex -42.938431127030576 47.98408957473419 -1
      vertex -42.99963531882545 47.62662796484213 -1
    endloop
  endfacet
  facet normal 0 0 -1
    outer loop
      vertex -42.81688108458369 58.93238101578517 -1
      vertex -42.80866565603694 48.32274231453957 -1
      vertex -42.938431127030576 47.98408957473419 -1
    endloop
  endfacet
  facet normal 0 0 -1
    outer loop
      vertex -42.81688108458369 58.93238101578517 -1
      vertex -42.615325720121525 48.62957194938619 -1
      vertex -42.80866565603694 48.32274231453957 -1
    endloop
  endfacet
  facet normal 0 0 -1
    outer loop
      vertex -42.81688108458369 58.93238101578517 -1
      vertex -42.36584126459525 48.89278718847893 -1
      vertex -42.615325720121525 48.62957194938619 -1
    endloop
  endfacet
  facet normal 0 0 -1
    outer loop
      vertex -42.81688108458369 58.93238101578517 -1
      vertex -42.06979983717152 49.10227281779227 -1
      vertex -42.36584126459525 48.89278718847893 -1
    endloop
  endfacet
  facet normal 0 0 -1
    outer loop
      vertex -42.81688108458369 58.93238101578517 -1
      vertex -40.01942743333384 48.955627289248596 -1
      vertex -40.32625706818046 49.14896722516402 -1
    endloop
  endfacet
  facet normal 0 0 -1
    outer loop
      vertex -42.81688108458369 58.93238101578517 -1
      vertex -41.738578143884276 49.24997842207259 -1
      vertex -42.06979983717152 49.10227281779227 -1
    endloop
  endfacet
  facet normal 0 0 -1
    outer loop
      vertex -42.81688108458369 58.93238101578517 -1
      vertex -41.384904848655275 49.330227757781664 -1
      vertex -41.738578143884276 49.24997842207259 -1
    endloop
  endfacet
  facet normal 0 0 -1
    outer loop
      vertex -42.81688108458369 58.93238101578517 -1
      vertex -41.0223714178779 49.33993688795252 -1
      vertex -41.384904848655275 49.330227757781664 -1
    endloop
  endfacet
  facet normal 0 0 -1
    outer loop
      vertex -42.81688108458369 58.93238101578517 -1
      vertex -40.664909807985836 49.278732696157654 -1
      vertex -41.0223714178779 49.33993688795252 -1
    endloop
  endfacet
  facet normal 0 0 -1
    outer loop
      vertex -42.81688108458369 58.93238101578517 -1
      vertex -40.32625706818046 49.14896722516402 -1
      vertex -40.664909807985836 49.278732696157654 -1
    endloop
  endfacet
  facet normal 0 0 -1
    outer loop
      vertex -39.03199692926882 61.50458563159828 -1
      vertex -38.52193088332931 36.174500944227454 -1
      vertex -39.30906249476751 47.36267298700497 -1
    endloop
  endfacet
  facet normal 0 0 -1
    outer loop
      vertex -42.81688108458369 58.93238101578517 -1
      vertex -39.7562121942411 48.706142833722325 -1
      vertex -40.01942743333384 48.955627289248596 -1
    endloop
  endfacet
  facet normal 0 0 -1
    outer loop
      vertex -39.03199692926882 61.50458563159828 -1
      vertex -39.30906249476751 47.36267298700497 -1
      vertex -39.318771624938364 47.725206417782346 -1
    endloop
  endfacet
  facet normal 0 0 -1
    outer loop
      vertex -39.03199692926882 61.50458563159828 -1
      vertex -39.54672656492775 48.410101406298594 -1
      vertex -39.7562121942411 48.706142833722325 -1
    endloop
  endfacet
  facet normal 0 0 -1
    outer loop
      vertex -39.03199692926882 61.50458563159828 -1
      vertex -39.399020960647434 48.07887971301135 -1
      vertex -39.54672656492775 48.410101406298594 -1
    endloop
  endfacet
  facet normal 0 0 -1
    outer loop
      vertex -39.03199692926882 61.50458563159828 -1
      vertex -39.318771624938364 47.725206417782346 -1
      vertex -39.399020960647434 48.07887971301135 -1
    endloop
  endfacet
  facet normal 0 0 -1
    outer loop
      vertex -39.03199692926882 61.50458563159828 -1
      vertex -35.09307131409729 63.83405974669587 -1
      vertex -36.174500944227454 38.52193088332931 -1
    endloop
  endfacet
  facet normal 0 0 -1
    outer loop
      vertex -42.81688108458369 58.93238101578517 -1
      vertex -39.03199692926882 61.50458563159828 -1
      vertex -39.7562121942411 48.706142833722325 -1
    endloop
  endfacet
  facet normal -0.8607420270039439 0.509041415750371 0
    outer loop
      vertex -63.834059746695864 35.0930713140973 -1
      vertex -61.50458563159828 39.03199692926882 1
      vertex -61.50458563159828 39.03199692926882 -1
    endloop
  endfacet
  facet normal -0.827080574274562 0.5620833778521303 0
    outer loop
      vertex -61.50458563159828 39.03199692926882 -1
      vertex -58.93238101578517 42.81688108458369 1
      vertex -58.93238101578517 42.81688108458369 -1
    endloop
  endfacet
  facet normal -0.7901550123756913 0.6129070536529754 0
    outer loop
      vertex -58.93238101578517 42.81688108458369 -1
      vertex -56.12759721574662 46.43278657143 1
      vertex -56.12759721574662 46.43278657143 -1
    endloop
  endfacet
  facet normal -0.7501110696304583 0.6613118653236533 0
    outer loop
      vertex -56.12759721574662 46.43278657143 -1
      vertex -53.10130343175754 49.865443062801226 1
      vertex -53.10130343175754 49.865443062801226 -1
    endloop
  endfacet
  facet normal -0.7071067811865476 0.7071067811865476 0
    outer loop
      vertex -53.10130343175754 49.865443062801226 -1
      vertex -49.865443062801226 53.10130343175754 1
      vertex -49.865443062801226 53.10130343175754 -1
    endloop
  endfacet
  facet normal -0.6613118653236533 0.7501110696304583 0
    outer loop
      vertex -49.865443062801226 53.10130343175754 -1
      vertex -49.865443062801226 53.10130343175754 1
      vertex -46.43278657143 56.12759721574662 -1
    endloop
  endfacet
  facet normal -0.6129070536529754 0.7901550123756913 0
    outer loop
      vertex -46.43278657143 56.12759721574662 -1
      vertex -46.43278657143 56.12759721574662 1
      vertex -42.81688108458369 58.93238101578517 -1
    endloop
  endfacet
  facet normal -0.5620833778521303 0.827080574274562 0
    outer loop
      vertex -42.81688108458369 58.93238101578517 -1
      vertex -42.81688108458369 58.93238101578517 1
      vertex -39.03199692926882 61.50458563159828 -1
    endloop
  endfacet
  facet normal -0.5090414157503708 0.860742027003944 0
    outer loop
      vertex -39.03199692926882 61.50458563159828 -1
      vertex -39.03199692926882 61.50458563159828 1
      vertex -35.09307131409729 63.83405974669587 -1
    endloop
  endfacet
  facet normal 0 0 -1
    outer loop
      vertex -35.09307131409729 63.83405974669587 -1
      vertex -33.684306776456204 40.717332360230834 -1
      vertex -36.174500944227454 38.52193088332931 -1
    endloop
  endfacet
  facet normal 0 0 -1
    outer loop
      vertex -31.01564937894829 65.9116099909811 -1
      vertex -31.06117603873423 42.75204112828622 -1
      vertex -33.684306776456204 40.717332360230834 -1
    endloop
  endfacet
  facet normal 0 0 -1
    outer loop
      vertex -31.01564937894829 65.9116099909811 -1
      vertex -28.315461029688887 44.61802712155799 -1
      vertex -31.06117603873423 42.75204112828622 -1
    endloop
  endfacet
  facet normal 0 0 -1
    outer loop
      vertex -26.815822845402913 67.72903722278225 -1
      vertex -25.457997832062986 46.3079261458186 -1
      vertex -28.315461029688887 44.61802712155799 -1
    endloop
  endfacet
  facet normal 0 0 -1
    outer loop
      vertex -22.510166510070878 69.27916888711887 -1
      vertex -22.500063547646835 47.815068941660726 -1
      vertex -25.457997832062986 46.3079261458186 -1
    endloop
  endfacet
  facet normal 0 0 -1
    outer loop
      vertex -35.09307131409729 63.83405974669587 -1
      vertex -31.01564937894829 65.9116099909811 -1
      vertex -33.684306776456204 40.717332360230834 -1
    endloop
  endfacet
  facet normal 0 0 -1
    outer loop
      vertex -31.01564937894829 65.9116099909811 -1
      vertex -26.815822845402913 67.72903722278225 -1
      vertex -28.315461029688887 44.61802712155799 -1
    endloop
  endfacet
  facet normal 0 0 -1
    outer loop
      vertex -26.815822845402913 67.72903722278225 -1
      vertex -22.510166510070878 69.27916888711887 -1
      vertex -25.457997832062986 46.3079261458186 -1
    endloop
  endfacet
  facet normal 0 0 -1
    outer loop
      vertex -22.510166510070878 69.27916888711887 -1
      vertex -19.453331791709356 49.13350750501723 -1
      vertex -22.500063547646835 47.815068941660726 -1
    endloop
  endfacet
  facet normal 0 0 -1
    outer loop
      vertex -22.510166510070878 69.27916888711887 -1
      vertex -18.115672831440452 70.55588732249964 -1
      vertex -19.453331791709356 49.13350750501723 -1
    endloop
  endfacet
  facet normal 0 0 -1
    outer loop
      vertex -16.32982662257193 50.258038561215805 -1
      vertex -10.319984792073932 60.96850862211863 -1
      vertex -13.141875088143355 51.18422409992703 -1
    endloop
  endfacet
  facet normal 0 0 -1
    outer loop
      vertex -9.401211777163711 60.41222932998036 -1
      vertex -9.902058576693488 51.90840888996353 -1
      vertex -13.141875088143355 51.18422409992703 -1
    endloop
  endfacet
  facet normal 0 0 -1
    outer loop
      vertex -18.115672831440452 70.55588732249964 -1
      vertex -16.32982662257193 50.258038561215805 -1
      vertex -19.453331791709356 49.13350750501723 -1
    endloop
  endfacet
  facet normal 0 0 -1
    outer loop
      vertex -16.32982662257193 50.258038561215805 -1
      vertex -10.534721095522658 61.26076377711348 -1
      vertex -10.319984792073932 60.96850862211863 -1
    endloop
  endfacet
  facet normal 0 0 -1
    outer loop
      vertex -16.32982662257193 50.258038561215805 -1
      vertex -10.688315148814548 61.58929630584276 -1
      vertex -10.534721095522658 61.26076377711348 -1
    endloop
  endfacet
  facet normal 0 0 -1
    outer loop
      vertex -13.141875088143355 51.18422409992703 -1
      vertex -10.319984792073932 60.96850862211863 -1
      vertex -10.052358434184404 60.72376204256609 -1
    endloop
  endfacet
  facet normal 0 0 -1
    outer loop
      vertex -13.141875088143355 51.18422409992703 -1
      vertex -10.052358434184404 60.72376204256609 -1
      vertex -9.742126752701173 60.53592951225257 -1
    endloop
  endfacet
  facet normal 0 0 -1
    outer loop
      vertex -13.141875088143355 51.18422409992703 -1
      vertex -9.742126752701173 60.53592951225257 -1
      vertex -9.401211777163711 60.41222932998036 -1
    endloop
  endfacet
  facet normal 0 0 -1
    outer loop
      vertex -9.902058576693488 51.90840888996353 -1
      vertex -9.401211777163711 60.41222932998036 -1
      vertex -9.0427146788946 60.357415224382294 -1
    endloop
  endfacet
  facet normal 0 0 -1
    outer loop
      vertex -9.902058576693488 51.90840888996353 -1
      vertex -9.0427146788946 60.357415224382294 -1
      vertex -8.680412300332835 60.373593670796424 -1
    endloop
  endfacet
  facet normal 0 0 -1
    outer loop
      vertex -13.649684868407979 71.5541539045373 -1
      vertex -10.688315148814548 61.58929630584276 -1
      vertex -16.32982662257193 50.258038561215805 -1
    endloop
  endfacet
  facet normal 0 0 -1
    outer loop
      vertex -18.115672831440452 70.55588732249964 -1
      vertex -13.649684868407979 71.5541539045373 -1
      vertex -16.32982662257193 50.258038561215805 -1
    endloop
  endfacet
  facet normal 0 0 -1
    outer loop
      vertex -13.649684868407979 71.5541539045373 -1
      vertex -10.774864418618137 61.94148088747057 -1
      vertex -10.688315148814548 61.58929630584276 -1
    endloop
  endfacet
  facet normal 0 0 -1
    outer loop
      vertex -13.649684868407979 71.5541539045373 -1
      vertex -10.79104286503226 62.30378326603233 -1
      vertex -10.774864418618137 61.94148088747057 -1
    endloop
  endfacet
  facet normal 0 0 -1
    outer loop
      vertex -13.649684868407979 71.5541539045373 -1
      vertex -10.736228759434201 62.662280364301445 -1
      vertex -10.79104286503226 62.30378326603233 -1
    endloop
  endfacet
  facet normal 0 0 -1
    outer loop
      vertex -13.649684868407979 71.5541539045373 -1
      vertex -10.612528577161987 63.00319533983891 -1
      vertex -10.736228759434201 62.662280364301445 -1
    endloop
  endfacet
  facet normal 0 0 -1
    outer loop
      vertex -13.649684868407979 71.5541539045373 -1
      vertex -10.424696046848478 63.31342702132214 -1
      vertex -10.612528577161987 63.00319533983891 -1
    endloop
  endfacet
  facet normal 0 0 -1
    outer loop
      vertex -13.649684868407979 71.5541539045373 -1
      vertex -10.179949467295929 63.581053379211674 -1
      vertex -10.424696046848478 63.31342702132214 -1
    endloop
  endfacet
  facet normal 0 0 -1
    outer loop
      vertex -13.649684868407979 71.5541539045373 -1
      vertex -9.887694312301075 63.79578968266039 -1
      vertex -10.179949467295929 63.581053379211674 -1
    endloop
  endfacet
  facet normal 0 0 -1
    outer loop
      vertex -13.649684868407979 71.5541539045373 -1
      vertex -9.559161783571795 63.94938373595228 -1
      vertex -9.887694312301075 63.79578968266039 -1
    endloop
  endfacet
  facet normal 0 0 -1
    outer loop
      vertex -9.129827835147761 72.27002893109714 -1
      vertex -9.206977201943989 64.03593300575587 -1
      vertex -9.559161783571795 63.94938373595228 -1
    endloop
  endfacet
  facet normal 0 0 -1
    outer loop
      vertex -13.649684868407979 71.5541539045373 -1
      vertex -9.129827835147761 72.27002893109714 -1
      vertex -9.559161783571795 63.94938373595228 -1
    endloop
  endfacet
  facet normal 0 0 -1
    outer loop
      vertex -6.623163163861675 52.427734904807586 -1
      vertex -9.902058576693488 51.90840888996353 -1
      vertex -8.680412300332835 60.373593670796424 -1
    endloop
  endfacet
  facet normal 0 0 -1
    outer loop
      vertex -6.623163163861675 52.427734904807586 -1
      vertex -8.680412300332835 60.373593670796424 -1
      vertex -8.328227718705028 60.46014294060001 -1
    endloop
  endfacet
  facet normal 0 0 -1
    outer loop
      vertex -6.623163163861675 52.427734904807586 -1
      vertex -8.328227718705028 60.46014294060001 -1
      vertex -7.999695189975748 60.613736993891905 -1
    endloop
  endfacet
  facet normal 0 0 -1
    outer loop
      vertex -6.623163163861675 52.427734904807586 -1
      vertex -7.999695189975748 60.613736993891905 -1
      vertex -7.7074400349808965 60.82847329734063 -1
    endloop
  endfacet
  facet normal 0 0 -1
    outer loop
      vertex -6.623163163861675 52.427734904807586 -1
      vertex -7.7074400349808965 60.82847329734063 -1
      vertex -7.4626934554283455 61.096099655230155 -1
    endloop
  endfacet
  facet normal 0 0 -1
    outer loop
      vertex -6.623163163861675 52.427734904807586 -1
      vertex -7.4626934554283455 61.096099655230155 -1
      vertex -7.274860925114837 61.406331336713386 -1
    endloop
  endfacet
  facet normal 0 0 -1
    outer loop
      vertex -6.623163163861675 52.427734904807586 -1
      vertex -7.274860925114837 61.406331336713386 -1
      vertex -7.151160742842622 61.74724631225085 -1
    endloop
  endfacet
  facet normal 0 0 -1
    outer loop
      vertex -4.573939542443781 72.70068717050152 -1
      vertex -3.318129151857515 52.7401526019361 -1
      vertex -6.623163163861675 52.427734904807586 -1
    endloop
  endfacet
  facet normal 0 0 -1
    outer loop
      vertex -4.573939542443781 72.70068717050152 -1
      vertex -6.623163163861675 52.427734904807586 -1
      vertex -7.151160742842622 61.74724631225085 -1
    endloop
  endfacet
  facet normal 0 0 -1
    outer loop
      vertex 0 72.84442901142857 -1
      vertex 0 52.84442901142857 -1
      vertex -3.318129151857515 52.7401526019361 -1
    endloop
  endfacet
  facet normal 0 0 -1
    outer loop
      vertex -9.129827835147761 72.27002893109714 -1
      vertex -8.844674823382224 64.05211145217 -1
      vertex -9.206977201943989 64.03593300575587 -1
    endloop
  endfacet
  facet normal 0 0 -1
    outer loop
      vertex -4.573939542443781 72.70068717050152 -1
      vertex -8.486177725113112 63.99729734657193 -1
      vertex -8.844674823382224 64.05211145217 -1
    endloop
  endfacet
  facet normal 0 0 -1
    outer loop
      vertex -4.573939542443781 72.70068717050152 -1
      vertex -8.145262749575652 63.87359716429973 -1
      vertex -8.486177725113112 63.99729734657193 -1
    endloop
  endfacet
  facet normal 0 0 -1
    outer loop
      vertex -4.573939542443781 72.70068717050152 -1
      vertex -7.83503106809242 63.68576463398621 -1
      vertex -8.145262749575652 63.87359716429973 -1
    endloop
  endfacet
  facet normal 0 0 -1
    outer loop
      vertex -4.573939542443781 72.70068717050152 -1
      vertex -7.151160742842622 61.74724631225085 -1
      vertex -7.0963466372445625 62.105743410519956 -1
    endloop
  endfacet
  facet normal 0 0 -1
    outer loop
      vertex -4.573939542443781 72.70068717050152 -1
      vertex -7.0963466372445625 62.105743410519956 -1
      vertex -7.112525083658685 62.46804578908172 -1
    endloop
  endfacet
  facet normal 0 0 -1
    outer loop
      vertex -4.573939542443781 72.70068717050152 -1
      vertex -7.112525083658685 62.46804578908172 -1
      vertex -7.199074353462275 62.82023037070953 -1
    endloop
  endfacet
  facet normal 0 0 -1
    outer loop
      vertex -4.573939542443781 72.70068717050152 -1
      vertex -7.199074353462275 62.82023037070953 -1
      vertex -7.352668406754166 63.148762899438815 -1
    endloop
  endfacet
  facet normal 0 0 -1
    outer loop
      vertex -4.573939542443781 72.70068717050152 -1
      vertex -7.352668406754166 63.148762899438815 -1
      vertex -7.567404710202892 63.44101805443367 -1
    endloop
  endfacet
  facet normal 0 0 -1
    outer loop
      vertex -4.573939542443781 72.70068717050152 -1
      vertex -7.567404710202892 63.44101805443367 -1
      vertex -7.83503106809242 63.68576463398621 -1
    endloop
  endfacet
  facet normal 0 0 -1
    outer loop
      vertex -9.129827835147761 72.27002893109714 -1
      vertex -4.573939542443781 72.70068717050152 -1
      vertex -8.844674823382224 64.05211145217 -1
    endloop
  endfacet
  facet normal 0 0 -1
    outer loop
      vertex -4.573939542443781 72.70068717050152 -1
      vertex 0 72.84442901142857 -1
      vertex -3.318129151857515 52.7401526019361 -1
    endloop
  endfacet
  facet normal -0.4539904997395464 0.8910065241883681 0
    outer loop
      vertex -35.09307131409729 63.83405974669587 -1
      vertex -35.09307131409729 63.83405974669587 1
      vertex -31.01564937894829 65.9116099909811 -1
    endloop
  endfacet
  facet normal -0.39714789063478206 0.9177546256839806 0
    outer loop
      vertex -31.01564937894829 65.9116099909811 -1
      vertex -31.01564937894829 65.9116099909811 1
      vertex -26.815822845402913 67.72903722278225 -1
    endloop
  endfacet
  facet normal -0.3387379202452902 0.9408807689542259 0
    outer loop
      vertex -26.815822845402913 67.72903722278225 -1
      vertex -26.815822845402913 67.72903722278225 1
      vertex -22.510166510070878 69.27916888711887 -1
    endloop
  endfacet
  facet normal -0.2789911060392289 0.9602936856769432 0
    outer loop
      vertex -22.510166510070878 69.27916888711887 -1
      vertex -22.510166510070878 69.27916888711887 1
      vertex -18.115672831440452 70.55588732249964 -1
    endloop
  endfacet
  facet normal -0.21814324139654384 0.9759167619387471 0
    outer loop
      vertex -18.115672831440452 70.55588732249964 -1
      vertex -18.115672831440452 70.55588732249964 1
      vertex -13.649684868407979 71.5541539045373 -1
    endloop
  endfacet
  facet normal -0.15643446504023178 0.9876883405951377 0
    outer loop
      vertex -13.649684868407979 71.5541539045373 -1
      vertex -13.649684868407979 71.5541539045373 1
      vertex -9.129827835147761 72.27002893109714 -1
    endloop
  endfacet
  facet normal -0.0941083133185123 0.9955619646030801 0
    outer loop
      vertex -9.129827835147761 72.27002893109714 -1
      vertex -9.129827835147761 72.27002893109714 1
      vertex -4.573939542443781 72.70068717050152 -1
    endloop
  endfacet
  facet normal -0.03141075907812985 0.9995065603657315 0
    outer loop
      vertex -4.573939542443781 72.70068717050152 -1
      vertex -4.573939542443781 72.70068717050152 1
      vertex 0 72.84442901142857 -1
    endloop
  endfacet
  facet normal -0.9995065603657315 0.03141075907812985 0
    outer loop
      vertex -72.84442901142857 0 -1
      vertex -72.84442901142857 0 1
      vertex -72.70068717050152 4.573939542443781 1
    endloop
  endfacet
  facet normal -0.9955619646030801 0.09410831331851266 0
    outer loop
      vertex -72.70068717050152 4.573939542443781 -1
      vertex -72.70068717050152 4.573939542443781 1
      vertex -72.27002893109714 9.129827835147744 1
    endloop
  endfacet
  facet normal -0.9876883405951378 0.15643446504023056 0
    outer loop
      vertex -72.27002893109714 9.129827835147744 -1
      vertex -72.27002893109714 9.129827835147744 1
      vertex -71.5541539045373 13.649684868407997 1
    endloop
  endfacet
  facet normal -0.975916761938747 0.2181432413965447 0
    outer loop
      vertex -71.5541539045373 13.649684868407997 -1
      vertex -71.5541539045373 13.649684868407997 1
      vertex -70.55588732249964 18.115672831440452 1
    endloop
  endfacet
  facet normal -0.9602936856769432 0.2789911060392289 0
    outer loop
      vertex -70.55588732249964 18.115672831440452 -1
      vertex -70.55588732249964 18.115672831440452 1
      vertex -69.27916888711887 22.510166510070878 1
    endloop
  endfacet
  facet normal -0.9408807689542259 0.3387379202452902 0
    outer loop
      vertex -69.27916888711887 22.510166510070878 -1
      vertex -69.27916888711887 22.510166510070878 1
      vertex -67.72903722278225 26.815822845402913 1
    endloop
  endfacet
  facet normal -0.9177546256839809 0.3971478906347811 0
    outer loop
      vertex -67.72903722278225 26.815822845402913 -1
      vertex -67.72903722278225 26.815822845402913 1
      vertex -65.91160999098112 31.015649378948268 1
    endloop
  endfacet
  facet normal -0.8910065241883678 0.4539904997395469 0
    outer loop
      vertex -65.91160999098112 31.015649378948268 -1
      vertex -65.91160999098112 31.015649378948268 1
      vertex -63.834059746695864 35.0930713140973 1
    endloop
  endfacet
  facet normal -0.8607420270039439 0.509041415750371 0
    outer loop
      vertex -63.834059746695864 35.0930713140973 -1
      vertex -63.834059746695864 35.0930713140973 1
      vertex -61.50458563159828 39.03199692926882 1
    endloop
  endfacet
  facet normal 0 0 1
    outer loop
      vertex -72.70068717050152 -4.573939542443781 1
      vertex -72.70068717050152 4.573939542443781 1
      vertex -72.84442901142857 0 1
    endloop
  endfacet
  facet normal 0 0 1
    outer loop
      vertex -72.27002893109714 -9.129827835147744 1
      vertex -72.27002893109714 9.129827835147744 1
      vertex -72.70068717050152 4.573939542443781 1
    endloop
  endfacet
  facet normal 0 0 1
    outer loop
      vertex -71.5541539045373 -13.649684868407997 1
      vertex -71.5541539045373 13.649684868407997 1
      vertex -72.27002893109714 9.129827835147744 1
    endloop
  endfacet
  facet normal 0 0 1
    outer loop
      vertex -70.55588732249964 -18.115672831440452 1
      vertex -70.55588732249964 18.115672831440452 1
      vertex -71.5541539045373 13.649684868407997 1
    endloop
  endfacet
  facet normal 0 0 1
    outer loop
      vertex -69.27916888711887 -22.510166510070878 1
      vertex -69.27916888711887 22.510166510070878 1
      vertex -70.55588732249964 18.115672831440452 1
    endloop
  endfacet
  facet normal 0 0 1
    outer loop
      vertex -67.72903722278225 -26.815822845402913 1
      vertex -67.72903722278225 26.815822845402913 1
      vertex -69.27916888711887 22.510166510070878 1
    endloop
  endfacet
  facet normal 0 0 1
    outer loop
      vertex -65.91160999098112 -31.015649378948268 1
      vertex -65.91160999098112 31.015649378948268 1
      vertex -67.72903722278225 26.815822845402913 1
    endloop
  endfacet
  facet normal 0 0 1
    outer loop
      vertex -63.834059746695864 -35.0930713140973 1
      vertex -63.834059746695864 35.0930713140973 1
      vertex -65.91160999098112 31.015649378948268 1
    endloop
  endfacet
  facet normal 0 0 1
    outer loop
      vertex -61.718325987552795 -16.51897766585888 1
      vertex -61.718325987552795 16.51897766585888 1
      vertex -61.922494197980214 16.818711043197396 1
    endloop
  endfacet
  facet normal 0 0 1
    outer loop
      vertex -61.718325987552795 16.51897766585888 1
      vertex -61.459605730935365 -16.264834823237457 1
      vertex -61.459605730935365 16.264834823237457 1
    endloop
  endfacet
  facet normal 0 0 1
    outer loop
      vertex -62.064264292389744 -17.152516369654304 1
      vertex -62.064264292389744 17.152516369654304 1
      vertex -62.1381881255588 17.507565693734044 1
    endloop
  endfacet
  facet normal 0 0 1
    outer loop
      vertex -62.1381881255588 -17.507565693734044 1
      vertex -62.1381881255588 17.507565693734044 1
      vertex -62.141424846035676 17.87021466902619 1
    endloop
  endfacet
  facet normal 0 0 1
    outer loop
      vertex -61.922494197980214 -16.818711043197396 1
      vertex -61.922494197980214 16.818711043197396 1
      vertex -62.064264292389744 17.152516369654304 1
    endloop
  endfacet
  facet normal 0 0 1
    outer loop
      vertex -61.15627590249774 -16.066049082250117 1
      vertex -61.15627590249774 16.066049082250117 1
      vertex -61.459605730935365 16.264834823237457 1
    endloop
  endfacet
  facet normal 0 0 1
    outer loop
      vertex -60.819993297437435 -15.930259667442682 1
      vertex -60.819993297437435 15.930259667442682 1
      vertex -61.15627590249774 16.066049082250117 1
    endloop
  endfacet
  facet normal 0 0 1
    outer loop
      vertex -59.74598276830559 -15.939845443520554 1
      vertex -60.46368106767748 15.862684889874618 1
      vertex -60.819993297437435 15.930259667442682 1
    endloop
  endfacet
  facet normal 0 0 1
    outer loop
      vertex -59.74598276830559 -15.939845443520554 1
      vertex -60.101032092385324 15.86592161035149 1
      vertex -60.46368106767748 15.862684889874618 1
    endloop
  endfacet
  facet normal 0 0 1
    outer loop
      vertex -59.74598276830559 -15.939845443520554 1
      vertex -59.74598276830559 15.939845443520554 1
      vertex -60.101032092385324 15.86592161035149 1
    endloop
  endfacet
  facet normal 0 0 1
    outer loop
      vertex -59.412177441848684 -16.08161553793008 1
      vertex -59.412177441848684 16.08161553793008 1
      vertex -59.74598276830559 15.939845443520554 1
    endloop
  endfacet
  facet normal 0 0 1
    outer loop
      vertex -59.11244406451017 -16.285783748357495 1
      vertex -59.11244406451017 16.285783748357495 1
      vertex -59.412177441848684 16.08161553793008 1
    endloop
  endfacet
  facet normal 0 0 1
    outer loop
      vertex -58.858301221888745 -16.54450400497493 1
      vertex -58.858301221888745 16.54450400497493 1
      vertex -59.11244406451017 16.285783748357495 1
    endloop
  endfacet
  facet normal 0 0 1
    outer loop
      vertex -58.659515480901405 -16.847833833412555 1
      vertex -58.659515480901405 16.847833833412555 1
      vertex -58.858301221888745 16.54450400497493 1
    endloop
  endfacet
  facet normal 0 0 1
    outer loop
      vertex -58.52372606609397 -17.184116438472856 1
      vertex -58.52372606609397 17.184116438472856 1
      vertex -58.659515480901405 16.847833833412555 1
    endloop
  endfacet
  facet normal 0 0 1
    outer loop
      vertex -58.4561512885259 -17.540428668232817 1
      vertex -58.4561512885259 17.540428668232817 1
      vertex -58.52372606609397 17.184116438472856 1
    endloop
  endfacet
  facet normal 0 0 1
    outer loop
      vertex -56.12759721574662 -46.43278657143 1
      vertex -58.93238101578517 42.81688108458369 1
      vertex -58.45938800900279 17.903077643524963 1
    endloop
  endfacet
  facet normal 0 0 1
    outer loop
      vertex -63.834059746695864 35.0930713140973 1
      vertex -62.141424846035676 -17.87021466902619 1
      vertex -62.141424846035676 17.87021466902619 1
    endloop
  endfacet
  facet normal 0 0 1
    outer loop
      vertex -56.12759721574662 -46.43278657143 1
      vertex -56.12759721574662 46.43278657143 1
      vertex -58.93238101578517 42.81688108458369 1
    endloop
  endfacet
  facet normal 0 0 1
    outer loop
      vertex -63.834059746695864 35.0930713140973 1
      vertex -62.141424846035676 17.87021466902619 1
      vertex -62.07385006846761 18.226526898786148 1
    endloop
  endfacet
  facet normal 0 0 1
    outer loop
      vertex -63.834059746695864 35.0930713140973 1
      vertex -62.07385006846761 18.226526898786148 1
      vertex -61.93806065366017 18.562809503846452 1
    endloop
  endfacet
  facet normal 0 0 1
    outer loop
      vertex -63.834059746695864 35.0930713140973 1
      vertex -61.93806065366017 18.562809503846452 1
      vertex -61.73927491267284 18.866139332284078 1
    endloop
  endfacet
  facet normal 0 0 1
    outer loop
      vertex -63.834059746695864 35.0930713140973 1
      vertex -61.73927491267284 18.866139332284078 1
      vertex -61.485132070051414 19.12485958890151 1
    endloop
  endfacet
  facet normal 0 0 1
    outer loop
      vertex -61.50458563159828 39.03199692926882 1
      vertex -61.485132070051414 19.12485958890151 1
      vertex -61.185398692712894 19.329027799328927 1
    endloop
  endfacet
  facet normal 0 0 1
    outer loop
      vertex -61.50458563159828 39.03199692926882 1
      vertex -61.185398692712894 19.329027799328927 1
      vertex -60.85159336625599 19.470797893738453 1
    endloop
  endfacet
  facet normal 0 0 1
    outer loop
      vertex -61.50458563159828 39.03199692926882 1
      vertex -60.85159336625599 19.470797893738453 1
      vertex -60.496544042176254 19.54472172690751 1
    endloop
  endfacet
  facet normal 0 0 1
    outer loop
      vertex -61.50458563159828 39.03199692926882 1
      vertex -60.496544042176254 19.54472172690751 1
      vertex -60.13389506688411 19.54795844738439 1
    endloop
  endfacet
  facet normal 0 0 1
    outer loop
      vertex -61.50458563159828 39.03199692926882 1
      vertex -60.13389506688411 19.54795844738439 1
      vertex -59.77758283712414 19.480383669816323 1
    endloop
  endfacet
  facet normal 0 0 1
    outer loop
      vertex -61.50458563159828 39.03199692926882 1
      vertex -59.77758283712414 19.480383669816323 1
      vertex -59.441300232063845 19.34459425500889 1
    endloop
  endfacet
  facet normal 0 0 1
    outer loop
      vertex -61.50458563159828 39.03199692926882 1
      vertex -59.441300232063845 19.34459425500889 1
      vertex -59.13797040362621 19.145808514021546 1
    endloop
  endfacet
  facet normal 0 0 1
    outer loop
      vertex -61.50458563159828 39.03199692926882 1
      vertex -59.13797040362621 19.145808514021546 1
      vertex -58.87925014700878 18.891665671400126 1
    endloop
  endfacet
  facet normal 0 0 1
    outer loop
      vertex -58.93238101578517 42.81688108458369 1
      vertex -58.53331184217184 18.258126967604703 1
      vertex -58.45938800900279 17.903077643524963 1
    endloop
  endfacet
  facet normal 0 0 1
    outer loop
      vertex -58.93238101578517 42.81688108458369 1
      vertex -58.675081936581364 18.59193229406161 1
      vertex -58.53331184217184 18.258126967604703 1
    endloop
  endfacet
  facet normal 0 0 1
    outer loop
      vertex -58.93238101578517 42.81688108458369 1
      vertex -58.87925014700878 18.891665671400126 1
      vertex -58.675081936581364 18.59193229406161 1
    endloop
  endfacet
  facet normal 0 0 1
    outer loop
      vertex -63.834059746695864 35.0930713140973 1
      vertex -61.485132070051414 19.12485958890151 1
      vertex -61.50458563159828 39.03199692926882 1
    endloop
  endfacet
  facet normal 0 0 1
    outer loop
      vertex -61.50458563159828 39.03199692926882 1
      vertex -58.87925014700878 18.891665671400126 1
      vertex -58.93238101578517 42.81688108458369 1
    endloop
  endfacet
  facet normal 0 0 1
    outer loop
      vertex -53.10130343175754 -49.865443062801226 1
      vertex -52.84442901142857 0 1
      vertex -53.10130343175754 49.865443062801226 1
    endloop
  endfacet
  facet normal 0 0 1
    outer loop
      vertex -53.10130343175754 -49.865443062801226 1
      vertex -53.10130343175754 49.865443062801226 1
      vertex -56.12759721574662 46.43278657143 1
    endloop
  endfacet
  facet normal 0 0 1
    outer loop
      vertex -53.10130343175754 49.865443062801226 1
      vertex -52.84442901142857 0 1
      vertex -52.7401526019361 3.318129151857515 1
    endloop
  endfacet
  facet normal 0 0 1
    outer loop
      vertex -53.10130343175754 49.865443062801226 1
      vertex -52.7401526019361 3.318129151857515 1
      vertex -52.427734904807586 6.623163163861663 1
    endloop
  endfacet
  facet normal 0 0 1
    outer loop
      vertex -53.10130343175754 49.865443062801226 1
      vertex -52.427734904807586 6.623163163861663 1
      vertex -51.908408889963525 9.9020585766935 1
    endloop
  endfacet
  facet normal 0 0 1
    outer loop
      vertex -53.10130343175754 49.865443062801226 1
      vertex -51.908408889963525 9.9020585766935 1
      vertex -51.18422409992703 13.141875088143355 1
    endloop
  endfacet
  facet normal 0 0 1
    outer loop
      vertex -53.10130343175754 49.865443062801226 1
      vertex -51.18422409992703 13.141875088143355 1
      vertex -50.258038561215805 16.32982662257193 1
    endloop
  endfacet
  facet normal 0 0 1
    outer loop
      vertex -53.10130343175754 49.865443062801226 1
      vertex -50.258038561215805 16.32982662257193 1
      vertex -49.13350750501723 19.453331791709356 1
    endloop
  endfacet
  facet normal 0 0 1
    outer loop
      vertex -49.865443062801226 53.10130343175754 1
      vertex -49.13350750501723 19.453331791709356 1
      vertex -47.815068941660726 22.500063547646818 1
    endloop
  endfacet
  facet normal 0 0 1
    outer loop
      vertex -49.865443062801226 53.10130343175754 1
      vertex -47.815068941660726 22.500063547646818 1
      vertex -46.3079261458186 25.457997832062993 1
    endloop
  endfacet
  facet normal 0 0 1
    outer loop
      vertex -42.909676852945516 46.91042123883576 1
      vertex -44.61802712155799 28.315461029688887 1
      vertex -42.75204112828622 31.06117603873423 1
    endloop
  endfacet
  facet normal -0.827080574274562 0.5620833778521303 0
    outer loop
      vertex -61.50458563159828 39.03199692926882 -1
      vertex -61.50458563159828 39.03199692926882 1
      vertex -58.93238101578517 42.81688108458369 1
    endloop
  endfacet
  facet normal -0.7901550123756913 0.6129070536529754 0
    outer loop
      vertex -58.93238101578517 42.81688108458369 -1
      vertex -58.93238101578517 42.81688108458369 1
      vertex -56.12759721574662 46.43278657143 1
    endloop
  endfacet
  facet normal -0.7501110696304583 0.6613118653236533 0
    outer loop
      vertex -56.12759721574662 46.43278657143 -1
      vertex -56.12759721574662 46.43278657143 1
      vertex -53.10130343175754 49.865443062801226 1
    endloop
  endfacet
  facet normal -0.7071067811865476 0.7071067811865476 0
    outer loop
      vertex -53.10130343175754 49.865443062801226 -1
      vertex -53.10130343175754 49.865443062801226 1
      vertex -49.865443062801226 53.10130343175754 1
    endloop
  endfacet
  facet normal -0.6613118653236533 0.7501110696304583 0
    outer loop
      vertex -46.43278657143 56.12759721574662 -1
      vertex -49.865443062801226 53.10130343175754 1
      vertex -46.43278657143 56.12759721574662 1
    endloop
  endfacet
  facet normal -0.6129070536529754 0.7901550123756913 0
    outer loop
      vertex -42.81688108458369 58.93238101578517 -1
      vertex -46.43278657143 56.12759721574662 1
      vertex -42.81688108458369 58.93238101578517 1
    endloop
  endfacet
  facet normal -0.5620833778521303 0.827080574274562 0
    outer loop
      vertex -39.03199692926882 61.50458563159828 -1
      vertex -42.81688108458369 58.93238101578517 1
      vertex -39.03199692926882 61.50458563159828 1
    endloop
  endfacet
  facet normal 0 0 1
    outer loop
      vertex -53.10130343175754 49.865443062801226 1
      vertex -49.13350750501723 19.453331791709356 1
      vertex -49.865443062801226 53.10130343175754 1
    endloop
  endfacet
  facet normal 0 0 1
    outer loop
      vertex -46.43278657143 56.12759721574662 1
      vertex -46.3079261458186 25.457997832062993 1
      vertex -44.61802712155799 28.315461029688887 1
    endloop
  endfacet
  facet normal 0 0 1
    outer loop
      vertex -49.865443062801226 53.10130343175754 1
      vertex -46.3079261458186 25.457997832062993 1
      vertex -46.43278657143 56.12759721574662 1
    endloop
  endfacet
  facet normal 0 0 1
    outer loop
      vertex -44.61802712155799 28.315461029688887 1
      vertex -42.909676852945516 46.91042123883576 1
      vertex -42.98992618865459 47.26409453406476 1
    endloop
  endfacet
  facet normal 0 0 1
    outer loop
      vertex -40.717332360230834 33.684306776456204 1
      vertex -42.909676852945516 46.91042123883576 1
      vertex -42.75204112828622 31.06117603873423 1
    endloop
  endfacet
  facet normal 0 0 1
    outer loop
      vertex -44.61802712155799 28.315461029688887 1
      vertex -42.98992618865459 47.26409453406476 1
      vertex -42.99963531882545 47.62662796484213 1
    endloop
  endfacet
  facet normal 0 0 1
    outer loop
      vertex -46.43278657143 56.12759721574662 1
      vertex -44.61802712155799 28.315461029688887 1
      vertex -42.99963531882545 47.62662796484213 1
    endloop
  endfacet
  facet normal 0 0 1
    outer loop
      vertex -40.717332360230834 33.684306776456204 1
      vertex -42.7619712486652 46.579199545548505 1
      vertex -42.909676852945516 46.91042123883576 1
    endloop
  endfacet
  facet normal 0 0 1
    outer loop
      vertex -40.717332360230834 33.684306776456204 1
      vertex -42.552485619351856 46.283158118124774 1
      vertex -42.7619712486652 46.579199545548505 1
    endloop
  endfacet
  facet normal 0 0 1
    outer loop
      vertex -42.552485619351856 46.283158118124774 1
      vertex -38.52193088332931 36.174500944227454 1
      vertex -42.28927038025911 46.0336736625985 1
    endloop
  endfacet
  facet normal 0 0 1
    outer loop
      vertex -42.552485619351856 46.283158118124774 1
      vertex -40.717332360230834 33.684306776456204 1
      vertex -38.52193088332931 36.174500944227454 1
    endloop
  endfacet
  facet normal 0 0 1
    outer loop
      vertex -38.52193088332931 36.174500944227454 1
      vertex -41.64378800560712 45.71056825568945 1
      vertex -41.98244074541249 45.840333726683085 1
    endloop
  endfacet
  facet normal 0 0 1
    outer loop
      vertex -38.52193088332931 36.174500944227454 1
      vertex -41.28632639571506 45.64936406389458 1
      vertex -41.64378800560712 45.71056825568945 1
    endloop
  endfacet
  facet normal 0 0 1
    outer loop
      vertex -38.52193088332931 36.174500944227454 1
      vertex -41.98244074541249 45.840333726683085 1
      vertex -42.28927038025911 46.0336736625985 1
    endloop
  endfacet
  facet normal 0 0 1
    outer loop
      vertex -38.52193088332931 36.174500944227454 1
      vertex -40.92379296493768 45.65907319406544 1
      vertex -41.28632639571506 45.64936406389458 1
    endloop
  endfacet
  facet normal 0 0 1
    outer loop
      vertex -38.52193088332931 36.174500944227454 1
      vertex -40.57011966970868 45.73932252977451 1
      vertex -40.92379296493768 45.65907319406544 1
    endloop
  endfacet
  facet normal 0 0 1
    outer loop
      vertex -38.52193088332931 36.174500944227454 1
      vertex -40.238897976421434 45.88702813405483 1
      vertex -40.57011966970868 45.73932252977451 1
    endloop
  endfacet
  facet normal 0 0 1
    outer loop
      vertex -38.52193088332931 36.174500944227454 1
      vertex -39.942856548997696 46.09651376336817 1
      vertex -40.238897976421434 45.88702813405483 1
    endloop
  endfacet
  facet normal 0 0 1
    outer loop
      vertex -38.52193088332931 36.174500944227454 1
      vertex -39.69337209347143 46.35972900246091 1
      vertex -39.942856548997696 46.09651376336817 1
    endloop
  endfacet
  facet normal 0 0 1
    outer loop
      vertex -38.52193088332931 36.174500944227454 1
      vertex -39.500032157556014 46.66655863730753 1
      vertex -39.69337209347143 46.35972900246091 1
    endloop
  endfacet
  facet normal 0 0 1
    outer loop
      vertex -38.52193088332931 36.174500944227454 1
      vertex -39.37026668656238 47.005211377112914 1
      vertex -39.500032157556014 46.66655863730753 1
    endloop
  endfacet
  facet normal 0 0 1
    outer loop
      vertex -38.52193088332931 36.174500944227454 1
      vertex -39.30906249476751 47.36267298700497 1
      vertex -39.37026668656238 47.005211377112914 1
    endloop
  endfacet
  facet normal 0 0 1
    outer loop
      vertex -39.03199692926882 61.50458563159828 1
      vertex -38.52193088332931 36.174500944227454 1
      vertex -36.174500944227454 38.52193088332931 1
    endloop
  endfacet
  facet normal 0 0 1
    outer loop
      vertex -46.43278657143 56.12759721574662 1
      vertex -42.99963531882545 47.62662796484213 1
      vertex -42.938431127030576 47.98408957473419 1
    endloop
  endfacet
  facet normal 0 0 1
    outer loop
      vertex -46.43278657143 56.12759721574662 1
      vertex -42.938431127030576 47.98408957473419 1
      vertex -42.80866565603694 48.32274231453957 1
    endloop
  endfacet
  facet normal 0 0 1
    outer loop
      vertex -46.43278657143 56.12759721574662 1
      vertex -42.80866565603694 48.32274231453957 1
      vertex -42.81688108458369 58.93238101578517 1
    endloop
  endfacet
  facet normal 0 0 1
    outer loop
      vertex -42.81688108458369 58.93238101578517 1
      vertex -42.80866565603694 48.32274231453957 1
      vertex -42.615325720121525 48.62957194938619 1
    endloop
  endfacet
  facet normal 0 0 1
    outer loop
      vertex -42.81688108458369 58.93238101578517 1
      vertex -42.615325720121525 48.62957194938619 1
      vertex -42.36584126459525 48.89278718847893 1
    endloop
  endfacet
  facet normal 0 0 1
    outer loop
      vertex -42.81688108458369 58.93238101578517 1
      vertex -42.36584126459525 48.89278718847893 1
      vertex -42.06979983717152 49.10227281779227 1
    endloop
  endfacet
  facet normal 0 0 1
    outer loop
      vertex -42.81688108458369 58.93238101578517 1
      vertex -42.06979983717152 49.10227281779227 1
      vertex -41.738578143884276 49.24997842207259 1
    endloop
  endfacet
  facet normal 0 0 1
    outer loop
      vertex -42.81688108458369 58.93238101578517 1
      vertex -41.738578143884276 49.24997842207259 1
      vertex -41.384904848655275 49.330227757781664 1
    endloop
  endfacet
  facet normal 0 0 1
    outer loop
      vertex -42.81688108458369 58.93238101578517 1
      vertex -41.384904848655275 49.330227757781664 1
      vertex -41.0223714178779 49.33993688795252 1
    endloop
  endfacet
  facet normal 0 0 1
    outer loop
      vertex -42.81688108458369 58.93238101578517 1
      vertex -41.0223714178779 49.33993688795252 1
      vertex -40.664909807985836 49.278732696157654 1
    endloop
  endfacet
  facet normal 0 0 1
    outer loop
      vertex -39.03199692926882 61.50458563159828 1
      vertex -39.30906249476751 47.36267298700497 1
      vertex -38.52193088332931 36.174500944227454 1
    endloop
  endfacet
  facet normal 0 0 1
    outer loop
      vertex -39.03199692926882 61.50458563159828 1
      vertex -39.318771624938364 47.725206417782346 1
      vertex -39.30906249476751 47.36267298700497 1
    endloop
  endfacet
  facet normal 0 0 1
    outer loop
      vertex -39.03199692926882 61.50458563159828 1
      vertex -40.664909807985836 49.278732696157654 1
      vertex -40.32625706818046 49.14896722516402 1
    endloop
  endfacet
  facet normal 0 0 1
    outer loop
      vertex -39.03199692926882 61.50458563159828 1
      vertex -39.7562121942411 48.706142833722325 1
      vertex -39.54672656492775 48.410101406298594 1
    endloop
  endfacet
  facet normal 0 0 1
    outer loop
      vertex -39.03199692926882 61.50458563159828 1
      vertex -39.54672656492775 48.410101406298594 1
      vertex -39.399020960647434 48.07887971301135 1
    endloop
  endfacet
  facet normal 0 0 1
    outer loop
      vertex -39.03199692926882 61.50458563159828 1
      vertex -40.32625706818046 49.14896722516402 1
      vertex -40.01942743333384 48.955627289248596 1
    endloop
  endfacet
  facet normal 0 0 1
    outer loop
      vertex -39.03199692926882 61.50458563159828 1
      vertex -40.01942743333384 48.955627289248596 1
      vertex -39.7562121942411 48.706142833722325 1
    endloop
  endfacet
  facet normal 0 0 1
    outer loop
      vertex -39.03199692926882 61.50458563159828 1
      vertex -39.399020960647434 48.07887971301135 1
      vertex -39.318771624938364 47.725206417782346 1
    endloop
  endfacet
  facet normal 0 0 1
    outer loop
      vertex -42.81688108458369 58.93238101578517 1
      vertex -40.664909807985836 49.278732696157654 1
      vertex -39.03199692926882 61.50458563159828 1
    endloop
  endfacet
  facet normal -0.5090414157503708 0.860742027003944 0
    outer loop
      vertex -35.09307131409729 63.83405974669587 -1
      vertex -39.03199692926882 61.50458563159828 1
      vertex -35.09307131409729 63.83405974669587 1
    endloop
  endfacet
  facet normal -0.4539904997395464 0.8910065241883681 0
    outer loop
      vertex -31.01564937894829 65.9116099909811 -1
      vertex -35.09307131409729 63.83405974669587 1
      vertex -31.01564937894829 65.9116099909811 1
    endloop
  endfacet
  facet normal -0.39714789063478206 0.9177546256839806 0
    outer loop
      vertex -26.815822845402913 67.72903722278225 -1
      vertex -31.01564937894829 65.9116099909811 1
      vertex -26.815822845402913 67.72903722278225 1
    endloop
  endfacet
  facet normal -0.3387379202452902 0.9408807689542259 0
    outer loop
      vertex -22.510166510070878 69.27916888711887 -1
      vertex -26.815822845402913 67.72903722278225 1
      vertex -22.510166510070878 69.27916888711887 1
    endloop
  endfacet
  facet normal -0.2789911060392289 0.9602936856769432 0
    outer loop
      vertex -18.115672831440452 70.55588732249964 -1
      vertex -22.510166510070878 69.27916888711887 1
      vertex -18.115672831440452 70.55588732249964 1
    endloop
  endfacet
  facet normal -0.21814324139654384 0.9759167619387471 0
    outer loop
      vertex -13.649684868407979 71.5541539045373 -1
      vertex -18.115672831440452 70.55588732249964 1
      vertex -13.649684868407979 71.5541539045373 1
    endloop
  endfacet
  facet normal -0.15643446504023178 0.9876883405951377 0
    outer loop
      vertex -9.129827835147761 72.27002893109714 -1
      vertex -13.649684868407979 71.5541539045373 1
      vertex -9.129827835147761 72.27002893109714 1
    endloop
  endfacet
  facet normal -0.0941083133185123 0.9955619646030801 0
    outer loop
      vertex -4.573939542443781 72.70068717050152 -1
      vertex -9.129827835147761 72.27002893109714 1
      vertex -4.573939542443781 72.70068717050152 1
    endloop
  endfacet
  facet normal -0.03141075907812985 0.9995065603657315 0
    outer loop
      vertex -4.573939542443781 72.70068717050152 1
      vertex 0 72.84442901142857 1
      vertex 0 72.84442901142857 -1
    endloop
  endfacet
  facet normal 0 0 1
    outer loop
      vertex -39.03199692926882 61.50458563159828 1
      vertex -36.174500944227454 38.52193088332931 1
      vertex -33.684306776456204 40.717332360230834 1
    endloop
  endfacet
  facet normal 0 0 1
    outer loop
      vertex -35.09307131409729 63.83405974669587 1
      vertex -33.684306776456204 40.717332360230834 1
      vertex -31.06117603873423 42.75204112828622 1
    endloop
  endfacet
  facet normal 0 0 1
    outer loop
      vertex -35.09307131409729 63.83405974669587 1
      vertex -31.06117603873423 42.75204112828622 1
      vertex -28.315461029688887 44.61802712155799 1
    endloop
  endfacet
  facet normal 0 0 1
    outer loop
      vertex -31.01564937894829 65.9116099909811 1
      vertex -28.315461029688887 44.61802712155799 1
      vertex -25.457997832062986 46.3079261458186 1
    endloop
  endfacet
  facet normal 0 0 1
    outer loop
      vertex -26.815822845402913 67.72903722278225 1
      vertex -25.457997832062986 46.3079261458186 1
      vertex -22.500063547646835 47.815068941660726 1
    endloop
  endfacet
  facet normal 0 0 1
    outer loop
      vertex -39.03199692926882 61.50458563159828 1
      vertex -33.684306776456204 40.717332360230834 1
      vertex -35.09307131409729 63.83405974669587 1
    endloop
  endfacet
  facet normal 0 0 1
    outer loop
      vertex -35.09307131409729 63.83405974669587 1
      vertex -28.315461029688887 44.61802712155799 1
      vertex -31.01564937894829 65.9116099909811 1
    endloop
  endfacet
  facet normal 0 0 1
    outer loop
      vertex -31.01564937894829 65.9116099909811 1
      vertex -25.457997832062986 46.3079261458186 1
      vertex -26.815822845402913 67.72903722278225 1
    endloop
  endfacet
  facet normal 0 0 1
    outer loop
      vertex -26.815822845402913 67.72903722278225 1
      vertex -22.500063547646835 47.815068941660726 1
      vertex -22.510166510070878 69.27916888711887 1
    endloop
  endfacet
  facet normal 0 0 1
    outer loop
      vertex -22.510166510070878 69.27916888711887 1
      vertex -22.500063547646835 47.815068941660726 1
      vertex -19.453331791709356 49.13350750501723 1
    endloop
  endfacet
  facet normal 0 0 1
    outer loop
      vertex -22.510166510070878 69.27916888711887 1
      vertex -19.453331791709356 49.13350750501723 1
      vertex -16.32982662257193 50.258038561215805 1
    endloop
  endfacet
  facet normal 0 0 1
    outer loop
      vertex -22.510166510070878 69.27916888711887 1
      vertex -16.32982662257193 50.258038561215805 1
      vertex -18.115672831440452 70.55588732249964 1
    endloop
  endfacet
  facet normal 0 0 1
    outer loop
      vertex -18.115672831440452 70.55588732249964 1
      vertex -16.32982662257193 50.258038561215805 1
      vertex -13.141875088143355 51.18422409992703 1
    endloop
  endfacet
  facet normal 0 0 1
    outer loop
      vertex -13.649684868407979 71.5541539045373 1
      vertex -13.141875088143355 51.18422409992703 1
      vertex -9.902058576693488 51.90840888996353 1
    endloop
  endfacet
  facet normal 0 0 1
    outer loop
      vertex -9.902058576693488 51.90840888996353 1
      vertex -10.319984792073932 60.96850862211863 1
      vertex -10.534721095522658 61.26076377711348 1
    endloop
  endfacet
  facet normal 0 0 1
    outer loop
      vertex -9.902058576693488 51.90840888996353 1
      vertex -10.534721095522658 61.26076377711348 1
      vertex -10.688315148814548 61.58929630584276 1
    endloop
  endfacet
  facet normal 0 0 1
    outer loop
      vertex -9.902058576693488 51.90840888996353 1
      vertex -10.052358434184404 60.72376204256609 1
      vertex -10.319984792073932 60.96850862211863 1
    endloop
  endfacet
  facet normal 0 0 1
    outer loop
      vertex -9.902058576693488 51.90840888996353 1
      vertex -9.742126752701173 60.53592951225257 1
      vertex -10.052358434184404 60.72376204256609 1
    endloop
  endfacet
  facet normal 0 0 1
    outer loop
      vertex -9.902058576693488 51.90840888996353 1
      vertex -9.401211777163711 60.41222932998036 1
      vertex -9.742126752701173 60.53592951225257 1
    endloop
  endfacet
  facet normal 0 0 1
    outer loop
      vertex -13.649684868407979 71.5541539045373 1
      vertex -9.902058576693488 51.90840888996353 1
      vertex -10.688315148814548 61.58929630584276 1
    endloop
  endfacet
  facet normal 0 0 1
    outer loop
      vertex -18.115672831440452 70.55588732249964 1
      vertex -13.141875088143355 51.18422409992703 1
      vertex -13.649684868407979 71.5541539045373 1
    endloop
  endfacet
  facet normal 0 0 1
    outer loop
      vertex -13.649684868407979 71.5541539045373 1
      vertex -10.688315148814548 61.58929630584276 1
      vertex -10.774864418618137 61.94148088747057 1
    endloop
  endfacet
  facet normal 0 0 1
    outer loop
      vertex -13.649684868407979 71.5541539045373 1
      vertex -10.774864418618137 61.94148088747057 1
      vertex -10.79104286503226 62.30378326603233 1
    endloop
  endfacet
  facet normal 0 0 1
    outer loop
      vertex -13.649684868407979 71.5541539045373 1
      vertex -10.79104286503226 62.30378326603233 1
      vertex -10.736228759434201 62.662280364301445 1
    endloop
  endfacet
  facet normal 0 0 1
    outer loop
      vertex -13.649684868407979 71.5541539045373 1
      vertex -10.736228759434201 62.662280364301445 1
      vertex -10.612528577161987 63.00319533983891 1
    endloop
  endfacet
  facet normal 0 0 1
    outer loop
      vertex -13.649684868407979 71.5541539045373 1
      vertex -10.612528577161987 63.00319533983891 1
      vertex -10.424696046848478 63.31342702132214 1
    endloop
  endfacet
  facet normal 0 0 1
    outer loop
      vertex -13.649684868407979 71.5541539045373 1
      vertex -10.424696046848478 63.31342702132214 1
      vertex -10.179949467295929 63.581053379211674 1
    endloop
  endfacet
  facet normal 0 0 1
    outer loop
      vertex -13.649684868407979 71.5541539045373 1
      vertex -10.179949467295929 63.581053379211674 1
      vertex -9.887694312301075 63.79578968266039 1
    endloop
  endfacet
  facet normal 0 0 1
    outer loop
      vertex -13.649684868407979 71.5541539045373 1
      vertex -9.887694312301075 63.79578968266039 1
      vertex -9.559161783571795 63.94938373595228 1
    endloop
  endfacet
  facet normal 0 0 1
    outer loop
      vertex -13.649684868407979 71.5541539045373 1
      vertex -9.559161783571795 63.94938373595228 1
      vertex -9.206977201943989 64.03593300575587 1
    endloop
  endfacet
  facet normal 0 0 1
    outer loop
      vertex -13.649684868407979 71.5541539045373 1
      vertex -9.206977201943989 64.03593300575587 1
      vertex -9.129827835147761 72.27002893109714 1
    endloop
  endfacet
  facet normal 0 0 1
    outer loop
      vertex -6.623163163861675 52.427734904807586 1
      vertex -9.401211777163711 60.41222932998036 1
      vertex -9.902058576693488 51.90840888996353 1
    endloop
  endfacet
  facet normal 0 0 1
    outer loop
      vertex -6.623163163861675 52.427734904807586 1
      vertex -9.0427146788946 60.357415224382294 1
      vertex -9.401211777163711 60.41222932998036 1
    endloop
  endfacet
  facet normal 0 0 1
    outer loop
      vertex -9.0427146788946 60.357415224382294 1
      vertex -6.623163163861675 52.427734904807586 1
      vertex -8.680412300332835 60.373593670796424 1
    endloop
  endfacet
  facet normal 0 0 1
    outer loop
      vertex -6.623163163861675 52.427734904807586 1
      vertex -8.328227718705028 60.46014294060001 1
      vertex -8.680412300332835 60.373593670796424 1
    endloop
  endfacet
  facet normal 0 0 1
    outer loop
      vertex -6.623163163861675 52.427734904807586 1
      vertex -3.318129151857515 52.7401526019361 1
      vertex -8.328227718705028 60.46014294060001 1
    endloop
  endfacet
  facet normal 0 0 1
    outer loop
      vertex -3.318129151857515 52.7401526019361 1
      vertex -7.999695189975748 60.613736993891905 1
      vertex -8.328227718705028 60.46014294060001 1
    endloop
  endfacet
  facet normal 0 0 1
    outer loop
      vertex -3.318129151857515 52.7401526019361 1
      vertex -7.7074400349808965 60.82847329734063 1
      vertex -7.999695189975748 60.613736993891905 1
    endloop
  endfacet
  facet normal 0 0 1
    outer loop
      vertex -3.318129151857515 52.7401526019361 1
      vertex -7.4626934554283455 61.096099655230155 1
      vertex -7.7074400349808965 60.82847329734063 1
    endloop
  endfacet
  facet normal 0 0 1
    outer loop
      vertex -3.318129151857515 52.7401526019361 1
      vertex -7.274860925114837 61.406331336713386 1
      vertex -7.4626934554283455 61.096099655230155 1
    endloop
  endfacet
  facet normal 0 0 1
    outer loop
      vertex -3.318129151857515 52.7401526019361 1
      vertex -7.151160742842622 61.74724631225085 1
      vertex -7.274860925114837 61.406331336713386 1
    endloop
  endfacet
  facet normal 0 0 1
    outer loop
      vertex -3.318129151857515 52.7401526019361 1
      vertex -7.0963466372445625 62.105743410519956 1
      vertex -7.151160742842622 61.74724631225085 1
    endloop
  endfacet
  facet normal 0 0 1
    outer loop
      vertex -3.318129151857515 52.7401526019361 1
      vertex -7.112525083658685 62.46804578908172 1
      vertex -7.0963466372445625 62.105743410519956 1
    endloop
  endfacet
  facet normal 0 0 1
    outer loop
      vertex -3.318129151857515 52.7401526019361 1
      vertex -7.199074353462275 62.82023037070953 1
      vertex -7.112525083658685 62.46804578908172 1
    endloop
  endfacet
  facet normal 0 0 1
    outer loop
      vertex -4.573939542443781 72.70068717050152 1
      vertex -7.199074353462275 62.82023037070953 1
      vertex -3.318129151857515 52.7401526019361 1
    endloop
  endfacet
  facet normal 0 0 1
    outer loop
      vertex 0 72.84442901142857 1
      vertex -3.318129151857515 52.7401526019361 1
      vertex 0 52.84442901142857 1
    endloop
  endfacet
  facet normal 0 0 1
    outer loop
      vertex -9.129827835147761 72.27002893109714 1
      vertex -9.206977201943989 64.03593300575587 1
      vertex -8.844674823382224 64.05211145217 1
    endloop
  endfacet
  facet normal 0 0 1
    outer loop
      vertex -4.573939542443781 72.70068717050152 1
      vertex -8.844674823382224 64.05211145217 1
      vertex -8.486177725113112 63.99729734657193 1
    endloop
  endfacet
  facet normal 0 0 1
    outer loop
      vertex -4.573939542443781 72.70068717050152 1
      vertex -8.486177725113112 63.99729734657193 1
      vertex -8.145262749575652 63.87359716429973 1
    endloop
  endfacet
  facet normal 0 0 1
    outer loop
      vertex -4.573939542443781 72.70068717050152 1
      vertex -8.145262749575652 63.87359716429973 1
      vertex -7.83503106809242 63.68576463398621 1
    endloop
  endfacet
  facet normal 0 0 1
    outer loop
      vertex -4.573939542443781 72.70068717050152 1
      vertex -7.352668406754166 63.148762899438815 1
      vertex -7.199074353462275 62.82023037070953 1
    endloop
  endfacet
  facet normal 0 0 1
    outer loop
      vertex -4.573939542443781 72.70068717050152 1
      vertex -7.567404710202892 63.44101805443367 1
      vertex -7.352668406754166 63.148762899438815 1
    endloop
  endfacet
  facet normal 0 0 1
    outer loop
      vertex -4.573939542443781 72.70068717050152 1
      vertex -7.83503106809242 63.68576463398621 1
      vertex -7.567404710202892 63.44101805443367 1
    endloop
  endfacet
  facet normal 0 0 1
    outer loop
      vertex -9.129827835147761 72.27002893109714 1
      vertex -8.844674823382224 64.05211145217 1
      vertex -4.573939542443781 72.70068717050152 1
    endloop
  endfacet
  facet normal 0 0 1
    outer loop
      vertex -4.573939542443781 72.70068717050152 1
      vertex -3.318129151857515 52.7401526019361 1
      vertex 0 72.84442901142857 1
    endloop
  endfacet
  facet normal 0 0 -1
    outer loop
      vertex 0 -72.84442901142857 -1
      vertex 3.3181291518575406 -52.7401526019361 -1
      vertex 4.573939542443816 -72.70068717050152 -1
    endloop
  endfacet
  facet normal 0 0 -1
    outer loop
      vertex 4.573939542443816 -72.70068717050152 -1
      vertex 6.623163163861663 -52.427734904807586 -1
      vertex 9.129827835147744 -72.27002893109714 -1
    endloop
  endfacet
  facet normal 0 0 -1
    outer loop
      vertex 0 -72.84442901142857 -1
      vertex 0 -52.84442901142857 -1
      vertex 3.3181291518575406 -52.7401526019361 -1
    endloop
  endfacet
  facet normal 0 0 -1
    outer loop
      vertex 4.573939542443816 -72.70068717050152 -1
      vertex 3.3181291518575406 -52.7401526019361 -1
      vertex 6.623163163861663 -52.427734904807586 -1
    endloop
  endfacet
  facet normal 0 0 -1
    outer loop
      vertex 9.129827835147744 -72.27002893109714 -1
      vertex 6.623163163861663 -52.427734904807586 -1
      vertex 9.9020585766935 -51.908408889963525 -1
    endloop
  endfacet
  facet normal 0 0 -1
    outer loop
      vertex 9.129827835147744 -72.27002893109714 -1
      vertex 9.9020585766935 -51.908408889963525 -1
      vertex 13.649684868407997 -71.5541539045373 -1
    endloop
  endfacet
  facet normal 0 0 -1
    outer loop
      vertex 13.649684868407997 -71.5541539045373 -1
      vertex 16.32982662257193 -50.258038561215805 -1
      vertex 18.11567283144042 -70.55588732249966 -1
    endloop
  endfacet
  facet normal 0 0 -1
    outer loop
      vertex 13.649684868407997 -71.5541539045373 -1
      vertex 9.9020585766935 -51.908408889963525 -1
      vertex 13.141875088143331 -51.184224099927036 -1
    endloop
  endfacet
  facet normal 0 0 -1
    outer loop
      vertex 13.649684868407997 -71.5541539045373 -1
      vertex 13.141875088143331 -51.184224099927036 -1
      vertex 16.32982662257193 -50.258038561215805 -1
    endloop
  endfacet
  facet normal 0 0 -1
    outer loop
      vertex 18.11567283144042 -70.55588732249966 -1
      vertex 16.32982662257193 -50.258038561215805 -1
      vertex 19.453331791709385 -49.133507505017214 -1
    endloop
  endfacet
  facet normal 0 0 -1
    outer loop
      vertex 22.510166510070878 -69.27916888711887 -1
      vertex 25.810594220219404 -58.991481978045265 -1
      vertex 26.815822845402952 -67.72903722278224 -1
    endloop
  endfacet
  facet normal 0 0 -1
    outer loop
      vertex 18.11567283144042 -70.55588732249966 -1
      vertex 19.453331791709385 -49.133507505017214 -1
      vertex 22.510166510070878 -69.27916888711887 -1
    endloop
  endfacet
  facet normal 0 0 -1
    outer loop
      vertex 22.510166510070878 -69.27916888711887 -1
      vertex 19.453331791709385 -49.133507505017214 -1
      vertex 22.500063547646818 -47.815068941660726 -1
    endloop
  endfacet
  facet normal 0 0 -1
    outer loop
      vertex 22.510166510070878 -69.27916888711887 -1
      vertex 24.423700103472886 -57.93382113263464 -1
      vertex 24.605965382383026 -58.24735601704736 -1
    endloop
  endfacet
  facet normal 0 0 -1
    outer loop
      vertex 22.510166510070878 -69.27916888711887 -1
      vertex 24.3061046223526 -57.59075254115478 -1
      vertex 24.423700103472886 -57.93382113263464 -1
    endloop
  endfacet
  facet normal 0 0 -1
    outer loop
      vertex 22.510166510070878 -69.27916888711887 -1
      vertex 24.845896106630047 -58.51930822461734 -1
      vertex 25.134271873035836 -58.73922678452023 -1
    endloop
  endfacet
  facet normal 0 0 -1
    outer loop
      vertex 22.510166510070878 -69.27916888711887 -1
      vertex 25.134271873035836 -58.73922678452023 -1
      vertex 25.46001056262041 -58.898660349830706 -1
    endloop
  endfacet
  facet normal 0 0 -1
    outer loop
      vertex 22.510166510070878 -69.27916888711887 -1
      vertex 24.605965382383026 -58.24735601704736 -1
      vertex 24.845896106630047 -58.51930822461734 -1
    endloop
  endfacet
  facet normal 0 0 -1
    outer loop
      vertex 22.510166510070878 -69.27916888711887 -1
      vertex 25.46001056262041 -58.898660349830706 -1
      vertex 25.810594220219404 -58.991481978045265 -1
    endloop
  endfacet
  facet normal 0 0 -1
    outer loop
      vertex 22.510166510070878 -69.27916888711887 -1
      vertex 24.257698067413312 -57.23133417618326 -1
      vertex 24.3061046223526 -57.59075254115478 -1
    endloop
  endfacet
  facet normal 0 0 -1
    outer loop
      vertex 22.510166510070878 -69.27916888711887 -1
      vertex 24.280340675414628 -56.8693782839218 -1
      vertex 24.257698067413312 -57.23133417618326 -1
    endloop
  endfacet
  facet normal 0 0 -1
    outer loop
      vertex 26.815822845402952 -67.72903722278224 -1
      vertex 25.810594220219404 -58.991481978045265 -1
      vertex 26.172550112480856 -59.01412458604658 -1
    endloop
  endfacet
  facet normal 0 0 -1
    outer loop
      vertex 26.815822845402952 -67.72903722278224 -1
      vertex 26.172550112480856 -59.01412458604658 -1
      vertex 26.531968477452374 -58.96571803110729 -1
    endloop
  endfacet
  facet normal 0 0 -1
    outer loop
      vertex 26.815822845402952 -67.72903722278224 -1
      vertex 26.531968477452374 -58.96571803110729 -1
      vertex 26.875037068932233 -58.848122549986996 -1
    endloop
  endfacet
  facet normal 0 0 -1
    outer loop
      vertex 26.815822845402952 -67.72903722278224 -1
      vertex 26.875037068932233 -58.848122549986996 -1
      vertex 27.188571953344955 -58.66585727107687 -1
    endloop
  endfacet
  facet normal 0 0 -1
    outer loop
      vertex 22.510166510070878 -69.27916888711887 -1
      vertex 25.457997832062993 -46.3079261458186 -1
      vertex 24.280340675414628 -56.8693782839218 -1
    endloop
  endfacet
  facet normal 0 0 -1
    outer loop
      vertex 26.815822845402952 -67.72903722278224 -1
      vertex 27.188571953344955 -58.66585727107687 -1
      vertex 31.015649378948268 -65.91160999098112 -1
    endloop
  endfacet
  facet normal 0 0 -1
    outer loop
      vertex 31.015649378948268 -65.91160999098112 -1
      vertex 27.188571953344955 -58.66585727107687 -1
      vertex 27.460524160914936 -58.42592654682984 -1
    endloop
  endfacet
  facet normal 0 0 -1
    outer loop
      vertex 31.015649378948268 -65.91160999098112 -1
      vertex 27.460524160914936 -58.42592654682984 -1
      vertex 27.680442720817826 -58.13755078042406 -1
    endloop
  endfacet
  facet normal 0 0 -1
    outer loop
      vertex 31.015649378948268 -65.91160999098112 -1
      vertex 27.680442720817826 -58.13755078042406 -1
      vertex 27.839876286128302 -57.81181209083948 -1
    endloop
  endfacet
  facet normal 0 0 -1
    outer loop
      vertex 31.015649378948268 -65.91160999098112 -1
      vertex 27.839876286128302 -57.81181209083948 -1
      vertex 27.93269791434286 -57.46122843324049 -1
    endloop
  endfacet
  facet normal 0 0 -1
    outer loop
      vertex 31.015649378948268 -65.91160999098112 -1
      vertex 27.93269791434286 -57.46122843324049 -1
      vertex 31.06117603873423 -42.75204112828622 -1
    endloop
  endfacet
  facet normal 0 0 -1
    outer loop
      vertex 31.015649378948268 -65.91160999098112 -1
      vertex 33.684306776456225 -40.71733236023081 -1
      vertex 35.0930713140973 -63.834059746695864 -1
    endloop
  endfacet
  facet normal 0 0 -1
    outer loop
      vertex 22.510166510070878 -69.27916888711887 -1
      vertex 22.500063547646818 -47.815068941660726 -1
      vertex 25.457997832062993 -46.3079261458186 -1
    endloop
  endfacet
  facet normal 0 0 -1
    outer loop
      vertex 25.457997832062993 -46.3079261458186 -1
      vertex 24.373162303629186 -56.518794626322816 -1
      vertex 24.280340675414628 -56.8693782839218 -1
    endloop
  endfacet
  facet normal 0 0 -1
    outer loop
      vertex 25.457997832062993 -46.3079261458186 -1
      vertex 24.532595868939662 -56.19305593673824 -1
      vertex 24.373162303629186 -56.518794626322816 -1
    endloop
  endfacet
  facet normal 0 0 -1
    outer loop
      vertex 25.457997832062993 -46.3079261458186 -1
      vertex 24.752514428842552 -55.90468017033245 -1
      vertex 24.532595868939662 -56.19305593673824 -1
    endloop
  endfacet
  facet normal 0 0 -1
    outer loop
      vertex 25.457997832062993 -46.3079261458186 -1
      vertex 25.024466636412534 -55.66474944608542 -1
      vertex 24.752514428842552 -55.90468017033245 -1
    endloop
  endfacet
  facet normal 0 0 -1
    outer loop
      vertex 25.457997832062993 -46.3079261458186 -1
      vertex 25.33800152082525 -55.482484167175286 -1
      vertex 25.024466636412534 -55.66474944608542 -1
    endloop
  endfacet
  facet normal 0 0 -1
    outer loop
      vertex 25.457997832062993 -46.3079261458186 -1
      vertex 25.681070112305115 -55.364888686055 -1
      vertex 25.33800152082525 -55.482484167175286 -1
    endloop
  endfacet
  facet normal 0 0 -1
    outer loop
      vertex 25.457997832062993 -46.3079261458186 -1
      vertex 26.753028027137077 -55.43194636733159 -1
      vertex 26.402444369538085 -55.33912473911703 -1
    endloop
  endfacet
  facet normal 0 0 -1
    outer loop
      vertex 26.040488477276632 -55.31648213111571 -1
      vertex 25.681070112305115 -55.364888686055 -1
      vertex 25.457997832062993 -46.3079261458186 -1
    endloop
  endfacet
  facet normal 0 0 -1
    outer loop
      vertex 26.402444369538085 -55.33912473911703 -1
      vertex 26.040488477276632 -55.31648213111571 -1
      vertex 25.457997832062993 -46.3079261458186 -1
    endloop
  endfacet
  facet normal 0 0 -1
    outer loop
      vertex 26.753028027137077 -55.43194636733159 -1
      vertex 25.457997832062993 -46.3079261458186 -1
      vertex 28.31546102968886 -44.618027121558 -1
    endloop
  endfacet
  facet normal 0 0 -1
    outer loop
      vertex 31.06117603873423 -42.75204112828622 -1
      vertex 27.93269791434286 -57.46122843324049 -1
      vertex 27.955340522344176 -57.09927254097904 -1
    endloop
  endfacet
  facet normal 0 0 -1
    outer loop
      vertex 28.31546102968886 -44.618027121558 -1
      vertex 27.078766716721653 -55.59137993264206 -1
      vertex 26.753028027137077 -55.43194636733159 -1
    endloop
  endfacet
  facet normal 0 0 -1
    outer loop
      vertex 28.31546102968886 -44.618027121558 -1
      vertex 27.36714248312744 -55.81129849254496 -1
      vertex 27.078766716721653 -55.59137993264206 -1
    endloop
  endfacet
  facet normal 0 0 -1
    outer loop
      vertex 31.06117603873423 -42.75204112828622 -1
      vertex 27.955340522344176 -57.09927254097904 -1
      vertex 27.90693396740489 -56.73985417600752 -1
    endloop
  endfacet
  facet normal 0 0 -1
    outer loop
      vertex 31.06117603873423 -42.75204112828622 -1
      vertex 27.90693396740489 -56.73985417600752 -1
      vertex 27.789338486284603 -56.396785584527656 -1
    endloop
  endfacet
  facet normal 0 0 -1
    outer loop
      vertex 27.36714248312744 -55.81129849254496 -1
      vertex 31.06117603873423 -42.75204112828622 -1
      vertex 27.607073207374462 -56.08325070011494 -1
    endloop
  endfacet
  facet normal 0 0 -1
    outer loop
      vertex 31.06117603873423 -42.75204112828622 -1
      vertex 27.789338486284603 -56.396785584527656 -1
      vertex 27.607073207374462 -56.08325070011494 -1
    endloop
  endfacet
  facet normal 0 0 -1
    outer loop
      vertex 28.31546102968886 -44.618027121558 -1
      vertex 31.06117603873423 -42.75204112828622 -1
      vertex 27.36714248312744 -55.81129849254496 -1
    endloop
  endfacet
  facet normal 0 0 -1
    outer loop
      vertex 31.015649378948268 -65.91160999098112 -1
      vertex 31.06117603873423 -42.75204112828622 -1
      vertex 33.684306776456225 -40.71733236023081 -1
    endloop
  endfacet
  facet normal 0 0 -1
    outer loop
      vertex 35.0930713140973 -63.834059746695864 -1
      vertex 33.684306776456225 -40.71733236023081 -1
      vertex 36.174500944227454 -38.52193088332931 -1
    endloop
  endfacet
  facet normal 0.03141075907812961 -0.9995065603657315 0
    outer loop
      vertex 0 -72.84442901142857 -1
      vertex 4.573939542443816 -72.70068717050152 -1
      vertex 4.573939542443816 -72.70068717050152 1
    endloop
  endfacet
  facet normal 0.0941083133185134 -0.9955619646030801 0
    outer loop
      vertex 4.573939542443816 -72.70068717050152 -1
      vertex 9.129827835147744 -72.27002893109714 -1
      vertex 9.129827835147744 -72.27002893109714 1
    endloop
  endfacet
  facet normal 0.15643446504023056 -0.9876883405951378 0
    outer loop
      vertex 9.129827835147744 -72.27002893109714 -1
      vertex 13.649684868407997 -71.5541539045373 -1
      vertex 13.649684868407997 -71.5541539045373 1
    endloop
  endfacet
  facet normal 0.2181432413965432 -0.9759167619387472 0
    outer loop
      vertex 13.649684868407997 -71.5541539045373 -1
      vertex 18.11567283144042 -70.55588732249966 -1
      vertex 18.11567283144042 -70.55588732249966 1
    endloop
  endfacet
  facet normal 0.27899110603922983 -0.960293685676943 0
    outer loop
      vertex 18.11567283144042 -70.55588732249966 -1
      vertex 22.510166510070878 -69.27916888711887 -1
      vertex 22.510166510070878 -69.27916888711887 1
    endloop
  endfacet
  facet normal 0.3387379202452902 -0.9408807689542259 0
    outer loop
      vertex 22.510166510070878 -69.27916888711887 -1
      vertex 26.815822845402952 -67.72903722278224 -1
      vertex 26.815822845402952 -67.72903722278224 1
    endloop
  endfacet
  facet normal 0.3971478906347816 -0.9177546256839807 0
    outer loop
      vertex 26.815822845402952 -67.72903722278224 -1
      vertex 31.015649378948268 -65.91160999098112 -1
      vertex 31.015649378948268 -65.91160999098112 1
    endloop
  endfacet
  facet normal 0.4539904997395469 -0.8910065241883678 0
    outer loop
      vertex 31.015649378948268 -65.91160999098112 -1
      vertex 35.0930713140973 -63.834059746695864 -1
      vertex 35.0930713140973 -63.834059746695864 1
    endloop
  endfacet
  facet normal 0 0 -1
    outer loop
      vertex 35.0930713140973 -63.834059746695864 -1
      vertex 36.174500944227454 -38.52193088332931 -1
      vertex 39.03199692926878 -61.5045856315983 -1
    endloop
  endfacet
  facet normal 0 0 -1
    outer loop
      vertex 39.03199692926878 -61.5045856315983 -1
      vertex 40.71733236023081 -33.684306776456225 -1
      vertex 42.81688108458369 -58.93238101578517 -1
    endloop
  endfacet
  facet normal 0 0 -1
    outer loop
      vertex 42.81688108458369 -58.93238101578517 -1
      vertex 44.618027121558 -28.31546102968886 -1
      vertex 46.43278657143002 -56.1275972157466 -1
    endloop
  endfacet
  facet normal 0 0 -1
    outer loop
      vertex 39.03199692926878 -61.5045856315983 -1
      vertex 36.174500944227454 -38.52193088332931 -1
      vertex 38.52193088332931 -36.174500944227454 -1
    endloop
  endfacet
  facet normal 0 0 -1
    outer loop
      vertex 39.03199692926878 -61.5045856315983 -1
      vertex 38.52193088332931 -36.174500944227454 -1
      vertex 40.71733236023081 -33.684306776456225 -1
    endloop
  endfacet
  facet normal 0 0 -1
    outer loop
      vertex 42.81688108458369 -58.93238101578517 -1
      vertex 40.71733236023081 -33.684306776456225 -1
      vertex 42.75204112828622 -31.06117603873423 -1
    endloop
  endfacet
  facet normal 0 0 -1
    outer loop
      vertex 42.81688108458369 -58.93238101578517 -1
      vertex 42.75204112828622 -31.06117603873423 -1
      vertex 44.618027121558 -28.31546102968886 -1
    endloop
  endfacet
  facet normal 0 0 -1
    outer loop
      vertex 49.865443062801226 -53.10130343175754 -1
      vertex 51.867912412329794 -35.53258250900672 -1
      vertex 53.10130343175754 -49.865443062801226 -1
    endloop
  endfacet
  facet normal 0 0 -1
    outer loop
      vertex 46.43278657143002 -56.1275972157466 -1
      vertex 47.815068941660726 -22.500063547646818 -1
      vertex 49.865443062801226 -53.10130343175754 -1
    endloop
  endfacet
  facet normal 0 0 -1
    outer loop
      vertex 46.43278657143002 -56.1275972157466 -1
      vertex 44.618027121558 -28.31546102968886 -1
      vertex 46.3079261458186 -25.457997832062993 -1
    endloop
  endfacet
  facet normal 0 0 -1
    outer loop
      vertex 49.865443062801226 -53.10130343175754 -1
      vertex 51.34846949064974 -35.031360351598714 -1
      vertex 51.583507914651356 -35.307551761462825 -1
    endloop
  endfacet
  facet normal 0 0 -1
    outer loop
      vertex 49.865443062801226 -53.10130343175754 -1
      vertex 51.583507914651356 -35.307551761462825 -1
      vertex 51.867912412329794 -35.53258250900672 -1
    endloop
  endfacet
  facet normal 0 0 -1
    outer loop
      vertex 53.10130343175754 -49.865443062801226 -1
      vertex 53.606456611759164 -35.672531862743426 -1
      vertex 56.1275972157466 -46.43278657143002 -1
    endloop
  endfacet
  facet normal 0 0 -1
    outer loop
      vertex 49.865443062801226 -53.10130343175754 -1
      vertex 51.018392641231394 -34.009284142469895 -1
      vertex 51.06037622257601 -34.369509258942045 -1
    endloop
  endfacet
  facet normal 0 0 -1
    outer loop
      vertex 49.865443062801226 -53.10130343175754 -1
      vertex 51.06037622257601 -34.369509258942045 -1
      vertex 51.171829535148255 -34.71462216040555 -1
    endloop
  endfacet
  facet normal 0 0 -1
    outer loop
      vertex 49.865443062801226 -53.10130343175754 -1
      vertex 51.171829535148255 -34.71462216040555 -1
      vertex 51.34846949064974 -35.031360351598714 -1
    endloop
  endfacet
  facet normal 0 0 -1
    outer loop
      vertex 53.10130343175754 -49.865443062801226 -1
      vertex 52.190753478335154 -35.69780478880099 -1
      vertex 52.53962451155219 -35.79686920129085 -1
    endloop
  endfacet
  facet normal 0 0 -1
    outer loop
      vertex 53.10130343175754 -49.865443062801226 -1
      vertex 52.53962451155219 -35.79686920129085 -1
      vertex 52.90111859382351 -35.825968756660295 -1
    endloop
  endfacet
  facet normal 0 0 -1
    outer loop
      vertex 53.10130343175754 -49.865443062801226 -1
      vertex 51.867912412329794 -35.53258250900672 -1
      vertex 52.190753478335154 -35.69780478880099 -1
    endloop
  endfacet
  facet normal 0 0 -1
    outer loop
      vertex 53.10130343175754 -49.865443062801226 -1
      vertex 52.90111859382351 -35.825968756660295 -1
      vertex 53.26134371029566 -35.78398517531568 -1
    endloop
  endfacet
  facet normal 0 0 -1
    outer loop
      vertex 53.10130343175754 -49.865443062801226 -1
      vertex 53.26134371029566 -35.78398517531568 -1
      vertex 53.606456611759164 -35.672531862743426 -1
    endloop
  endfacet
  facet normal 0 0 -1
    outer loop
      vertex 56.1275972157466 -46.43278657143002 -1
      vertex 53.606456611759164 -35.672531862743426 -1
      vertex 53.92319480295234 -35.49589190724194 -1
    endloop
  endfacet
  facet normal 0 0 -1
    outer loop
      vertex 56.1275972157466 -46.43278657143002 -1
      vertex 53.92319480295234 -35.49589190724194 -1
      vertex 54.19938621281644 -35.26085348324033 -1
    endloop
  endfacet
  facet normal 0 0 -1
    outer loop
      vertex 56.1275972157466 -46.43278657143002 -1
      vertex 54.19938621281644 -35.26085348324033 -1
      vertex 54.42441696036033 -34.97644898556189 -1
    endloop
  endfacet
  facet normal 0 0 -1
    outer loop
      vertex 56.1275972157466 -46.43278657143002 -1
      vertex 54.42441696036033 -34.97644898556189 -1
      vertex 54.589639240154604 -34.65360791955654 -1
    endloop
  endfacet
  facet normal 0 0 -1
    outer loop
      vertex 56.1275972157466 -46.43278657143002 -1
      vertex 54.589639240154604 -34.65360791955654 -1
      vertex 54.68870365264446 -34.3047368863395 -1
    endloop
  endfacet
  facet normal 0 0 -1
    outer loop
      vertex 56.1275972157466 -46.43278657143002 -1
      vertex 54.68870365264446 -34.3047368863395 -1
      vertex 54.71780320801391 -33.94324280406818 -1
    endloop
  endfacet
  facet normal 0.5090414157503715 -0.8607420270039434 0
    outer loop
      vertex 35.0930713140973 -63.834059746695864 -1
      vertex 39.03199692926878 -61.5045856315983 -1
      vertex 39.03199692926878 -61.5045856315983 1
    endloop
  endfacet
  facet normal 0.5620833778521291 -0.8270805742745628 0
    outer loop
      vertex 39.03199692926878 -61.5045856315983 -1
      vertex 42.81688108458369 -58.93238101578517 -1
      vertex 42.81688108458369 -58.93238101578517 1
    endloop
  endfacet
  facet normal 0.612907053652976 -0.7901550123756907 0
    outer loop
      vertex 42.81688108458369 -58.93238101578517 -1
      vertex 46.43278657143002 -56.1275972157466 -1
      vertex 46.43278657143002 -56.1275972157466 1
    endloop
  endfacet
  facet normal 0.6613118653236529 -0.7501110696304586 0
    outer loop
      vertex 46.43278657143002 -56.1275972157466 -1
      vertex 49.865443062801226 -53.10130343175754 -1
      vertex 49.865443062801226 -53.10130343175754 1
    endloop
  endfacet
  facet normal 0.7071067811865476 -0.7071067811865476 0
    outer loop
      vertex 49.865443062801226 -53.10130343175754 -1
      vertex 53.10130343175754 -49.865443062801226 -1
      vertex 49.865443062801226 -53.10130343175754 1
    endloop
  endfacet
  facet normal 0.7501110696304586 -0.6613118653236529 0
    outer loop
      vertex 53.10130343175754 -49.865443062801226 -1
      vertex 56.1275972157466 -46.43278657143002 -1
      vertex 53.10130343175754 -49.865443062801226 1
    endloop
  endfacet
  facet normal 0.7901550123756907 -0.612907053652976 0
    outer loop
      vertex 56.1275972157466 -46.43278657143002 -1
      vertex 58.93238101578517 -42.81688108458369 -1
      vertex 56.1275972157466 -46.43278657143002 1
    endloop
  endfacet
  facet normal 0.8270805742745628 -0.5620833778521291 0
    outer loop
      vertex 58.93238101578517 -42.81688108458369 -1
      vertex 61.5045856315983 -39.03199692926878 -1
      vertex 58.93238101578517 -42.81688108458369 1
    endloop
  endfacet
  facet normal 0.8607420270039434 -0.5090414157503715 0
    outer loop
      vertex 61.5045856315983 -39.03199692926878 -1
      vertex 63.834059746695864 -35.0930713140973 -1
      vertex 61.5045856315983 -39.03199692926878 1
    endloop
  endfacet
  facet normal 0 0 -1
    outer loop
      vertex 46.43278657143002 -56.1275972157466 -1
      vertex 46.3079261458186 -25.457997832062993 -1
      vertex 47.815068941660726 -22.500063547646818 -1
    endloop
  endfacet
  facet normal 0 0 -1
    outer loop
      vertex 49.865443062801226 -53.10130343175754 -1
      vertex 47.815068941660726 -22.500063547646818 -1
      vertex 49.133507505017214 -19.453331791709385 -1
    endloop
  endfacet
  facet normal 0 0 -1
    outer loop
      vertex 49.865443062801226 -53.10130343175754 -1
      vertex 49.133507505017214 -19.453331791709385 -1
      vertex 50.258038561215805 -16.32982662257193 -1
    endloop
  endfacet
  facet normal 0 0 -1
    outer loop
      vertex 49.865443062801226 -53.10130343175754 -1
      vertex 51.184224099927036 -13.141875088143331 -1
      vertex 51.018392641231394 -34.009284142469895 -1
    endloop
  endfacet
  facet normal 0 0 -1
    outer loop
      vertex 49.865443062801226 -53.10130343175754 -1
      vertex 50.258038561215805 -16.32982662257193 -1
      vertex 51.184224099927036 -13.141875088143331 -1
    endloop
  endfacet
  facet normal 0 0 -1
    outer loop
      vertex 51.184224099927036 -13.141875088143331 -1
      vertex 51.04749219660084 -33.647790060198574 -1
      vertex 51.018392641231394 -34.009284142469895 -1
    endloop
  endfacet
  facet normal 0 0 -1
    outer loop
      vertex 51.184224099927036 -13.141875088143331 -1
      vertex 51.146556609090695 -33.29891902698153 -1
      vertex 51.04749219660084 -33.647790060198574 -1
    endloop
  endfacet
  facet normal 0 0 -1
    outer loop
      vertex 51.184224099927036 -13.141875088143331 -1
      vertex 51.311778888884966 -32.97607796097618 -1
      vertex 51.146556609090695 -33.29891902698153 -1
    endloop
  endfacet
  facet normal 0 0 -1
    outer loop
      vertex 51.184224099927036 -13.141875088143331 -1
      vertex 51.536809636428856 -32.69167346329774 -1
      vertex 51.311778888884966 -32.97607796097618 -1
    endloop
  endfacet
  facet normal 0 0 -1
    outer loop
      vertex 51.184224099927036 -13.141875088143331 -1
      vertex 51.81300104629297 -32.45663503929613 -1
      vertex 51.536809636428856 -32.69167346329774 -1
    endloop
  endfacet
  facet normal 0 0 -1
    outer loop
      vertex 51.184224099927036 -13.141875088143331 -1
      vertex 52.12973923748614 -32.279995083794645 -1
      vertex 51.81300104629297 -32.45663503929613 -1
    endloop
  endfacet
  facet normal 0 0 -1
    outer loop
      vertex 51.184224099927036 -13.141875088143331 -1
      vertex 52.47485213894964 -32.168541771222394 -1
      vertex 52.12973923748614 -32.279995083794645 -1
    endloop
  endfacet
  facet normal 0 0 -1
    outer loop
      vertex 51.184224099927036 -13.141875088143331 -1
      vertex 52.83507725542179 -32.12655818987778 -1
      vertex 52.47485213894964 -32.168541771222394 -1
    endloop
  endfacet
  facet normal 0 0 -1
    outer loop
      vertex 52.83507725542179 -32.12655818987778 -1
      vertex 51.184224099927036 -13.141875088143331 -1
      vertex 51.908408889963525 -9.9020585766935 -1
    endloop
  endfacet
  facet normal 0 0 -1
    outer loop
      vertex 52.83507725542179 -32.12655818987778 -1
      vertex 51.908408889963525 -9.9020585766935 -1
      vertex 52.427734904807586 -6.623163163861663 -1
    endloop
  endfacet
  facet normal 0 0 -1
    outer loop
      vertex 52.83507725542179 -32.12655818987778 -1
      vertex 52.427734904807586 -6.623163163861663 -1
      vertex 52.7401526019361 -3.3181291518575406 -1
    endloop
  endfacet
  facet normal 0 0 -1
    outer loop
      vertex 52.83507725542179 -32.12655818987778 -1
      vertex 52.7401526019361 -3.3181291518575406 -1
      vertex 52.84442901142857 0 -1
    endloop
  endfacet
  facet normal 0 0 -1
    outer loop
      vertex 53.19657133769311 -32.15565774524722 -1
      vertex 52.83507725542179 -32.12655818987778 -1
      vertex 53.19657133769312 32.1556577452472 -1
    endloop
  endfacet
  facet normal 0 0 -1
    outer loop
      vertex 53.545442370910145 -32.254722157737085 -1
      vertex 53.19657133769311 -32.15565774524722 -1
      vertex 53.54544237091016 32.25472215773706 -1
    endloop
  endfacet
  facet normal 0 0 -1
    outer loop
      vertex 56.127597215746604 46.43278657143001 -1
      vertex 53.86828343691551 -32.41994443753135 -1
      vertex 53.545442370910145 -32.254722157737085 -1
    endloop
  endfacet
  facet normal 0 0 -1
    outer loop
      vertex 58.93238101578517 -42.81688108458369 -1
      vertex 61.30621022866887 -1.027804931086264 -1
      vertex 61.5045856315983 -39.03199692926878 -1
    endloop
  endfacet
  facet normal 0 0 -1
    outer loop
      vertex 61.5045856315983 -39.03199692926878 -1
      vertex 62.84442901142857 -1.85 -1
      vertex 63.834059746695864 -35.0930713140973 -1
    endloop
  endfacet
  facet normal 0 0 -1
    outer loop
      vertex 56.1275972157466 -46.43278657143002 -1
      vertex 58.93238101578517 42.81688108458369 -1
      vertex 58.93238101578517 -42.81688108458369 -1
    endloop
  endfacet
  facet normal 0 0 -1
    outer loop
      vertex 56.1275972157466 -46.43278657143002 -1
      vertex 54.71780320801391 -33.94324280406818 -1
      vertex 56.127597215746604 46.43278657143001 -1
    endloop
  endfacet
  facet normal 0 0 -1
    outer loop
      vertex 58.93238101578517 -42.81688108458369 -1
      vertex 60.99442901142857 0 -1
      vertex 61.029976242682594 -0.36091709572983727 -1
    endloop
  endfacet
  facet normal 0 0 -1
    outer loop
      vertex 58.93238101578517 -42.81688108458369 -1
      vertex 61.135251876282695 -0.7079643498754161 -1
      vertex 61.30621022866887 -1.027804931086264 -1
    endloop
  endfacet
  facet normal 0 0 -1
    outer loop
      vertex 58.93238101578517 -42.81688108458369 -1
      vertex 61.029976242682594 -0.36091709572983727 -1
      vertex 61.135251876282695 -0.7079643498754161 -1
    endloop
  endfacet
  facet normal 0 0 -1
    outer loop
      vertex 61.5045856315983 -39.03199692926878 -1
      vertex 61.30621022866887 -1.027804931086264 -1
      vertex 61.53628146623346 -1.308147545195113 -1
    endloop
  endfacet
  facet normal 0 0 -1
    outer loop
      vertex 61.5045856315983 -39.03199692926878 -1
      vertex 61.53628146623346 -1.308147545195113 -1
      vertex 61.81662408034231 -1.5382187827597087 -1
    endloop
  endfacet
  facet normal 0 0 -1
    outer loop
      vertex 61.5045856315983 -39.03199692926878 -1
      vertex 61.81662408034231 -1.5382187827597087 -1
      vertex 62.136464661553156 -1.7091771351458807 -1
    endloop
  endfacet
  facet normal 0 0 -1
    outer loop
      vertex 61.5045856315983 -39.03199692926878 -1
      vertex 62.483511915698735 -1.8144527687459764 -1
      vertex 62.84442901142857 -1.85 -1
    endloop
  endfacet
  facet normal 0 0 -1
    outer loop
      vertex 61.5045856315983 -39.03199692926878 -1
      vertex 62.136464661553156 -1.7091771351458807 -1
      vertex 62.483511915698735 -1.8144527687459764 -1
    endloop
  endfacet
  facet normal 0 0 -1
    outer loop
      vertex 63.834059746695864 -35.0930713140973 -1
      vertex 62.84442901142857 -1.85 -1
      vertex 63.20534610715841 -1.8144527687459764 -1
    endloop
  endfacet
  facet normal 0 0 -1
    outer loop
      vertex 63.834059746695864 -35.0930713140973 -1
      vertex 63.20534610715841 -1.8144527687459764 -1
      vertex 63.55239336130399 -1.7091771351458807 -1
    endloop
  endfacet
  facet normal 0 0 -1
    outer loop
      vertex 56.127597215746604 46.43278657143001 -1
      vertex 54.71780320801391 -33.94324280406818 -1
      vertex 54.675819626669295 -33.583017687596026 -1
    endloop
  endfacet
  facet normal 0 0 -1
    outer loop
      vertex 56.127597215746604 46.43278657143001 -1
      vertex 54.38772635859556 -32.92116659493936 -1
      vertex 54.15268793459394 -32.644975185075246 -1
    endloop
  endfacet
  facet normal 0 0 -1
    outer loop
      vertex 56.127597215746604 46.43278657143001 -1
      vertex 54.56436631409704 -33.237904786132525 -1
      vertex 54.38772635859556 -32.92116659493936 -1
    endloop
  endfacet
  facet normal 0 0 -1
    outer loop
      vertex 56.127597215746604 46.43278657143001 -1
      vertex 54.675819626669295 -33.583017687596026 -1
      vertex 54.56436631409704 -33.237904786132525 -1
    endloop
  endfacet
  facet normal 0 0 -1
    outer loop
      vertex 56.127597215746604 46.43278657143001 -1
      vertex 54.15268793459394 -32.644975185075246 -1
      vertex 53.86828343691551 -32.41994443753135 -1
    endloop
  endfacet
  facet normal 0 0 -1
    outer loop
      vertex 58.93238101578517 -42.81688108458369 -1
      vertex 61.50458563159829 39.031996929268814 -1
      vertex 60.99442901142857 0 -1
    endloop
  endfacet
  facet normal 0 0 -1
    outer loop
      vertex 63.834059746695864 -35.0930713140973 -1
      vertex 63.55239336130399 -1.7091771351458807 -1
      vertex 63.87223394251484 -1.5382187827597087 -1
    endloop
  endfacet
  facet normal 0 0 -1
    outer loop
      vertex 63.834059746695864 -35.0930713140973 -1
      vertex 63.87223394251484 -1.5382187827597087 -1
      vertex 64.15257655662369 -1.308147545195113 -1
    endloop
  endfacet
  facet normal 0 0 -1
    outer loop
      vertex 63.834059746695864 -35.0930713140973 -1
      vertex 64.15257655662369 -1.308147545195113 -1
      vertex 64.38264779418829 -1.027804931086264 -1
    endloop
  endfacet
  facet normal 0 0 -1
    outer loop
      vertex 63.834059746695864 -35.0930713140973 -1
      vertex 64.38264779418829 -1.027804931086264 -1
      vertex 64.55360614657445 -0.7079643498754161 -1
    endloop
  endfacet
  facet normal 0 0 -1
    outer loop
      vertex 63.834059746695864 -35.0930713140973 -1
      vertex 64.55360614657445 -0.7079643498754161 -1
      vertex 64.65888178017455 -0.36091709572983727 -1
    endloop
  endfacet
  facet normal 0 0 -1
    outer loop
      vertex 63.834059746695864 -35.0930713140973 -1
      vertex 64.65888178017455 -0.36091709572983727 -1
      vertex 64.69442901142857 0 -1
    endloop
  endfacet
  facet normal 0 0 -1
    outer loop
      vertex 63.834059746695864 -35.0930713140973 -1
      vertex 65.91160999098112 31.015649378948286 -1
      vertex 65.91160999098112 -31.015649378948268 -1
    endloop
  endfacet
  facet normal 0 0 -1
    outer loop
      vertex 65.91160999098112 -31.015649378948268 -1
      vertex 67.72903722278225 26.815822845402923 -1
      vertex 67.72903722278224 -26.815822845402952 -1
    endloop
  endfacet
  facet normal 0 0 -1
    outer loop
      vertex 63.834059746695864 -35.0930713140973 -1
      vertex 64.69442901142857 0 -1
      vertex 65.91160999098112 31.015649378948286 -1
    endloop
  endfacet
  facet normal 0 0 -1
    outer loop
      vertex 67.72903722278224 -26.815822845402952 -1
      vertex 69.27916888711887 22.510166510070878 -1
      vertex 69.27916888711887 -22.510166510070878 -1
    endloop
  endfacet
  facet normal 0 0 -1
    outer loop
      vertex 69.27916888711887 -22.510166510070878 -1
      vertex 70.55588732249964 18.115672831440445 -1
      vertex 70.55588732249966 -18.11567283144042 -1
    endloop
  endfacet
  facet normal 0 0 -1
    outer loop
      vertex 70.55588732249966 -18.11567283144042 -1
      vertex 71.5541539045373 13.649684868407983 -1
      vertex 71.5541539045373 -13.649684868407997 -1
    endloop
  endfacet
  facet normal 0 0 -1
    outer loop
      vertex 71.5541539045373 -13.649684868407997 -1
      vertex 72.27002893109714 9.129827835147758 -1
      vertex 72.27002893109714 -9.129827835147744 -1
    endloop
  endfacet
  facet normal 0 0 -1
    outer loop
      vertex 72.27002893109714 -9.129827835147744 -1
      vertex 72.70068717050152 4.573939542443788 -1
      vertex 72.70068717050152 -4.573939542443816 -1
    endloop
  endfacet
  facet normal 0 0 -1
    outer loop
      vertex 72.70068717050152 -4.573939542443816 -1
      vertex 72.70068717050152 4.573939542443788 -1
      vertex 72.84442901142857 0 -1
    endloop
  endfacet
  facet normal 0.8910065241883678 -0.4539904997395469 0
    outer loop
      vertex 63.834059746695864 -35.0930713140973 -1
      vertex 65.91160999098112 -31.015649378948268 -1
      vertex 63.834059746695864 -35.0930713140973 1
    endloop
  endfacet
  facet normal 0.9177546256839807 -0.3971478906347816 0
    outer loop
      vertex 65.91160999098112 -31.015649378948268 -1
      vertex 67.72903722278224 -26.815822845402952 -1
      vertex 65.91160999098112 -31.015649378948268 1
    endloop
  endfacet
  facet normal 0.9408807689542259 -0.3387379202452902 0
    outer loop
      vertex 67.72903722278224 -26.815822845402952 -1
      vertex 69.27916888711887 -22.510166510070878 -1
      vertex 67.72903722278224 -26.815822845402952 1
    endloop
  endfacet
  facet normal 0.960293685676943 -0.27899110603922983 0
    outer loop
      vertex 69.27916888711887 -22.510166510070878 -1
      vertex 70.55588732249966 -18.11567283144042 -1
      vertex 69.27916888711887 -22.510166510070878 1
    endloop
  endfacet
  facet normal 0.9759167619387472 -0.2181432413965432 0
    outer loop
      vertex 70.55588732249966 -18.11567283144042 -1
      vertex 71.5541539045373 -13.649684868407997 -1
      vertex 70.55588732249966 -18.11567283144042 1
    endloop
  endfacet
  facet normal 0.9876883405951378 -0.15643446504023056 0
    outer loop
      vertex 71.5541539045373 -13.649684868407997 -1
      vertex 72.27002893109714 -9.129827835147744 -1
      vertex 71.5541539045373 -13.649684868407997 1
    endloop
  endfacet
  facet normal 0.9955619646030801 -0.0941083133185134 0
    outer loop
      vertex 72.27002893109714 -9.129827835147744 -1
      vertex 72.70068717050152 -4.573939542443816 -1
      vertex 72.27002893109714 -9.129827835147744 1
    endloop
  endfacet
  facet normal 0.9995065603657315 -0.03141075907812961 0
    outer loop
      vertex 72.70068717050152 -4.573939542443816 -1
      vertex 72.84442901142857 0 -1
      vertex 72.70068717050152 -4.573939542443816 1
    endloop
  endfacet
  facet normal 0.03141075907812961 -0.9995065603657315 0
    outer loop
      vertex 0 -72.84442901142857 -1
      vertex 4.573939542443816 -72.70068717050152 1
      vertex 0 -72.84442901142857 1
    endloop
  endfacet
  facet normal 0.0941083133185134 -0.9955619646030801 0
    outer loop
      vertex 4.573939542443816 -72.70068717050152 -1
      vertex 9.129827835147744 -72.27002893109714 1
      vertex 4.573939542443816 -72.70068717050152 1
    endloop
  endfacet
  facet normal 0.15643446504023056 -0.9876883405951378 0
    outer loop
      vertex 9.129827835147744 -72.27002893109714 -1
      vertex 13.649684868407997 -71.5541539045373 1
      vertex 9.129827835147744 -72.27002893109714 1
    endloop
  endfacet
  facet normal 0.2181432413965432 -0.9759167619387472 0
    outer loop
      vertex 13.649684868407997 -71.5541539045373 -1
      vertex 18.11567283144042 -70.55588732249966 1
      vertex 13.649684868407997 -71.5541539045373 1
    endloop
  endfacet
  facet normal 0.27899110603922983 -0.960293685676943 0
    outer loop
      vertex 18.11567283144042 -70.55588732249966 -1
      vertex 22.510166510070878 -69.27916888711887 1
      vertex 18.11567283144042 -70.55588732249966 1
    endloop
  endfacet
  facet normal 0.3387379202452902 -0.9408807689542259 0
    outer loop
      vertex 22.510166510070878 -69.27916888711887 -1
      vertex 26.815822845402952 -67.72903722278224 1
      vertex 22.510166510070878 -69.27916888711887 1
    endloop
  endfacet
  facet normal 0.3971478906347816 -0.9177546256839807 0
    outer loop
      vertex 26.815822845402952 -67.72903722278224 -1
      vertex 31.015649378948268 -65.91160999098112 1
      vertex 26.815822845402952 -67.72903722278224 1
    endloop
  endfacet
  facet normal 0.4539904997395469 -0.8910065241883678 0
    outer loop
      vertex 31.015649378948268 -65.91160999098112 -1
      vertex 35.0930713140973 -63.834059746695864 1
      vertex 31.015649378948268 -65.91160999098112 1
    endloop
  endfacet
  facet normal 0.5090414157503715 -0.8607420270039434 0
    outer loop
      vertex 35.0930713140973 -63.834059746695864 -1
      vertex 39.03199692926878 -61.5045856315983 1
      vertex 35.0930713140973 -63.834059746695864 1
    endloop
  endfacet
  facet normal 0 0 1
    outer loop
      vertex 0 -72.84442901142857 1
      vertex 4.573939542443816 -72.70068717050152 1
      vertex 3.3181291518575406 -52.7401526019361 1
    endloop
  endfacet
  facet normal 0 0 1
    outer loop
      vertex 4.573939542443816 -72.70068717050152 1
      vertex 9.129827835147744 -72.27002893109714 1
      vertex 3.3181291518575406 -52.7401526019361 1
    endloop
  endfacet
  facet normal 0 0 1
    outer loop
      vertex 0 -72.84442901142857 1
      vertex 3.3181291518575406 -52.7401526019361 1
      vertex 0 -52.84442901142857 1
    endloop
  endfacet
  facet normal 0 0 1
    outer loop
      vertex 9.129827835147744 -72.27002893109714 1
      vertex 6.623163163861663 -52.427734904807586 1
      vertex 3.3181291518575406 -52.7401526019361 1
    endloop
  endfacet
  facet normal 0 0 1
    outer loop
      vertex 9.129827835147744 -72.27002893109714 1
      vertex 13.649684868407997 -71.5541539045373 1
      vertex 6.623163163861663 -52.427734904807586 1
    endloop
  endfacet
  facet normal 0 0 1
    outer loop
      vertex 13.649684868407997 -71.5541539045373 1
      vertex 18.11567283144042 -70.55588732249966 1
      vertex 13.141875088143331 -51.184224099927036 1
    endloop
  endfacet
  facet normal 0 0 1
    outer loop
      vertex 13.649684868407997 -71.5541539045373 1
      vertex 9.9020585766935 -51.908408889963525 1
      vertex 6.623163163861663 -52.427734904807586 1
    endloop
  endfacet
  facet normal 0 0 1
    outer loop
      vertex 13.649684868407997 -71.5541539045373 1
      vertex 13.141875088143331 -51.184224099927036 1
      vertex 9.9020585766935 -51.908408889963525 1
    endloop
  endfacet
  facet normal 0 0 1
    outer loop
      vertex 18.11567283144042 -70.55588732249966 1
      vertex 16.32982662257193 -50.258038561215805 1
      vertex 13.141875088143331 -51.184224099927036 1
    endloop
  endfacet
  facet normal 0 0 1
    outer loop
      vertex 22.510166510070878 -69.27916888711887 1
      vertex 26.815822845402952 -67.72903722278224 1
      vertex 25.810594220219404 -58.991481978045265 1
    endloop
  endfacet
  facet normal 0 0 1
    outer loop
      vertex 18.11567283144042 -70.55588732249966 1
      vertex 22.510166510070878 -69.27916888711887 1
      vertex 16.32982662257193 -50.258038561215805 1
    endloop
  endfacet
  facet normal 0 0 1
    outer loop
      vertex 22.510166510070878 -69.27916888711887 1
      vertex 19.453331791709385 -49.133507505017214 1
      vertex 16.32982662257193 -50.258038561215805 1
    endloop
  endfacet
  facet normal 0 0 1
    outer loop
      vertex 22.510166510070878 -69.27916888711887 1
      vertex 22.500063547646818 -47.815068941660726 1
      vertex 19.453331791709385 -49.133507505017214 1
    endloop
  endfacet
  facet normal 0 0 1
    outer loop
      vertex 22.510166510070878 -69.27916888711887 1
      vertex 24.605965382383026 -58.24735601704736 1
      vertex 24.423700103472886 -57.93382113263464 1
    endloop
  endfacet
  facet normal 0 0 1
    outer loop
      vertex 22.510166510070878 -69.27916888711887 1
      vertex 24.423700103472886 -57.93382113263464 1
      vertex 24.3061046223526 -57.59075254115478 1
    endloop
  endfacet
  facet normal 0 0 1
    outer loop
      vertex 22.510166510070878 -69.27916888711887 1
      vertex 25.134271873035836 -58.73922678452023 1
      vertex 24.845896106630047 -58.51930822461734 1
    endloop
  endfacet
  facet normal 0 0 1
    outer loop
      vertex 22.510166510070878 -69.27916888711887 1
      vertex 25.46001056262041 -58.898660349830706 1
      vertex 25.134271873035836 -58.73922678452023 1
    endloop
  endfacet
  facet normal 0 0 1
    outer loop
      vertex 22.510166510070878 -69.27916888711887 1
      vertex 24.845896106630047 -58.51930822461734 1
      vertex 24.605965382383026 -58.24735601704736 1
    endloop
  endfacet
  facet normal 0 0 1
    outer loop
      vertex 22.510166510070878 -69.27916888711887 1
      vertex 25.810594220219404 -58.991481978045265 1
      vertex 25.46001056262041 -58.898660349830706 1
    endloop
  endfacet
  facet normal 0 0 1
    outer loop
      vertex 26.815822845402952 -67.72903722278224 1
      vertex 26.172550112480856 -59.01412458604658 1
      vertex 25.810594220219404 -58.991481978045265 1
    endloop
  endfacet
  facet normal 0 0 1
    outer loop
      vertex 26.815822845402952 -67.72903722278224 1
      vertex 26.531968477452374 -58.96571803110729 1
      vertex 26.172550112480856 -59.01412458604658 1
    endloop
  endfacet
  facet normal 0 0 1
    outer loop
      vertex 22.510166510070878 -69.27916888711887 1
      vertex 24.3061046223526 -57.59075254115478 1
      vertex 22.500063547646818 -47.815068941660726 1
    endloop
  endfacet
  facet normal 0 0 1
    outer loop
      vertex 26.815822845402952 -67.72903722278224 1
      vertex 31.015649378948268 -65.91160999098112 1
      vertex 26.531968477452374 -58.96571803110729 1
    endloop
  endfacet
  facet normal 0 0 1
    outer loop
      vertex 31.015649378948268 -65.91160999098112 1
      vertex 26.875037068932233 -58.848122549986996 1
      vertex 26.531968477452374 -58.96571803110729 1
    endloop
  endfacet
  facet normal 0 0 1
    outer loop
      vertex 31.015649378948268 -65.91160999098112 1
      vertex 27.188571953344955 -58.66585727107687 1
      vertex 26.875037068932233 -58.848122549986996 1
    endloop
  endfacet
  facet normal 0 0 1
    outer loop
      vertex 31.015649378948268 -65.91160999098112 1
      vertex 27.460524160914936 -58.42592654682984 1
      vertex 27.188571953344955 -58.66585727107687 1
    endloop
  endfacet
  facet normal 0 0 1
    outer loop
      vertex 31.015649378948268 -65.91160999098112 1
      vertex 27.680442720817826 -58.13755078042406 1
      vertex 27.460524160914936 -58.42592654682984 1
    endloop
  endfacet
  facet normal 0 0 1
    outer loop
      vertex 31.015649378948268 -65.91160999098112 1
      vertex 27.839876286128302 -57.81181209083948 1
      vertex 27.680442720817826 -58.13755078042406 1
    endloop
  endfacet
  facet normal 0 0 1
    outer loop
      vertex 31.015649378948268 -65.91160999098112 1
      vertex 27.93269791434286 -57.46122843324049 1
      vertex 27.839876286128302 -57.81181209083948 1
    endloop
  endfacet
  facet normal 0 0 1
    outer loop
      vertex 31.015649378948268 -65.91160999098112 1
      vertex 31.06117603873423 -42.75204112828622 1
      vertex 27.93269791434286 -57.46122843324049 1
    endloop
  endfacet
  facet normal 0 0 1
    outer loop
      vertex 31.015649378948268 -65.91160999098112 1
      vertex 35.0930713140973 -63.834059746695864 1
      vertex 31.06117603873423 -42.75204112828622 1
    endloop
  endfacet
  facet normal 0 0 1
    outer loop
      vertex 35.0930713140973 -63.834059746695864 1
      vertex 39.03199692926878 -61.5045856315983 1
      vertex 33.684306776456225 -40.71733236023081 1
    endloop
  endfacet
  facet normal 0 0 1
    outer loop
      vertex 22.500063547646818 -47.815068941660726 1
      vertex 24.3061046223526 -57.59075254115478 1
      vertex 24.257698067413312 -57.23133417618326 1
    endloop
  endfacet
  facet normal 0 0 1
    outer loop
      vertex 22.500063547646818 -47.815068941660726 1
      vertex 24.257698067413312 -57.23133417618326 1
      vertex 24.280340675414628 -56.8693782839218 1
    endloop
  endfacet
  facet normal 0 0 1
    outer loop
      vertex 22.500063547646818 -47.815068941660726 1
      vertex 24.280340675414628 -56.8693782839218 1
      vertex 24.373162303629186 -56.518794626322816 1
    endloop
  endfacet
  facet normal 0 0 1
    outer loop
      vertex 22.500063547646818 -47.815068941660726 1
      vertex 24.373162303629186 -56.518794626322816 1
      vertex 24.532595868939662 -56.19305593673824 1
    endloop
  endfacet
  facet normal 0 0 1
    outer loop
      vertex 22.500063547646818 -47.815068941660726 1
      vertex 24.532595868939662 -56.19305593673824 1
      vertex 24.752514428842552 -55.90468017033245 1
    endloop
  endfacet
  facet normal 0 0 1
    outer loop
      vertex 22.500063547646818 -47.815068941660726 1
      vertex 24.752514428842552 -55.90468017033245 1
      vertex 25.024466636412534 -55.66474944608542 1
    endloop
  endfacet
  facet normal 0 0 1
    outer loop
      vertex 22.500063547646818 -47.815068941660726 1
      vertex 25.024466636412534 -55.66474944608542 1
      vertex 25.33800152082525 -55.482484167175286 1
    endloop
  endfacet
  facet normal 0 0 1
    outer loop
      vertex 22.500063547646818 -47.815068941660726 1
      vertex 25.33800152082525 -55.482484167175286 1
      vertex 25.681070112305115 -55.364888686055 1
    endloop
  endfacet
  facet normal 0 0 1
    outer loop
      vertex 22.500063547646818 -47.815068941660726 1
      vertex 25.681070112305115 -55.364888686055 1
      vertex 26.040488477276632 -55.31648213111571 1
    endloop
  endfacet
  facet normal 0 0 1
    outer loop
      vertex 26.040488477276632 -55.31648213111571 1
      vertex 26.402444369538085 -55.33912473911703 1
      vertex 22.500063547646818 -47.815068941660726 1
    endloop
  endfacet
  facet normal 0 0 1
    outer loop
      vertex 26.753028027137077 -55.43194636733159 1
      vertex 22.500063547646818 -47.815068941660726 1
      vertex 26.402444369538085 -55.33912473911703 1
    endloop
  endfacet
  facet normal 0 0 1
    outer loop
      vertex 25.457997832062993 -46.3079261458186 1
      vertex 26.753028027137077 -55.43194636733159 1
      vertex 27.078766716721653 -55.59137993264206 1
    endloop
  endfacet
  facet normal 0 0 1
    outer loop
      vertex 26.753028027137077 -55.43194636733159 1
      vertex 25.457997832062993 -46.3079261458186 1
      vertex 22.500063547646818 -47.815068941660726 1
    endloop
  endfacet
  facet normal 0 0 1
    outer loop
      vertex 28.31546102968886 -44.618027121558 1
      vertex 25.457997832062993 -46.3079261458186 1
      vertex 27.078766716721653 -55.59137993264206 1
    endloop
  endfacet
  facet normal 0 0 1
    outer loop
      vertex 31.06117603873423 -42.75204112828622 1
      vertex 27.955340522344176 -57.09927254097904 1
      vertex 27.93269791434286 -57.46122843324049 1
    endloop
  endfacet
  facet normal 0 0 1
    outer loop
      vertex 28.31546102968886 -44.618027121558 1
      vertex 27.078766716721653 -55.59137993264206 1
      vertex 27.36714248312744 -55.81129849254496 1
    endloop
  endfacet
  facet normal 0 0 1
    outer loop
      vertex 31.06117603873423 -42.75204112828622 1
      vertex 27.90693396740489 -56.73985417600752 1
      vertex 27.955340522344176 -57.09927254097904 1
    endloop
  endfacet
  facet normal 0 0 1
    outer loop
      vertex 31.06117603873423 -42.75204112828622 1
      vertex 27.789338486284603 -56.396785584527656 1
      vertex 27.90693396740489 -56.73985417600752 1
    endloop
  endfacet
  facet normal 0 0 1
    outer loop
      vertex 31.06117603873423 -42.75204112828622 1
      vertex 27.36714248312744 -55.81129849254496 1
      vertex 27.607073207374462 -56.08325070011494 1
    endloop
  endfacet
  facet normal 0 0 1
    outer loop
      vertex 31.06117603873423 -42.75204112828622 1
      vertex 27.607073207374462 -56.08325070011494 1
      vertex 27.789338486284603 -56.396785584527656 1
    endloop
  endfacet
  facet normal 0 0 1
    outer loop
      vertex 31.06117603873423 -42.75204112828622 1
      vertex 28.31546102968886 -44.618027121558 1
      vertex 27.36714248312744 -55.81129849254496 1
    endloop
  endfacet
  facet normal 0 0 1
    outer loop
      vertex 35.0930713140973 -63.834059746695864 1
      vertex 33.684306776456225 -40.71733236023081 1
      vertex 31.06117603873423 -42.75204112828622 1
    endloop
  endfacet
  facet normal 0 0 1
    outer loop
      vertex 39.03199692926878 -61.5045856315983 1
      vertex 36.174500944227454 -38.52193088332931 1
      vertex 33.684306776456225 -40.71733236023081 1
    endloop
  endfacet
  facet normal 0.5620833778521291 -0.8270805742745628 0
    outer loop
      vertex 39.03199692926878 -61.5045856315983 -1
      vertex 42.81688108458369 -58.93238101578517 1
      vertex 39.03199692926878 -61.5045856315983 1
    endloop
  endfacet
  facet normal 0.612907053652976 -0.7901550123756907 0
    outer loop
      vertex 42.81688108458369 -58.93238101578517 -1
      vertex 46.43278657143002 -56.1275972157466 1
      vertex 42.81688108458369 -58.93238101578517 1
    endloop
  endfacet
  facet normal 0.6613118653236529 -0.7501110696304586 0
    outer loop
      vertex 46.43278657143002 -56.1275972157466 -1
      vertex 49.865443062801226 -53.10130343175754 1
      vertex 46.43278657143002 -56.1275972157466 1
    endloop
  endfacet
  facet normal 0.7071067811865476 -0.7071067811865476 0
    outer loop
      vertex 53.10130343175754 -49.865443062801226 -1
      vertex 53.10130343175754 -49.865443062801226 1
      vertex 49.865443062801226 -53.10130343175754 1
    endloop
  endfacet
  facet normal 0.7501110696304586 -0.6613118653236529 0
    outer loop
      vertex 56.1275972157466 -46.43278657143002 -1
      vertex 56.1275972157466 -46.43278657143002 1
      vertex 53.10130343175754 -49.865443062801226 1
    endloop
  endfacet
  facet normal 0.7901550123756907 -0.612907053652976 0
    outer loop
      vertex 58.93238101578517 -42.81688108458369 -1
      vertex 58.93238101578517 -42.81688108458369 1
      vertex 56.1275972157466 -46.43278657143002 1
    endloop
  endfacet
  facet normal 0.8270805742745628 -0.5620833778521291 0
    outer loop
      vertex 61.5045856315983 -39.03199692926878 -1
      vertex 61.5045856315983 -39.03199692926878 1
      vertex 58.93238101578517 -42.81688108458369 1
    endloop
  endfacet
  facet normal 0 0 1
    outer loop
      vertex 39.03199692926878 -61.5045856315983 1
      vertex 42.81688108458369 -58.93238101578517 1
      vertex 38.52193088332931 -36.174500944227454 1
    endloop
  endfacet
  facet normal 0 0 1
    outer loop
      vertex 42.81688108458369 -58.93238101578517 1
      vertex 46.43278657143002 -56.1275972157466 1
      vertex 42.75204112828622 -31.06117603873423 1
    endloop
  endfacet
  facet normal 0 0 1
    outer loop
      vertex 39.03199692926878 -61.5045856315983 1
      vertex 38.52193088332931 -36.174500944227454 1
      vertex 36.174500944227454 -38.52193088332931 1
    endloop
  endfacet
  facet normal 0 0 1
    outer loop
      vertex 42.81688108458369 -58.93238101578517 1
      vertex 40.71733236023081 -33.684306776456225 1
      vertex 38.52193088332931 -36.174500944227454 1
    endloop
  endfacet
  facet normal 0 0 1
    outer loop
      vertex 42.81688108458369 -58.93238101578517 1
      vertex 42.75204112828622 -31.06117603873423 1
      vertex 40.71733236023081 -33.684306776456225 1
    endloop
  endfacet
  facet normal 0 0 1
    outer loop
      vertex 46.43278657143002 -56.1275972157466 1
      vertex 44.618027121558 -28.31546102968886 1
      vertex 42.75204112828622 -31.06117603873423 1
    endloop
  endfacet
  facet normal 0 0 1
    outer loop
      vertex 49.865443062801226 -53.10130343175754 1
      vertex 53.10130343175754 -49.865443062801226 1
      vertex 51.867912412329794 -35.53258250900672 1
    endloop
  endfacet
  facet normal 0 0 1
    outer loop
      vertex 46.43278657143002 -56.1275972157466 1
      vertex 49.865443062801226 -53.10130343175754 1
      vertex 46.3079261458186 -25.457997832062993 1
    endloop
  endfacet
  facet normal 0 0 1
    outer loop
      vertex 46.43278657143002 -56.1275972157466 1
      vertex 46.3079261458186 -25.457997832062993 1
      vertex 44.618027121558 -28.31546102968886 1
    endloop
  endfacet
  facet normal 0 0 1
    outer loop
      vertex 49.865443062801226 -53.10130343175754 1
      vertex 51.583507914651356 -35.307551761462825 1
      vertex 51.34846949064974 -35.031360351598714 1
    endloop
  endfacet
  facet normal 0 0 1
    outer loop
      vertex 49.865443062801226 -53.10130343175754 1
      vertex 51.867912412329794 -35.53258250900672 1
      vertex 51.583507914651356 -35.307551761462825 1
    endloop
  endfacet
  facet normal 0 0 1
    outer loop
      vertex 53.10130343175754 -49.865443062801226 1
      vertex 56.1275972157466 -46.43278657143002 1
      vertex 52.90111859382351 -35.825968756660295 1
    endloop
  endfacet
  facet normal 0 0 1
    outer loop
      vertex 49.865443062801226 -53.10130343175754 1
      vertex 51.06037622257601 -34.369509258942045 1
      vertex 51.018392641231394 -34.009284142469895 1
    endloop
  endfacet
  facet normal 0 0 1
    outer loop
      vertex 49.865443062801226 -53.10130343175754 1
      vertex 51.171829535148255 -34.71462216040555 1
      vertex 51.06037622257601 -34.369509258942045 1
    endloop
  endfacet
  facet normal 0 0 1
    outer loop
      vertex 49.865443062801226 -53.10130343175754 1
      vertex 51.34846949064974 -35.031360351598714 1
      vertex 51.171829535148255 -34.71462216040555 1
    endloop
  endfacet
  facet normal 0 0 1
    outer loop
      vertex 53.10130343175754 -49.865443062801226 1
      vertex 52.53962451155219 -35.79686920129085 1
      vertex 52.190753478335154 -35.69780478880099 1
    endloop
  endfacet
  facet normal 0 0 1
    outer loop
      vertex 53.10130343175754 -49.865443062801226 1
      vertex 52.90111859382351 -35.825968756660295 1
      vertex 52.53962451155219 -35.79686920129085 1
    endloop
  endfacet
  facet normal 0 0 1
    outer loop
      vertex 53.10130343175754 -49.865443062801226 1
      vertex 52.190753478335154 -35.69780478880099 1
      vertex 51.867912412329794 -35.53258250900672 1
    endloop
  endfacet
  facet normal 0 0 1
    outer loop
      vertex 56.1275972157466 -46.43278657143002 1
      vertex 53.26134371029566 -35.78398517531568 1
      vertex 52.90111859382351 -35.825968756660295 1
    endloop
  endfacet
  facet normal 0 0 1
    outer loop
      vertex 56.1275972157466 -46.43278657143002 1
      vertex 53.606456611759164 -35.672531862743426 1
      vertex 53.26134371029566 -35.78398517531568 1
    endloop
  endfacet
  facet normal 0 0 1
    outer loop
      vertex 56.1275972157466 -46.43278657143002 1
      vertex 53.92319480295234 -35.49589190724194 1
      vertex 53.606456611759164 -35.672531862743426 1
    endloop
  endfacet
  facet normal 0 0 1
    outer loop
      vertex 56.1275972157466 -46.43278657143002 1
      vertex 54.19938621281644 -35.26085348324033 1
      vertex 53.92319480295234 -35.49589190724194 1
    endloop
  endfacet
  facet normal 0 0 1
    outer loop
      vertex 56.1275972157466 -46.43278657143002 1
      vertex 54.42441696036033 -34.97644898556189 1
      vertex 54.19938621281644 -35.26085348324033 1
    endloop
  endfacet
  facet normal 0 0 1
    outer loop
      vertex 56.1275972157466 -46.43278657143002 1
      vertex 54.589639240154604 -34.65360791955654 1
      vertex 54.42441696036033 -34.97644898556189 1
    endloop
  endfacet
  facet normal 0 0 1
    outer loop
      vertex 56.1275972157466 -46.43278657143002 1
      vertex 54.68870365264446 -34.3047368863395 1
      vertex 54.589639240154604 -34.65360791955654 1
    endloop
  endfacet
  facet normal 0 0 1
    outer loop
      vertex 56.1275972157466 -46.43278657143002 1
      vertex 54.71780320801391 -33.94324280406818 1
      vertex 54.68870365264446 -34.3047368863395 1
    endloop
  endfacet
  facet normal 0.8607420270039434 -0.5090414157503715 0
    outer loop
      vertex 63.834059746695864 -35.0930713140973 -1
      vertex 63.834059746695864 -35.0930713140973 1
      vertex 61.5045856315983 -39.03199692926878 1
    endloop
  endfacet
  facet normal 0.8910065241883678 -0.4539904997395469 0
    outer loop
      vertex 65.91160999098112 -31.015649378948268 -1
      vertex 65.91160999098112 -31.015649378948268 1
      vertex 63.834059746695864 -35.0930713140973 1
    endloop
  endfacet
  facet normal 0.9177546256839807 -0.3971478906347816 0
    outer loop
      vertex 67.72903722278224 -26.815822845402952 -1
      vertex 67.72903722278224 -26.815822845402952 1
      vertex 65.91160999098112 -31.015649378948268 1
    endloop
  endfacet
  facet normal 0.9408807689542259 -0.3387379202452902 0
    outer loop
      vertex 69.27916888711887 -22.510166510070878 -1
      vertex 69.27916888711887 -22.510166510070878 1
      vertex 67.72903722278224 -26.815822845402952 1
    endloop
  endfacet
  facet normal 0.960293685676943 -0.27899110603922983 0
    outer loop
      vertex 70.55588732249966 -18.11567283144042 -1
      vertex 70.55588732249966 -18.11567283144042 1
      vertex 69.27916888711887 -22.510166510070878 1
    endloop
  endfacet
  facet normal 0.9759167619387472 -0.2181432413965432 0
    outer loop
      vertex 71.5541539045373 -13.649684868407997 -1
      vertex 71.5541539045373 -13.649684868407997 1
      vertex 70.55588732249966 -18.11567283144042 1
    endloop
  endfacet
  facet normal 0.9876883405951378 -0.15643446504023056 0
    outer loop
      vertex 72.27002893109714 -9.129827835147744 -1
      vertex 72.27002893109714 -9.129827835147744 1
      vertex 71.5541539045373 -13.649684868407997 1
    endloop
  endfacet
  facet normal 0.9955619646030801 -0.0941083133185134 0
    outer loop
      vertex 72.70068717050152 -4.573939542443816 -1
      vertex 72.70068717050152 -4.573939542443816 1
      vertex 72.27002893109714 -9.129827835147744 1
    endloop
  endfacet
  facet normal 0.9995065603657315 -0.03141075907812961 0
    outer loop
      vertex 72.70068717050152 -4.573939542443816 1
      vertex 72.84442901142857 0 -1
      vertex 72.84442901142857 0 1
    endloop
  endfacet
  facet normal 0 0 1
    outer loop
      vertex 49.865443062801226 -53.10130343175754 1
      vertex 51.018392641231394 -34.009284142469895 1
      vertex 49.133507505017214 -19.453331791709385 1
    endloop
  endfacet
  facet normal 0 0 1
    outer loop
      vertex 49.865443062801226 -53.10130343175754 1
      vertex 47.815068941660726 -22.500063547646818 1
      vertex 46.3079261458186 -25.457997832062993 1
    endloop
  endfacet
  facet normal 0 0 1
    outer loop
      vertex 49.865443062801226 -53.10130343175754 1
      vertex 49.133507505017214 -19.453331791709385 1
      vertex 47.815068941660726 -22.500063547646818 1
    endloop
  endfacet
  facet normal 0 0 1
    outer loop
      vertex 49.133507505017214 -19.453331791709385 1
      vertex 51.018392641231394 -34.009284142469895 1
      vertex 51.04749219660084 -33.647790060198574 1
    endloop
  endfacet
  facet normal 0 0 1
    outer loop
      vertex 49.133507505017214 -19.453331791709385 1
      vertex 51.04749219660084 -33.647790060198574 1
      vertex 51.146556609090695 -33.29891902698153 1
    endloop
  endfacet
  facet normal 0 0 1
    outer loop
      vertex 49.133507505017214 -19.453331791709385 1
      vertex 51.146556609090695 -33.29891902698153 1
      vertex 51.311778888884966 -32.97607796097618 1
    endloop
  endfacet
  facet normal 0 0 1
    outer loop
      vertex 49.133507505017214 -19.453331791709385 1
      vertex 51.311778888884966 -32.97607796097618 1
      vertex 51.536809636428856 -32.69167346329774 1
    endloop
  endfacet
  facet normal 0 0 1
    outer loop
      vertex 49.133507505017214 -19.453331791709385 1
      vertex 51.536809636428856 -32.69167346329774 1
      vertex 51.81300104629297 -32.45663503929613 1
    endloop
  endfacet
  facet normal 0 0 1
    outer loop
      vertex 49.133507505017214 -19.453331791709385 1
      vertex 51.81300104629297 -32.45663503929613 1
      vertex 52.12973923748614 -32.279995083794645 1
    endloop
  endfacet
  facet normal 0 0 1
    outer loop
      vertex 49.133507505017214 -19.453331791709385 1
      vertex 52.12973923748614 -32.279995083794645 1
      vertex 52.47485213894964 -32.168541771222394 1
    endloop
  endfacet
  facet normal 0 0 1
    outer loop
      vertex 52.83507725542179 -32.12655818987778 1
      vertex 49.133507505017214 -19.453331791709385 1
      vertex 52.47485213894964 -32.168541771222394 1
    endloop
  endfacet
  facet normal 0 0 1
    outer loop
      vertex 51.184224099927036 -13.141875088143331 1
      vertex 52.83507725542179 -32.12655818987778 1
      vertex 53.19657133769311 -32.15565774524722 1
    endloop
  endfacet
  facet normal 0 0 1
    outer loop
      vertex 52.83507725542179 -32.12655818987778 1
      vertex 50.258038561215805 -16.32982662257193 1
      vertex 49.133507505017214 -19.453331791709385 1
    endloop
  endfacet
  facet normal 0 0 1
    outer loop
      vertex 52.83507725542179 -32.12655818987778 1
      vertex 51.184224099927036 -13.141875088143331 1
      vertex 50.258038561215805 -16.32982662257193 1
    endloop
  endfacet
  facet normal 0 0 1
    outer loop
      vertex 51.184224099927036 -13.141875088143331 1
      vertex 53.19657133769311 -32.15565774524722 1
      vertex 51.908408889963525 -9.9020585766935 1
    endloop
  endfacet
  facet normal 0 0 1
    outer loop
      vertex 53.19657133769311 -32.15565774524722 1
      vertex 52.427734904807586 -6.623163163861663 1
      vertex 51.908408889963525 -9.9020585766935 1
    endloop
  endfacet
  facet normal 0 0 1
    outer loop
      vertex 53.19657133769311 -32.15565774524722 1
      vertex 52.7401526019361 -3.3181291518575406 1
      vertex 52.427734904807586 -6.623163163861663 1
    endloop
  endfacet
  facet normal 0 0 1
    outer loop
      vertex 53.19657133769311 -32.15565774524722 1
      vertex 52.84442901142857 0 1
      vertex 52.7401526019361 -3.3181291518575406 1
    endloop
  endfacet
  facet normal 0 0 1
    outer loop
      vertex 53.54544237091016 32.25472215773706 1
      vertex 54.675819626669295 -33.583017687596026 1
      vertex 54.71780320801391 -33.94324280406818 1
    endloop
  endfacet
  facet normal 0 0 1
    outer loop
      vertex 53.54544237091016 32.25472215773706 1
      vertex 54.56436631409704 -33.237904786132525 1
      vertex 54.675819626669295 -33.583017687596026 1
    endloop
  endfacet
  facet normal 0 0 1
    outer loop
      vertex 53.19657133769311 -32.15565774524722 1
      vertex 53.545442370910145 -32.254722157737085 1
      vertex 53.19657133769312 32.1556577452472 1
    endloop
  endfacet
  facet normal 0 0 1
    outer loop
      vertex 53.54544237091016 32.25472215773706 1
      vertex 54.15268793459394 -32.644975185075246 1
      vertex 54.38772635859556 -32.92116659493936 1
    endloop
  endfacet
  facet normal 0 0 1
    outer loop
      vertex 53.54544237091016 32.25472215773706 1
      vertex 53.86828343691551 -32.41994443753135 1
      vertex 54.15268793459394 -32.644975185075246 1
    endloop
  endfacet
  facet normal 0 0 1
    outer loop
      vertex 53.545442370910145 -32.254722157737085 1
      vertex 53.86828343691551 -32.41994443753135 1
      vertex 53.54544237091016 32.25472215773706 1
    endloop
  endfacet
  facet normal 0 0 1
    outer loop
      vertex 53.54544237091016 32.25472215773706 1
      vertex 54.38772635859556 -32.92116659493936 1
      vertex 54.56436631409704 -33.237904786132525 1
    endloop
  endfacet
  facet normal 0 0 1
    outer loop
      vertex 53.19657133769311 -32.15565774524722 1
      vertex 52.8350772554218 32.126558189877755 1
      vertex 52.84442901142857 0 1
    endloop
  endfacet
  facet normal 0 0 1
    outer loop
      vertex 61.5045856315983 -39.03199692926878 1
      vertex 63.834059746695864 -35.0930713140973 1
      vertex 61.30621022866887 -1.027804931086264 1
    endloop
  endfacet
  facet normal 0 0 1
    outer loop
      vertex 63.834059746695864 -35.0930713140973 1
      vertex 65.91160999098112 -31.015649378948268 1
      vertex 63.55239336130399 -1.7091771351458807 1
    endloop
  endfacet
  facet normal 0 0 1
    outer loop
      vertex 56.1275972157466 -46.43278657143002 1
      vertex 53.54544237091016 32.25472215773706 1
      vertex 54.71780320801391 -33.94324280406818 1
    endloop
  endfacet
  facet normal 0 0 1
    outer loop
      vertex 56.1275972157466 -46.43278657143002 1
      vertex 58.93238101578517 -42.81688108458369 1
      vertex 56.127597215746604 46.43278657143001 1
    endloop
  endfacet
  facet normal 0 0 1
    outer loop
      vertex 58.93238101578517 -42.81688108458369 1
      vertex 61.5045856315983 -39.03199692926878 1
      vertex 58.93238101578517 42.81688108458369 1
    endloop
  endfacet
  facet normal 0 0 1
    outer loop
      vertex 61.5045856315983 -39.03199692926878 1
      vertex 61.029976242682594 -0.36091709572983727 1
      vertex 60.99442901142857 0 1
    endloop
  endfacet
  facet normal 0 0 1
    outer loop
      vertex 61.5045856315983 -39.03199692926878 1
      vertex 61.30621022866887 -1.027804931086264 1
      vertex 61.135251876282695 -0.7079643498754161 1
    endloop
  endfacet
  facet normal 0 0 1
    outer loop
      vertex 61.5045856315983 -39.03199692926878 1
      vertex 61.135251876282695 -0.7079643498754161 1
      vertex 61.029976242682594 -0.36091709572983727 1
    endloop
  endfacet
  facet normal 0 0 1
    outer loop
      vertex 63.834059746695864 -35.0930713140973 1
      vertex 61.81662408034231 -1.5382187827597087 1
      vertex 61.53628146623346 -1.308147545195113 1
    endloop
  endfacet
  facet normal 0 0 1
    outer loop
      vertex 63.834059746695864 -35.0930713140973 1
      vertex 62.136464661553156 -1.7091771351458807 1
      vertex 61.81662408034231 -1.5382187827597087 1
    endloop
  endfacet
  facet normal 0 0 1
    outer loop
      vertex 63.834059746695864 -35.0930713140973 1
      vertex 61.53628146623346 -1.308147545195113 1
      vertex 61.30621022866887 -1.027804931086264 1
    endloop
  endfacet
  facet normal 0 0 1
    outer loop
      vertex 63.834059746695864 -35.0930713140973 1
      vertex 62.483511915698735 -1.8144527687459764 1
      vertex 62.136464661553156 -1.7091771351458807 1
    endloop
  endfacet
  facet normal 0 0 1
    outer loop
      vertex 63.834059746695864 -35.0930713140973 1
      vertex 62.84442901142857 -1.85 1
      vertex 62.483511915698735 -1.8144527687459764 1
    endloop
  endfacet
  facet normal 0 0 1
    outer loop
      vertex 63.834059746695864 -35.0930713140973 1
      vertex 63.20534610715841 -1.8144527687459764 1
      vertex 62.84442901142857 -1.85 1
    endloop
  endfacet
  facet normal 0 0 1
    outer loop
      vertex 63.834059746695864 -35.0930713140973 1
      vertex 63.55239336130399 -1.7091771351458807 1
      vertex 63.20534610715841 -1.8144527687459764 1
    endloop
  endfacet
  facet normal 0 0 1
    outer loop
      vertex 65.91160999098112 -31.015649378948268 1
      vertex 63.87223394251484 -1.5382187827597087 1
      vertex 63.55239336130399 -1.7091771351458807 1
    endloop
  endfacet
  facet normal 0 0 1
    outer loop
      vertex 65.91160999098112 -31.015649378948268 1
      vertex 64.15257655662369 -1.308147545195113 1
      vertex 63.87223394251484 -1.5382187827597087 1
    endloop
  endfacet
  facet normal 0 0 1
    outer loop
      vertex 65.91160999098112 -31.015649378948268 1
      vertex 64.38264779418829 -1.027804931086264 1
      vertex 64.15257655662369 -1.308147545195113 1
    endloop
  endfacet
  facet normal 0 0 1
    outer loop
      vertex 65.91160999098112 -31.015649378948268 1
      vertex 64.55360614657445 -0.7079643498754161 1
      vertex 64.38264779418829 -1.027804931086264 1
    endloop
  endfacet
  facet normal 0 0 1
    outer loop
      vertex 65.91160999098112 -31.015649378948268 1
      vertex 64.65888178017455 -0.36091709572983727 1
      vertex 64.55360614657445 -0.7079643498754161 1
    endloop
  endfacet
  facet normal 0 0 1
    outer loop
      vertex 65.91160999098112 -31.015649378948268 1
      vertex 64.69442901142857 0 1
      vertex 64.65888178017455 -0.36091709572983727 1
    endloop
  endfacet
  facet normal 0 0 1
    outer loop
      vertex 65.91160999098112 -31.015649378948268 1
      vertex 67.72903722278224 -26.815822845402952 1
      vertex 65.91160999098112 31.015649378948286 1
    endloop
  endfacet
  facet normal 0 0 1
    outer loop
      vertex 67.72903722278224 -26.815822845402952 1
      vertex 69.27916888711887 -22.510166510070878 1
      vertex 67.72903722278225 26.815822845402923 1
    endloop
  endfacet
  facet normal 0 0 1
    outer loop
      vertex 69.27916888711887 -22.510166510070878 1
      vertex 70.55588732249966 -18.11567283144042 1
      vertex 69.27916888711887 22.510166510070878 1
    endloop
  endfacet
  facet normal 0 0 1
    outer loop
      vertex 70.55588732249966 -18.11567283144042 1
      vertex 71.5541539045373 -13.649684868407997 1
      vertex 70.55588732249964 18.115672831440445 1
    endloop
  endfacet
  facet normal 0 0 1
    outer loop
      vertex 71.5541539045373 -13.649684868407997 1
      vertex 72.27002893109714 -9.129827835147744 1
      vertex 71.5541539045373 13.649684868407983 1
    endloop
  endfacet
  facet normal 0 0 1
    outer loop
      vertex 72.27002893109714 -9.129827835147744 1
      vertex 72.70068717050152 -4.573939542443816 1
      vertex 72.27002893109714 9.129827835147758 1
    endloop
  endfacet
  facet normal 0 0 1
    outer loop
      vertex 72.70068717050152 -4.573939542443816 1
      vertex 72.84442901142857 0 1
      vertex 72.70068717050152 4.573939542443788 1
    endloop
  endfacet
  facet normal 0 0 -1
    outer loop
      vertex 0 72.84442901142857 -1
      vertex 3.318129151857515 52.7401526019361 -1
      vertex 0 52.84442901142857 -1
    endloop
  endfacet
  facet normal 0 0 -1
    outer loop
      vertex 9.129827835147761 72.27002893109714 -1
      vertex 6.623163163861675 52.427734904807586 -1
      vertex 3.318129151857515 52.7401526019361 -1
    endloop
  endfacet
  facet normal 0 0 -1
    outer loop
      vertex 0 72.84442901142857 -1
      vertex 4.573939542443781 72.70068717050152 -1
      vertex 3.318129151857515 52.7401526019361 -1
    endloop
  endfacet
  facet normal 0 0 -1
    outer loop
      vertex 4.573939542443781 72.70068717050152 -1
      vertex 9.129827835147761 72.27002893109714 -1
      vertex 3.318129151857515 52.7401526019361 -1
    endloop
  endfacet
  facet normal 0 0 -1
    outer loop
      vertex 13.649684868407979 71.5541539045373 -1
      vertex 9.902058576693488 51.90840888996353 -1
      vertex 6.623163163861675 52.427734904807586 -1
    endloop
  endfacet
  facet normal 0 0 -1
    outer loop
      vertex 13.649684868407979 71.5541539045373 -1
      vertex 13.141875088143355 51.18422409992703 -1
      vertex 9.902058576693488 51.90840888996353 -1
    endloop
  endfacet
  facet normal 0 0 -1
    outer loop
      vertex 18.115672831440452 70.55588732249964 -1
      vertex 16.32982662257193 50.258038561215805 -1
      vertex 13.141875088143355 51.18422409992703 -1
    endloop
  endfacet
  facet normal 0 0 -1
    outer loop
      vertex 9.129827835147761 72.27002893109714 -1
      vertex 13.649684868407979 71.5541539045373 -1
      vertex 6.623163163861675 52.427734904807586 -1
    endloop
  endfacet
  facet normal 0 0 -1
    outer loop
      vertex 13.649684868407979 71.5541539045373 -1
      vertex 18.115672831440452 70.55588732249964 -1
      vertex 13.141875088143355 51.18422409992703 -1
    endloop
  endfacet
  facet normal 0 0 -1
    outer loop
      vertex 26.753028027137063 55.4319463673316 -1
      vertex 25.457997832062986 46.3079261458186 -1
      vertex 22.500063547646835 47.815068941660726 -1
    endloop
  endfacet
  facet normal 0 0 -1
    outer loop
      vertex 28.31546102968888 44.61802712155799 -1
      vertex 25.457997832062986 46.3079261458186 -1
      vertex 27.07876671672164 55.59137993264207 -1
    endloop
  endfacet
  facet normal 0 0 -1
    outer loop
      vertex 22.500063547646835 47.815068941660726 -1
      vertex 24.280340675414614 56.869378283921804 -1
      vertex 24.373162303629172 56.51879462632282 -1
    endloop
  endfacet
  facet normal 0 0 -1
    outer loop
      vertex 22.500063547646835 47.815068941660726 -1
      vertex 24.373162303629172 56.51879462632282 -1
      vertex 24.532595868939648 56.19305593673825 -1
    endloop
  endfacet
  facet normal 0 0 -1
    outer loop
      vertex 22.500063547646835 47.815068941660726 -1
      vertex 24.257698067413294 57.23133417618327 -1
      vertex 24.280340675414614 56.869378283921804 -1
    endloop
  endfacet
  facet normal 0 0 -1
    outer loop
      vertex 22.500063547646835 47.815068941660726 -1
      vertex 24.306104622352585 57.590752541154785 -1
      vertex 24.257698067413294 57.23133417618327 -1
    endloop
  endfacet
  facet normal 0 0 -1
    outer loop
      vertex 22.500063547646835 47.815068941660726 -1
      vertex 24.752514428842538 55.904680170332455 -1
      vertex 25.02446663641252 55.66474944608543 -1
    endloop
  endfacet
  facet normal 0 0 -1
    outer loop
      vertex 22.500063547646835 47.815068941660726 -1
      vertex 24.532595868939648 56.19305593673825 -1
      vertex 24.752514428842538 55.904680170332455 -1
    endloop
  endfacet
  facet normal 0 0 -1
    outer loop
      vertex 22.500063547646835 47.815068941660726 -1
      vertex 25.02446663641252 55.66474944608543 -1
      vertex 25.33800152082524 55.48248416717529 -1
    endloop
  endfacet
  facet normal 0 0 -1
    outer loop
      vertex 22.500063547646835 47.815068941660726 -1
      vertex 25.33800152082524 55.48248416717529 -1
      vertex 25.6810701123051 55.364888686055004 -1
    endloop
  endfacet
  facet normal 0 0 -1
    outer loop
      vertex 22.500063547646835 47.815068941660726 -1
      vertex 25.6810701123051 55.364888686055004 -1
      vertex 26.040488477276618 55.31648213111572 -1
    endloop
  endfacet
  facet normal 0 0 -1
    outer loop
      vertex 22.500063547646835 47.815068941660726 -1
      vertex 26.040488477276618 55.31648213111572 -1
      vertex 26.40244436953807 55.33912473911704 -1
    endloop
  endfacet
  facet normal 0 0 -1
    outer loop
      vertex 22.500063547646835 47.815068941660726 -1
      vertex 26.40244436953807 55.33912473911704 -1
      vertex 26.753028027137063 55.4319463673316 -1
    endloop
  endfacet
  facet normal 0 0 -1
    outer loop
      vertex 25.457997832062986 46.3079261458186 -1
      vertex 26.753028027137063 55.4319463673316 -1
      vertex 27.07876671672164 55.59137993264207 -1
    endloop
  endfacet
  facet normal 0 0 -1
    outer loop
      vertex 31.06117603873423 42.75204112828622 -1
      vertex 28.31546102968888 44.61802712155799 -1
      vertex 27.36714248312743 55.811298492544964 -1
    endloop
  endfacet
  facet normal 0 0 -1
    outer loop
      vertex 28.31546102968888 44.61802712155799 -1
      vertex 27.07876671672164 55.59137993264207 -1
      vertex 27.36714248312743 55.811298492544964 -1
    endloop
  endfacet
  facet normal 0 0 -1
    outer loop
      vertex 31.06117603873423 42.75204112828622 -1
      vertex 27.36714248312743 55.811298492544964 -1
      vertex 27.607073207374448 56.083250700114945 -1
    endloop
  endfacet
  facet normal 0 0 -1
    outer loop
      vertex 31.06117603873423 42.75204112828622 -1
      vertex 27.607073207374448 56.083250700114945 -1
      vertex 27.78933848628459 56.39678558452766 -1
    endloop
  endfacet
  facet normal 0 0 -1
    outer loop
      vertex 31.06117603873423 42.75204112828622 -1
      vertex 27.78933848628459 56.39678558452766 -1
      vertex 27.906933967404875 56.739854176007526 -1
    endloop
  endfacet
  facet normal 0 0 -1
    outer loop
      vertex 31.06117603873423 42.75204112828622 -1
      vertex 27.906933967404875 56.739854176007526 -1
      vertex 27.955340522344166 57.099272540979044 -1
    endloop
  endfacet
  facet normal 0 0 -1
    outer loop
      vertex 31.06117603873423 42.75204112828622 -1
      vertex 27.955340522344166 57.099272540979044 -1
      vertex 27.932697914342846 57.4612284332405 -1
    endloop
  endfacet
  facet normal 0 0 -1
    outer loop
      vertex 35.09307131409729 63.83405974669587 -1
      vertex 33.68430677645621 40.71733236023082 -1
      vertex 31.06117603873423 42.75204112828622 -1
    endloop
  endfacet
  facet normal 0 0 -1
    outer loop
      vertex 39.031996929268814 61.50458563159829 -1
      vertex 36.17450094422747 38.521930883329304 -1
      vertex 33.68430677645621 40.71733236023082 -1
    endloop
  endfacet
  facet normal 0 0 -1
    outer loop
      vertex 22.510166510070878 69.27916888711887 -1
      vertex 19.453331791709356 49.13350750501723 -1
      vertex 16.32982662257193 50.258038561215805 -1
    endloop
  endfacet
  facet normal 0 0 -1
    outer loop
      vertex 22.510166510070878 69.27916888711887 -1
      vertex 22.500063547646835 47.815068941660726 -1
      vertex 19.453331791709356 49.13350750501723 -1
    endloop
  endfacet
  facet normal 0 0 -1
    outer loop
      vertex 18.115672831440452 70.55588732249964 -1
      vertex 22.510166510070878 69.27916888711887 -1
      vertex 16.32982662257193 50.258038561215805 -1
    endloop
  endfacet
  facet normal 0 0 -1
    outer loop
      vertex 22.510166510070878 69.27916888711887 -1
      vertex 24.306104622352585 57.590752541154785 -1
      vertex 22.500063547646835 47.815068941660726 -1
    endloop
  endfacet
  facet normal 0 0 -1
    outer loop
      vertex 22.510166510070878 69.27916888711887 -1
      vertex 24.42370010347287 57.93382113263465 -1
      vertex 24.306104622352585 57.590752541154785 -1
    endloop
  endfacet
  facet normal 0 0 -1
    outer loop
      vertex 22.510166510070878 69.27916888711887 -1
      vertex 24.605965382383012 58.247356017047366 -1
      vertex 24.42370010347287 57.93382113263465 -1
    endloop
  endfacet
  facet normal 0 0 -1
    outer loop
      vertex 22.510166510070878 69.27916888711887 -1
      vertex 24.84589610663003 58.51930822461735 -1
      vertex 24.605965382383012 58.247356017047366 -1
    endloop
  endfacet
  facet normal 0 0 -1
    outer loop
      vertex 22.510166510070878 69.27916888711887 -1
      vertex 25.13427187303582 58.739226784520234 -1
      vertex 24.84589610663003 58.51930822461735 -1
    endloop
  endfacet
  facet normal 0 0 -1
    outer loop
      vertex 22.510166510070878 69.27916888711887 -1
      vertex 25.460010562620397 58.89866034983071 -1
      vertex 25.13427187303582 58.739226784520234 -1
    endloop
  endfacet
  facet normal 0 0 -1
    outer loop
      vertex 22.510166510070878 69.27916888711887 -1
      vertex 25.81059422021939 58.99148197804527 -1
      vertex 25.460010562620397 58.89866034983071 -1
    endloop
  endfacet
  facet normal 0 0 -1
    outer loop
      vertex 26.815822845402913 67.72903722278225 -1
      vertex 26.17255011248084 59.014124586046584 -1
      vertex 25.81059422021939 58.99148197804527 -1
    endloop
  endfacet
  facet normal 0 0 -1
    outer loop
      vertex 26.815822845402913 67.72903722278225 -1
      vertex 26.53196847745236 58.9657180311073 -1
      vertex 26.17255011248084 59.014124586046584 -1
    endloop
  endfacet
  facet normal 0 0 -1
    outer loop
      vertex 22.510166510070878 69.27916888711887 -1
      vertex 26.815822845402913 67.72903722278225 -1
      vertex 25.81059422021939 58.99148197804527 -1
    endloop
  endfacet
  facet normal 0 0 -1
    outer loop
      vertex 31.01564937894829 65.9116099909811 -1
      vertex 31.06117603873423 42.75204112828622 -1
      vertex 27.932697914342846 57.4612284332405 -1
    endloop
  endfacet
  facet normal 0 0 -1
    outer loop
      vertex 31.01564937894829 65.9116099909811 -1
      vertex 26.87503706893222 58.848122549987 -1
      vertex 26.53196847745236 58.9657180311073 -1
    endloop
  endfacet
  facet normal 0 0 -1
    outer loop
      vertex 31.01564937894829 65.9116099909811 -1
      vertex 27.18857195334494 58.665857271076874 -1
      vertex 26.87503706893222 58.848122549987 -1
    endloop
  endfacet
  facet normal 0 0 -1
    outer loop
      vertex 31.01564937894829 65.9116099909811 -1
      vertex 27.680442720817812 58.137550780424064 -1
      vertex 27.46052416091492 58.42592654682985 -1
    endloop
  endfacet
  facet normal 0 0 -1
    outer loop
      vertex 31.01564937894829 65.9116099909811 -1
      vertex 27.932697914342846 57.4612284332405 -1
      vertex 27.839876286128288 57.81181209083949 -1
    endloop
  endfacet
  facet normal 0 0 -1
    outer loop
      vertex 31.01564937894829 65.9116099909811 -1
      vertex 27.839876286128288 57.81181209083949 -1
      vertex 27.680442720817812 58.137550780424064 -1
    endloop
  endfacet
  facet normal 0 0 -1
    outer loop
      vertex 31.01564937894829 65.9116099909811 -1
      vertex 27.46052416091492 58.42592654682985 -1
      vertex 27.18857195334494 58.665857271076874 -1
    endloop
  endfacet
  facet normal 0 0 -1
    outer loop
      vertex 31.01564937894829 65.9116099909811 -1
      vertex 35.09307131409729 63.83405974669587 -1
      vertex 31.06117603873423 42.75204112828622 -1
    endloop
  endfacet
  facet normal 0 0 -1
    outer loop
      vertex 35.09307131409729 63.83405974669587 -1
      vertex 39.031996929268814 61.50458563159829 -1
      vertex 33.68430677645621 40.71733236023082 -1
    endloop
  endfacet
  facet normal 0 0 -1
    outer loop
      vertex 26.815822845402913 67.72903722278225 -1
      vertex 31.01564937894829 65.9116099909811 -1
      vertex 26.53196847745236 58.9657180311073 -1
    endloop
  endfacet
  facet normal 0.03141075907812985 0.9995065603657315 0
    outer loop
      vertex 0 72.84442901142857 -1
      vertex 0 72.84442901142857 1
      vertex 4.573939542443781 72.70068717050152 -1
    endloop
  endfacet
  facet normal 0.0941083133185123 0.9955619646030801 0
    outer loop
      vertex 4.573939542443781 72.70068717050152 -1
      vertex 4.573939542443781 72.70068717050152 1
      vertex 9.129827835147761 72.27002893109714 -1
    endloop
  endfacet
  facet normal 0.15643446504023178 0.9876883405951377 0
    outer loop
      vertex 9.129827835147761 72.27002893109714 -1
      vertex 9.129827835147761 72.27002893109714 1
      vertex 13.649684868407979 71.5541539045373 -1
    endloop
  endfacet
  facet normal 0.21814324139654384 0.9759167619387471 0
    outer loop
      vertex 13.649684868407979 71.5541539045373 -1
      vertex 13.649684868407979 71.5541539045373 1
      vertex 18.115672831440452 70.55588732249964 -1
    endloop
  endfacet
  facet normal 0.2789911060392289 0.9602936856769432 0
    outer loop
      vertex 18.115672831440452 70.55588732249964 -1
      vertex 18.115672831440452 70.55588732249964 1
      vertex 22.510166510070878 69.27916888711887 -1
    endloop
  endfacet
  facet normal 0.3387379202452902 0.9408807689542259 0
    outer loop
      vertex 22.510166510070878 69.27916888711887 -1
      vertex 22.510166510070878 69.27916888711887 1
      vertex 26.815822845402913 67.72903722278225 -1
    endloop
  endfacet
  facet normal 0.5090414157503703 0.8607420270039443 0
    outer loop
      vertex 35.09307131409729 63.83405974669587 -1
      vertex 35.09307131409729 63.83405974669587 1
      vertex 39.031996929268814 61.50458563159829 -1
    endloop
  endfacet
  facet normal 0.39714789063478206 0.9177546256839806 0
    outer loop
      vertex 26.815822845402913 67.72903722278225 -1
      vertex 26.815822845402913 67.72903722278225 1
      vertex 31.01564937894829 65.9116099909811 -1
    endloop
  endfacet
  facet normal 0.4539904997395464 0.8910065241883681 0
    outer loop
      vertex 31.01564937894829 65.9116099909811 -1
      vertex 31.01564937894829 65.9116099909811 1
      vertex 35.09307131409729 63.83405974669587 -1
    endloop
  endfacet
  facet normal 0 0 -1
    outer loop
      vertex 52.83507725542179 -32.12655818987778 -1
      vertex 52.84442901142857 0 -1
      vertex 53.19657133769312 32.1556577452472 -1
    endloop
  endfacet
  facet normal 0 0 -1
    outer loop
      vertex 53.19657133769311 -32.15565774524722 -1
      vertex 53.19657133769312 32.1556577452472 -1
      vertex 53.54544237091016 32.25472215773706 -1
    endloop
  endfacet
  facet normal 0 0 -1
    outer loop
      vertex 53.545442370910145 -32.254722157737085 -1
      vertex 53.54544237091016 32.25472215773706 -1
      vertex 53.868283436915526 32.41994443753133 -1
    endloop
  endfacet
  facet normal 0 0 -1
    outer loop
      vertex 53.545442370910145 -32.254722157737085 -1
      vertex 53.868283436915526 32.41994443753133 -1
      vertex 54.152687934593956 32.644975185075225 -1
    endloop
  endfacet
  facet normal 0 0 -1
    outer loop
      vertex 53.545442370910145 -32.254722157737085 -1
      vertex 54.152687934593956 32.644975185075225 -1
      vertex 54.38772635859557 32.921166594939336 -1
    endloop
  endfacet
  facet normal 0 0 -1
    outer loop
      vertex 53.545442370910145 -32.254722157737085 -1
      vertex 54.38772635859557 32.921166594939336 -1
      vertex 54.56436631409706 33.2379047861325 -1
    endloop
  endfacet
  facet normal 0 0 -1
    outer loop
      vertex 53.19657133769312 32.1556577452472 -1
      vertex 52.84442901142857 0 -1
      vertex 52.7401526019361 3.31812915185752 -1
    endloop
  endfacet
  facet normal 0 0 -1
    outer loop
      vertex 53.545442370910145 -32.254722157737085 -1
      vertex 54.56436631409706 33.2379047861325 -1
      vertex 54.67581962666931 33.583017687596005 -1
    endloop
  endfacet
  facet normal 0 0 -1
    outer loop
      vertex 53.545442370910145 -32.254722157737085 -1
      vertex 54.67581962666931 33.583017687596005 -1
      vertex 54.717803208013926 33.94324280406815 -1
    endloop
  endfacet
  facet normal 0 0 -1
    outer loop
      vertex 53.19657133769312 32.1556577452472 -1
      vertex 52.7401526019361 3.31812915185752 -1
      vertex 52.427734904807586 6.6231631638616735 -1
    endloop
  endfacet
  facet normal 0 0 -1
    outer loop
      vertex 53.19657133769312 32.1556577452472 -1
      vertex 52.427734904807586 6.6231631638616735 -1
      vertex 51.90840888996353 9.902058576693491 -1
    endloop
  endfacet
  facet normal 0 0 -1
    outer loop
      vertex 51.18422409992703 13.141875088143351 -1
      vertex 53.19657133769312 32.1556577452472 -1
      vertex 51.90840888996353 9.902058576693491 -1
    endloop
  endfacet
  facet normal 0 0 -1
    outer loop
      vertex 52.8350772554218 32.126558189877755 -1
      vertex 50.258038561215805 16.32982662257193 -1
      vertex 49.13350750501722 19.453331791709363 -1
    endloop
  endfacet
  facet normal 0 0 -1
    outer loop
      vertex 52.8350772554218 32.126558189877755 -1
      vertex 51.18422409992703 13.141875088143351 -1
      vertex 50.258038561215805 16.32982662257193 -1
    endloop
  endfacet
  facet normal 0 0 -1
    outer loop
      vertex 51.18422409992703 13.141875088143351 -1
      vertex 52.8350772554218 32.126558189877755 -1
      vertex 53.19657133769312 32.1556577452472 -1
    endloop
  endfacet
  facet normal 0 0 -1
    outer loop
      vertex 49.86544306280124 53.101303431757536 -1
      vertex 49.13350750501722 19.453331791709363 -1
      vertex 47.815068941660726 22.500063547646832 -1
    endloop
  endfacet
  facet normal 0 0 -1
    outer loop
      vertex 49.86544306280124 53.101303431757536 -1
      vertex 47.815068941660726 22.500063547646832 -1
      vertex 46.3079261458186 25.45799783206299 -1
    endloop
  endfacet
  facet normal 0 0 -1
    outer loop
      vertex 49.86544306280124 53.101303431757536 -1
      vertex 51.01839264123141 34.00928414246989 -1
      vertex 49.13350750501722 19.453331791709363 -1
    endloop
  endfacet
  facet normal 0 0 -1
    outer loop
      vertex 49.13350750501722 19.453331791709363 -1
      vertex 51.31177888888498 32.976077960976156 -1
      vertex 51.53680963642887 32.69167346329772 -1
    endloop
  endfacet
  facet normal 0 0 -1
    outer loop
      vertex 49.13350750501722 19.453331791709363 -1
      vertex 51.53680963642887 32.69167346329772 -1
      vertex 51.81300104629298 32.45663503929611 -1
    endloop
  endfacet
  facet normal 0 0 -1
    outer loop
      vertex 49.13350750501722 19.453331791709363 -1
      vertex 51.81300104629298 32.45663503929611 -1
      vertex 52.129739237486156 32.279995083794624 -1
    endloop
  endfacet
  facet normal 0 0 -1
    outer loop
      vertex 49.13350750501722 19.453331791709363 -1
      vertex 51.14655660909071 33.29891902698151 -1
      vertex 51.31177888888498 32.976077960976156 -1
    endloop
  endfacet
  facet normal 0 0 -1
    outer loop
      vertex 49.13350750501722 19.453331791709363 -1
      vertex 51.04749219660086 33.64779006019855 -1
      vertex 51.14655660909071 33.29891902698151 -1
    endloop
  endfacet
  facet normal 0 0 -1
    outer loop
      vertex 49.13350750501722 19.453331791709363 -1
      vertex 51.01839264123141 34.00928414246989 -1
      vertex 51.04749219660086 33.64779006019855 -1
    endloop
  endfacet
  facet normal 0 0 -1
    outer loop
      vertex 49.13350750501722 19.453331791709363 -1
      vertex 52.129739237486156 32.279995083794624 -1
      vertex 52.47485213894966 32.16854177122237 -1
    endloop
  endfacet
  facet normal 0 0 -1
    outer loop
      vertex 49.13350750501722 19.453331791709363 -1
      vertex 52.47485213894966 32.16854177122237 -1
      vertex 52.8350772554218 32.126558189877755 -1
    endloop
  endfacet
  facet normal 0 0 -1
    outer loop
      vertex 56.127597215746604 46.43278657143001 -1
      vertex 53.545442370910145 -32.254722157737085 -1
      vertex 54.717803208013926 33.94324280406815 -1
    endloop
  endfacet
  facet normal 0 0 -1
    outer loop
      vertex 56.1275972157466 -46.43278657143002 -1
      vertex 56.127597215746604 46.43278657143001 -1
      vertex 58.93238101578517 42.81688108458369 -1
    endloop
  endfacet
  facet normal 0 0 -1
    outer loop
      vertex 58.93238101578517 -42.81688108458369 -1
      vertex 58.93238101578517 42.81688108458369 -1
      vertex 61.50458563159829 39.031996929268814 -1
    endloop
  endfacet
  facet normal 0 0 -1
    outer loop
      vertex 61.50458563159829 39.031996929268814 -1
      vertex 61.029976242682594 0.36091709572983727 -1
      vertex 60.99442901142857 0 -1
    endloop
  endfacet
  facet normal 0 0 -1
    outer loop
      vertex 61.50458563159829 39.031996929268814 -1
      vertex 61.135251876282695 0.7079643498754161 -1
      vertex 61.029976242682594 0.36091709572983727 -1
    endloop
  endfacet
  facet normal 0 0 -1
    outer loop
      vertex 61.50458563159829 39.031996929268814 -1
      vertex 61.30621022866887 1.027804931086264 -1
      vertex 61.135251876282695 0.7079643498754161 -1
    endloop
  endfacet
  facet normal 0 0 -1
    outer loop
      vertex 63.83405974669587 35.0930713140973 -1
      vertex 61.53628146623346 1.308147545195113 -1
      vertex 61.30621022866887 1.027804931086264 -1
    endloop
  endfacet
  facet normal 0 0 -1
    outer loop
      vertex 63.83405974669587 35.0930713140973 -1
      vertex 61.81662408034231 1.5382187827597087 -1
      vertex 61.53628146623346 1.308147545195113 -1
    endloop
  endfacet
  facet normal 0 0 -1
    outer loop
      vertex 63.83405974669587 35.0930713140973 -1
      vertex 62.136464661553156 1.7091771351458807 -1
      vertex 61.81662408034231 1.5382187827597087 -1
    endloop
  endfacet
  facet normal 0 0 -1
    outer loop
      vertex 63.83405974669587 35.0930713140973 -1
      vertex 62.483511915698735 1.8144527687459764 -1
      vertex 62.136464661553156 1.7091771351458807 -1
    endloop
  endfacet
  facet normal 0 0 -1
    outer loop
      vertex 63.83405974669587 35.0930713140973 -1
      vertex 62.84442901142857 1.85 -1
      vertex 62.483511915698735 1.8144527687459764 -1
    endloop
  endfacet
  facet normal 0 0 -1
    outer loop
      vertex 63.83405974669587 35.0930713140973 -1
      vertex 63.20534610715841 1.8144527687459764 -1
      vertex 62.84442901142857 1.85 -1
    endloop
  endfacet
  facet normal 0 0 -1
    outer loop
      vertex 63.83405974669587 35.0930713140973 -1
      vertex 63.55239336130399 1.7091771351458807 -1
      vertex 63.20534610715841 1.8144527687459764 -1
    endloop
  endfacet
  facet normal 0 0 -1
    outer loop
      vertex 65.91160999098112 -31.015649378948268 -1
      vertex 65.91160999098112 31.015649378948286 -1
      vertex 67.72903722278225 26.815822845402923 -1
    endloop
  endfacet
  facet normal 0 0 -1
    outer loop
      vertex 67.72903722278224 -26.815822845402952 -1
      vertex 67.72903722278225 26.815822845402923 -1
      vertex 69.27916888711887 22.510166510070878 -1
    endloop
  endfacet
  facet normal 0 0 -1
    outer loop
      vertex 72.27002893109714 -9.129827835147744 -1
      vertex 72.27002893109714 9.129827835147758 -1
      vertex 72.70068717050152 4.573939542443788 -1
    endloop
  endfacet
  facet normal 0 0 -1
    outer loop
      vertex 70.55588732249966 -18.11567283144042 -1
      vertex 70.55588732249964 18.115672831440445 -1
      vertex 71.5541539045373 13.649684868407983 -1
    endloop
  endfacet
  facet normal 0 0 -1
    outer loop
      vertex 71.5541539045373 -13.649684868407997 -1
      vertex 71.5541539045373 13.649684868407983 -1
      vertex 72.27002893109714 9.129827835147758 -1
    endloop
  endfacet
  facet normal 0 0 -1
    outer loop
      vertex 69.27916888711887 -22.510166510070878 -1
      vertex 69.27916888711887 22.510166510070878 -1
      vertex 70.55588732249964 18.115672831440445 -1
    endloop
  endfacet
  facet normal 0 0 -1
    outer loop
      vertex 65.91160999098112 31.015649378948286 -1
      vertex 64.15257655662369 1.308147545195113 -1
      vertex 63.87223394251484 1.5382187827597087 -1
    endloop
  endfacet
  facet normal 0 0 -1
    outer loop
      vertex 65.91160999098112 31.015649378948286 -1
      vertex 64.38264779418829 1.027804931086264 -1
      vertex 64.15257655662369 1.308147545195113 -1
    endloop
  endfacet
  facet normal 0 0 -1
    outer loop
      vertex 65.91160999098112 31.015649378948286 -1
      vertex 64.69442901142857 0 -1
      vertex 64.65888178017455 0.36091709572983727 -1
    endloop
  endfacet
  facet normal 0 0 -1
    outer loop
      vertex 65.91160999098112 31.015649378948286 -1
      vertex 64.65888178017455 0.36091709572983727 -1
      vertex 64.55360614657445 0.7079643498754161 -1
    endloop
  endfacet
  facet normal 0 0 -1
    outer loop
      vertex 65.91160999098112 31.015649378948286 -1
      vertex 64.55360614657445 0.7079643498754161 -1
      vertex 64.38264779418829 1.027804931086264 -1
    endloop
  endfacet
  facet normal 0 0 -1
    outer loop
      vertex 65.91160999098112 31.015649378948286 -1
      vertex 63.87223394251484 1.5382187827597087 -1
      vertex 63.55239336130399 1.7091771351458807 -1
    endloop
  endfacet
  facet normal 0 0 -1
    outer loop
      vertex 63.83405974669587 35.0930713140973 -1
      vertex 61.30621022866887 1.027804931086264 -1
      vertex 61.50458563159829 39.031996929268814 -1
    endloop
  endfacet
  facet normal 0 0 -1
    outer loop
      vertex 65.91160999098112 31.015649378948286 -1
      vertex 63.55239336130399 1.7091771351458807 -1
      vertex 63.83405974669587 35.0930713140973 -1
    endloop
  endfacet
  facet normal 0.9995065603657315 0.031410759078129805 0
    outer loop
      vertex 72.84442901142857 0 -1
      vertex 72.70068717050152 4.573939542443788 -1
      vertex 72.84442901142857 0 1
    endloop
  endfacet
  facet normal 0.9955619646030801 0.09410831331851252 0
    outer loop
      vertex 72.70068717050152 4.573939542443788 -1
      vertex 72.27002893109714 9.129827835147758 -1
      vertex 72.70068717050152 4.573939542443788 1
    endloop
  endfacet
  facet normal 0.9876883405951377 0.15643446504023154 0
    outer loop
      vertex 72.27002893109714 9.129827835147758 -1
      vertex 71.5541539045373 13.649684868407983 -1
      vertex 72.27002893109714 9.129827835147758 1
    endloop
  endfacet
  facet normal 0.9759167619387471 0.21814324139654437 0
    outer loop
      vertex 71.5541539045373 13.649684868407983 -1
      vertex 70.55588732249964 18.115672831440445 -1
      vertex 71.5541539045373 13.649684868407983 1
    endloop
  endfacet
  facet normal 0.8607420270039435 0.5090414157503717 0
    outer loop
      vertex 63.83405974669587 35.0930713140973 -1
      vertex 61.50458563159829 39.031996929268814 -1
      vertex 63.83405974669587 35.0930713140973 1
    endloop
  endfacet
  facet normal 0.9602936856769433 0.27899110603922844 0
    outer loop
      vertex 70.55588732249964 18.115672831440445 -1
      vertex 69.27916888711887 22.510166510070878 -1
      vertex 70.55588732249964 18.115672831440445 1
    endloop
  endfacet
  facet normal 0.940880768954226 0.33873792024528937 0
    outer loop
      vertex 67.72903722278225 26.815822845402923 -1
      vertex 69.27916888711887 22.510166510070878 1
      vertex 69.27916888711887 22.510166510070878 -1
    endloop
  endfacet
  facet normal 0.9177546256839813 0.39714789063478056 0
    outer loop
      vertex 67.72903722278225 26.815822845402923 -1
      vertex 65.91160999098112 31.015649378948286 -1
      vertex 67.72903722278225 26.815822845402923 1
    endloop
  endfacet
  facet normal 0.8910065241883677 0.4539904997395473 0
    outer loop
      vertex 65.91160999098112 31.015649378948286 -1
      vertex 63.83405974669587 35.0930713140973 -1
      vertex 65.91160999098112 31.015649378948286 1
    endloop
  endfacet
  facet normal 0 0 -1
    outer loop
      vertex 39.031996929268814 61.50458563159829 -1
      vertex 38.521930883329304 36.17450094422747 -1
      vertex 36.17450094422747 38.521930883329304 -1
    endloop
  endfacet
  facet normal 0 0 -1
    outer loop
      vertex 42.81688108458369 58.93238101578517 -1
      vertex 40.71733236023082 33.68430677645621 -1
      vertex 38.521930883329304 36.17450094422747 -1
    endloop
  endfacet
  facet normal 0 0 -1
    outer loop
      vertex 46.43278657143001 56.127597215746604 -1
      vertex 44.61802712155799 28.31546102968888 -1
      vertex 42.75204112828622 31.06117603873423 -1
    endloop
  endfacet
  facet normal 0 0 -1
    outer loop
      vertex 42.81688108458369 58.93238101578517 -1
      vertex 42.75204112828622 31.06117603873423 -1
      vertex 40.71733236023082 33.68430677645621 -1
    endloop
  endfacet
  facet normal 0 0 -1
    outer loop
      vertex 39.031996929268814 61.50458563159829 -1
      vertex 42.81688108458369 58.93238101578517 -1
      vertex 38.521930883329304 36.17450094422747 -1
    endloop
  endfacet
  facet normal 0 0 -1
    outer loop
      vertex 42.81688108458369 58.93238101578517 -1
      vertex 46.43278657143001 56.127597215746604 -1
      vertex 42.75204112828622 31.06117603873423 -1
    endloop
  endfacet
  facet normal 0 0 -1
    outer loop
      vertex 46.43278657143001 56.127597215746604 -1
      vertex 46.3079261458186 25.45799783206299 -1
      vertex 44.61802712155799 28.31546102968888 -1
    endloop
  endfacet
  facet normal 0 0 -1
    outer loop
      vertex 49.86544306280124 53.101303431757536 -1
      vertex 46.3079261458186 25.45799783206299 -1
      vertex 46.43278657143001 56.127597215746604 -1
    endloop
  endfacet
  facet normal 0 0 -1
    outer loop
      vertex 49.86544306280124 53.101303431757536 -1
      vertex 51.060376222576025 34.369509258942024 -1
      vertex 51.01839264123141 34.00928414246989 -1
    endloop
  endfacet
  facet normal 0 0 -1
    outer loop
      vertex 49.86544306280124 53.101303431757536 -1
      vertex 51.17182953514827 34.714622160405526 -1
      vertex 51.060376222576025 34.369509258942024 -1
    endloop
  endfacet
  facet normal 0 0 -1
    outer loop
      vertex 49.86544306280124 53.101303431757536 -1
      vertex 51.348469490649755 35.03136035159869 -1
      vertex 51.17182953514827 34.714622160405526 -1
    endloop
  endfacet
  facet normal 0 0 -1
    outer loop
      vertex 53.101303431757536 49.86544306280124 -1
      vertex 52.19075347833517 35.697804788800966 -1
      vertex 51.86791241232981 35.5325825090067 -1
    endloop
  endfacet
  facet normal 0 0 -1
    outer loop
      vertex 53.101303431757536 49.86544306280124 -1
      vertex 52.539624511552205 35.79686920129083 -1
      vertex 52.19075347833517 35.697804788800966 -1
    endloop
  endfacet
  facet normal 0 0 -1
    outer loop
      vertex 53.101303431757536 49.86544306280124 -1
      vertex 52.901118593823526 35.825968756660274 -1
      vertex 52.539624511552205 35.79686920129083 -1
    endloop
  endfacet
  facet normal 0 0 -1
    outer loop
      vertex 56.127597215746604 46.43278657143001 -1
      vertex 53.92319480295235 35.49589190724192 -1
      vertex 53.60645661175918 35.67253186274341 -1
    endloop
  endfacet
  facet normal 0 0 -1
    outer loop
      vertex 56.127597215746604 46.43278657143001 -1
      vertex 53.26134371029568 35.78398517531566 -1
      vertex 52.901118593823526 35.825968756660274 -1
    endloop
  endfacet
  facet normal 0 0 -1
    outer loop
      vertex 56.127597215746604 46.43278657143001 -1
      vertex 53.60645661175918 35.67253186274341 -1
      vertex 53.26134371029568 35.78398517531566 -1
    endloop
  endfacet
  facet normal 0 0 -1
    outer loop
      vertex 49.86544306280124 53.101303431757536 -1
      vertex 51.58350791465137 35.307551761462804 -1
      vertex 51.348469490649755 35.03136035159869 -1
    endloop
  endfacet
  facet normal 0 0 -1
    outer loop
      vertex 49.86544306280124 53.101303431757536 -1
      vertex 51.86791241232981 35.5325825090067 -1
      vertex 51.58350791465137 35.307551761462804 -1
    endloop
  endfacet
  facet normal 0 0 -1
    outer loop
      vertex 53.101303431757536 49.86544306280124 -1
      vertex 56.127597215746604 46.43278657143001 -1
      vertex 52.901118593823526 35.825968756660274 -1
    endloop
  endfacet
  facet normal 0 0 -1
    outer loop
      vertex 49.86544306280124 53.101303431757536 -1
      vertex 53.101303431757536 49.86544306280124 -1
      vertex 51.86791241232981 35.5325825090067 -1
    endloop
  endfacet
  facet normal 0 0 -1
    outer loop
      vertex 56.127597215746604 46.43278657143001 -1
      vertex 54.717803208013926 33.94324280406815 -1
      vertex 54.68870365264448 34.30473688633948 -1
    endloop
  endfacet
  facet normal 0 0 -1
    outer loop
      vertex 56.127597215746604 46.43278657143001 -1
      vertex 54.58963924015462 34.65360791955652 -1
      vertex 54.42441696036035 34.976448985561866 -1
    endloop
  endfacet
  facet normal 0 0 -1
    outer loop
      vertex 56.127597215746604 46.43278657143001 -1
      vertex 54.68870365264448 34.30473688633948 -1
      vertex 54.58963924015462 34.65360791955652 -1
    endloop
  endfacet
  facet normal 0 0 -1
    outer loop
      vertex 56.127597215746604 46.43278657143001 -1
      vertex 54.42441696036035 34.976448985561866 -1
      vertex 54.19938621281646 35.26085348324031 -1
    endloop
  endfacet
  facet normal 0 0 -1
    outer loop
      vertex 56.127597215746604 46.43278657143001 -1
      vertex 54.19938621281646 35.26085348324031 -1
      vertex 53.92319480295235 35.49589190724192 -1
    endloop
  endfacet
  facet normal 0.7071067811865476 0.7071067811865476 0
    outer loop
      vertex 49.86544306280124 53.101303431757536 -1
      vertex 53.101303431757536 49.86544306280124 1
      vertex 53.101303431757536 49.86544306280124 -1
    endloop
  endfacet
  facet normal 0.5620833778521307 0.8270805742745618 0
    outer loop
      vertex 39.031996929268814 61.50458563159829 -1
      vertex 39.031996929268814 61.50458563159829 1
      vertex 42.81688108458369 58.93238101578517 -1
    endloop
  endfacet
  facet normal 0.6129070536529766 0.7901550123756904 0
    outer loop
      vertex 42.81688108458369 58.93238101578517 -1
      vertex 42.81688108458369 58.93238101578517 1
      vertex 46.43278657143001 56.127597215746604 -1
    endloop
  endfacet
  facet normal 0.6613118653236516 0.7501110696304597 0
    outer loop
      vertex 49.86544306280124 53.101303431757536 -1
      vertex 46.43278657143001 56.127597215746604 -1
      vertex 46.43278657143001 56.127597215746604 1
    endloop
  endfacet
  facet normal 0.7901550123756904 0.6129070536529766 0
    outer loop
      vertex 58.93238101578517 42.81688108458369 -1
      vertex 56.127597215746604 46.43278657143001 -1
      vertex 58.93238101578517 42.81688108458369 1
    endloop
  endfacet
  facet normal 0.8270805742745618 0.5620833778521307 0
    outer loop
      vertex 58.93238101578517 42.81688108458369 -1
      vertex 61.50458563159829 39.031996929268814 1
      vertex 61.50458563159829 39.031996929268814 -1
    endloop
  endfacet
  facet normal 0.7501110696304597 0.6613118653236516 0
    outer loop
      vertex 53.101303431757536 49.86544306280124 -1
      vertex 56.127597215746604 46.43278657143001 1
      vertex 56.127597215746604 46.43278657143001 -1
    endloop
  endfacet
  facet normal 0.03141075907812985 0.9995065603657315 0
    outer loop
      vertex 4.573939542443781 72.70068717050152 -1
      vertex 0 72.84442901142857 1
      vertex 4.573939542443781 72.70068717050152 1
    endloop
  endfacet
  facet normal 0.0941083133185123 0.9955619646030801 0
    outer loop
      vertex 9.129827835147761 72.27002893109714 -1
      vertex 4.573939542443781 72.70068717050152 1
      vertex 9.129827835147761 72.27002893109714 1
    endloop
  endfacet
  facet normal 0.15643446504023178 0.9876883405951377 0
    outer loop
      vertex 13.649684868407979 71.5541539045373 -1
      vertex 9.129827835147761 72.27002893109714 1
      vertex 13.649684868407979 71.5541539045373 1
    endloop
  endfacet
  facet normal 0.21814324139654384 0.9759167619387471 0
    outer loop
      vertex 18.115672831440452 70.55588732249964 -1
      vertex 13.649684868407979 71.5541539045373 1
      vertex 18.115672831440452 70.55588732249964 1
    endloop
  endfacet
  facet normal 0.2789911060392289 0.9602936856769432 0
    outer loop
      vertex 22.510166510070878 69.27916888711887 -1
      vertex 18.115672831440452 70.55588732249964 1
      vertex 22.510166510070878 69.27916888711887 1
    endloop
  endfacet
  facet normal 0.3387379202452902 0.9408807689542259 0
    outer loop
      vertex 26.815822845402913 67.72903722278225 -1
      vertex 22.510166510070878 69.27916888711887 1
      vertex 26.815822845402913 67.72903722278225 1
    endloop
  endfacet
  facet normal 0.39714789063478206 0.9177546256839806 0
    outer loop
      vertex 31.01564937894829 65.9116099909811 -1
      vertex 26.815822845402913 67.72903722278225 1
      vertex 31.01564937894829 65.9116099909811 1
    endloop
  endfacet
  facet normal 0.4539904997395464 0.8910065241883681 0
    outer loop
      vertex 35.09307131409729 63.83405974669587 -1
      vertex 31.01564937894829 65.9116099909811 1
      vertex 35.09307131409729 63.83405974669587 1
    endloop
  endfacet
  facet normal 0 0 1
    outer loop
      vertex 0 72.84442901142857 1
      vertex 0 52.84442901142857 1
      vertex 3.318129151857515 52.7401526019361 1
    endloop
  endfacet
  facet normal 0 0 1
    outer loop
      vertex 9.129827835147761 72.27002893109714 1
      vertex 6.623163163861675 52.427734904807586 1
      vertex 9.902058576693488 51.90840888996353 1
    endloop
  endfacet
  facet normal 0 0 1
    outer loop
      vertex 4.573939542443781 72.70068717050152 1
      vertex 3.318129151857515 52.7401526019361 1
      vertex 6.623163163861675 52.427734904807586 1
    endloop
  endfacet
  facet normal 0 0 1
    outer loop
      vertex 0 72.84442901142857 1
      vertex 3.318129151857515 52.7401526019361 1
      vertex 4.573939542443781 72.70068717050152 1
    endloop
  endfacet
  facet normal 0 0 1
    outer loop
      vertex 4.573939542443781 72.70068717050152 1
      vertex 6.623163163861675 52.427734904807586 1
      vertex 9.129827835147761 72.27002893109714 1
    endloop
  endfacet
  facet normal 0 0 1
    outer loop
      vertex 13.649684868407979 71.5541539045373 1
      vertex 9.902058576693488 51.90840888996353 1
      vertex 13.141875088143355 51.18422409992703 1
    endloop
  endfacet
  facet normal 0 0 1
    outer loop
      vertex 13.649684868407979 71.5541539045373 1
      vertex 13.141875088143355 51.18422409992703 1
      vertex 16.32982662257193 50.258038561215805 1
    endloop
  endfacet
  facet normal 0 0 1
    outer loop
      vertex 18.115672831440452 70.55588732249964 1
      vertex 16.32982662257193 50.258038561215805 1
      vertex 19.453331791709356 49.13350750501723 1
    endloop
  endfacet
  facet normal 0 0 1
    outer loop
      vertex 9.129827835147761 72.27002893109714 1
      vertex 9.902058576693488 51.90840888996353 1
      vertex 13.649684868407979 71.5541539045373 1
    endloop
  endfacet
  facet normal 0 0 1
    outer loop
      vertex 13.649684868407979 71.5541539045373 1
      vertex 16.32982662257193 50.258038561215805 1
      vertex 18.115672831440452 70.55588732249964 1
    endloop
  endfacet
  facet normal 0 0 1
    outer loop
      vertex 26.753028027137063 55.4319463673316 1
      vertex 25.457997832062986 46.3079261458186 1
      vertex 28.31546102968888 44.61802712155799 1
    endloop
  endfacet
  facet normal 0 0 1
    outer loop
      vertex 22.510166510070878 69.27916888711887 1
      vertex 22.500063547646835 47.815068941660726 1
      vertex 25.457997832062986 46.3079261458186 1
    endloop
  endfacet
  facet normal 0 0 1
    outer loop
      vertex 25.457997832062986 46.3079261458186 1
      vertex 24.752514428842538 55.904680170332455 1
      vertex 24.532595868939648 56.19305593673825 1
    endloop
  endfacet
  facet normal 0 0 1
    outer loop
      vertex 25.457997832062986 46.3079261458186 1
      vertex 24.373162303629172 56.51879462632282 1
      vertex 24.280340675414614 56.869378283921804 1
    endloop
  endfacet
  facet normal 0 0 1
    outer loop
      vertex 25.457997832062986 46.3079261458186 1
      vertex 24.532595868939648 56.19305593673825 1
      vertex 24.373162303629172 56.51879462632282 1
    endloop
  endfacet
  facet normal 0 0 1
    outer loop
      vertex 25.457997832062986 46.3079261458186 1
      vertex 26.040488477276618 55.31648213111572 1
      vertex 25.6810701123051 55.364888686055004 1
    endloop
  endfacet
  facet normal 0 0 1
    outer loop
      vertex 25.457997832062986 46.3079261458186 1
      vertex 26.40244436953807 55.33912473911704 1
      vertex 26.040488477276618 55.31648213111572 1
    endloop
  endfacet
  facet normal 0 0 1
    outer loop
      vertex 25.457997832062986 46.3079261458186 1
      vertex 25.02446663641252 55.66474944608543 1
      vertex 24.752514428842538 55.904680170332455 1
    endloop
  endfacet
  facet normal 0 0 1
    outer loop
      vertex 25.457997832062986 46.3079261458186 1
      vertex 25.33800152082524 55.48248416717529 1
      vertex 25.02446663641252 55.66474944608543 1
    endloop
  endfacet
  facet normal 0 0 1
    outer loop
      vertex 25.457997832062986 46.3079261458186 1
      vertex 25.6810701123051 55.364888686055004 1
      vertex 25.33800152082524 55.48248416717529 1
    endloop
  endfacet
  facet normal 0 0 1
    outer loop
      vertex 25.457997832062986 46.3079261458186 1
      vertex 26.753028027137063 55.4319463673316 1
      vertex 26.40244436953807 55.33912473911704 1
    endloop
  endfacet
  facet normal 0 0 1
    outer loop
      vertex 28.31546102968888 44.61802712155799 1
      vertex 31.06117603873423 42.75204112828622 1
      vertex 27.36714248312743 55.811298492544964 1
    endloop
  endfacet
  facet normal 0 0 1
    outer loop
      vertex 28.31546102968888 44.61802712155799 1
      vertex 27.07876671672164 55.59137993264207 1
      vertex 26.753028027137063 55.4319463673316 1
    endloop
  endfacet
  facet normal 0 0 1
    outer loop
      vertex 27.07876671672164 55.59137993264207 1
      vertex 28.31546102968888 44.61802712155799 1
      vertex 27.36714248312743 55.811298492544964 1
    endloop
  endfacet
  facet normal 0 0 1
    outer loop
      vertex 31.06117603873423 42.75204112828622 1
      vertex 27.607073207374448 56.083250700114945 1
      vertex 27.36714248312743 55.811298492544964 1
    endloop
  endfacet
  facet normal 0 0 1
    outer loop
      vertex 31.06117603873423 42.75204112828622 1
      vertex 27.78933848628459 56.39678558452766 1
      vertex 27.607073207374448 56.083250700114945 1
    endloop
  endfacet
  facet normal 0 0 1
    outer loop
      vertex 31.06117603873423 42.75204112828622 1
      vertex 27.906933967404875 56.739854176007526 1
      vertex 27.78933848628459 56.39678558452766 1
    endloop
  endfacet
  facet normal 0 0 1
    outer loop
      vertex 31.06117603873423 42.75204112828622 1
      vertex 27.955340522344166 57.099272540979044 1
      vertex 27.906933967404875 56.739854176007526 1
    endloop
  endfacet
  facet normal 0 0 1
    outer loop
      vertex 31.06117603873423 42.75204112828622 1
      vertex 27.932697914342846 57.4612284332405 1
      vertex 27.955340522344166 57.099272540979044 1
    endloop
  endfacet
  facet normal 0 0 1
    outer loop
      vertex 31.01564937894829 65.9116099909811 1
      vertex 31.06117603873423 42.75204112828622 1
      vertex 33.68430677645621 40.71733236023082 1
    endloop
  endfacet
  facet normal 0 0 1
    outer loop
      vertex 35.09307131409729 63.83405974669587 1
      vertex 33.68430677645621 40.71733236023082 1
      vertex 36.17450094422747 38.521930883329304 1
    endloop
  endfacet
  facet normal 0 0 1
    outer loop
      vertex 22.510166510070878 69.27916888711887 1
      vertex 19.453331791709356 49.13350750501723 1
      vertex 22.500063547646835 47.815068941660726 1
    endloop
  endfacet
  facet normal 0 0 1
    outer loop
      vertex 18.115672831440452 70.55588732249964 1
      vertex 19.453331791709356 49.13350750501723 1
      vertex 22.510166510070878 69.27916888711887 1
    endloop
  endfacet
  facet normal 0 0 1
    outer loop
      vertex 22.510166510070878 69.27916888711887 1
      vertex 25.457997832062986 46.3079261458186 1
      vertex 24.280340675414614 56.869378283921804 1
    endloop
  endfacet
  facet normal 0 0 1
    outer loop
      vertex 22.510166510070878 69.27916888711887 1
      vertex 24.280340675414614 56.869378283921804 1
      vertex 24.257698067413294 57.23133417618327 1
    endloop
  endfacet
  facet normal 0 0 1
    outer loop
      vertex 22.510166510070878 69.27916888711887 1
      vertex 24.257698067413294 57.23133417618327 1
      vertex 24.306104622352585 57.590752541154785 1
    endloop
  endfacet
  facet normal 0 0 1
    outer loop
      vertex 22.510166510070878 69.27916888711887 1
      vertex 24.306104622352585 57.590752541154785 1
      vertex 24.42370010347287 57.93382113263465 1
    endloop
  endfacet
  facet normal 0 0 1
    outer loop
      vertex 22.510166510070878 69.27916888711887 1
      vertex 24.42370010347287 57.93382113263465 1
      vertex 24.605965382383012 58.247356017047366 1
    endloop
  endfacet
  facet normal 0 0 1
    outer loop
      vertex 22.510166510070878 69.27916888711887 1
      vertex 24.605965382383012 58.247356017047366 1
      vertex 24.84589610663003 58.51930822461735 1
    endloop
  endfacet
  facet normal 0 0 1
    outer loop
      vertex 22.510166510070878 69.27916888711887 1
      vertex 24.84589610663003 58.51930822461735 1
      vertex 25.13427187303582 58.739226784520234 1
    endloop
  endfacet
  facet normal 0 0 1
    outer loop
      vertex 22.510166510070878 69.27916888711887 1
      vertex 25.13427187303582 58.739226784520234 1
      vertex 25.460010562620397 58.89866034983071 1
    endloop
  endfacet
  facet normal 0 0 1
    outer loop
      vertex 22.510166510070878 69.27916888711887 1
      vertex 25.460010562620397 58.89866034983071 1
      vertex 25.81059422021939 58.99148197804527 1
    endloop
  endfacet
  facet normal 0 0 1
    outer loop
      vertex 26.815822845402913 67.72903722278225 1
      vertex 25.81059422021939 58.99148197804527 1
      vertex 26.17255011248084 59.014124586046584 1
    endloop
  endfacet
  facet normal 0 0 1
    outer loop
      vertex 26.815822845402913 67.72903722278225 1
      vertex 26.17255011248084 59.014124586046584 1
      vertex 26.53196847745236 58.9657180311073 1
    endloop
  endfacet
  facet normal 0 0 1
    outer loop
      vertex 26.815822845402913 67.72903722278225 1
      vertex 26.53196847745236 58.9657180311073 1
      vertex 26.87503706893222 58.848122549987 1
    endloop
  endfacet
  facet normal 0 0 1
    outer loop
      vertex 26.815822845402913 67.72903722278225 1
      vertex 26.87503706893222 58.848122549987 1
      vertex 27.18857195334494 58.665857271076874 1
    endloop
  endfacet
  facet normal 0 0 1
    outer loop
      vertex 22.510166510070878 69.27916888711887 1
      vertex 25.81059422021939 58.99148197804527 1
      vertex 26.815822845402913 67.72903722278225 1
    endloop
  endfacet
  facet normal 0 0 1
    outer loop
      vertex 31.01564937894829 65.9116099909811 1
      vertex 27.932697914342846 57.4612284332405 1
      vertex 31.06117603873423 42.75204112828622 1
    endloop
  endfacet
  facet normal 0 0 1
    outer loop
      vertex 31.01564937894829 65.9116099909811 1
      vertex 27.46052416091492 58.42592654682985 1
      vertex 27.680442720817812 58.137550780424064 1
    endloop
  endfacet
  facet normal 0 0 1
    outer loop
      vertex 31.01564937894829 65.9116099909811 1
      vertex 27.839876286128288 57.81181209083949 1
      vertex 27.932697914342846 57.4612284332405 1
    endloop
  endfacet
  facet normal 0 0 1
    outer loop
      vertex 31.01564937894829 65.9116099909811 1
      vertex 27.680442720817812 58.137550780424064 1
      vertex 27.839876286128288 57.81181209083949 1
    endloop
  endfacet
  facet normal 0 0 1
    outer loop
      vertex 31.01564937894829 65.9116099909811 1
      vertex 27.18857195334494 58.665857271076874 1
      vertex 27.46052416091492 58.42592654682985 1
    endloop
  endfacet
  facet normal 0 0 1
    outer loop
      vertex 31.01564937894829 65.9116099909811 1
      vertex 33.68430677645621 40.71733236023082 1
      vertex 35.09307131409729 63.83405974669587 1
    endloop
  endfacet
  facet normal 0 0 1
    outer loop
      vertex 26.815822845402913 67.72903722278225 1
      vertex 27.18857195334494 58.665857271076874 1
      vertex 31.01564937894829 65.9116099909811 1
    endloop
  endfacet
  facet normal 0.9995065603657315 0.031410759078129805 0
    outer loop
      vertex 72.70068717050152 4.573939542443788 -1
      vertex 72.70068717050152 4.573939542443788 1
      vertex 72.84442901142857 0 1
    endloop
  endfacet
  facet normal 0.9955619646030801 0.09410831331851252 0
    outer loop
      vertex 72.27002893109714 9.129827835147758 -1
      vertex 72.27002893109714 9.129827835147758 1
      vertex 72.70068717050152 4.573939542443788 1
    endloop
  endfacet
  facet normal 0.9876883405951377 0.15643446504023154 0
    outer loop
      vertex 71.5541539045373 13.649684868407983 -1
      vertex 71.5541539045373 13.649684868407983 1
      vertex 72.27002893109714 9.129827835147758 1
    endloop
  endfacet
  facet normal 0.9759167619387471 0.21814324139654437 0
    outer loop
      vertex 70.55588732249964 18.115672831440445 -1
      vertex 70.55588732249964 18.115672831440445 1
      vertex 71.5541539045373 13.649684868407983 1
    endloop
  endfacet
  facet normal 0.940880768954226 0.33873792024528937 0
    outer loop
      vertex 67.72903722278225 26.815822845402923 -1
      vertex 67.72903722278225 26.815822845402923 1
      vertex 69.27916888711887 22.510166510070878 1
    endloop
  endfacet
  facet normal 0.9602936856769433 0.27899110603922844 0
    outer loop
      vertex 69.27916888711887 22.510166510070878 -1
      vertex 69.27916888711887 22.510166510070878 1
      vertex 70.55588732249964 18.115672831440445 1
    endloop
  endfacet
  facet normal 0.9177546256839813 0.39714789063478056 0
    outer loop
      vertex 65.91160999098112 31.015649378948286 -1
      vertex 65.91160999098112 31.015649378948286 1
      vertex 67.72903722278225 26.815822845402923 1
    endloop
  endfacet
  facet normal 0.8910065241883677 0.4539904997395473 0
    outer loop
      vertex 63.83405974669587 35.0930713140973 -1
      vertex 63.83405974669587 35.0930713140973 1
      vertex 65.91160999098112 31.015649378948286 1
    endloop
  endfacet
  facet normal 0 0 1
    outer loop
      vertex 56.1275972157466 -46.43278657143002 1
      vertex 53.868283436915526 32.41994443753133 1
      vertex 53.54544237091016 32.25472215773706 1
    endloop
  endfacet
  facet normal 0 0 1
    outer loop
      vertex 52.8350772554218 32.126558189877755 1
      vertex 53.19657133769311 -32.15565774524722 1
      vertex 53.19657133769312 32.1556577452472 1
    endloop
  endfacet
  facet normal 0 0 1
    outer loop
      vertex 53.545442370910145 -32.254722157737085 1
      vertex 53.54544237091016 32.25472215773706 1
      vertex 53.19657133769312 32.1556577452472 1
    endloop
  endfacet
  facet normal 0 0 1
    outer loop
      vertex 52.8350772554218 32.126558189877755 1
      vertex 52.7401526019361 3.31812915185752 1
      vertex 52.84442901142857 0 1
    endloop
  endfacet
  facet normal 0 0 1
    outer loop
      vertex 52.8350772554218 32.126558189877755 1
      vertex 52.427734904807586 6.6231631638616735 1
      vertex 52.7401526019361 3.31812915185752 1
    endloop
  endfacet
  facet normal 0 0 1
    outer loop
      vertex 52.8350772554218 32.126558189877755 1
      vertex 51.90840888996353 9.902058576693491 1
      vertex 52.427734904807586 6.6231631638616735 1
    endloop
  endfacet
  facet normal 0 0 1
    outer loop
      vertex 52.8350772554218 32.126558189877755 1
      vertex 51.18422409992703 13.141875088143351 1
      vertex 51.90840888996353 9.902058576693491 1
    endloop
  endfacet
  facet normal 0 0 1
    outer loop
      vertex 51.18422409992703 13.141875088143351 1
      vertex 51.31177888888498 32.976077960976156 1
      vertex 51.14655660909071 33.29891902698151 1
    endloop
  endfacet
  facet normal 0 0 1
    outer loop
      vertex 51.18422409992703 13.141875088143351 1
      vertex 51.14655660909071 33.29891902698151 1
      vertex 51.04749219660086 33.64779006019855 1
    endloop
  endfacet
  facet normal 0 0 1
    outer loop
      vertex 51.18422409992703 13.141875088143351 1
      vertex 51.04749219660086 33.64779006019855 1
      vertex 51.01839264123141 34.00928414246989 1
    endloop
  endfacet
  facet normal 0 0 1
    outer loop
      vertex 51.18422409992703 13.141875088143351 1
      vertex 51.81300104629298 32.45663503929611 1
      vertex 51.53680963642887 32.69167346329772 1
    endloop
  endfacet
  facet normal 0 0 1
    outer loop
      vertex 51.18422409992703 13.141875088143351 1
      vertex 52.129739237486156 32.279995083794624 1
      vertex 51.81300104629298 32.45663503929611 1
    endloop
  endfacet
  facet normal 0 0 1
    outer loop
      vertex 51.18422409992703 13.141875088143351 1
      vertex 52.47485213894966 32.16854177122237 1
      vertex 52.129739237486156 32.279995083794624 1
    endloop
  endfacet
  facet normal 0 0 1
    outer loop
      vertex 51.18422409992703 13.141875088143351 1
      vertex 52.8350772554218 32.126558189877755 1
      vertex 52.47485213894966 32.16854177122237 1
    endloop
  endfacet
  facet normal 0 0 1
    outer loop
      vertex 51.18422409992703 13.141875088143351 1
      vertex 51.53680963642887 32.69167346329772 1
      vertex 51.31177888888498 32.976077960976156 1
    endloop
  endfacet
  facet normal 0 0 1
    outer loop
      vertex 49.86544306280124 53.101303431757536 1
      vertex 47.815068941660726 22.500063547646832 1
      vertex 49.13350750501722 19.453331791709363 1
    endloop
  endfacet
  facet normal 0 0 1
    outer loop
      vertex 49.86544306280124 53.101303431757536 1
      vertex 49.13350750501722 19.453331791709363 1
      vertex 50.258038561215805 16.32982662257193 1
    endloop
  endfacet
  facet normal 0 0 1
    outer loop
      vertex 46.43278657143001 56.127597215746604 1
      vertex 46.3079261458186 25.45799783206299 1
      vertex 47.815068941660726 22.500063547646832 1
    endloop
  endfacet
  facet normal 0 0 1
    outer loop
      vertex 49.86544306280124 53.101303431757536 1
      vertex 50.258038561215805 16.32982662257193 1
      vertex 51.18422409992703 13.141875088143351 1
    endloop
  endfacet
  facet normal 0 0 1
    outer loop
      vertex 49.86544306280124 53.101303431757536 1
      vertex 51.18422409992703 13.141875088143351 1
      vertex 51.01839264123141 34.00928414246989 1
    endloop
  endfacet
  facet normal 0 0 1
    outer loop
      vertex 56.1275972157466 -46.43278657143002 1
      vertex 54.152687934593956 32.644975185075225 1
      vertex 53.868283436915526 32.41994443753133 1
    endloop
  endfacet
  facet normal 0 0 1
    outer loop
      vertex 56.1275972157466 -46.43278657143002 1
      vertex 54.38772635859557 32.921166594939336 1
      vertex 54.152687934593956 32.644975185075225 1
    endloop
  endfacet
  facet normal 0 0 1
    outer loop
      vertex 56.1275972157466 -46.43278657143002 1
      vertex 54.56436631409706 33.2379047861325 1
      vertex 54.38772635859557 32.921166594939336 1
    endloop
  endfacet
  facet normal 0 0 1
    outer loop
      vertex 56.1275972157466 -46.43278657143002 1
      vertex 54.67581962666931 33.583017687596005 1
      vertex 54.56436631409706 33.2379047861325 1
    endloop
  endfacet
  facet normal 0 0 1
    outer loop
      vertex 56.1275972157466 -46.43278657143002 1
      vertex 54.717803208013926 33.94324280406815 1
      vertex 54.67581962666931 33.583017687596005 1
    endloop
  endfacet
  facet normal 0 0 1
    outer loop
      vertex 61.5045856315983 -39.03199692926878 1
      vertex 60.99442901142857 0 1
      vertex 58.93238101578517 42.81688108458369 1
    endloop
  endfacet
  facet normal 0 0 1
    outer loop
      vertex 56.1275972157466 -46.43278657143002 1
      vertex 56.127597215746604 46.43278657143001 1
      vertex 54.717803208013926 33.94324280406815 1
    endloop
  endfacet
  facet normal 0 0 1
    outer loop
      vertex 58.93238101578517 -42.81688108458369 1
      vertex 58.93238101578517 42.81688108458369 1
      vertex 56.127597215746604 46.43278657143001 1
    endloop
  endfacet
  facet normal 0 0 1
    outer loop
      vertex 63.83405974669587 35.0930713140973 1
      vertex 62.84442901142857 1.85 1
      vertex 63.20534610715841 1.8144527687459764 1
    endloop
  endfacet
  facet normal 0 0 1
    outer loop
      vertex 63.83405974669587 35.0930713140973 1
      vertex 63.20534610715841 1.8144527687459764 1
      vertex 63.55239336130399 1.7091771351458807 1
    endloop
  endfacet
  facet normal 0 0 1
    outer loop
      vertex 58.93238101578517 42.81688108458369 1
      vertex 60.99442901142857 0 1
      vertex 61.029976242682594 0.36091709572983727 1
    endloop
  endfacet
  facet normal 0 0 1
    outer loop
      vertex 58.93238101578517 42.81688108458369 1
      vertex 61.029976242682594 0.36091709572983727 1
      vertex 61.135251876282695 0.7079643498754161 1
    endloop
  endfacet
  facet normal 0 0 1
    outer loop
      vertex 61.50458563159829 39.031996929268814 1
      vertex 61.30621022866887 1.027804931086264 1
      vertex 61.53628146623346 1.308147545195113 1
    endloop
  endfacet
  facet normal 0 0 1
    outer loop
      vertex 58.93238101578517 42.81688108458369 1
      vertex 61.135251876282695 0.7079643498754161 1
      vertex 61.30621022866887 1.027804931086264 1
    endloop
  endfacet
  facet normal 0 0 1
    outer loop
      vertex 61.50458563159829 39.031996929268814 1
      vertex 61.53628146623346 1.308147545195113 1
      vertex 61.81662408034231 1.5382187827597087 1
    endloop
  endfacet
  facet normal 0 0 1
    outer loop
      vertex 61.50458563159829 39.031996929268814 1
      vertex 61.81662408034231 1.5382187827597087 1
      vertex 62.136464661553156 1.7091771351458807 1
    endloop
  endfacet
  facet normal 0 0 1
    outer loop
      vertex 61.50458563159829 39.031996929268814 1
      vertex 62.136464661553156 1.7091771351458807 1
      vertex 62.483511915698735 1.8144527687459764 1
    endloop
  endfacet
  facet normal 0 0 1
    outer loop
      vertex 61.50458563159829 39.031996929268814 1
      vertex 62.483511915698735 1.8144527687459764 1
      vertex 62.84442901142857 1.85 1
    endloop
  endfacet
  facet normal 0 0 1
    outer loop
      vertex 65.91160999098112 -31.015649378948268 1
      vertex 63.83405974669587 35.0930713140973 1
      vertex 64.69442901142857 0 1
    endloop
  endfacet
  facet normal 0 0 1
    outer loop
      vertex 72.70068717050152 -4.573939542443816 1
      vertex 72.70068717050152 4.573939542443788 1
      vertex 72.27002893109714 9.129827835147758 1
    endloop
  endfacet
  facet normal 0 0 1
    outer loop
      vertex 72.27002893109714 -9.129827835147744 1
      vertex 72.27002893109714 9.129827835147758 1
      vertex 71.5541539045373 13.649684868407983 1
    endloop
  endfacet
  facet normal 0 0 1
    outer loop
      vertex 69.27916888711887 -22.510166510070878 1
      vertex 69.27916888711887 22.510166510070878 1
      vertex 67.72903722278225 26.815822845402923 1
    endloop
  endfacet
  facet normal 0 0 1
    outer loop
      vertex 70.55588732249966 -18.11567283144042 1
      vertex 70.55588732249964 18.115672831440445 1
      vertex 69.27916888711887 22.510166510070878 1
    endloop
  endfacet
  facet normal 0 0 1
    outer loop
      vertex 71.5541539045373 -13.649684868407997 1
      vertex 71.5541539045373 13.649684868407983 1
      vertex 70.55588732249964 18.115672831440445 1
    endloop
  endfacet
  facet normal 0 0 1
    outer loop
      vertex 63.83405974669587 35.0930713140973 1
      vertex 64.15257655662369 1.308147545195113 1
      vertex 64.38264779418829 1.027804931086264 1
    endloop
  endfacet
  facet normal 0 0 1
    outer loop
      vertex 63.83405974669587 35.0930713140973 1
      vertex 64.38264779418829 1.027804931086264 1
      vertex 64.55360614657445 0.7079643498754161 1
    endloop
  endfacet
  facet normal 0 0 1
    outer loop
      vertex 63.83405974669587 35.0930713140973 1
      vertex 64.65888178017455 0.36091709572983727 1
      vertex 64.69442901142857 0 1
    endloop
  endfacet
  facet normal 0 0 1
    outer loop
      vertex 63.83405974669587 35.0930713140973 1
      vertex 64.55360614657445 0.7079643498754161 1
      vertex 64.65888178017455 0.36091709572983727 1
    endloop
  endfacet
  facet normal 0 0 1
    outer loop
      vertex 63.83405974669587 35.0930713140973 1
      vertex 63.55239336130399 1.7091771351458807 1
      vertex 63.87223394251484 1.5382187827597087 1
    endloop
  endfacet
  facet normal 0 0 1
    outer loop
      vertex 63.83405974669587 35.0930713140973 1
      vertex 63.87223394251484 1.5382187827597087 1
      vertex 64.15257655662369 1.308147545195113 1
    endloop
  endfacet
  facet normal 0 0 1
    outer loop
      vertex 65.91160999098112 -31.015649378948268 1
      vertex 65.91160999098112 31.015649378948286 1
      vertex 63.83405974669587 35.0930713140973 1
    endloop
  endfacet
  facet normal 0 0 1
    outer loop
      vertex 67.72903722278224 -26.815822845402952 1
      vertex 67.72903722278225 26.815822845402923 1
      vertex 65.91160999098112 31.015649378948286 1
    endloop
  endfacet
  facet normal 0 0 1
    outer loop
      vertex 63.83405974669587 35.0930713140973 1
      vertex 61.50458563159829 39.031996929268814 1
      vertex 62.84442901142857 1.85 1
    endloop
  endfacet
  facet normal 0 0 1
    outer loop
      vertex 58.93238101578517 42.81688108458369 1
      vertex 61.30621022866887 1.027804931086264 1
      vertex 61.50458563159829 39.031996929268814 1
    endloop
  endfacet
  facet normal 0.6613118653236516 0.7501110696304597 0
    outer loop
      vertex 49.86544306280124 53.101303431757536 -1
      vertex 46.43278657143001 56.127597215746604 1
      vertex 49.86544306280124 53.101303431757536 1
    endloop
  endfacet
  facet normal 0.7501110696304597 0.6613118653236516 0
    outer loop
      vertex 53.101303431757536 49.86544306280124 -1
      vertex 53.101303431757536 49.86544306280124 1
      vertex 56.127597215746604 46.43278657143001 1
    endloop
  endfacet
  facet normal 0.7071067811865476 0.7071067811865476 0
    outer loop
      vertex 49.86544306280124 53.101303431757536 -1
      vertex 49.86544306280124 53.101303431757536 1
      vertex 53.101303431757536 49.86544306280124 1
    endloop
  endfacet
  facet normal 0.5090414157503703 0.8607420270039443 0
    outer loop
      vertex 39.031996929268814 61.50458563159829 -1
      vertex 35.09307131409729 63.83405974669587 1
      vertex 39.031996929268814 61.50458563159829 1
    endloop
  endfacet
  facet normal 0.6129070536529766 0.7901550123756904 0
    outer loop
      vertex 46.43278657143001 56.127597215746604 -1
      vertex 42.81688108458369 58.93238101578517 1
      vertex 46.43278657143001 56.127597215746604 1
    endloop
  endfacet
  facet normal 0.5620833778521307 0.8270805742745618 0
    outer loop
      vertex 42.81688108458369 58.93238101578517 -1
      vertex 39.031996929268814 61.50458563159829 1
      vertex 42.81688108458369 58.93238101578517 1
    endloop
  endfacet
  facet normal 0.7901550123756904 0.6129070536529766 0
    outer loop
      vertex 56.127597215746604 46.43278657143001 -1
      vertex 56.127597215746604 46.43278657143001 1
      vertex 58.93238101578517 42.81688108458369 1
    endloop
  endfacet
  facet normal 0.8607420270039435 0.5090414157503717 0
    outer loop
      vertex 61.50458563159829 39.031996929268814 -1
      vertex 61.50458563159829 39.031996929268814 1
      vertex 63.83405974669587 35.0930713140973 1
    endloop
  endfacet
  facet normal 0.8270805742745618 0.5620833778521307 0
    outer loop
      vertex 58.93238101578517 42.81688108458369 -1
      vertex 58.93238101578517 42.81688108458369 1
      vertex 61.50458563159829 39.031996929268814 1
    endloop
  endfacet
  facet normal 0 0 1
    outer loop
      vertex 39.031996929268814 61.50458563159829 1
      vertex 36.17450094422747 38.521930883329304 1
      vertex 38.521930883329304 36.17450094422747 1
    endloop
  endfacet
  facet normal 0 0 1
    outer loop
      vertex 39.031996929268814 61.50458563159829 1
      vertex 38.521930883329304 36.17450094422747 1
      vertex 40.71733236023082 33.68430677645621 1
    endloop
  endfacet
  facet normal 0 0 1
    outer loop
      vertex 42.81688108458369 58.93238101578517 1
      vertex 42.75204112828622 31.06117603873423 1
      vertex 44.61802712155799 28.31546102968888 1
    endloop
  endfacet
  facet normal 0 0 1
    outer loop
      vertex 42.81688108458369 58.93238101578517 1
      vertex 40.71733236023082 33.68430677645621 1
      vertex 42.75204112828622 31.06117603873423 1
    endloop
  endfacet
  facet normal 0 0 1
    outer loop
      vertex 35.09307131409729 63.83405974669587 1
      vertex 36.17450094422747 38.521930883329304 1
      vertex 39.031996929268814 61.50458563159829 1
    endloop
  endfacet
  facet normal 0 0 1
    outer loop
      vertex 39.031996929268814 61.50458563159829 1
      vertex 40.71733236023082 33.68430677645621 1
      vertex 42.81688108458369 58.93238101578517 1
    endloop
  endfacet
  facet normal 0 0 1
    outer loop
      vertex 42.81688108458369 58.93238101578517 1
      vertex 44.61802712155799 28.31546102968888 1
      vertex 46.43278657143001 56.127597215746604 1
    endloop
  endfacet
  facet normal 0 0 1
    outer loop
      vertex 46.43278657143001 56.127597215746604 1
      vertex 44.61802712155799 28.31546102968888 1
      vertex 46.3079261458186 25.45799783206299 1
    endloop
  endfacet
  facet normal 0 0 1
    outer loop
      vertex 49.86544306280124 53.101303431757536 1
      vertex 46.43278657143001 56.127597215746604 1
      vertex 47.815068941660726 22.500063547646832 1
    endloop
  endfacet
  facet normal 0 0 1
    outer loop
      vertex 49.86544306280124 53.101303431757536 1
      vertex 51.01839264123141 34.00928414246989 1
      vertex 51.060376222576025 34.369509258942024 1
    endloop
  endfacet
  facet normal 0 0 1
    outer loop
      vertex 49.86544306280124 53.101303431757536 1
      vertex 51.060376222576025 34.369509258942024 1
      vertex 51.17182953514827 34.714622160405526 1
    endloop
  endfacet
  facet normal 0 0 1
    outer loop
      vertex 49.86544306280124 53.101303431757536 1
      vertex 51.17182953514827 34.714622160405526 1
      vertex 51.348469490649755 35.03136035159869 1
    endloop
  endfacet
  facet normal 0 0 1
    outer loop
      vertex 53.101303431757536 49.86544306280124 1
      vertex 51.86791241232981 35.5325825090067 1
      vertex 52.19075347833517 35.697804788800966 1
    endloop
  endfacet
  facet normal 0 0 1
    outer loop
      vertex 53.101303431757536 49.86544306280124 1
      vertex 52.19075347833517 35.697804788800966 1
      vertex 52.539624511552205 35.79686920129083 1
    endloop
  endfacet
  facet normal 0 0 1
    outer loop
      vertex 53.101303431757536 49.86544306280124 1
      vertex 52.539624511552205 35.79686920129083 1
      vertex 52.901118593823526 35.825968756660274 1
    endloop
  endfacet
  facet normal 0 0 1
    outer loop
      vertex 53.101303431757536 49.86544306280124 1
      vertex 52.901118593823526 35.825968756660274 1
      vertex 53.26134371029568 35.78398517531566 1
    endloop
  endfacet
  facet normal 0 0 1
    outer loop
      vertex 53.101303431757536 49.86544306280124 1
      vertex 53.26134371029568 35.78398517531566 1
      vertex 53.60645661175918 35.67253186274341 1
    endloop
  endfacet
  facet normal 0 0 1
    outer loop
      vertex 56.127597215746604 46.43278657143001 1
      vertex 53.60645661175918 35.67253186274341 1
      vertex 53.92319480295235 35.49589190724192 1
    endloop
  endfacet
  facet normal 0 0 1
    outer loop
      vertex 49.86544306280124 53.101303431757536 1
      vertex 51.348469490649755 35.03136035159869 1
      vertex 51.58350791465137 35.307551761462804 1
    endloop
  endfacet
  facet normal 0 0 1
    outer loop
      vertex 49.86544306280124 53.101303431757536 1
      vertex 51.58350791465137 35.307551761462804 1
      vertex 51.86791241232981 35.5325825090067 1
    endloop
  endfacet
  facet normal 0 0 1
    outer loop
      vertex 53.101303431757536 49.86544306280124 1
      vertex 53.60645661175918 35.67253186274341 1
      vertex 56.127597215746604 46.43278657143001 1
    endloop
  endfacet
  facet normal 0 0 1
    outer loop
      vertex 49.86544306280124 53.101303431757536 1
      vertex 51.86791241232981 35.5325825090067 1
      vertex 53.101303431757536 49.86544306280124 1
    endloop
  endfacet
  facet normal 0 0 1
    outer loop
      vertex 56.127597215746604 46.43278657143001 1
      vertex 54.68870365264448 34.30473688633948 1
      vertex 54.717803208013926 33.94324280406815 1
    endloop
  endfacet
  facet normal 0 0 1
    outer loop
      vertex 56.127597215746604 46.43278657143001 1
      vertex 54.42441696036035 34.976448985561866 1
      vertex 54.58963924015462 34.65360791955652 1
    endloop
  endfacet
  facet normal 0 0 1
    outer loop
      vertex 56.127597215746604 46.43278657143001 1
      vertex 54.58963924015462 34.65360791955652 1
      vertex 54.68870365264448 34.30473688633948 1
    endloop
  endfacet
  facet normal 0 0 1
    outer loop
      vertex 56.127597215746604 46.43278657143001 1
      vertex 54.19938621281646 35.26085348324031 1
      vertex 54.42441696036035 34.976448985561866 1
    endloop
  endfacet
  facet normal 0 0 1
    outer loop
      vertex 56.127597215746604 46.43278657143001 1
      vertex 53.92319480295235 35.49589190724192 1
      vertex 54.19938621281646 35.26085348324031 1
    endloop
  endfacet
  facet normal 0.7071067811865475 0.7071067811865475 0
    outer loop
      vertex -36.174500944227454 -38.52193088332931 -1
      vertex -38.52193088332931 -36.174500944227454 -1
      vertex -38.52193088332931 -36.174500944227454 1
    endloop
  endfacet
  facet normal 0.860742027003944 0.5090414157503707 0
    outer loop
      vertex -44.61802712155799 -28.315461029688887 -1
      vertex -46.3079261458186 -25.457997832062993 -1
      vertex -46.3079261458186 -25.457997832062993 1
    endloop
  endfacet
  facet normal 0.8910065241883685 0.45399049973954547 0
    outer loop
      vertex -46.3079261458186 -25.457997832062993 -1
      vertex -47.815068941660726 -22.500063547646818 -1
      vertex -47.815068941660726 -22.500063547646818 1
    endloop
  endfacet
  facet normal 0.9177546256839803 0.3971478906347828 0
    outer loop
      vertex -47.815068941660726 -22.500063547646818 -1
      vertex -49.13350750501723 -19.453331791709356 -1
      vertex -49.13350750501723 -19.453331791709356 1
    endloop
  endfacet
  facet normal 0.7901550123756906 0.6129070536529762 0
    outer loop
      vertex -40.717332360230834 -33.684306776456204 -1
      vertex -42.75204112828622 -31.06117603873423 -1
      vertex -42.75204112828622 -31.06117603873423 1
    endloop
  endfacet
  facet normal 0.827080574274562 0.5620833778521301 0
    outer loop
      vertex -42.75204112828622 -31.06117603873423 -1
      vertex -44.61802712155799 -28.315461029688887 -1
      vertex -44.61802712155799 -28.315461029688887 1
    endloop
  endfacet
  facet normal 0.750111069630458 0.6613118653236537 0
    outer loop
      vertex -38.52193088332931 -36.174500944227454 -1
      vertex -40.717332360230834 -33.684306776456204 -1
      vertex -40.717332360230834 -33.684306776456204 1
    endloop
  endfacet
  facet normal 0.9602936856769431 0.2789911060392292 0
    outer loop
      vertex -50.258038561215805 -16.32982662257193 -1
      vertex -51.18422409992703 -13.141875088143355 -1
      vertex -51.18422409992703 -13.141875088143355 1
    endloop
  endfacet
  facet normal 0.9759167619387475 0.21814324139654223 0
    outer loop
      vertex -51.18422409992703 -13.141875088143355 -1
      vertex -51.908408889963525 -9.9020585766935 -1
      vertex -51.908408889963525 -9.9020585766935 1
    endloop
  endfacet
  facet normal 0.9408807689542259 0.33873792024529015 0
    outer loop
      vertex -49.13350750501723 -19.453331791709356 -1
      vertex -50.258038561215805 -16.32982662257193 -1
      vertex -50.258038561215805 -16.32982662257193 1
    endloop
  endfacet
  facet normal 0.9876883405951377 0.1564344650402313 0
    outer loop
      vertex -52.427734904807586 -6.623163163861663 1
      vertex -51.908408889963525 -9.9020585766935 -1
      vertex -52.427734904807586 -6.623163163861663 -1
    endloop
  endfacet
  facet normal 0.99556196460308 0.09410831331851531 0
    outer loop
      vertex -52.7401526019361 -3.318129151857515 1
      vertex -52.427734904807586 -6.623163163861663 -1
      vertex -52.7401526019361 -3.318129151857515 -1
    endloop
  endfacet
  facet normal 0.9995065603657316 0.03141075907812747 0
    outer loop
      vertex -52.84442901142857 0 1
      vertex -52.7401526019361 -3.318129151857515 -1
      vertex -52.84442901142857 0 -1
    endloop
  endfacet
  facet normal 0.6129070536529762 0.7901550123756906 0
    outer loop
      vertex -33.684306776456204 -40.717332360230834 -1
      vertex -33.684306776456204 -40.717332360230834 1
      vertex -31.06117603873423 -42.75204112828622 -1
    endloop
  endfacet
  facet normal 0.6613118653236537 0.750111069630458 0
    outer loop
      vertex -36.174500944227454 -38.52193088332931 1
      vertex -33.684306776456204 -40.717332360230834 -1
      vertex -36.174500944227454 -38.52193088332931 -1
    endloop
  endfacet
  facet normal 0.5620833778521301 0.827080574274562 0
    outer loop
      vertex -28.315461029688887 -44.61802712155799 -1
      vertex -31.06117603873423 -42.75204112828622 -1
      vertex -31.06117603873423 -42.75204112828622 1
    endloop
  endfacet
  facet normal 0.5090414157503707 0.860742027003944 0
    outer loop
      vertex -28.315461029688887 -44.61802712155799 -1
      vertex -28.315461029688887 -44.61802712155799 1
      vertex -25.457997832062993 -46.3079261458186 -1
    endloop
  endfacet
  facet normal 0.45399049973954547 0.8910065241883685 0
    outer loop
      vertex -25.457997832062993 -46.3079261458186 -1
      vertex -25.457997832062993 -46.3079261458186 1
      vertex -22.500063547646818 -47.815068941660726 -1
    endloop
  endfacet
  facet normal 0.3971478906347828 0.9177546256839803 0
    outer loop
      vertex -19.453331791709356 -49.13350750501723 -1
      vertex -22.500063547646818 -47.815068941660726 -1
      vertex -22.500063547646818 -47.815068941660726 1
    endloop
  endfacet
  facet normal 0.33873792024529015 0.9408807689542259 0
    outer loop
      vertex -19.453331791709356 -49.13350750501723 1
      vertex -16.32982662257193 -50.258038561215805 -1
      vertex -19.453331791709356 -49.13350750501723 -1
    endloop
  endfacet
  facet normal 0.2789911060392292 0.9602936856769431 0
    outer loop
      vertex -16.32982662257193 -50.258038561215805 -1
      vertex -16.32982662257193 -50.258038561215805 1
      vertex -13.141875088143355 -51.18422409992703 -1
    endloop
  endfacet
  facet normal 0.21814324139654223 0.9759167619387475 0
    outer loop
      vertex -13.141875088143355 -51.18422409992703 -1
      vertex -13.141875088143355 -51.18422409992703 1
      vertex -9.9020585766935 -51.908408889963525 -1
    endloop
  endfacet
  facet normal 0.1564344650402313 0.9876883405951377 0
    outer loop
      vertex -9.9020585766935 -51.908408889963525 1
      vertex -6.623163163861663 -52.427734904807586 -1
      vertex -9.9020585766935 -51.908408889963525 -1
    endloop
  endfacet
  facet normal 0.09410831331851603 0.9955619646030798 0
    outer loop
      vertex -6.623163163861663 -52.427734904807586 -1
      vertex -6.623163163861663 -52.427734904807586 1
      vertex -3.3181291518575406 -52.7401526019361 -1
    endloop
  endfacet
  facet normal 0.03141075907812723 0.9995065603657316 0
    outer loop
      vertex -3.3181291518575406 -52.7401526019361 -1
      vertex -3.3181291518575406 -52.7401526019361 1
      vertex 0 -52.84442901142857 -1
    endloop
  endfacet
  facet normal 0.7071067811865475 0.7071067811865475 0
    outer loop
      vertex -36.174500944227454 -38.52193088332931 -1
      vertex -38.52193088332931 -36.174500944227454 1
      vertex -36.174500944227454 -38.52193088332931 1
    endloop
  endfacet
  facet normal 0.8910065241883685 0.45399049973954547 0
    outer loop
      vertex -47.815068941660726 -22.500063547646818 1
      vertex -46.3079261458186 -25.457997832062993 1
      vertex -46.3079261458186 -25.457997832062993 -1
    endloop
  endfacet
  facet normal 0.9177546256839803 0.3971478906347828 0
    outer loop
      vertex -47.815068941660726 -22.500063547646818 -1
      vertex -49.13350750501723 -19.453331791709356 1
      vertex -47.815068941660726 -22.500063547646818 1
    endloop
  endfacet
  facet normal 0.9408807689542259 0.33873792024529015 0
    outer loop
      vertex -50.258038561215805 -16.32982662257193 1
      vertex -49.13350750501723 -19.453331791709356 1
      vertex -49.13350750501723 -19.453331791709356 -1
    endloop
  endfacet
  facet normal 0.7901550123756906 0.6129070536529762 0
    outer loop
      vertex -40.717332360230834 -33.684306776456204 1
      vertex -40.717332360230834 -33.684306776456204 -1
      vertex -42.75204112828622 -31.06117603873423 1
    endloop
  endfacet
  facet normal 0.827080574274562 0.5620833778521301 0
    outer loop
      vertex -44.61802712155799 -28.315461029688887 1
      vertex -42.75204112828622 -31.06117603873423 1
      vertex -42.75204112828622 -31.06117603873423 -1
    endloop
  endfacet
  facet normal 0.860742027003944 0.5090414157503707 0
    outer loop
      vertex -44.61802712155799 -28.315461029688887 -1
      vertex -46.3079261458186 -25.457997832062993 1
      vertex -44.61802712155799 -28.315461029688887 1
    endloop
  endfacet
  facet normal 0.750111069630458 0.6613118653236537 0
    outer loop
      vertex -40.717332360230834 -33.684306776456204 1
      vertex -38.52193088332931 -36.174500944227454 1
      vertex -38.52193088332931 -36.174500944227454 -1
    endloop
  endfacet
  facet normal 0.9602936856769431 0.2789911060392292 0
    outer loop
      vertex -50.258038561215805 -16.32982662257193 -1
      vertex -51.18422409992703 -13.141875088143355 1
      vertex -50.258038561215805 -16.32982662257193 1
    endloop
  endfacet
  facet normal 0.9759167619387475 0.21814324139654223 0
    outer loop
      vertex -51.18422409992703 -13.141875088143355 -1
      vertex -51.908408889963525 -9.9020585766935 1
      vertex -51.18422409992703 -13.141875088143355 1
    endloop
  endfacet
  facet normal 0.99556196460308 0.09410831331851531 0
    outer loop
      vertex -52.7401526019361 -3.318129151857515 1
      vertex -52.427734904807586 -6.623163163861663 1
      vertex -52.427734904807586 -6.623163163861663 -1
    endloop
  endfacet
  facet normal 0.9876883405951377 0.1564344650402313 0
    outer loop
      vertex -52.427734904807586 -6.623163163861663 1
      vertex -51.908408889963525 -9.9020585766935 1
      vertex -51.908408889963525 -9.9020585766935 -1
    endloop
  endfacet
  facet normal 0.9995065603657316 0.03141075907812747 0
    outer loop
      vertex -52.84442901142857 0 1
      vertex -52.7401526019361 -3.318129151857515 1
      vertex -52.7401526019361 -3.318129151857515 -1
    endloop
  endfacet
  facet normal 0.6129070536529762 0.7901550123756906 0
    outer loop
      vertex -31.06117603873423 -42.75204112828622 -1
      vertex -33.684306776456204 -40.717332360230834 1
      vertex -31.06117603873423 -42.75204112828622 1
    endloop
  endfacet
  facet normal 0.6613118653236537 0.750111069630458 0
    outer loop
      vertex -33.684306776456204 -40.717332360230834 -1
      vertex -36.174500944227454 -38.52193088332931 1
      vertex -33.684306776456204 -40.717332360230834 1
    endloop
  endfacet
  facet normal 0.5620833778521301 0.827080574274562 0
    outer loop
      vertex -28.315461029688887 -44.61802712155799 -1
      vertex -31.06117603873423 -42.75204112828622 1
      vertex -28.315461029688887 -44.61802712155799 1
    endloop
  endfacet
  facet normal 0.5090414157503707 0.860742027003944 0
    outer loop
      vertex -25.457997832062993 -46.3079261458186 -1
      vertex -28.315461029688887 -44.61802712155799 1
      vertex -25.457997832062993 -46.3079261458186 1
    endloop
  endfacet
  facet normal 0.45399049973954547 0.8910065241883685 0
    outer loop
      vertex -25.457997832062993 -46.3079261458186 1
      vertex -22.500063547646818 -47.815068941660726 1
      vertex -22.500063547646818 -47.815068941660726 -1
    endloop
  endfacet
  facet normal 0.3971478906347828 0.9177546256839803 0
    outer loop
      vertex -19.453331791709356 -49.13350750501723 -1
      vertex -22.500063547646818 -47.815068941660726 1
      vertex -19.453331791709356 -49.13350750501723 1
    endloop
  endfacet
  facet normal 0.2789911060392292 0.9602936856769431 0
    outer loop
      vertex -16.32982662257193 -50.258038561215805 1
      vertex -13.141875088143355 -51.18422409992703 1
      vertex -13.141875088143355 -51.18422409992703 -1
    endloop
  endfacet
  facet normal 0.33873792024529015 0.9408807689542259 0
    outer loop
      vertex -16.32982662257193 -50.258038561215805 -1
      vertex -19.453331791709356 -49.13350750501723 1
      vertex -16.32982662257193 -50.258038561215805 1
    endloop
  endfacet
  facet normal 0.21814324139654223 0.9759167619387475 0
    outer loop
      vertex -9.9020585766935 -51.908408889963525 -1
      vertex -13.141875088143355 -51.18422409992703 1
      vertex -9.9020585766935 -51.908408889963525 1
    endloop
  endfacet
  facet normal 0.1564344650402313 0.9876883405951377 0
    outer loop
      vertex -6.623163163861663 -52.427734904807586 -1
      vertex -9.9020585766935 -51.908408889963525 1
      vertex -6.623163163861663 -52.427734904807586 1
    endloop
  endfacet
  facet normal 0.09410831331851603 0.9955619646030798 0
    outer loop
      vertex -3.3181291518575406 -52.7401526019361 -1
      vertex -6.623163163861663 -52.427734904807586 1
      vertex -3.3181291518575406 -52.7401526019361 1
    endloop
  endfacet
  facet normal 0.03141075907812723 0.9995065603657316 0
    outer loop
      vertex -3.3181291518575406 -52.7401526019361 1
      vertex 0 -52.84442901142857 1
      vertex 0 -52.84442901142857 -1
    endloop
  endfacet
  facet normal 0.9995065603657316 -0.03141075907812747 0
    outer loop
      vertex -52.7401526019361 3.318129151857515 1
      vertex -52.84442901142857 0 -1
      vertex -52.7401526019361 3.318129151857515 -1
    endloop
  endfacet
  facet normal 0.99556196460308 -0.09410831331851531 0
    outer loop
      vertex -52.427734904807586 6.623163163861663 1
      vertex -52.7401526019361 3.318129151857515 -1
      vertex -52.427734904807586 6.623163163861663 -1
    endloop
  endfacet
  facet normal 0.9876883405951377 -0.1564344650402313 0
    outer loop
      vertex -51.908408889963525 9.9020585766935 1
      vertex -52.427734904807586 6.623163163861663 -1
      vertex -51.908408889963525 9.9020585766935 -1
    endloop
  endfacet
  facet normal 0.9759167619387475 -0.21814324139654223 0
    outer loop
      vertex -51.908408889963525 9.9020585766935 -1
      vertex -51.18422409992703 13.141875088143355 -1
      vertex -51.18422409992703 13.141875088143355 1
    endloop
  endfacet
  facet normal 0.9602936856769431 -0.2789911060392292 0
    outer loop
      vertex -51.18422409992703 13.141875088143355 -1
      vertex -50.258038561215805 16.32982662257193 -1
      vertex -50.258038561215805 16.32982662257193 1
    endloop
  endfacet
  facet normal 0.9408807689542259 -0.33873792024529015 0
    outer loop
      vertex -50.258038561215805 16.32982662257193 -1
      vertex -49.13350750501723 19.453331791709356 -1
      vertex -49.13350750501723 19.453331791709356 1
    endloop
  endfacet
  facet normal 0.9177546256839803 -0.3971478906347828 0
    outer loop
      vertex -49.13350750501723 19.453331791709356 -1
      vertex -47.815068941660726 22.500063547646818 -1
      vertex -47.815068941660726 22.500063547646818 1
    endloop
  endfacet
  facet normal 0.8910065241883685 -0.45399049973954547 0
    outer loop
      vertex -47.815068941660726 22.500063547646818 -1
      vertex -46.3079261458186 25.457997832062993 -1
      vertex -46.3079261458186 25.457997832062993 1
    endloop
  endfacet
  facet normal 0.860742027003944 -0.5090414157503707 0
    outer loop
      vertex -46.3079261458186 25.457997832062993 -1
      vertex -44.61802712155799 28.315461029688887 -1
      vertex -44.61802712155799 28.315461029688887 1
    endloop
  endfacet
  facet normal 0.827080574274562 -0.5620833778521301 0
    outer loop
      vertex -44.61802712155799 28.315461029688887 -1
      vertex -42.75204112828622 31.06117603873423 -1
      vertex -42.75204112828622 31.06117603873423 1
    endloop
  endfacet
  facet normal 0.7901550123756906 -0.6129070536529762 0
    outer loop
      vertex -42.75204112828622 31.06117603873423 -1
      vertex -40.717332360230834 33.684306776456204 -1
      vertex -40.717332360230834 33.684306776456204 1
    endloop
  endfacet
  facet normal 0.750111069630458 -0.6613118653236537 0
    outer loop
      vertex -40.717332360230834 33.684306776456204 -1
      vertex -38.52193088332931 36.174500944227454 -1
      vertex -38.52193088332931 36.174500944227454 1
    endloop
  endfacet
  facet normal 0.7071067811865475 -0.7071067811865475 0
    outer loop
      vertex -38.52193088332931 36.174500944227454 -1
      vertex -36.174500944227454 38.52193088332931 -1
      vertex -36.174500944227454 38.52193088332931 1
    endloop
  endfacet
  facet normal 0.6613118653236537 -0.750111069630458 0
    outer loop
      vertex -33.684306776456204 40.717332360230834 -1
      vertex -33.684306776456204 40.717332360230834 1
      vertex -36.174500944227454 38.52193088332931 -1
    endloop
  endfacet
  facet normal 0.6129070536529762 -0.7901550123756906 0
    outer loop
      vertex -33.684306776456204 40.717332360230834 -1
      vertex -31.06117603873423 42.75204112828622 -1
      vertex -31.06117603873423 42.75204112828622 1
    endloop
  endfacet
  facet normal 0.5620833778521301 -0.827080574274562 0
    outer loop
      vertex -31.06117603873423 42.75204112828622 -1
      vertex -28.315461029688887 44.61802712155799 -1
      vertex -28.315461029688887 44.61802712155799 1
    endloop
  endfacet
  facet normal 0.5090414157503698 -0.8607420270039446 0
    outer loop
      vertex -25.457997832062986 46.3079261458186 1
      vertex -28.315461029688887 44.61802712155799 -1
      vertex -25.457997832062986 46.3079261458186 -1
    endloop
  endfacet
  facet normal 0.45399049973954847 -0.8910065241883669 0
    outer loop
      vertex -25.457997832062986 46.3079261458186 -1
      vertex -22.500063547646835 47.815068941660726 -1
      vertex -22.500063547646835 47.815068941660726 1
    endloop
  endfacet
  facet normal 0.39714789063478084 -0.917754625683981 0
    outer loop
      vertex -19.453331791709356 49.13350750501723 -1
      vertex -19.453331791709356 49.13350750501723 1
      vertex -22.500063547646835 47.815068941660726 -1
    endloop
  endfacet
  facet normal 0.33873792024529015 -0.9408807689542259 0
    outer loop
      vertex -16.32982662257193 50.258038561215805 -1
      vertex -16.32982662257193 50.258038561215805 1
      vertex -19.453331791709356 49.13350750501723 -1
    endloop
  endfacet
  facet normal 0.2789911060392292 -0.9602936856769431 0
    outer loop
      vertex -16.32982662257193 50.258038561215805 -1
      vertex -13.141875088143355 51.18422409992703 -1
      vertex -13.141875088143355 51.18422409992703 1
    endloop
  endfacet
  facet normal 0.21814324139654345 -0.9759167619387472 0
    outer loop
      vertex -9.902058576693488 51.90840888996353 -1
      vertex -9.902058576693488 51.90840888996353 1
      vertex -13.141875088143355 51.18422409992703 -1
    endloop
  endfacet
  facet normal 0.1564344650402304 -0.9876883405951379 0
    outer loop
      vertex -6.623163163861675 52.427734904807586 -1
      vertex -6.623163163861675 52.427734904807586 1
      vertex -9.902058576693488 51.90840888996353 -1
    endloop
  endfacet
  facet normal 0.09410831331851495 -0.9955619646030799 0
    outer loop
      vertex -3.318129151857515 52.7401526019361 1
      vertex -6.623163163861675 52.427734904807586 -1
      vertex -3.318129151857515 52.7401526019361 -1
    endloop
  endfacet
  facet normal 0.03141075907812747 -0.9995065603657316 0
    outer loop
      vertex -3.318129151857515 52.7401526019361 -1
      vertex 0 52.84442901142857 -1
      vertex 0 52.84442901142857 1
    endloop
  endfacet
  facet normal 0.9995065603657316 -0.03141075907812747 0
    outer loop
      vertex -52.7401526019361 3.318129151857515 1
      vertex -52.84442901142857 0 1
      vertex -52.84442901142857 0 -1
    endloop
  endfacet
  facet normal 0.99556196460308 -0.09410831331851531 0
    outer loop
      vertex -52.427734904807586 6.623163163861663 1
      vertex -52.7401526019361 3.318129151857515 1
      vertex -52.7401526019361 3.318129151857515 -1
    endloop
  endfacet
  facet normal 0.9876883405951377 -0.1564344650402313 0
    outer loop
      vertex -51.908408889963525 9.9020585766935 1
      vertex -52.427734904807586 6.623163163861663 1
      vertex -52.427734904807586 6.623163163861663 -1
    endloop
  endfacet
  facet normal 0.9759167619387475 -0.21814324139654223 0
    outer loop
      vertex -51.18422409992703 13.141875088143355 1
      vertex -51.908408889963525 9.9020585766935 1
      vertex -51.908408889963525 9.9020585766935 -1
    endloop
  endfacet
  facet normal 0.9602936856769431 -0.2789911060392292 0
    outer loop
      vertex -51.18422409992703 13.141875088143355 -1
      vertex -50.258038561215805 16.32982662257193 1
      vertex -51.18422409992703 13.141875088143355 1
    endloop
  endfacet
  facet normal 0.9408807689542259 -0.33873792024529015 0
    outer loop
      vertex -49.13350750501723 19.453331791709356 1
      vertex -50.258038561215805 16.32982662257193 1
      vertex -50.258038561215805 16.32982662257193 -1
    endloop
  endfacet
  facet normal 0.9177546256839803 -0.3971478906347828 0
    outer loop
      vertex -47.815068941660726 22.500063547646818 1
      vertex -49.13350750501723 19.453331791709356 1
      vertex -49.13350750501723 19.453331791709356 -1
    endloop
  endfacet
  facet normal 0.8910065241883685 -0.45399049973954547 0
    outer loop
      vertex -47.815068941660726 22.500063547646818 -1
      vertex -46.3079261458186 25.457997832062993 1
      vertex -47.815068941660726 22.500063547646818 1
    endloop
  endfacet
  facet normal 0.860742027003944 -0.5090414157503707 0
    outer loop
      vertex -44.61802712155799 28.315461029688887 1
      vertex -46.3079261458186 25.457997832062993 1
      vertex -46.3079261458186 25.457997832062993 -1
    endloop
  endfacet
  facet normal 0.827080574274562 -0.5620833778521301 0
    outer loop
      vertex -44.61802712155799 28.315461029688887 -1
      vertex -42.75204112828622 31.06117603873423 1
      vertex -44.61802712155799 28.315461029688887 1
    endloop
  endfacet
  facet normal 0.7901550123756906 -0.6129070536529762 0
    outer loop
      vertex -40.717332360230834 33.684306776456204 1
      vertex -42.75204112828622 31.06117603873423 1
      vertex -42.75204112828622 31.06117603873423 -1
    endloop
  endfacet
  facet normal 0.750111069630458 -0.6613118653236537 0
    outer loop
      vertex -40.717332360230834 33.684306776456204 -1
      vertex -38.52193088332931 36.174500944227454 1
      vertex -40.717332360230834 33.684306776456204 1
    endloop
  endfacet
  facet normal 0.7071067811865475 -0.7071067811865475 0
    outer loop
      vertex -36.174500944227454 38.52193088332931 1
      vertex -38.52193088332931 36.174500944227454 1
      vertex -38.52193088332931 36.174500944227454 -1
    endloop
  endfacet
  facet normal 0.6613118653236537 -0.750111069630458 0
    outer loop
      vertex -36.174500944227454 38.52193088332931 -1
      vertex -33.684306776456204 40.717332360230834 1
      vertex -36.174500944227454 38.52193088332931 1
    endloop
  endfacet
  facet normal 0.6129070536529762 -0.7901550123756906 0
    outer loop
      vertex -33.684306776456204 40.717332360230834 -1
      vertex -31.06117603873423 42.75204112828622 1
      vertex -33.684306776456204 40.717332360230834 1
    endloop
  endfacet
  facet normal 0.5620833778521301 -0.827080574274562 0
    outer loop
      vertex -28.315461029688887 44.61802712155799 1
      vertex -31.06117603873423 42.75204112828622 1
      vertex -31.06117603873423 42.75204112828622 -1
    endloop
  endfacet
  facet normal 0.5090414157503698 -0.8607420270039446 0
    outer loop
      vertex -28.315461029688887 44.61802712155799 -1
      vertex -25.457997832062986 46.3079261458186 1
      vertex -28.315461029688887 44.61802712155799 1
    endloop
  endfacet
  facet normal 0.45399049973954847 -0.8910065241883669 0
    outer loop
      vertex -25.457997832062986 46.3079261458186 -1
      vertex -22.500063547646835 47.815068941660726 1
      vertex -25.457997832062986 46.3079261458186 1
    endloop
  endfacet
  facet normal 0.39714789063478084 -0.917754625683981 0
    outer loop
      vertex -19.453331791709356 49.13350750501723 1
      vertex -22.500063547646835 47.815068941660726 1
      vertex -22.500063547646835 47.815068941660726 -1
    endloop
  endfacet
  facet normal 0.33873792024529015 -0.9408807689542259 0
    outer loop
      vertex -19.453331791709356 49.13350750501723 -1
      vertex -16.32982662257193 50.258038561215805 1
      vertex -19.453331791709356 49.13350750501723 1
    endloop
  endfacet
  facet normal 0.2789911060392292 -0.9602936856769431 0
    outer loop
      vertex -16.32982662257193 50.258038561215805 -1
      vertex -13.141875088143355 51.18422409992703 1
      vertex -16.32982662257193 50.258038561215805 1
    endloop
  endfacet
  facet normal 0.21814324139654345 -0.9759167619387472 0
    outer loop
      vertex -9.902058576693488 51.90840888996353 1
      vertex -13.141875088143355 51.18422409992703 1
      vertex -13.141875088143355 51.18422409992703 -1
    endloop
  endfacet
  facet normal 0.1564344650402304 -0.9876883405951379 0
    outer loop
      vertex -9.902058576693488 51.90840888996353 -1
      vertex -6.623163163861675 52.427734904807586 1
      vertex -9.902058576693488 51.90840888996353 1
    endloop
  endfacet
  facet normal 0.09410831331851495 -0.9955619646030799 0
    outer loop
      vertex -6.623163163861675 52.427734904807586 -1
      vertex -3.318129151857515 52.7401526019361 1
      vertex -6.623163163861675 52.427734904807586 1
    endloop
  endfacet
  facet normal 0.03141075907812747 -0.9995065603657316 0
    outer loop
      vertex -3.318129151857515 52.7401526019361 -1
      vertex 0 52.84442901142857 1
      vertex -3.318129151857515 52.7401526019361 1
    endloop
  endfacet
  facet normal -0.03141075907812723 0.9995065603657316 0
    outer loop
      vertex 0 -52.84442901142857 1
      vertex 3.3181291518575406 -52.7401526019361 -1
      vertex 0 -52.84442901142857 -1
    endloop
  endfacet
  facet normal -0.09410831331851603 0.9955619646030798 0
    outer loop
      vertex 3.3181291518575406 -52.7401526019361 1
      vertex 6.623163163861663 -52.427734904807586 -1
      vertex 3.3181291518575406 -52.7401526019361 -1
    endloop
  endfacet
  facet normal -0.1564344650402313 0.9876883405951377 0
    outer loop
      vertex 6.623163163861663 -52.427734904807586 -1
      vertex 6.623163163861663 -52.427734904807586 1
      vertex 9.9020585766935 -51.908408889963525 -1
    endloop
  endfacet
  facet normal -0.21814324139654162 0.9759167619387474 0
    outer loop
      vertex 9.9020585766935 -51.908408889963525 -1
      vertex 9.9020585766935 -51.908408889963525 1
      vertex 13.141875088143331 -51.184224099927036 -1
    endloop
  endfacet
  facet normal -0.2789911060392293 0.960293685676943 0
    outer loop
      vertex 16.32982662257193 -50.258038561215805 -1
      vertex 13.141875088143331 -51.184224099927036 -1
      vertex 13.141875088143331 -51.184224099927036 1
    endloop
  endfacet
  facet normal -0.3387379202452912 0.9408807689542255 0
    outer loop
      vertex 16.32982662257193 -50.258038561215805 -1
      vertex 16.32982662257193 -50.258038561215805 1
      vertex 19.453331791709385 -49.133507505017214 -1
    endloop
  endfacet
  facet normal -0.3971478906347823 0.9177546256839804 0
    outer loop
      vertex 19.453331791709385 -49.133507505017214 -1
      vertex 19.453331791709385 -49.133507505017214 1
      vertex 22.500063547646818 -47.815068941660726 -1
    endloop
  endfacet
  facet normal -0.45399049973954547 0.8910065241883685 0
    outer loop
      vertex 25.457997832062993 -46.3079261458186 -1
      vertex 22.500063547646818 -47.815068941660726 -1
      vertex 22.500063547646818 -47.815068941660726 1
    endloop
  endfacet
  facet normal -0.5090414157503713 0.8607420270039436 0
    outer loop
      vertex 25.457997832062993 -46.3079261458186 1
      vertex 28.31546102968886 -44.618027121558 -1
      vertex 25.457997832062993 -46.3079261458186 -1
    endloop
  endfacet
  facet normal -0.5620833778521291 0.8270805742745627 0
    outer loop
      vertex 28.31546102968886 -44.618027121558 -1
      vertex 28.31546102968886 -44.618027121558 1
      vertex 31.06117603873423 -42.75204112828622 -1
    endloop
  endfacet
  facet normal -0.612907053652977 0.79015501237569 0
    outer loop
      vertex 31.06117603873423 -42.75204112828622 1
      vertex 33.684306776456225 -40.71733236023081 -1
      vertex 31.06117603873423 -42.75204112828622 -1
    endloop
  endfacet
  facet normal -0.6613118653236532 0.7501110696304584 0
    outer loop
      vertex 33.684306776456225 -40.71733236023081 -1
      vertex 33.684306776456225 -40.71733236023081 1
      vertex 36.174500944227454 -38.52193088332931 -1
    endloop
  endfacet
  facet normal -0.7071067811865475 0.7071067811865475 0
    outer loop
      vertex 36.174500944227454 -38.52193088332931 -1
      vertex 36.174500944227454 -38.52193088332931 1
      vertex 38.52193088332931 -36.174500944227454 -1
    endloop
  endfacet
  facet normal -0.7501110696304584 0.6613118653236532 0
    outer loop
      vertex 40.71733236023081 -33.684306776456225 -1
      vertex 38.52193088332931 -36.174500944227454 -1
      vertex 38.52193088332931 -36.174500944227454 1
    endloop
  endfacet
  facet normal -0.79015501237569 0.612907053652977 0
    outer loop
      vertex 40.71733236023081 -33.684306776456225 -1
      vertex 40.71733236023081 -33.684306776456225 1
      vertex 42.75204112828622 -31.06117603873423 -1
    endloop
  endfacet
  facet normal -0.8270805742745627 0.5620833778521291 0
    outer loop
      vertex 44.618027121558 -28.31546102968886 -1
      vertex 42.75204112828622 -31.06117603873423 -1
      vertex 42.75204112828622 -31.06117603873423 1
    endloop
  endfacet
  facet normal -0.8607420270039436 0.5090414157503713 0
    outer loop
      vertex 46.3079261458186 -25.457997832062993 -1
      vertex 44.618027121558 -28.31546102968886 -1
      vertex 44.618027121558 -28.31546102968886 1
    endloop
  endfacet
  facet normal -0.8910065241883685 0.45399049973954547 0
    outer loop
      vertex 47.815068941660726 -22.500063547646818 -1
      vertex 46.3079261458186 -25.457997832062993 -1
      vertex 46.3079261458186 -25.457997832062993 1
    endloop
  endfacet
  facet normal -0.9177546256839804 0.3971478906347823 0
    outer loop
      vertex 49.133507505017214 -19.453331791709385 -1
      vertex 47.815068941660726 -22.500063547646818 -1
      vertex 47.815068941660726 -22.500063547646818 1
    endloop
  endfacet
  facet normal -0.9408807689542255 0.3387379202452912 0
    outer loop
      vertex 50.258038561215805 -16.32982662257193 -1
      vertex 49.133507505017214 -19.453331791709385 -1
      vertex 49.133507505017214 -19.453331791709385 1
    endloop
  endfacet
  facet normal -0.960293685676943 0.2789911060392293 0
    outer loop
      vertex 50.258038561215805 -16.32982662257193 1
      vertex 51.184224099927036 -13.141875088143331 -1
      vertex 50.258038561215805 -16.32982662257193 -1
    endloop
  endfacet
  facet normal -0.9759167619387474 0.21814324139654162 0
    outer loop
      vertex 51.908408889963525 -9.9020585766935 -1
      vertex 51.184224099927036 -13.141875088143331 -1
      vertex 51.184224099927036 -13.141875088143331 1
    endloop
  endfacet
  facet normal -0.9876883405951377 0.1564344650402313 0
    outer loop
      vertex 52.427734904807586 -6.623163163861663 -1
      vertex 51.908408889963525 -9.9020585766935 -1
      vertex 51.908408889963525 -9.9020585766935 1
    endloop
  endfacet
  facet normal -0.9955619646030798 0.09410831331851603 0
    outer loop
      vertex 52.7401526019361 -3.3181291518575406 -1
      vertex 52.427734904807586 -6.623163163861663 -1
      vertex 52.427734904807586 -6.623163163861663 1
    endloop
  endfacet
  facet normal -0.9995065603657316 0.03141075907812723 0
    outer loop
      vertex 52.7401526019361 -3.3181291518575406 -1
      vertex 52.7401526019361 -3.3181291518575406 1
      vertex 52.84442901142857 0 -1
    endloop
  endfacet
  facet normal -0.03141075907812723 0.9995065603657316 0
    outer loop
      vertex 0 -52.84442901142857 1
      vertex 3.3181291518575406 -52.7401526019361 1
      vertex 3.3181291518575406 -52.7401526019361 -1
    endloop
  endfacet
  facet normal -0.09410831331851603 0.9955619646030798 0
    outer loop
      vertex 6.623163163861663 -52.427734904807586 -1
      vertex 3.3181291518575406 -52.7401526019361 1
      vertex 6.623163163861663 -52.427734904807586 1
    endloop
  endfacet
  facet normal -0.1564344650402313 0.9876883405951377 0
    outer loop
      vertex 9.9020585766935 -51.908408889963525 -1
      vertex 6.623163163861663 -52.427734904807586 1
      vertex 9.9020585766935 -51.908408889963525 1
    endloop
  endfacet
  facet normal -0.21814324139654162 0.9759167619387474 0
    outer loop
      vertex 9.9020585766935 -51.908408889963525 1
      vertex 13.141875088143331 -51.184224099927036 1
      vertex 13.141875088143331 -51.184224099927036 -1
    endloop
  endfacet
  facet normal -0.2789911060392293 0.960293685676943 0
    outer loop
      vertex 16.32982662257193 -50.258038561215805 -1
      vertex 13.141875088143331 -51.184224099927036 1
      vertex 16.32982662257193 -50.258038561215805 1
    endloop
  endfacet
  facet normal -0.3387379202452912 0.9408807689542255 0
    outer loop
      vertex 19.453331791709385 -49.133507505017214 -1
      vertex 16.32982662257193 -50.258038561215805 1
      vertex 19.453331791709385 -49.133507505017214 1
    endloop
  endfacet
  facet normal -0.3971478906347823 0.9177546256839804 0
    outer loop
      vertex 19.453331791709385 -49.133507505017214 1
      vertex 22.500063547646818 -47.815068941660726 1
      vertex 22.500063547646818 -47.815068941660726 -1
    endloop
  endfacet
  facet normal -0.45399049973954547 0.8910065241883685 0
    outer loop
      vertex 25.457997832062993 -46.3079261458186 -1
      vertex 22.500063547646818 -47.815068941660726 1
      vertex 25.457997832062993 -46.3079261458186 1
    endloop
  endfacet
  facet normal -0.5090414157503713 0.8607420270039436 0
    outer loop
      vertex 28.31546102968886 -44.618027121558 -1
      vertex 25.457997832062993 -46.3079261458186 1
      vertex 28.31546102968886 -44.618027121558 1
    endloop
  endfacet
  facet normal -0.5620833778521291 0.8270805742745627 0
    outer loop
      vertex 31.06117603873423 -42.75204112828622 1
      vertex 31.06117603873423 -42.75204112828622 -1
      vertex 28.31546102968886 -44.618027121558 1
    endloop
  endfacet
  facet normal -0.612907053652977 0.79015501237569 0
    outer loop
      vertex 33.684306776456225 -40.71733236023081 -1
      vertex 31.06117603873423 -42.75204112828622 1
      vertex 33.684306776456225 -40.71733236023081 1
    endloop
  endfacet
  facet normal -0.6613118653236532 0.7501110696304584 0
    outer loop
      vertex 36.174500944227454 -38.52193088332931 -1
      vertex 33.684306776456225 -40.71733236023081 1
      vertex 36.174500944227454 -38.52193088332931 1
    endloop
  endfacet
  facet normal -0.7071067811865475 0.7071067811865475 0
    outer loop
      vertex 36.174500944227454 -38.52193088332931 1
      vertex 38.52193088332931 -36.174500944227454 1
      vertex 38.52193088332931 -36.174500944227454 -1
    endloop
  endfacet
  facet normal -0.7501110696304584 0.6613118653236532 0
    outer loop
      vertex 40.71733236023081 -33.684306776456225 -1
      vertex 38.52193088332931 -36.174500944227454 1
      vertex 40.71733236023081 -33.684306776456225 1
    endloop
  endfacet
  facet normal -0.79015501237569 0.612907053652977 0
    outer loop
      vertex 40.71733236023081 -33.684306776456225 1
      vertex 42.75204112828622 -31.06117603873423 1
      vertex 42.75204112828622 -31.06117603873423 -1
    endloop
  endfacet
  facet normal -0.8270805742745627 0.5620833778521291 0
    outer loop
      vertex 44.618027121558 -28.31546102968886 -1
      vertex 42.75204112828622 -31.06117603873423 1
      vertex 44.618027121558 -28.31546102968886 1
    endloop
  endfacet
  facet normal -0.8607420270039436 0.5090414157503713 0
    outer loop
      vertex 44.618027121558 -28.31546102968886 1
      vertex 46.3079261458186 -25.457997832062993 1
      vertex 46.3079261458186 -25.457997832062993 -1
    endloop
  endfacet
  facet normal -0.8910065241883685 0.45399049973954547 0
    outer loop
      vertex 46.3079261458186 -25.457997832062993 1
      vertex 47.815068941660726 -22.500063547646818 1
      vertex 47.815068941660726 -22.500063547646818 -1
    endloop
  endfacet
  facet normal -0.9177546256839804 0.3971478906347823 0
    outer loop
      vertex 47.815068941660726 -22.500063547646818 1
      vertex 49.133507505017214 -19.453331791709385 1
      vertex 49.133507505017214 -19.453331791709385 -1
    endloop
  endfacet
  facet normal -0.9408807689542255 0.3387379202452912 0
    outer loop
      vertex 49.133507505017214 -19.453331791709385 1
      vertex 50.258038561215805 -16.32982662257193 1
      vertex 50.258038561215805 -16.32982662257193 -1
    endloop
  endfacet
  facet normal -0.960293685676943 0.2789911060392293 0
    outer loop
      vertex 50.258038561215805 -16.32982662257193 1
      vertex 51.184224099927036 -13.141875088143331 1
      vertex 51.184224099927036 -13.141875088143331 -1
    endloop
  endfacet
  facet normal -0.9759167619387474 0.21814324139654162 0
    outer loop
      vertex 51.184224099927036 -13.141875088143331 1
      vertex 51.908408889963525 -9.9020585766935 1
      vertex 51.908408889963525 -9.9020585766935 -1
    endloop
  endfacet
  facet normal -0.9876883405951377 0.1564344650402313 0
    outer loop
      vertex 52.427734904807586 -6.623163163861663 -1
      vertex 51.908408889963525 -9.9020585766935 1
      vertex 52.427734904807586 -6.623163163861663 1
    endloop
  endfacet
  facet normal -0.9955619646030798 0.09410831331851603 0
    outer loop
      vertex 52.7401526019361 -3.3181291518575406 -1
      vertex 52.427734904807586 -6.623163163861663 1
      vertex 52.7401526019361 -3.3181291518575406 1
    endloop
  endfacet
  facet normal -0.9995065603657316 0.03141075907812723 0
    outer loop
      vertex 52.84442901142857 0 -1
      vertex 52.7401526019361 -3.3181291518575406 1
      vertex 52.84442901142857 0 1
    endloop
  endfacet
  facet normal -0.03141075907812747 -0.9995065603657316 0
    outer loop
      vertex 0 52.84442901142857 -1
      vertex 3.318129151857515 52.7401526019361 -1
      vertex 3.318129151857515 52.7401526019361 1
    endloop
  endfacet
  facet normal -0.09410831331851495 -0.9955619646030799 0
    outer loop
      vertex 6.623163163861675 52.427734904807586 -1
      vertex 6.623163163861675 52.427734904807586 1
      vertex 3.318129151857515 52.7401526019361 -1
    endloop
  endfacet
  facet normal -0.1564344650402304 -0.9876883405951379 0
    outer loop
      vertex 9.902058576693488 51.90840888996353 1
      vertex 6.623163163861675 52.427734904807586 -1
      vertex 9.902058576693488 51.90840888996353 -1
    endloop
  endfacet
  facet normal -0.21814324139654345 -0.9759167619387472 0
    outer loop
      vertex 9.902058576693488 51.90840888996353 -1
      vertex 13.141875088143355 51.18422409992703 -1
      vertex 13.141875088143355 51.18422409992703 1
    endloop
  endfacet
  facet normal -0.2789911060392292 -0.9602936856769431 0
    outer loop
      vertex 16.32982662257193 50.258038561215805 -1
      vertex 16.32982662257193 50.258038561215805 1
      vertex 13.141875088143355 51.18422409992703 -1
    endloop
  endfacet
  facet normal -0.33873792024529015 -0.9408807689542259 0
    outer loop
      vertex 19.453331791709356 49.13350750501723 1
      vertex 16.32982662257193 50.258038561215805 -1
      vertex 19.453331791709356 49.13350750501723 -1
    endloop
  endfacet
  facet normal -0.39714789063478084 -0.917754625683981 0
    outer loop
      vertex 19.453331791709356 49.13350750501723 -1
      vertex 22.500063547646835 47.815068941660726 -1
      vertex 22.500063547646835 47.815068941660726 1
    endloop
  endfacet
  facet normal -0.45399049973954847 -0.8910065241883669 0
    outer loop
      vertex 25.457997832062986 46.3079261458186 -1
      vertex 25.457997832062986 46.3079261458186 1
      vertex 22.500063547646835 47.815068941660726 -1
    endloop
  endfacet
  facet normal -0.5090414157503707 -0.860742027003944 0
    outer loop
      vertex 28.31546102968888 44.61802712155799 -1
      vertex 28.31546102968888 44.61802712155799 1
      vertex 25.457997832062986 46.3079261458186 -1
    endloop
  endfacet
  facet normal -0.5620833778521291 -0.8270805742745627 0
    outer loop
      vertex 31.06117603873423 42.75204112828622 -1
      vertex 31.06117603873423 42.75204112828622 1
      vertex 28.31546102968888 44.61802712155799 -1
    endloop
  endfacet
  facet normal -0.6613118653236514 -0.7501110696304599 0
    outer loop
      vertex 36.17450094422747 38.521930883329304 1
      vertex 33.68430677645621 40.71733236023082 -1
      vertex 36.17450094422747 38.521930883329304 -1
    endloop
  endfacet
  facet normal -0.6129070536529777 -0.7901550123756893 0
    outer loop
      vertex 31.06117603873423 42.75204112828622 -1
      vertex 33.68430677645621 40.71733236023082 -1
      vertex 33.68430677645621 40.71733236023082 1
    endloop
  endfacet
  facet normal -0.9995065603657316 -0.031410759078127425 0
    outer loop
      vertex 52.84442901142857 0 -1
      vertex 52.84442901142857 0 1
      vertex 52.7401526019361 3.31812915185752 -1
    endloop
  endfacet
  facet normal -0.9955619646030799 -0.09410831331851514 0
    outer loop
      vertex 52.427734904807586 6.6231631638616735 -1
      vertex 52.7401526019361 3.31812915185752 -1
      vertex 52.7401526019361 3.31812915185752 1
    endloop
  endfacet
  facet normal -0.9876883405951379 -0.15643446504023015 0
    outer loop
      vertex 51.90840888996353 9.902058576693491 -1
      vertex 52.427734904807586 6.6231631638616735 -1
      vertex 52.427734904807586 6.6231631638616735 1
    endloop
  endfacet
  facet normal -0.9408807689542255 -0.33873792024529137 0
    outer loop
      vertex 49.13350750501722 19.453331791709363 -1
      vertex 50.258038561215805 16.32982662257193 -1
      vertex 50.258038561215805 16.32982662257193 1
    endloop
  endfacet
  facet normal -0.9759167619387472 -0.21814324139654392 0
    outer loop
      vertex 51.18422409992703 13.141875088143351 -1
      vertex 51.90840888996353 9.902058576693491 -1
      vertex 51.90840888996353 9.902058576693491 1
    endloop
  endfacet
  facet normal -0.9602936856769432 -0.2789911060392289 0
    outer loop
      vertex 51.18422409992703 13.141875088143351 1
      vertex 50.258038561215805 16.32982662257193 -1
      vertex 51.18422409992703 13.141875088143351 -1
    endloop
  endfacet
  facet normal -0.7501110696304599 -0.6613118653236514 0
    outer loop
      vertex 38.521930883329304 36.17450094422747 -1
      vertex 40.71733236023082 33.68430677645621 -1
      vertex 40.71733236023082 33.68430677645621 1
    endloop
  endfacet
  facet normal -0.8270805742745627 -0.5620833778521291 0
    outer loop
      vertex 42.75204112828622 31.06117603873423 -1
      vertex 44.61802712155799 28.31546102968888 -1
      vertex 44.61802712155799 28.31546102968888 1
    endloop
  endfacet
  facet normal -0.7901550123756893 -0.6129070536529777 0
    outer loop
      vertex 40.71733236023082 33.68430677645621 -1
      vertex 42.75204112828622 31.06117603873423 -1
      vertex 42.75204112828622 31.06117603873423 1
    endloop
  endfacet
  facet normal -0.9177546256839813 -0.3971478906347802 0
    outer loop
      vertex 47.815068941660726 22.500063547646832 -1
      vertex 49.13350750501722 19.453331791709363 -1
      vertex 49.13350750501722 19.453331791709363 1
    endloop
  endfacet
  facet normal -0.8910065241883673 -0.45399049973954764 0
    outer loop
      vertex 47.815068941660726 22.500063547646832 1
      vertex 46.3079261458186 25.45799783206299 -1
      vertex 47.815068941660726 22.500063547646832 -1
    endloop
  endfacet
  facet normal -0.8607420270039436 -0.5090414157503711 0
    outer loop
      vertex 44.61802712155799 28.31546102968888 -1
      vertex 46.3079261458186 25.45799783206299 -1
      vertex 46.3079261458186 25.45799783206299 1
    endloop
  endfacet
  facet normal -0.7071067811865476 -0.7071067811865476 0
    outer loop
      vertex 36.17450094422747 38.521930883329304 -1
      vertex 38.521930883329304 36.17450094422747 -1
      vertex 38.521930883329304 36.17450094422747 1
    endloop
  endfacet
  facet normal -0.03141075907812747 -0.9995065603657316 0
    outer loop
      vertex 3.318129151857515 52.7401526019361 1
      vertex 0 52.84442901142857 1
      vertex 0 52.84442901142857 -1
    endloop
  endfacet
  facet normal -0.09410831331851495 -0.9955619646030799 0
    outer loop
      vertex 3.318129151857515 52.7401526019361 -1
      vertex 6.623163163861675 52.427734904807586 1
      vertex 3.318129151857515 52.7401526019361 1
    endloop
  endfacet
  facet normal -0.1564344650402304 -0.9876883405951379 0
    outer loop
      vertex 6.623163163861675 52.427734904807586 -1
      vertex 9.902058576693488 51.90840888996353 1
      vertex 6.623163163861675 52.427734904807586 1
    endloop
  endfacet
  facet normal -0.21814324139654345 -0.9759167619387472 0
    outer loop
      vertex 9.902058576693488 51.90840888996353 -1
      vertex 13.141875088143355 51.18422409992703 1
      vertex 9.902058576693488 51.90840888996353 1
    endloop
  endfacet
  facet normal -0.33873792024529015 -0.9408807689542259 0
    outer loop
      vertex 16.32982662257193 50.258038561215805 -1
      vertex 19.453331791709356 49.13350750501723 1
      vertex 16.32982662257193 50.258038561215805 1
    endloop
  endfacet
  facet normal -0.2789911060392292 -0.9602936856769431 0
    outer loop
      vertex 16.32982662257193 50.258038561215805 1
      vertex 13.141875088143355 51.18422409992703 1
      vertex 13.141875088143355 51.18422409992703 -1
    endloop
  endfacet
  facet normal -0.39714789063478084 -0.917754625683981 0
    outer loop
      vertex 19.453331791709356 49.13350750501723 -1
      vertex 22.500063547646835 47.815068941660726 1
      vertex 19.453331791709356 49.13350750501723 1
    endloop
  endfacet
  facet normal -0.45399049973954847 -0.8910065241883669 0
    outer loop
      vertex 25.457997832062986 46.3079261458186 1
      vertex 22.500063547646835 47.815068941660726 1
      vertex 22.500063547646835 47.815068941660726 -1
    endloop
  endfacet
  facet normal -0.5090414157503707 -0.860742027003944 0
    outer loop
      vertex 25.457997832062986 46.3079261458186 -1
      vertex 28.31546102968888 44.61802712155799 1
      vertex 25.457997832062986 46.3079261458186 1
    endloop
  endfacet
  facet normal -0.5620833778521291 -0.8270805742745627 0
    outer loop
      vertex 28.31546102968888 44.61802712155799 -1
      vertex 31.06117603873423 42.75204112828622 1
      vertex 28.31546102968888 44.61802712155799 1
    endloop
  endfacet
  facet normal -0.6613118653236514 -0.7501110696304599 0
    outer loop
      vertex 33.68430677645621 40.71733236023082 -1
      vertex 36.17450094422747 38.521930883329304 1
      vertex 33.68430677645621 40.71733236023082 1
    endloop
  endfacet
  facet normal -0.6129070536529777 -0.7901550123756893 0
    outer loop
      vertex 31.06117603873423 42.75204112828622 1
      vertex 31.06117603873423 42.75204112828622 -1
      vertex 33.68430677645621 40.71733236023082 1
    endloop
  endfacet
  facet normal -0.9995065603657316 -0.031410759078127425 0
    outer loop
      vertex 52.7401526019361 3.31812915185752 -1
      vertex 52.84442901142857 0 1
      vertex 52.7401526019361 3.31812915185752 1
    endloop
  endfacet
  facet normal -0.9876883405951379 -0.15643446504023015 0
    outer loop
      vertex 51.90840888996353 9.902058576693491 -1
      vertex 52.427734904807586 6.6231631638616735 1
      vertex 51.90840888996353 9.902058576693491 1
    endloop
  endfacet
  facet normal -0.9955619646030799 -0.09410831331851514 0
    outer loop
      vertex 52.427734904807586 6.6231631638616735 -1
      vertex 52.7401526019361 3.31812915185752 1
      vertex 52.427734904807586 6.6231631638616735 1
    endloop
  endfacet
  facet normal -0.9759167619387472 -0.21814324139654392 0
    outer loop
      vertex 51.18422409992703 13.141875088143351 -1
      vertex 51.90840888996353 9.902058576693491 1
      vertex 51.18422409992703 13.141875088143351 1
    endloop
  endfacet
  facet normal -0.9602936856769432 -0.2789911060392289 0
    outer loop
      vertex 51.18422409992703 13.141875088143351 1
      vertex 50.258038561215805 16.32982662257193 1
      vertex 50.258038561215805 16.32982662257193 -1
    endloop
  endfacet
  facet normal -0.7501110696304599 -0.6613118653236514 0
    outer loop
      vertex 40.71733236023082 33.68430677645621 1
      vertex 38.521930883329304 36.17450094422747 1
      vertex 38.521930883329304 36.17450094422747 -1
    endloop
  endfacet
  facet normal -0.8607420270039436 -0.5090414157503711 0
    outer loop
      vertex 44.61802712155799 28.31546102968888 -1
      vertex 46.3079261458186 25.45799783206299 1
      vertex 44.61802712155799 28.31546102968888 1
    endloop
  endfacet
  facet normal -0.8270805742745627 -0.5620833778521291 0
    outer loop
      vertex 44.61802712155799 28.31546102968888 1
      vertex 42.75204112828622 31.06117603873423 1
      vertex 42.75204112828622 31.06117603873423 -1
    endloop
  endfacet
  facet normal -0.7901550123756893 -0.6129070536529777 0
    outer loop
      vertex 40.71733236023082 33.68430677645621 1
      vertex 40.71733236023082 33.68430677645621 -1
      vertex 42.75204112828622 31.06117603873423 1
    endloop
  endfacet
  facet normal -0.9408807689542255 -0.33873792024529137 0
    outer loop
      vertex 50.258038561215805 16.32982662257193 1
      vertex 49.13350750501722 19.453331791709363 1
      vertex 49.13350750501722 19.453331791709363 -1
    endloop
  endfacet
  facet normal -0.9177546256839813 -0.3971478906347802 0
    outer loop
      vertex 47.815068941660726 22.500063547646832 -1
      vertex 49.13350750501722 19.453331791709363 1
      vertex 47.815068941660726 22.500063547646832 1
    endloop
  endfacet
  facet normal -0.8910065241883673 -0.45399049973954764 0
    outer loop
      vertex 47.815068941660726 22.500063547646832 1
      vertex 46.3079261458186 25.45799783206299 1
      vertex 46.3079261458186 25.45799783206299 -1
    endloop
  endfacet
  facet normal -0.7071067811865476 -0.7071067811865476 0
    outer loop
      vertex 36.17450094422747 38.521930883329304 -1
      vertex 38.521930883329304 36.17450094422747 1
      vertex 36.17450094422747 38.521930883329304 1
    endloop
  endfacet
endsolid OpenSCAD_Model
